// Modelo LSTM FULL INT8 para ESP32-S3 (Requisito TFG)
// Generado automáticamente — NO EDITAR
// Tamaño: 88.6 KB

#pragma once
#include <stdint.h>

alignas(16) const uint8_t lstm_model_data[] = {
  0x20,   0x00,   0x00,   0x00,   0x54,   0x46,   0x4c,   0x33,   0x00,   0x00,   0x00,   0x00,
  0x14,   0x00,   0x20,   0x00,   0x1c,   0x00,   0x18,   0x00,   0x14,   0x00,   0x10,   0x00,
  0x0c,   0x00,   0x00,   0x00,   0x08,   0x00,   0x04,   0x00,   0x14,   0x00,   0x00,   0x00,
  0x1c,   0x00,   0x00,   0x00,   0x8c,   0x00,   0x00,   0x00,   0xe4,   0x00,   0x00,   0x00,
  0xa4,   0x23,   0x00,   0x00,   0xb4,   0x23,   0x00,   0x00,   0x08,   0x61,   0x01,   0x00,
  0x03,   0x00,   0x00,   0x00,   0x01,   0x00,   0x00,   0x00,   0x04,   0x00,   0x00,   0x00,
  0x46,   0xab,   0xff,   0xff,   0x0c,   0x00,   0x00,   0x00,   0x1c,   0x00,   0x00,   0x00,
  0x3c,   0x00,   0x00,   0x00,   0x0f,   0x00,   0x00,   0x00,   0x73,   0x65,   0x72,   0x76,
  0x69,   0x6e,   0x67,   0x5f,   0x64,   0x65,   0x66,   0x61,   0x75,   0x6c,   0x74,   0x00,
  0x01,   0x00,   0x00,   0x00,   0x04,   0x00,   0x00,   0x00,   0x90,   0xff,   0xff,   0xff,
  0x5a,   0x01,   0x00,   0x00,   0x04,   0x00,   0x00,   0x00,   0x08,   0x00,   0x00,   0x00,
  0x6f,   0x75,   0x74,   0x70,   0x75,   0x74,   0x5f,   0x30,   0x00,   0x00,   0x00,   0x00,
  0x01,   0x00,   0x00,   0x00,   0x04,   0x00,   0x00,   0x00,   0xfa,   0xab,   0xff,   0xff,
  0x04,   0x00,   0x00,   0x00,   0x0f,   0x00,   0x00,   0x00,   0x6b,   0x65,   0x72,   0x61,
  0x73,   0x5f,   0x74,   0x65,   0x6e,   0x73,   0x6f,   0x72,   0x5f,   0x31,   0x30,   0x00,
  0x02,   0x00,   0x00,   0x00,   0x34,   0x00,   0x00,   0x00,   0x04,   0x00,   0x00,   0x00,
  0xdc,   0xff,   0xff,   0xff,   0x5d,   0x01,   0x00,   0x00,   0x04,   0x00,   0x00,   0x00,
  0x13,   0x00,   0x00,   0x00,   0x43,   0x4f,   0x4e,   0x56,   0x45,   0x52,   0x53,   0x49,
  0x4f,   0x4e,   0x5f,   0x4d,   0x45,   0x54,   0x41,   0x44,   0x41,   0x54,   0x41,   0x00,
  0x08,   0x00,   0x0c,   0x00,   0x08,   0x00,   0x04,   0x00,   0x08,   0x00,   0x00,   0x00,
  0x5c,   0x01,   0x00,   0x00,   0x04,   0x00,   0x00,   0x00,   0x13,   0x00,   0x00,   0x00,
  0x6d,   0x69,   0x6e,   0x5f,   0x72,   0x75,   0x6e,   0x74,   0x69,   0x6d,   0x65,   0x5f,
  0x76,   0x65,   0x72,   0x73,   0x69,   0x6f,   0x6e,   0x00,   0x5e,   0x01,   0x00,   0x00,
  0xbc,   0x22,   0x00,   0x00,   0xb4,   0x22,   0x00,   0x00,   0xa0,   0x22,   0x00,   0x00,
  0x8c,   0x22,   0x00,   0x00,   0x70,   0x22,   0x00,   0x00,   0x5c,   0x22,   0x00,   0x00,
  0x54,   0x22,   0x00,   0x00,   0x40,   0x22,   0x00,   0x00,   0x20,   0x22,   0x00,   0x00,
  0xd0,   0x21,   0x00,   0x00,   0xc0,   0x1f,   0x00,   0x00,   0x30,   0x1f,   0x00,   0x00,
  0x20,   0x1b,   0x00,   0x00,   0x10,   0x0b,   0x00,   0x00,   0xfc,   0x0a,   0x00,   0x00,
  0xf4,   0x0a,   0x00,   0x00,   0xec,   0x0a,   0x00,   0x00,   0xe4,   0x0a,   0x00,   0x00,
  0xdc,   0x0a,   0x00,   0x00,   0xd4,   0x0a,   0x00,   0x00,   0xcc,   0x0a,   0x00,   0x00,
  0xc4,   0x0a,   0x00,   0x00,   0xbc,   0x0a,   0x00,   0x00,   0xb4,   0x0a,   0x00,   0x00,
  0xac,   0x0a,   0x00,   0x00,   0xa4,   0x0a,   0x00,   0x00,   0x9c,   0x0a,   0x00,   0x00,
  0x94,   0x0a,   0x00,   0x00,   0x8c,   0x0a,   0x00,   0x00,   0x84,   0x0a,   0x00,   0x00,
  0x7c,   0x0a,   0x00,   0x00,   0x74,   0x0a,   0x00,   0x00,   0x6c,   0x0a,   0x00,   0x00,
  0x64,   0x0a,   0x00,   0x00,   0x5c,   0x0a,   0x00,   0x00,   0x54,   0x0a,   0x00,   0x00,
  0x4c,   0x0a,   0x00,   0x00,   0x44,   0x0a,   0x00,   0x00,   0x3c,   0x0a,   0x00,   0x00,
  0x34,   0x0a,   0x00,   0x00,   0x2c,   0x0a,   0x00,   0x00,   0x24,   0x0a,   0x00,   0x00,
  0x1c,   0x0a,   0x00,   0x00,   0x14,   0x0a,   0x00,   0x00,   0x0c,   0x0a,   0x00,   0x00,
  0x04,   0x0a,   0x00,   0x00,   0xfc,   0x09,   0x00,   0x00,   0xf4,   0x09,   0x00,   0x00,
  0xec,   0x09,   0x00,   0x00,   0xe4,   0x09,   0x00,   0x00,   0xdc,   0x09,   0x00,   0x00,
  0xd4,   0x09,   0x00,   0x00,   0xcc,   0x09,   0x00,   0x00,   0xc4,   0x09,   0x00,   0x00,
  0xbc,   0x09,   0x00,   0x00,   0xb4,   0x09,   0x00,   0x00,   0xac,   0x09,   0x00,   0x00,
  0xa4,   0x09,   0x00,   0x00,   0x9c,   0x09,   0x00,   0x00,   0x94,   0x09,   0x00,   0x00,
  0x8c,   0x09,   0x00,   0x00,   0x84,   0x09,   0x00,   0x00,   0x7c,   0x09,   0x00,   0x00,
  0x74,   0x09,   0x00,   0x00,   0x6c,   0x09,   0x00,   0x00,   0x64,   0x09,   0x00,   0x00,
  0x5c,   0x09,   0x00,   0x00,   0x54,   0x09,   0x00,   0x00,   0x4c,   0x09,   0x00,   0x00,
  0x44,   0x09,   0x00,   0x00,   0x3c,   0x09,   0x00,   0x00,   0x34,   0x09,   0x00,   0x00,
  0x2c,   0x09,   0x00,   0x00,   0x24,   0x09,   0x00,   0x00,   0x1c,   0x09,   0x00,   0x00,
  0x14,   0x09,   0x00,   0x00,   0x0c,   0x09,   0x00,   0x00,   0x04,   0x09,   0x00,   0x00,
  0xfc,   0x08,   0x00,   0x00,   0xf4,   0x08,   0x00,   0x00,   0xec,   0x08,   0x00,   0x00,
  0xe4,   0x08,   0x00,   0x00,   0xdc,   0x08,   0x00,   0x00,   0xd4,   0x08,   0x00,   0x00,
  0xcc,   0x08,   0x00,   0x00,   0xc4,   0x08,   0x00,   0x00,   0xbc,   0x08,   0x00,   0x00,
  0xb4,   0x08,   0x00,   0x00,   0xac,   0x08,   0x00,   0x00,   0xa4,   0x08,   0x00,   0x00,
  0x9c,   0x08,   0x00,   0x00,   0x94,   0x08,   0x00,   0x00,   0x8c,   0x08,   0x00,   0x00,
  0x84,   0x08,   0x00,   0x00,   0x7c,   0x08,   0x00,   0x00,   0x74,   0x08,   0x00,   0x00,
  0x6c,   0x08,   0x00,   0x00,   0x64,   0x08,   0x00,   0x00,   0x5c,   0x08,   0x00,   0x00,
  0x54,   0x08,   0x00,   0x00,   0x4c,   0x08,   0x00,   0x00,   0x44,   0x08,   0x00,   0x00,
  0x3c,   0x08,   0x00,   0x00,   0x34,   0x08,   0x00,   0x00,   0x2c,   0x08,   0x00,   0x00,
  0x24,   0x08,   0x00,   0x00,   0x1c,   0x08,   0x00,   0x00,   0x14,   0x08,   0x00,   0x00,
  0x0c,   0x08,   0x00,   0x00,   0x04,   0x08,   0x00,   0x00,   0xfc,   0x07,   0x00,   0x00,
  0xf4,   0x07,   0x00,   0x00,   0xec,   0x07,   0x00,   0x00,   0xe4,   0x07,   0x00,   0x00,
  0xdc,   0x07,   0x00,   0x00,   0xd4,   0x07,   0x00,   0x00,   0xcc,   0x07,   0x00,   0x00,
  0xc4,   0x07,   0x00,   0x00,   0xbc,   0x07,   0x00,   0x00,   0xb4,   0x07,   0x00,   0x00,
  0xac,   0x07,   0x00,   0x00,   0xa4,   0x07,   0x00,   0x00,   0x9c,   0x07,   0x00,   0x00,
  0x94,   0x07,   0x00,   0x00,   0x8c,   0x07,   0x00,   0x00,   0x84,   0x07,   0x00,   0x00,
  0x7c,   0x07,   0x00,   0x00,   0x74,   0x07,   0x00,   0x00,   0x6c,   0x07,   0x00,   0x00,
  0x64,   0x07,   0x00,   0x00,   0x5c,   0x07,   0x00,   0x00,   0x54,   0x07,   0x00,   0x00,
  0x4c,   0x07,   0x00,   0x00,   0x44,   0x07,   0x00,   0x00,   0x3c,   0x07,   0x00,   0x00,
  0x34,   0x07,   0x00,   0x00,   0x2c,   0x07,   0x00,   0x00,   0x24,   0x07,   0x00,   0x00,
  0x1c,   0x07,   0x00,   0x00,   0x14,   0x07,   0x00,   0x00,   0x0c,   0x07,   0x00,   0x00,
  0x04,   0x07,   0x00,   0x00,   0xfc,   0x06,   0x00,   0x00,   0xf4,   0x06,   0x00,   0x00,
  0xec,   0x06,   0x00,   0x00,   0xe4,   0x06,   0x00,   0x00,   0xdc,   0x06,   0x00,   0x00,
  0xd4,   0x06,   0x00,   0x00,   0xcc,   0x06,   0x00,   0x00,   0xc4,   0x06,   0x00,   0x00,
  0xbc,   0x06,   0x00,   0x00,   0xb4,   0x06,   0x00,   0x00,   0xac,   0x06,   0x00,   0x00,
  0xa4,   0x06,   0x00,   0x00,   0x9c,   0x06,   0x00,   0x00,   0x94,   0x06,   0x00,   0x00,
  0x8c,   0x06,   0x00,   0x00,   0x84,   0x06,   0x00,   0x00,   0x7c,   0x06,   0x00,   0x00,
  0x74,   0x06,   0x00,   0x00,   0x6c,   0x06,   0x00,   0x00,   0x64,   0x06,   0x00,   0x00,
  0x5c,   0x06,   0x00,   0x00,   0x54,   0x06,   0x00,   0x00,   0x4c,   0x06,   0x00,   0x00,
  0x44,   0x06,   0x00,   0x00,   0x3c,   0x06,   0x00,   0x00,   0x34,   0x06,   0x00,   0x00,
  0x2c,   0x06,   0x00,   0x00,   0x24,   0x06,   0x00,   0x00,   0x1c,   0x06,   0x00,   0x00,
  0x14,   0x06,   0x00,   0x00,   0x0c,   0x06,   0x00,   0x00,   0x04,   0x06,   0x00,   0x00,
  0xfc,   0x05,   0x00,   0x00,   0xf4,   0x05,   0x00,   0x00,   0xec,   0x05,   0x00,   0x00,
  0xe4,   0x05,   0x00,   0x00,   0xdc,   0x05,   0x00,   0x00,   0xd4,   0x05,   0x00,   0x00,
  0xcc,   0x05,   0x00,   0x00,   0xc4,   0x05,   0x00,   0x00,   0xbc,   0x05,   0x00,   0x00,
  0xb4,   0x05,   0x00,   0x00,   0xac,   0x05,   0x00,   0x00,   0xa4,   0x05,   0x00,   0x00,
  0x9c,   0x05,   0x00,   0x00,   0x94,   0x05,   0x00,   0x00,   0x8c,   0x05,   0x00,   0x00,
  0x84,   0x05,   0x00,   0x00,   0x7c,   0x05,   0x00,   0x00,   0x74,   0x05,   0x00,   0x00,
  0x6c,   0x05,   0x00,   0x00,   0x64,   0x05,   0x00,   0x00,   0x5c,   0x05,   0x00,   0x00,
  0x54,   0x05,   0x00,   0x00,   0x4c,   0x05,   0x00,   0x00,   0x44,   0x05,   0x00,   0x00,
  0x3c,   0x05,   0x00,   0x00,   0x34,   0x05,   0x00,   0x00,   0x2c,   0x05,   0x00,   0x00,
  0x24,   0x05,   0x00,   0x00,   0x1c,   0x05,   0x00,   0x00,   0x14,   0x05,   0x00,   0x00,
  0x0c,   0x05,   0x00,   0x00,   0x04,   0x05,   0x00,   0x00,   0xfc,   0x04,   0x00,   0x00,
  0xf4,   0x04,   0x00,   0x00,   0xec,   0x04,   0x00,   0x00,   0xe4,   0x04,   0x00,   0x00,
  0xdc,   0x04,   0x00,   0x00,   0xd4,   0x04,   0x00,   0x00,   0xcc,   0x04,   0x00,   0x00,
  0xc4,   0x04,   0x00,   0x00,   0xbc,   0x04,   0x00,   0x00,   0xb4,   0x04,   0x00,   0x00,
  0xac,   0x04,   0x00,   0x00,   0xa4,   0x04,   0x00,   0x00,   0x9c,   0x04,   0x00,   0x00,
  0x94,   0x04,   0x00,   0x00,   0x8c,   0x04,   0x00,   0x00,   0x84,   0x04,   0x00,   0x00,
  0x7c,   0x04,   0x00,   0x00,   0x74,   0x04,   0x00,   0x00,   0x6c,   0x04,   0x00,   0x00,
  0x64,   0x04,   0x00,   0x00,   0x5c,   0x04,   0x00,   0x00,   0x54,   0x04,   0x00,   0x00,
  0x4c,   0x04,   0x00,   0x00,   0x44,   0x04,   0x00,   0x00,   0x3c,   0x04,   0x00,   0x00,
  0x34,   0x04,   0x00,   0x00,   0x2c,   0x04,   0x00,   0x00,   0x24,   0x04,   0x00,   0x00,
  0x1c,   0x04,   0x00,   0x00,   0x14,   0x04,   0x00,   0x00,   0x0c,   0x04,   0x00,   0x00,
  0x04,   0x04,   0x00,   0x00,   0xfc,   0x03,   0x00,   0x00,   0xf4,   0x03,   0x00,   0x00,
  0xec,   0x03,   0x00,   0x00,   0xe4,   0x03,   0x00,   0x00,   0xdc,   0x03,   0x00,   0x00,
  0xd4,   0x03,   0x00,   0x00,   0xcc,   0x03,   0x00,   0x00,   0xc4,   0x03,   0x00,   0x00,
  0xbc,   0x03,   0x00,   0x00,   0xb4,   0x03,   0x00,   0x00,   0xac,   0x03,   0x00,   0x00,
  0xa4,   0x03,   0x00,   0x00,   0x9c,   0x03,   0x00,   0x00,   0x94,   0x03,   0x00,   0x00,
  0x8c,   0x03,   0x00,   0x00,   0x84,   0x03,   0x00,   0x00,   0x7c,   0x03,   0x00,   0x00,
  0x74,   0x03,   0x00,   0x00,   0x6c,   0x03,   0x00,   0x00,   0x64,   0x03,   0x00,   0x00,
  0x5c,   0x03,   0x00,   0x00,   0x54,   0x03,   0x00,   0x00,   0x4c,   0x03,   0x00,   0x00,
  0x44,   0x03,   0x00,   0x00,   0x3c,   0x03,   0x00,   0x00,   0x34,   0x03,   0x00,   0x00,
  0x2c,   0x03,   0x00,   0x00,   0x24,   0x03,   0x00,   0x00,   0x1c,   0x03,   0x00,   0x00,
  0x14,   0x03,   0x00,   0x00,   0x0c,   0x03,   0x00,   0x00,   0x04,   0x03,   0x00,   0x00,
  0xfc,   0x02,   0x00,   0x00,   0xf4,   0x02,   0x00,   0x00,   0xec,   0x02,   0x00,   0x00,
  0xe4,   0x02,   0x00,   0x00,   0xdc,   0x02,   0x00,   0x00,   0xd4,   0x02,   0x00,   0x00,
  0xcc,   0x02,   0x00,   0x00,   0xc4,   0x02,   0x00,   0x00,   0xbc,   0x02,   0x00,   0x00,
  0xb4,   0x02,   0x00,   0x00,   0xac,   0x02,   0x00,   0x00,   0xa4,   0x02,   0x00,   0x00,
  0x9c,   0x02,   0x00,   0x00,   0x94,   0x02,   0x00,   0x00,   0x8c,   0x02,   0x00,   0x00,
  0x84,   0x02,   0x00,   0x00,   0x7c,   0x02,   0x00,   0x00,   0x74,   0x02,   0x00,   0x00,
  0x6c,   0x02,   0x00,   0x00,   0x64,   0x02,   0x00,   0x00,   0x5c,   0x02,   0x00,   0x00,
  0x54,   0x02,   0x00,   0x00,   0x4c,   0x02,   0x00,   0x00,   0x44,   0x02,   0x00,   0x00,
  0x3c,   0x02,   0x00,   0x00,   0x34,   0x02,   0x00,   0x00,   0x2c,   0x02,   0x00,   0x00,
  0x24,   0x02,   0x00,   0x00,   0x1c,   0x02,   0x00,   0x00,   0x14,   0x02,   0x00,   0x00,
  0x0c,   0x02,   0x00,   0x00,   0x04,   0x02,   0x00,   0x00,   0xfc,   0x01,   0x00,   0x00,
  0xf4,   0x01,   0x00,   0x00,   0xec,   0x01,   0x00,   0x00,   0xe4,   0x01,   0x00,   0x00,
  0xdc,   0x01,   0x00,   0x00,   0xd4,   0x01,   0x00,   0x00,   0xcc,   0x01,   0x00,   0x00,
  0xc4,   0x01,   0x00,   0x00,   0xbc,   0x01,   0x00,   0x00,   0xb4,   0x01,   0x00,   0x00,
  0xac,   0x01,   0x00,   0x00,   0xa4,   0x01,   0x00,   0x00,   0x9c,   0x01,   0x00,   0x00,
  0x94,   0x01,   0x00,   0x00,   0x8c,   0x01,   0x00,   0x00,   0x84,   0x01,   0x00,   0x00,
  0x7c,   0x01,   0x00,   0x00,   0x74,   0x01,   0x00,   0x00,   0x6c,   0x01,   0x00,   0x00,
  0x64,   0x01,   0x00,   0x00,   0x5c,   0x01,   0x00,   0x00,   0x54,   0x01,   0x00,   0x00,
  0x4c,   0x01,   0x00,   0x00,   0x44,   0x01,   0x00,   0x00,   0x3c,   0x01,   0x00,   0x00,
  0x34,   0x01,   0x00,   0x00,   0x2c,   0x01,   0x00,   0x00,   0x24,   0x01,   0x00,   0x00,
  0x1c,   0x01,   0x00,   0x00,   0x14,   0x01,   0x00,   0x00,   0x0c,   0x01,   0x00,   0x00,
  0x04,   0x01,   0x00,   0x00,   0xfc,   0x00,   0x00,   0x00,   0xf4,   0x00,   0x00,   0x00,
  0xec,   0x00,   0x00,   0x00,   0xe4,   0x00,   0x00,   0x00,   0xdc,   0x00,   0x00,   0x00,
  0xd4,   0x00,   0x00,   0x00,   0xcc,   0x00,   0x00,   0x00,   0xc4,   0x00,   0x00,   0x00,
  0xbc,   0x00,   0x00,   0x00,   0xb4,   0x00,   0x00,   0x00,   0xac,   0x00,   0x00,   0x00,
  0xa4,   0x00,   0x00,   0x00,   0x9c,   0x00,   0x00,   0x00,   0x94,   0x00,   0x00,   0x00,
  0x74,   0x00,   0x00,   0x00,   0x04,   0x00,   0x00,   0x00,   0xee,   0xb1,   0xff,   0xff,
  0x04,   0x00,   0x00,   0x00,   0x60,   0x00,   0x00,   0x00,   0x0c,   0x00,   0x00,   0x00,
  0x08,   0x00,   0x0e,   0x00,   0x08,   0x00,   0x04,   0x00,   0x08,   0x00,   0x00,   0x00,
  0x10,   0x00,   0x00,   0x00,   0x28,   0x00,   0x00,   0x00,   0x00,   0x00,   0x06,   0x00,
  0x08,   0x00,   0x04,   0x00,   0x06,   0x00,   0x00,   0x00,   0x04,   0x00,   0x00,   0x00,
  0x01,   0x00,   0x00,   0x00,   0xeb,   0x03,   0x00,   0x00,   0x0c,   0x00,   0x18,   0x00,
  0x14,   0x00,   0x10,   0x00,   0x0c,   0x00,   0x04,   0x00,   0x0c,   0x00,   0x00,   0x00,
  0xcc,   0x9b,   0x23,   0x92,   0x3a,   0xe0,   0x45,   0xbd,   0x02,   0x00,   0x00,   0x00,
  0x02,   0x00,   0x00,   0x00,   0x04,   0x00,   0x00,   0x00,   0x06,   0x00,   0x00,   0x00,
  0x32,   0x2e,   0x32,   0x31,   0x2e,   0x30,   0x00,   0x00,   0x5a,   0xb2,   0xff,   0xff,
  0x04,   0x00,   0x00,   0x00,   0x10,   0x00,   0x00,   0x00,   0x32,   0x2e,   0x35,   0x2e,
  0x30,   0x00,   0x00,   0x00,   0x00,   0x00,   0x00,   0x00,   0x00,   0x00,   0x00,   0x00,
  0x14,   0xa6,   0xfe,   0xff,   0x18,   0xa6,   0xfe,   0xff,   0x1c,   0xa6,   0xfe,   0xff,
  0x20,   0xa6,   0xfe,   0xff,   0x24,   0xa6,   0xfe,   0xff,   0x28,   0xa6,   0xfe,   0xff,
  0x2c,   0xa6,   0xfe,   0xff,   0x30,   0xa6,   0xfe,   0xff,   0x34,   0xa6,   0xfe,   0xff,
  0x38,   0xa6,   0xfe,   0xff,   0x3c,   0xa6,   0xfe,   0xff,   0x40,   0xa6,   0xfe,   0xff,
  0x44,   0xa6,   0xfe,   0xff,   0x48,   0xa6,   0xfe,   0xff,   0x4c,   0xa6,   0xfe,   0xff,
  0x50,   0xa6,   0xfe,   0xff,   0x54,   0xa6,   0xfe,   0xff,   0x58,   0xa6,   0xfe,   0xff,
  0x5c,   0xa6,   0xfe,   0xff,   0x60,   0xa6,   0xfe,   0xff,   0x64,   0xa6,   0xfe,   0xff,
  0x68,   0xa6,   0xfe,   0xff,   0x6c,   0xa6,   0xfe,   0xff,   0x70,   0xa6,   0xfe,   0xff,
  0x74,   0xa6,   0xfe,   0xff,   0x78,   0xa6,   0xfe,   0xff,   0x7c,   0xa6,   0xfe,   0xff,
  0x80,   0xa6,   0xfe,   0xff,   0x84,   0xa6,   0xfe,   0xff,   0x88,   0xa6,   0xfe,   0xff,
  0x8c,   0xa6,   0xfe,   0xff,   0x90,   0xa6,   0xfe,   0xff,   0x94,   0xa6,   0xfe,   0xff,
  0x98,   0xa6,   0xfe,   0xff,   0x9c,   0xa6,   0xfe,   0xff,   0xa0,   0xa6,   0xfe,   0xff,
  0xa4,   0xa6,   0xfe,   0xff,   0xa8,   0xa6,   0xfe,   0xff,   0xac,   0xa6,   0xfe,   0xff,
  0xb0,   0xa6,   0xfe,   0xff,   0xb4,   0xa6,   0xfe,   0xff,   0xb8,   0xa6,   0xfe,   0xff,
  0xbc,   0xa6,   0xfe,   0xff,   0xc0,   0xa6,   0xfe,   0xff,   0xc4,   0xa6,   0xfe,   0xff,
  0xc8,   0xa6,   0xfe,   0xff,   0xcc,   0xa6,   0xfe,   0xff,   0xd0,   0xa6,   0xfe,   0xff,
  0xd4,   0xa6,   0xfe,   0xff,   0xd8,   0xa6,   0xfe,   0xff,   0xdc,   0xa6,   0xfe,   0xff,
  0xe0,   0xa6,   0xfe,   0xff,   0xe4,   0xa6,   0xfe,   0xff,   0xe8,   0xa6,   0xfe,   0xff,
  0xec,   0xa6,   0xfe,   0xff,   0xf0,   0xa6,   0xfe,   0xff,   0xf4,   0xa6,   0xfe,   0xff,
  0xf8,   0xa6,   0xfe,   0xff,   0xfc,   0xa6,   0xfe,   0xff,   0x00,   0xa7,   0xfe,   0xff,
  0x04,   0xa7,   0xfe,   0xff,   0x08,   0xa7,   0xfe,   0xff,   0x0c,   0xa7,   0xfe,   0xff,
  0x10,   0xa7,   0xfe,   0xff,   0x14,   0xa7,   0xfe,   0xff,   0x18,   0xa7,   0xfe,   0xff,
  0x1c,   0xa7,   0xfe,   0xff,   0x20,   0xa7,   0xfe,   0xff,   0x24,   0xa7,   0xfe,   0xff,
  0x28,   0xa7,   0xfe,   0xff,   0x2c,   0xa7,   0xfe,   0xff,   0x30,   0xa7,   0xfe,   0xff,
  0x34,   0xa7,   0xfe,   0xff,   0x38,   0xa7,   0xfe,   0xff,   0x3c,   0xa7,   0xfe,   0xff,
  0x40,   0xa7,   0xfe,   0xff,   0x44,   0xa7,   0xfe,   0xff,   0x48,   0xa7,   0xfe,   0xff,
  0x4c,   0xa7,   0xfe,   0xff,   0x50,   0xa7,   0xfe,   0xff,   0x54,   0xa7,   0xfe,   0xff,
  0x58,   0xa7,   0xfe,   0xff,   0x5c,   0xa7,   0xfe,   0xff,   0x60,   0xa7,   0xfe,   0xff,
  0x64,   0xa7,   0xfe,   0xff,   0x68,   0xa7,   0xfe,   0xff,   0x6c,   0xa7,   0xfe,   0xff,
  0x70,   0xa7,   0xfe,   0xff,   0x74,   0xa7,   0xfe,   0xff,   0x78,   0xa7,   0xfe,   0xff,
  0x7c,   0xa7,   0xfe,   0xff,   0x80,   0xa7,   0xfe,   0xff,   0x84,   0xa7,   0xfe,   0xff,
  0x88,   0xa7,   0xfe,   0xff,   0x8c,   0xa7,   0xfe,   0xff,   0x90,   0xa7,   0xfe,   0xff,
  0x94,   0xa7,   0xfe,   0xff,   0x98,   0xa7,   0xfe,   0xff,   0x9c,   0xa7,   0xfe,   0xff,
  0xa0,   0xa7,   0xfe,   0xff,   0xa4,   0xa7,   0xfe,   0xff,   0xa8,   0xa7,   0xfe,   0xff,
  0xac,   0xa7,   0xfe,   0xff,   0xb0,   0xa7,   0xfe,   0xff,   0xb4,   0xa7,   0xfe,   0xff,
  0xb8,   0xa7,   0xfe,   0xff,   0xbc,   0xa7,   0xfe,   0xff,   0xc0,   0xa7,   0xfe,   0xff,
  0xc4,   0xa7,   0xfe,   0xff,   0xc8,   0xa7,   0xfe,   0xff,   0xcc,   0xa7,   0xfe,   0xff,
  0xd0,   0xa7,   0xfe,   0xff,   0xd4,   0xa7,   0xfe,   0xff,   0xd8,   0xa7,   0xfe,   0xff,
  0xdc,   0xa7,   0xfe,   0xff,   0xe0,   0xa7,   0xfe,   0xff,   0xe4,   0xa7,   0xfe,   0xff,
  0xe8,   0xa7,   0xfe,   0xff,   0xec,   0xa7,   0xfe,   0xff,   0xf0,   0xa7,   0xfe,   0xff,
  0xf4,   0xa7,   0xfe,   0xff,   0xf8,   0xa7,   0xfe,   0xff,   0xfc,   0xa7,   0xfe,   0xff,
  0x00,   0xa8,   0xfe,   0xff,   0x04,   0xa8,   0xfe,   0xff,   0x08,   0xa8,   0xfe,   0xff,
  0x0c,   0xa8,   0xfe,   0xff,   0x10,   0xa8,   0xfe,   0xff,   0x14,   0xa8,   0xfe,   0xff,
  0x18,   0xa8,   0xfe,   0xff,   0x1c,   0xa8,   0xfe,   0xff,   0x20,   0xa8,   0xfe,   0xff,
  0x24,   0xa8,   0xfe,   0xff,   0x28,   0xa8,   0xfe,   0xff,   0x2c,   0xa8,   0xfe,   0xff,
  0x30,   0xa8,   0xfe,   0xff,   0x34,   0xa8,   0xfe,   0xff,   0x38,   0xa8,   0xfe,   0xff,
  0x3c,   0xa8,   0xfe,   0xff,   0x40,   0xa8,   0xfe,   0xff,   0x44,   0xa8,   0xfe,   0xff,
  0x48,   0xa8,   0xfe,   0xff,   0x4c,   0xa8,   0xfe,   0xff,   0x50,   0xa8,   0xfe,   0xff,
  0x54,   0xa8,   0xfe,   0xff,   0x58,   0xa8,   0xfe,   0xff,   0x5c,   0xa8,   0xfe,   0xff,
  0x60,   0xa8,   0xfe,   0xff,   0x64,   0xa8,   0xfe,   0xff,   0x68,   0xa8,   0xfe,   0xff,
  0x6c,   0xa8,   0xfe,   0xff,   0x70,   0xa8,   0xfe,   0xff,   0x74,   0xa8,   0xfe,   0xff,
  0x78,   0xa8,   0xfe,   0xff,   0x7c,   0xa8,   0xfe,   0xff,   0x80,   0xa8,   0xfe,   0xff,
  0x84,   0xa8,   0xfe,   0xff,   0x88,   0xa8,   0xfe,   0xff,   0x8c,   0xa8,   0xfe,   0xff,
  0x90,   0xa8,   0xfe,   0xff,   0x94,   0xa8,   0xfe,   0xff,   0x98,   0xa8,   0xfe,   0xff,
  0x9c,   0xa8,   0xfe,   0xff,   0xa0,   0xa8,   0xfe,   0xff,   0xa4,   0xa8,   0xfe,   0xff,
  0xa8,   0xa8,   0xfe,   0xff,   0xac,   0xa8,   0xfe,   0xff,   0xb0,   0xa8,   0xfe,   0xff,
  0xb4,   0xa8,   0xfe,   0xff,   0xb8,   0xa8,   0xfe,   0xff,   0xbc,   0xa8,   0xfe,   0xff,
  0xc0,   0xa8,   0xfe,   0xff,   0xc4,   0xa8,   0xfe,   0xff,   0xc8,   0xa8,   0xfe,   0xff,
  0xcc,   0xa8,   0xfe,   0xff,   0xd0,   0xa8,   0xfe,   0xff,   0xd4,   0xa8,   0xfe,   0xff,
  0xd8,   0xa8,   0xfe,   0xff,   0xdc,   0xa8,   0xfe,   0xff,   0xe0,   0xa8,   0xfe,   0xff,
  0xe4,   0xa8,   0xfe,   0xff,   0xe8,   0xa8,   0xfe,   0xff,   0xec,   0xa8,   0xfe,   0xff,
  0xf0,   0xa8,   0xfe,   0xff,   0xf4,   0xa8,   0xfe,   0xff,   0xf8,   0xa8,   0xfe,   0xff,
  0xfc,   0xa8,   0xfe,   0xff,   0x00,   0xa9,   0xfe,   0xff,   0x04,   0xa9,   0xfe,   0xff,
  0x08,   0xa9,   0xfe,   0xff,   0x0c,   0xa9,   0xfe,   0xff,   0x10,   0xa9,   0xfe,   0xff,
  0x14,   0xa9,   0xfe,   0xff,   0x18,   0xa9,   0xfe,   0xff,   0x1c,   0xa9,   0xfe,   0xff,
  0x20,   0xa9,   0xfe,   0xff,   0x24,   0xa9,   0xfe,   0xff,   0x28,   0xa9,   0xfe,   0xff,
  0x2c,   0xa9,   0xfe,   0xff,   0x30,   0xa9,   0xfe,   0xff,   0x34,   0xa9,   0xfe,   0xff,
  0x38,   0xa9,   0xfe,   0xff,   0x3c,   0xa9,   0xfe,   0xff,   0x40,   0xa9,   0xfe,   0xff,
  0x44,   0xa9,   0xfe,   0xff,   0x48,   0xa9,   0xfe,   0xff,   0x4c,   0xa9,   0xfe,   0xff,
  0x50,   0xa9,   0xfe,   0xff,   0x54,   0xa9,   0xfe,   0xff,   0x58,   0xa9,   0xfe,   0xff,
  0x5c,   0xa9,   0xfe,   0xff,   0x60,   0xa9,   0xfe,   0xff,   0x64,   0xa9,   0xfe,   0xff,
  0x68,   0xa9,   0xfe,   0xff,   0x6c,   0xa9,   0xfe,   0xff,   0x70,   0xa9,   0xfe,   0xff,
  0x74,   0xa9,   0xfe,   0xff,   0x78,   0xa9,   0xfe,   0xff,   0x7c,   0xa9,   0xfe,   0xff,
  0x80,   0xa9,   0xfe,   0xff,   0x84,   0xa9,   0xfe,   0xff,   0x88,   0xa9,   0xfe,   0xff,
  0x8c,   0xa9,   0xfe,   0xff,   0x90,   0xa9,   0xfe,   0xff,   0x94,   0xa9,   0xfe,   0xff,
  0x98,   0xa9,   0xfe,   0xff,   0x9c,   0xa9,   0xfe,   0xff,   0xa0,   0xa9,   0xfe,   0xff,
  0xa4,   0xa9,   0xfe,   0xff,   0xa8,   0xa9,   0xfe,   0xff,   0xac,   0xa9,   0xfe,   0xff,
  0xb0,   0xa9,   0xfe,   0xff,   0xb4,   0xa9,   0xfe,   0xff,   0xb8,   0xa9,   0xfe,   0xff,
  0xbc,   0xa9,   0xfe,   0xff,   0xc0,   0xa9,   0xfe,   0xff,   0xc4,   0xa9,   0xfe,   0xff,
  0xc8,   0xa9,   0xfe,   0xff,   0xcc,   0xa9,   0xfe,   0xff,   0xd0,   0xa9,   0xfe,   0xff,
  0xd4,   0xa9,   0xfe,   0xff,   0xd8,   0xa9,   0xfe,   0xff,   0xdc,   0xa9,   0xfe,   0xff,
  0xe0,   0xa9,   0xfe,   0xff,   0xe4,   0xa9,   0xfe,   0xff,   0xe8,   0xa9,   0xfe,   0xff,
  0xec,   0xa9,   0xfe,   0xff,   0xf0,   0xa9,   0xfe,   0xff,   0xf4,   0xa9,   0xfe,   0xff,
  0xf8,   0xa9,   0xfe,   0xff,   0xfc,   0xa9,   0xfe,   0xff,   0x00,   0xaa,   0xfe,   0xff,
  0x04,   0xaa,   0xfe,   0xff,   0x08,   0xaa,   0xfe,   0xff,   0x0c,   0xaa,   0xfe,   0xff,
  0x10,   0xaa,   0xfe,   0xff,   0x14,   0xaa,   0xfe,   0xff,   0x18,   0xaa,   0xfe,   0xff,
  0x1c,   0xaa,   0xfe,   0xff,   0x20,   0xaa,   0xfe,   0xff,   0x24,   0xaa,   0xfe,   0xff,
  0x28,   0xaa,   0xfe,   0xff,   0x2c,   0xaa,   0xfe,   0xff,   0x30,   0xaa,   0xfe,   0xff,
  0x34,   0xaa,   0xfe,   0xff,   0x38,   0xaa,   0xfe,   0xff,   0x3c,   0xaa,   0xfe,   0xff,
  0x40,   0xaa,   0xfe,   0xff,   0x44,   0xaa,   0xfe,   0xff,   0x48,   0xaa,   0xfe,   0xff,
  0x4c,   0xaa,   0xfe,   0xff,   0x50,   0xaa,   0xfe,   0xff,   0x54,   0xaa,   0xfe,   0xff,
  0x58,   0xaa,   0xfe,   0xff,   0x5c,   0xaa,   0xfe,   0xff,   0x60,   0xaa,   0xfe,   0xff,
  0x64,   0xaa,   0xfe,   0xff,   0x68,   0xaa,   0xfe,   0xff,   0x6c,   0xaa,   0xfe,   0xff,
  0x70,   0xaa,   0xfe,   0xff,   0x74,   0xaa,   0xfe,   0xff,   0x78,   0xaa,   0xfe,   0xff,
  0x7c,   0xaa,   0xfe,   0xff,   0x80,   0xaa,   0xfe,   0xff,   0x84,   0xaa,   0xfe,   0xff,
  0x88,   0xaa,   0xfe,   0xff,   0x8c,   0xaa,   0xfe,   0xff,   0x90,   0xaa,   0xfe,   0xff,
  0x94,   0xaa,   0xfe,   0xff,   0x98,   0xaa,   0xfe,   0xff,   0x9c,   0xaa,   0xfe,   0xff,
  0xa0,   0xaa,   0xfe,   0xff,   0xa4,   0xaa,   0xfe,   0xff,   0xa8,   0xaa,   0xfe,   0xff,
  0xac,   0xaa,   0xfe,   0xff,   0xb0,   0xaa,   0xfe,   0xff,   0xb4,   0xaa,   0xfe,   0xff,
  0xb8,   0xaa,   0xfe,   0xff,   0xbc,   0xaa,   0xfe,   0xff,   0xc0,   0xaa,   0xfe,   0xff,
  0xc4,   0xaa,   0xfe,   0xff,   0xc8,   0xaa,   0xfe,   0xff,   0xcc,   0xaa,   0xfe,   0xff,
  0xd0,   0xaa,   0xfe,   0xff,   0xd4,   0xaa,   0xfe,   0xff,   0xd8,   0xaa,   0xfe,   0xff,
  0xdc,   0xaa,   0xfe,   0xff,   0xe0,   0xaa,   0xfe,   0xff,   0xe4,   0xaa,   0xfe,   0xff,
  0xe8,   0xaa,   0xfe,   0xff,   0xec,   0xaa,   0xfe,   0xff,   0xf0,   0xaa,   0xfe,   0xff,
  0xf4,   0xaa,   0xfe,   0xff,   0xf8,   0xaa,   0xfe,   0xff,   0xfc,   0xaa,   0xfe,   0xff,
  0x00,   0xab,   0xfe,   0xff,   0x04,   0xab,   0xfe,   0xff,   0x08,   0xab,   0xfe,   0xff,
  0x0c,   0xab,   0xfe,   0xff,   0x10,   0xab,   0xfe,   0xff,   0x14,   0xab,   0xfe,   0xff,
  0x18,   0xab,   0xfe,   0xff,   0x1c,   0xab,   0xfe,   0xff,   0x20,   0xab,   0xfe,   0xff,
  0x24,   0xab,   0xfe,   0xff,   0x28,   0xab,   0xfe,   0xff,   0x2c,   0xab,   0xfe,   0xff,
  0x30,   0xab,   0xfe,   0xff,   0x34,   0xab,   0xfe,   0xff,   0x38,   0xab,   0xfe,   0xff,
  0x3c,   0xab,   0xfe,   0xff,   0x40,   0xab,   0xfe,   0xff,   0x44,   0xab,   0xfe,   0xff,
  0xaa,   0xb7,   0xff,   0xff,   0x04,   0x00,   0x00,   0x00,   0x01,   0x00,   0x00,   0x00,
  0x00,   0x00,   0x00,   0x00,   0xba,   0xb7,   0xff,   0xff,   0x04,   0x00,   0x00,   0x00,
  0x00,   0x10,   0x00,   0x00,   0xd0,   0x31,   0x04,   0xdb,   0xb1,   0x20,   0x2a,   0xed,
  0xca,   0x2d,   0xe9,   0x04,   0xf1,   0xe9,   0x68,   0xa8,   0x7f,   0x0c,   0x9b,   0x17,
  0xde,   0xdd,   0x04,   0xd6,   0x43,   0xb4,   0x01,   0x0e,   0x1a,   0xb5,   0xc7,   0x76,
  0x8d,   0x30,   0x1c,   0xe7,   0xc1,   0x06,   0x67,   0x23,   0xad,   0xe8,   0x7f,   0xeb,
  0x27,   0x97,   0x32,   0xba,   0x52,   0xe8,   0xd4,   0xd2,   0xe4,   0x0a,   0xd0,   0xab,
  0x01,   0xd7,   0xbd,   0xcf,   0xfc,   0x8b,   0xba,   0x2b,   0x05,   0xda,   0xb2,   0x8f,
  0xe0,   0x2d,   0x81,   0xf3,   0x84,   0x23,   0x3e,   0x3d,   0xde,   0x00,   0x17,   0xe2,
  0x4d,   0x32,   0xef,   0xf7,   0x30,   0x42,   0x17,   0x18,   0xeb,   0x13,   0x20,   0xe6,
  0x27,   0x23,   0x1e,   0x35,   0x18,   0xb6,   0xd9,   0x5f,   0x1c,   0xfe,   0x24,   0x1d,
  0xf5,   0x09,   0x81,   0xeb,   0xe0,   0x39,   0x15,   0xe6,   0xc0,   0x38,   0xea,   0x0e,
  0x11,   0xdc,   0x0a,   0x16,   0x66,   0xe4,   0x3c,   0x03,   0x51,   0xfa,   0x24,   0x4b,
  0xe0,   0xde,   0x23,   0xa1,   0xdb,   0x22,   0x3e,   0xc0,   0xe9,   0xb3,   0xdc,   0xf8,
  0x0f,   0x16,   0x32,   0xb5,   0x2a,   0xca,   0xdf,   0x05,   0xd2,   0x32,   0xf5,   0x81,
  0x24,   0xf9,   0xd9,   0xe1,   0xda,   0xef,   0xa1,   0x2c,   0xe1,   0xea,   0x08,   0x09,
  0x19,   0xe9,   0xed,   0x37,   0x27,   0x4a,   0x23,   0xfd,   0xdb,   0xea,   0x22,   0x24,
  0xd0,   0x56,   0xe8,   0x31,   0x11,   0xcc,   0xfe,   0x11,   0x1c,   0x11,   0x0d,   0x16,
  0xfd,   0x81,   0x2d,   0xf2,   0xba,   0x59,   0x0c,   0x0d,   0x81,   0x3e,   0x3c,   0x1c,
  0x96,   0xe0,   0xbf,   0x58,   0x25,   0xfa,   0x55,   0xfd,   0xcf,   0x09,   0xa8,   0xb9,
  0xef,   0xf1,   0xff,   0xd1,   0x5f,   0xde,   0xbe,   0xca,   0x1f,   0xe6,   0x04,   0x3b,
  0xf8,   0x0d,   0x08,   0x81,   0xea,   0xe7,   0x13,   0x02,   0xe6,   0x00,   0x2c,   0x22,
  0x26,   0xcc,   0x15,   0xf9,   0x2e,   0xe2,   0xdc,   0x0c,   0xe6,   0x19,   0xcd,   0x07,
  0x19,   0xf5,   0xb1,   0xf4,   0xe2,   0xd4,   0x0a,   0x40,   0xdf,   0x05,   0x54,   0x2d,
  0x06,   0x29,   0x78,   0x9a,   0xed,   0x8d,   0x01,   0x36,   0x0c,   0xe7,   0x35,   0x86,
  0x59,   0xd4,   0xa2,   0xf1,   0xe6,   0xee,   0x18,   0x81,   0x33,   0xdc,   0xff,   0x91,
  0xf6,   0xb5,   0xe1,   0x28,   0xdc,   0x29,   0xfb,   0xa2,   0xf2,   0xde,   0x1c,   0xf2,
  0xcc,   0xe1,   0x2a,   0x13,   0xeb,   0x25,   0x79,   0x0c,   0xfe,   0xb6,   0xd9,   0x24,
  0xfb,   0x18,   0xd8,   0x08,   0x7f,   0x10,   0xf6,   0x06,   0x00,   0xd0,   0xe9,   0x6f,
  0xd8,   0xf9,   0xea,   0x26,   0x00,   0x42,   0x16,   0x17,   0x00,   0x34,   0xb9,   0x1c,
  0x1a,   0x04,   0x0f,   0x0b,   0xbb,   0x39,   0xf5,   0xe4,   0x0c,   0x81,   0xd9,   0xd1,
  0x0b,   0xa8,   0x02,   0x03,   0x66,   0xfc,   0x04,   0x40,   0xef,   0xe9,   0x49,   0xf8,
  0xe5,   0x31,   0x62,   0x9f,   0xe3,   0xb3,   0x07,   0x3d,   0xf8,   0xd7,   0x37,   0x94,
  0x29,   0x95,   0x9e,   0x0e,   0xb7,   0xff,   0xd1,   0x94,   0x5b,   0xcd,   0x0a,   0xba,
  0x05,   0x91,   0xab,   0x7f,   0xcc,   0x0a,   0x44,   0xa1,   0xe6,   0xfb,   0x17,   0xe1,
  0xe3,   0xf2,   0x7f,   0x2d,   0x07,   0xdc,   0x49,   0xab,   0x5d,   0xcc,   0xd3,   0x34,
  0xca,   0x08,   0xf5,   0xb9,   0x1f,   0xde,   0xe7,   0xe5,   0xd7,   0xc7,   0xd0,   0x1c,
  0xd4,   0x4f,   0x35,   0xd8,   0xa2,   0xf3,   0x40,   0xfd,   0x81,   0xbb,   0x18,   0x36,
  0x2c,   0x12,   0x66,   0xee,   0x35,   0xd0,   0xd6,   0xce,   0x0b,   0x31,   0xe4,   0xeb,
  0xeb,   0x0d,   0xed,   0xe1,   0xf4,   0x53,   0xcc,   0x77,   0x29,   0x10,   0x11,   0x28,
  0x07,   0xfa,   0xdf,   0xf6,   0x6a,   0x28,   0x02,   0xbb,   0xfe,   0xd8,   0x81,   0x08,
  0x3f,   0x32,   0xfb,   0xfe,   0xd9,   0xc3,   0xf9,   0x1a,   0xa1,   0xea,   0x1d,   0xd4,
  0xde,   0x2e,   0xe6,   0x84,   0xe1,   0x7f,   0x11,   0xc1,   0x22,   0xf3,   0x2d,   0xaa,
  0xea,   0xe7,   0x0f,   0xb1,   0x32,   0xf4,   0x15,   0xf9,   0xef,   0x0e,   0x11,   0x0e,
  0x4b,   0x00,   0xd4,   0x05,   0x07,   0xe9,   0x01,   0x1f,   0xbc,   0x25,   0xe9,   0x0d,
  0xda,   0x18,   0xe7,   0xce,   0xc4,   0x1b,   0x2c,   0xdc,   0xea,   0xdc,   0xfd,   0x40,
  0x43,   0xa7,   0x5f,   0xdc,   0x0c,   0xe8,   0x81,   0xc8,   0xc4,   0xf5,   0xa9,   0x09,
  0x4a,   0x07,   0xdd,   0xd7,   0xea,   0x00,   0xfc,   0x37,   0xfd,   0x42,   0xca,   0xa6,
  0x1a,   0x6e,   0xce,   0xe8,   0xc1,   0x59,   0xf7,   0x29,   0x4e,   0x99,   0xcf,   0xf9,
  0x15,   0xee,   0xcc,   0xbe,   0xdc,   0x0b,   0x1f,   0xcd,   0x0b,   0xd4,   0xca,   0x01,
  0x01,   0x7f,   0xe9,   0xba,   0x2f,   0xf8,   0x59,   0xaa,   0x1d,   0x17,   0x03,   0xc9,
  0x20,   0xde,   0x7f,   0xe8,   0x08,   0xf7,   0x1c,   0xc6,   0x2f,   0xbf,   0x0c,   0xd4,
  0x21,   0x27,   0xda,   0x06,   0xed,   0x05,   0x18,   0x12,   0xea,   0xff,   0xbc,   0xdc,
  0xc1,   0x3a,   0x3a,   0x03,   0x11,   0xe6,   0xec,   0x62,   0xe8,   0x1d,   0x66,   0x5f,
  0xec,   0x08,   0x20,   0x81,   0x72,   0x2d,   0xa0,   0x25,   0x0b,   0xa2,   0xe8,   0xa5,
  0xee,   0x8c,   0xee,   0xe1,   0x4b,   0xaf,   0xa3,   0x26,   0xda,   0x44,   0x37,   0x99,
  0xc3,   0xca,   0xf5,   0xf1,   0xc1,   0xc4,   0x37,   0x4b,   0x34,   0xd5,   0x54,   0x02,
  0x30,   0xac,   0xca,   0x1d,   0x12,   0x7f,   0xf0,   0x32,   0xd1,   0x35,   0xde,   0xe7,
  0xfb,   0x65,   0x06,   0x34,   0xfd,   0xc5,   0xe2,   0xbd,   0x31,   0x36,   0x97,   0x0a,
  0x81,   0x73,   0xc7,   0x1d,   0x3a,   0xd7,   0x23,   0xec,   0xc1,   0xd5,   0x06,   0x86,
  0x0f,   0x0d,   0x17,   0xea,   0xf1,   0xc1,   0x59,   0x54,   0x47,   0xdd,   0x13,   0x29,
  0xab,   0x38,   0x21,   0x29,   0xab,   0x08,   0x19,   0x19,   0x91,   0xd4,   0xc3,   0x6c,
  0x38,   0x4b,   0x6b,   0xf8,   0x18,   0xf0,   0xe4,   0xdb,   0x49,   0x0f,   0xc5,   0x09,
  0x2a,   0x1a,   0xc5,   0xbe,   0xfb,   0x33,   0xd5,   0x7f,   0x05,   0x1b,   0xf4,   0x81,
  0xfe,   0xed,   0xf9,   0xd1,   0xc6,   0x3b,   0x3c,   0x19,   0x04,   0xc4,   0x43,   0x02,
  0x2d,   0xef,   0x33,   0xe6,   0xe1,   0x17,   0x0c,   0x50,   0x37,   0x4b,   0xef,   0x09,
  0xf1,   0x2f,   0xf7,   0xef,   0x04,   0x6a,   0x9f,   0xc0,   0x4b,   0xe5,   0xc8,   0xee,
  0x54,   0x23,   0x64,   0xd8,   0xe4,   0x81,   0x91,   0x29,   0x17,   0x21,   0xec,   0xe7,
  0xdb,   0x08,   0xdd,   0x33,   0xcb,   0x15,   0x10,   0x0a,   0xd4,   0x76,   0xcd,   0xbc,
  0x3c,   0x1c,   0xc3,   0x81,   0xe4,   0x86,   0xcc,   0x5d,   0xff,   0x73,   0x2b,   0x36,
  0xeb,   0xe1,   0xd9,   0x9e,   0x32,   0xde,   0x97,   0x19,   0xcb,   0xc9,   0x31,   0x1f,
  0x00,   0xf0,   0x17,   0x08,   0xed,   0xb4,   0x35,   0xed,   0x37,   0x4e,   0x16,   0xdf,
  0x81,   0x7e,   0x40,   0xa2,   0xe7,   0xae,   0x44,   0x4f,   0x31,   0xb5,   0x49,   0xaf,
  0x47,   0xc2,   0x07,   0xd6,   0x23,   0x44,   0x98,   0xc8,   0x0e,   0xf4,   0xcc,   0x22,
  0xc0,   0x38,   0xe8,   0x39,   0xf7,   0x34,   0xe3,   0x00,   0x0b,   0xd5,   0xcb,   0x52,
  0xee,   0x07,   0x2f,   0x3e,   0x7f,   0x41,   0xdf,   0xac,   0x2e,   0xd9,   0xd4,   0xb2,
  0xec,   0xdc,   0x19,   0xba,   0xad,   0x22,   0xd9,   0xed,   0xda,   0xf5,   0x25,   0xfe,
  0xdc,   0xff,   0xdb,   0xe3,   0xbd,   0x6c,   0x06,   0x03,   0xba,   0x17,   0xce,   0x44,
  0x23,   0xf2,   0x7f,   0x0a,   0xc1,   0xce,   0xe7,   0xb3,   0xef,   0xc4,   0xe6,   0xdc,
  0x51,   0x05,   0x08,   0xbd,   0x1a,   0x3a,   0xfa,   0x55,   0x17,   0x81,   0x0e,   0xd5,
  0x19,   0xee,   0x02,   0x64,   0xee,   0x4e,   0x41,   0xa8,   0x9c,   0x0c,   0xfd,   0x93,
  0xbc,   0x12,   0xc4,   0x75,   0x36,   0xb8,   0x06,   0xf8,   0x02,   0xf2,   0x2d,   0xf8,
  0xec,   0xdd,   0x5e,   0xd4,   0x05,   0xf5,   0xe6,   0xb5,   0xf4,   0x15,   0xdb,   0xd0,
  0xba,   0xee,   0x35,   0x2d,   0xfa,   0xcc,   0x51,   0xf4,   0x06,   0xcd,   0xbf,   0xa9,
  0xfe,   0xee,   0x01,   0x16,   0x7f,   0xff,   0xd1,   0x12,   0x35,   0x31,   0x21,   0x39,
  0x48,   0x4f,   0xc5,   0x2d,   0xa3,   0xee,   0xd6,   0xa2,   0x31,   0x36,   0x28,   0xfc,
  0x0f,   0xd4,   0xce,   0x52,   0x10,   0x12,   0x3c,   0x15,   0xb5,   0x47,   0x25,   0x2b,
  0x8d,   0x02,   0x41,   0xfa,   0xe8,   0x7f,   0xb3,   0x82,   0xd1,   0x39,   0x36,   0xa6,
  0x26,   0x04,   0x1a,   0x45,   0xb7,   0xfd,   0xfa,   0x42,   0x6b,   0x24,   0x31,   0x08,
  0xec,   0x54,   0xfd,   0x31,   0x3c,   0xbc,   0x54,   0xd1,   0x81,   0x14,   0x26,   0x39,
  0x3f,   0xfe,   0x05,   0xf2,   0xe4,   0x19,   0xe3,   0xa1,   0x0c,   0xcd,   0xd3,   0x7f,
  0xdc,   0x1e,   0x60,   0x21,   0x0f,   0xe1,   0x05,   0x2d,   0x04,   0x46,   0x2b,   0xed,
  0x30,   0x2f,   0x12,   0x71,   0xda,   0x11,   0xcb,   0x33,   0x20,   0x11,   0xf6,   0x09,
  0x27,   0xea,   0xa2,   0xd2,   0xdb,   0xf1,   0x81,   0xeb,   0xb2,   0x45,   0x26,   0x10,
  0xd7,   0xf9,   0x2f,   0x01,   0x2c,   0x02,   0xfc,   0x5d,   0x30,   0x0f,   0x38,   0xf6,
  0x1f,   0x0f,   0xfd,   0x55,   0x04,   0x30,   0xfa,   0x2f,   0xff,   0x97,   0x02,   0x4d,
  0x1c,   0x1a,   0x35,   0xf8,   0xda,   0x1d,   0x81,   0xdb,   0x1c,   0x59,   0x06,   0x0a,
  0x90,   0x40,   0xe0,   0x10,   0x0f,   0xdf,   0xc1,   0x13,   0x2f,   0xd5,   0x3f,   0x04,
  0x13,   0x29,   0x65,   0x79,   0x4c,   0xe0,   0xff,   0x81,   0x38,   0x82,   0x9e,   0x1c,
  0x0d,   0x3a,   0x7d,   0xf4,   0xcc,   0xf6,   0x00,   0x15,   0x1b,   0x43,   0x11,   0x4c,
  0x29,   0x2f,   0x0c,   0x32,   0x38,   0xd1,   0x27,   0x59,   0x02,   0xcc,   0x50,   0xdd,
  0xd8,   0xbd,   0xdf,   0x2b,   0x44,   0x15,   0x1d,   0x50,   0x21,   0x61,   0x0c,   0x0c,
  0xe7,   0xd8,   0xe4,   0x12,   0x9f,   0x5c,   0x07,   0x4d,   0x0f,   0xa0,   0xf0,   0x37,
  0x3e,   0xe4,   0xff,   0x17,   0xd5,   0x81,   0x69,   0xc3,   0x95,   0x2b,   0xf0,   0x1e,
  0xc1,   0x15,   0x24,   0x3f,   0x81,   0x00,   0xa0,   0x68,   0x32,   0xf6,   0x46,   0x29,
  0xf6,   0x00,   0x05,   0xc5,   0xa3,   0xe2,   0xce,   0xf8,   0x3a,   0x10,   0xa3,   0xd5,
  0x5f,   0x02,   0x00,   0x6b,   0x1b,   0x23,   0x06,   0x81,   0x36,   0xeb,   0x04,   0xf7,
  0xe8,   0xfe,   0x06,   0xf9,   0x35,   0xbe,   0x03,   0xaf,   0x40,   0xdd,   0xd1,   0xfc,
  0xc4,   0x4d,   0xec,   0x07,   0x0c,   0x0a,   0xaa,   0x1e,   0xa3,   0xcf,   0xc8,   0x29,
  0x18,   0x12,   0xd8,   0x17,   0xe1,   0xae,   0xa1,   0x43,   0x02,   0x1d,   0x58,   0x2a,
  0x02,   0xf1,   0x07,   0xe6,   0xfa,   0x5e,   0x08,   0x1e,   0x3a,   0x10,   0x1c,   0x33,
  0x29,   0x6b,   0xd2,   0x35,   0x0b,   0x81,   0x1f,   0x19,   0xd8,   0x0f,   0xf5,   0xc3,
  0xf0,   0xdd,   0x31,   0x2d,   0xf4,   0xea,   0x28,   0x1b,   0x0a,   0x38,   0x7f,   0x15,
  0x15,   0xc8,   0xe3,   0x3a,   0xf5,   0x31,   0xe9,   0x0e,   0x57,   0xee,   0xce,   0x27,
  0x11,   0xe4,   0x08,   0x37,   0xbc,   0xd8,   0x08,   0xf8,   0xcb,   0x2d,   0x5b,   0xe0,
  0xd6,   0x19,   0xc3,   0x2a,   0x55,   0x44,   0x4f,   0x0b,   0xa7,   0x4c,   0xc4,   0xbb,
  0x09,   0xc0,   0x81,   0xd5,   0x4d,   0xb4,   0xdf,   0xd1,   0x59,   0x3b,   0x02,   0x3c,
  0x29,   0x17,   0xe5,   0x88,   0x27,   0x99,   0x8d,   0x2f,   0x28,   0x20,   0x7f,   0xd0,
  0xb2,   0xda,   0x12,   0x23,   0xff,   0x40,   0x0a,   0x35,   0x09,   0x0b,   0x23,   0x32,
  0xfa,   0x0e,   0x09,   0x3d,   0x8b,   0x95,   0xfd,   0x03,   0xf7,   0x08,   0xeb,   0xbe,
  0x0f,   0x9a,   0xb2,   0x3e,   0xf2,   0x20,   0x7f,   0x3b,   0xe4,   0xfe,   0x05,   0x2a,
  0x2f,   0x45,   0xf5,   0x25,   0x41,   0x34,   0x2e,   0x67,   0xd5,   0x12,   0x16,   0x45,
  0x09,   0xe6,   0x44,   0x06,   0x15,   0x04,   0x03,   0x07,   0xd6,   0x14,   0x03,   0x07,
  0xd2,   0xeb,   0x0d,   0x0a,   0xeb,   0x7f,   0x3e,   0x54,   0xec,   0x25,   0x2e,   0xfe,
  0x50,   0x4a,   0x20,   0x3b,   0xdc,   0x04,   0x1c,   0xe5,   0x3f,   0x45,   0x07,   0x58,
  0x32,   0x37,   0xca,   0x67,   0x52,   0xe6,   0xd4,   0x20,   0x4a,   0x1d,   0xf3,   0x8f,
  0xfd,   0xd4,   0x87,   0x29,   0x08,   0x32,   0x44,   0xf0,   0x11,   0x35,   0x07,   0x23,
  0x8d,   0xe6,   0x46,   0x0f,   0xdf,   0x51,   0xf9,   0x81,   0xd9,   0x07,   0xe8,   0xeb,
  0x22,   0x0b,   0xea,   0xb1,   0x02,   0x11,   0x1e,   0x81,   0xf0,   0x19,   0x1d,   0xf4,
  0xe9,   0xee,   0x25,   0x26,   0xe8,   0x23,   0xba,   0x34,   0xad,   0xf2,   0x20,   0x2d,
  0xdb,   0xd6,   0xe9,   0xd8,   0xb8,   0x30,   0xb9,   0xb5,   0xb7,   0x05,   0x02,   0xf8,
  0xd1,   0x02,   0x2d,   0x31,   0x49,   0x81,   0x78,   0xe0,   0x18,   0xe4,   0x89,   0xd7,
  0x00,   0x0d,   0xbd,   0xfe,   0x3e,   0xf6,   0xbd,   0x10,   0xeb,   0x46,   0xdc,   0x1a,
  0x17,   0x2a,   0xcc,   0xb6,   0xee,   0xfe,   0xe3,   0xcc,   0xdc,   0x13,   0xad,   0x09,
  0x65,   0x96,   0x19,   0xce,   0x04,   0xfb,   0xa9,   0x81,   0xcf,   0xb4,   0xca,   0x10,
  0x19,   0xef,   0xd9,   0xbc,   0x2a,   0x6b,   0xe3,   0x9e,   0x1e,   0xb9,   0xdd,   0x81,
  0xec,   0x11,   0xa6,   0xc9,   0x62,   0xdf,   0x4f,   0xcb,   0xa7,   0x2b,   0x19,   0x07,
  0x3c,   0xe0,   0x2f,   0x12,   0x0c,   0x55,   0x19,   0x45,   0xea,   0xff,   0x0f,   0x76,
  0xc8,   0x4d,   0xd6,   0xce,   0x20,   0xe5,   0xd2,   0xc9,   0x24,   0x81,   0xbc,   0x5f,
  0x2c,   0x6c,   0x44,   0x09,   0xd7,   0xe9,   0xb9,   0xf1,   0xb9,   0x6a,   0xf2,   0x1c,
  0x35,   0xe7,   0x26,   0x33,   0xee,   0x23,   0x13,   0x69,   0x02,   0x01,   0x1f,   0xe1,
  0xd8,   0x4d,   0xbd,   0x8c,   0x88,   0xf1,   0xa1,   0x56,   0x96,   0x33,   0xac,   0xd2,
  0x3f,   0x27,   0x7e,   0x0c,   0xb6,   0xf0,   0x22,   0xf7,   0x7f,   0x2c,   0xe2,   0x7f,
  0x30,   0x1e,   0x5a,   0x55,   0x0a,   0x37,   0x1f,   0x4b,   0xd5,   0x5b,   0xea,   0x91,
  0x92,   0x38,   0xdd,   0x45,   0x81,   0x40,   0xce,   0x4f,   0x06,   0xd7,   0x5f,   0xeb,
  0xb2,   0x00,   0xdc,   0x9f,   0x63,   0xeb,   0x41,   0x08,   0xf8,   0x0f,   0x07,   0x27,
  0xf2,   0x11,   0x3d,   0x0b,   0x90,   0x6d,   0xd3,   0x6c,   0xa4,   0x60,   0x47,   0x3b,
  0xc9,   0xd7,   0xe4,   0x55,   0x4b,   0x6c,   0x4c,   0xcc,   0xd5,   0x2e,   0xf9,   0x81,
  0xf5,   0x2a,   0x55,   0x2d,   0xcc,   0x30,   0x0a,   0x9b,   0x4b,   0x71,   0xa3,   0x32,
  0x04,   0x65,   0x3e,   0xa3,   0xd6,   0x48,   0xf9,   0x01,   0xc4,   0xc3,   0x7f,   0x35,
  0xde,   0xee,   0xf7,   0x1f,   0x53,   0x99,   0xe8,   0xdd,   0xe4,   0x17,   0x24,   0x32,
  0x3f,   0x1b,   0xc5,   0x14,   0xc4,   0x3e,   0xe4,   0x0c,   0x0c,   0x35,   0xbd,   0x2d,
  0xf2,   0xc2,   0xc7,   0xe7,   0xf8,   0x3d,   0x22,   0xbf,   0x20,   0xaa,   0x81,   0x39,
  0x0f,   0xf8,   0x2f,   0xde,   0xe6,   0x15,   0x11,   0x27,   0x12,   0xdf,   0xf0,   0x14,
  0xaa,   0x19,   0xfb,   0xca,   0x7c,   0x20,   0x0e,   0x92,   0xd3,   0xa6,   0xb6,   0x4b,
  0xfc,   0x59,   0x7d,   0xf3,   0x09,   0xe4,   0x81,   0xbb,   0x4f,   0x2c,   0x2e,   0x28,
  0x37,   0xb2,   0x1a,   0x06,   0xee,   0x48,   0x14,   0x1f,   0x17,   0x08,   0x01,   0x86,
  0x09,   0x34,   0xdd,   0x81,   0x01,   0xad,   0xb2,   0x22,   0xcf,   0x68,   0xf2,   0x39,
  0xce,   0x12,   0x15,   0x6c,   0x1a,   0x55,   0x11,   0xd4,   0x6e,   0x03,   0x26,   0x53,
  0x99,   0x46,   0xf4,   0x63,   0x5e,   0x04,   0x13,   0x0f,   0xc0,   0x36,   0x5c,   0x68,
  0xb3,   0xae,   0xe4,   0x45,   0x9a,   0xcc,   0x13,   0x71,   0xdc,   0xa0,   0xef,   0xb5,
  0x7f,   0x54,   0x36,   0x49,   0xaf,   0x4a,   0x1f,   0xfb,   0xdf,   0x05,   0xe9,   0x4a,
  0x1f,   0xcf,   0xde,   0x30,   0x13,   0x0b,   0xed,   0xb6,   0xde,   0x7f,   0x29,   0x09,
  0x93,   0x1e,   0xc3,   0x36,   0x04,   0x0e,   0x62,   0xfe,   0xe8,   0xf5,   0x02,   0xe6,
  0xe1,   0xe6,   0xf5,   0xdd,   0x3f,   0x02,   0x01,   0xc0,   0x07,   0x55,   0xf2,   0x59,
  0x4c,   0x99,   0xd2,   0xf9,   0x13,   0xee,   0xf9,   0x5e,   0x7f,   0x3b,   0x2e,   0x99,
  0x97,   0x2d,   0xed,   0xf8,   0xbe,   0x41,   0x32,   0x34,   0x22,   0xf5,   0x21,   0x15,
  0xdc,   0xdd,   0x60,   0x16,   0xf2,   0x23,   0x38,   0xd2,   0x7f,   0x39,   0x02,   0xb0,
  0xe4,   0xe5,   0xe1,   0x39,   0xdf,   0x5e,   0xf7,   0x27,   0x28,   0xf5,   0x42,   0xe5,
  0xcd,   0xfd,   0x0c,   0x1d,   0xf7,   0xdb,   0x2f,   0x1a,   0x2d,   0x0c,   0x1d,   0x20,
  0x34,   0x29,   0x0b,   0x40,   0x5e,   0x15,   0xa3,   0xf7,   0x46,   0x0e,   0x81,   0x05,
  0x22,   0x53,   0x22,   0xde,   0x04,   0xfa,   0xe0,   0x34,   0x39,   0xf7,   0x52,   0x1a,
  0x2f,   0x0b,   0x32,   0x36,   0xdd,   0x1b,   0x43,   0x04,   0xa9,   0x6e,   0xd2,   0x03,
  0x21,   0x9f,   0x25,   0x13,   0xf9,   0x4e,   0x1b,   0xc1,   0x23,   0xbc,   0xb5,   0xec,
  0xf3,   0xf9,   0xf4,   0x0f,   0xd8,   0x81,   0x02,   0xc3,   0xbe,   0x26,   0xcc,   0xf2,
  0x2d,   0x1f,   0x21,   0x03,   0xfa,   0xfc,   0xbf,   0x3b,   0x1c,   0xca,   0xe3,   0xce,
  0xc2,   0x16,   0x93,   0x13,   0xd6,   0x7f,   0x69,   0x53,   0x39,   0xd5,   0x00,   0x98,
  0xad,   0x0f,   0xa0,   0x3e,   0xee,   0x1e,   0x2c,   0x0a,   0x17,   0xcf,   0x5e,   0x1c,
  0x5d,   0xaa,   0x9f,   0x25,   0x42,   0x1e,   0xc1,   0xaf,   0x12,   0xdc,   0xc7,   0x2a,
  0x3c,   0x34,   0x34,   0xe7,   0x15,   0x36,   0x39,   0xe3,   0x56,   0xbc,   0x42,   0x59,
  0xfd,   0x7f,   0x51,   0x06,   0x01,   0x44,   0x53,   0x27,   0x1c,   0x7b,   0xf6,   0xf5,
  0xd0,   0xfa,   0xf0,   0xe5,   0x97,   0x45,   0x1f,   0x02,   0xa6,   0x1a,   0xe8,   0x5e,
  0x20,   0x00,   0x81,   0xbd,   0x1c,   0x39,   0xb9,   0x32,   0x11,   0x1e,   0xcd,   0xe6,
  0x53,   0x0c,   0x30,   0xb7,   0x51,   0x1e,   0xe4,   0xe9,   0x0d,   0x62,   0x1a,   0x45,
  0xaa,   0x1c,   0x53,   0xd3,   0x12,   0xe8,   0x9d,   0x1b,   0x8f,   0x18,   0x81,   0xfe,
  0x0d,   0x19,   0x11,   0x04,   0xd6,   0x24,   0x8b,   0x89,   0xfe,   0xca,   0xc8,   0xc1,
  0xe2,   0xec,   0xf4,   0xae,   0xad,   0x11,   0xc5,   0x0f,   0x21,   0x13,   0xe7,   0xae,
  0xd2,   0x14,   0x00,   0x7f,   0x07,   0x0e,   0x3c,   0x2b,   0xfc,   0x1b,   0xee,   0x16,
  0xdc,   0x20,   0xc9,   0xbc,   0xfd,   0x1c,   0xf0,   0xe7,   0xda,   0x43,   0xe8,   0x17,
  0x97,   0x7f,   0xb5,   0xf7,   0xc5,   0x1c,   0x6c,   0x21,   0xb7,   0xdc,   0x27,   0x62,
  0x63,   0xc0,   0x10,   0x28,   0xda,   0xf2,   0xe4,   0xd2,   0xd4,   0xe8,   0xbe,   0xfc,
  0x1b,   0x5a,   0xa0,   0x0a,   0xb6,   0x44,   0x29,   0xb4,   0x23,   0xd2,   0xc3,   0xf5,
  0xf7,   0x29,   0xeb,   0x05,   0x4a,   0xcf,   0xce,   0xc0,   0xfa,   0x65,   0x81,   0x34,
  0x85,   0x47,   0x5d,   0x10,   0xd5,   0xa2,   0xed,   0x96,   0xe9,   0xbb,   0x38,   0xe5,
  0x43,   0xda,   0x59,   0xb9,   0xf5,   0x09,   0xd1,   0x5b,   0x0b,   0x16,   0x40,   0x8c,
  0x81,   0xbc,   0xed,   0xaf,   0xd6,   0xfb,   0xab,   0x57,   0xe0,   0xd6,   0x0a,   0xf2,
  0xe9,   0x16,   0x0d,   0x04,   0x15,   0x1b,   0xea,   0xc7,   0xeb,   0xfe,   0x14,   0xf5,
  0xde,   0x0a,   0xee,   0x42,   0xeb,   0xfc,   0xae,   0x21,   0xfb,   0x3c,   0xf6,   0xf3,
  0xec,   0xd9,   0x08,   0x2c,   0xf0,   0x2f,   0xea,   0xc9,   0x17,   0x0c,   0x1f,   0x03,
  0x09,   0xec,   0x08,   0xe2,   0x02,   0x7f,   0x0e,   0xeb,   0xef,   0x12,   0xf6,   0x01,
  0x28,   0xf4,   0xd9,   0x1a,   0xff,   0xda,   0x6a,   0xbd,   0xda,   0x18,   0x04,   0x3b,
  0x02,   0xfc,   0xe8,   0x52,   0xfe,   0x08,   0x0c,   0x1f,   0xf6,   0x2d,   0xd1,   0x25,
  0xfe,   0x81,   0xee,   0xe1,   0xe6,   0x22,   0xe2,   0x88,   0x1b,   0x01,   0xb2,   0x1c,
  0x3e,   0x70,   0x3b,   0x81,   0xce,   0x14,   0x47,   0x03,   0xe8,   0xfa,   0xc7,   0x33,
  0x1a,   0x15,   0x1f,   0x29,   0x07,   0xe5,   0x3a,   0x55,   0x09,   0xb7,   0xe2,   0x06,
  0xff,   0x1b,   0xe5,   0xca,   0x53,   0x52,   0xe9,   0x1e,   0x3d,   0x67,   0x22,   0x7f,
  0xa8,   0x2b,   0x33,   0xf9,   0x1e,   0x1c,   0xc0,   0x2c,   0x32,   0xf8,   0x1c,   0x07,
  0x3f,   0xdb,   0x15,   0x2b,   0x25,   0xe4,   0xf2,   0x3f,   0x19,   0x2a,   0x34,   0x02,
  0x43,   0x45,   0x24,   0xbe,   0xe5,   0xff,   0x81,   0x11,   0xe8,   0xea,   0xf5,   0xd6,
  0xd8,   0xff,   0x2a,   0x48,   0xe9,   0xb0,   0x3e,   0xd3,   0x63,   0xda,   0xbf,   0xd3,
  0x14,   0x8d,   0xaf,   0xe8,   0xa6,   0xbc,   0xfb,   0xd8,   0x7f,   0x9b,   0x11,   0x3d,
  0x2d,   0x1e,   0x21,   0xe8,   0xb5,   0x59,   0x56,   0xb8,   0xd7,   0xe1,   0x45,   0x4e,
  0x3a,   0x0e,   0xda,   0x1b,   0xf3,   0x9d,   0x36,   0xc1,   0x30,   0x08,   0x1b,   0x14,
  0xae,   0x7f,   0x12,   0x2b,   0x01,   0xfb,   0x1e,   0xf8,   0x88,   0xf9,   0x0a,   0x33,
  0x1f,   0x3a,   0xfa,   0x41,   0xc3,   0x08,   0x02,   0xd7,   0xff,   0x18,   0xc9,   0xe8,
  0x18,   0xa8,   0x10,   0xd5,   0x0a,   0x75,   0x02,   0xf9,   0x33,   0xf8,   0xa4,   0x89,
  0x0c,   0xfb,   0xb2,   0x15,   0x4c,   0x3d,   0x6b,   0x28,   0xc3,   0xe6,   0xf5,   0xba,
  0xfe,   0xbd,   0x98,   0x39,   0xd6,   0xb8,   0xf8,   0xdd,   0x0b,   0x46,   0x64,   0x7f,
  0xeb,   0x3e,   0xbf,   0xf6,   0x51,   0xf6,   0x28,   0x09,   0x2d,   0x38,   0x2c,   0x14,
  0xf0,   0xe9,   0x38,   0xf0,   0xe9,   0xd4,   0x9a,   0xd0,   0xec,   0x23,   0x01,   0x28,
  0xda,   0xec,   0x26,   0x0a,   0xa9,   0xe2,   0xe1,   0x1c,   0x15,   0x7f,   0x16,   0xea,
  0x3a,   0x59,   0x2f,   0x08,   0x01,   0xec,   0x3b,   0x21,   0x24,   0xf1,   0x1f,   0x46,
  0xe2,   0x1c,   0x81,   0x4a,   0x14,   0xed,   0x29,   0xed,   0x62,   0xc3,   0xfb,   0xba,
  0x0c,   0x54,   0x23,   0x07,   0x03,   0x9f,   0xed,   0xc0,   0x1f,   0x81,   0xc4,   0xcd,
  0xe6,   0x09,   0x0c,   0x9e,   0x35,   0x28,   0xf8,   0xbe,   0x08,   0xd8,   0xee,   0x3c,
  0xd8,   0x00,   0x15,   0x93,   0x51,   0xd1,   0x0d,   0xda,   0x0f,   0xcf,   0xf1,   0x8b,
  0xf6,   0x12,   0xf4,   0x52,   0x32,   0x17,   0x3a,   0xf3,   0x65,   0x1f,   0xf7,   0x0a,
  0x32,   0xd7,   0xe3,   0x9b,   0xc7,   0x3c,   0x81,   0xbb,   0xe2,   0x16,   0x25,   0x18,
  0xd5,   0xfc,   0x30,   0xaa,   0x1c,   0x05,   0x83,   0xcb,   0x35,   0xcc,   0xc6,   0xf1,
  0xf1,   0x81,   0x13,   0x13,   0x1d,   0xad,   0x0d,   0xf2,   0xd8,   0x06,   0x38,   0xe6,
  0xd9,   0x5f,   0x3b,   0xe3,   0x33,   0x1d,   0xe0,   0x31,   0xed,   0xac,   0x29,   0xce,
  0x14,   0x3b,   0x3a,   0xf8,   0x2d,   0xc1,   0x04,   0x4b,   0x58,   0x9d,   0xab,   0xef,
  0x2e,   0xef,   0xae,   0xe8,   0xc6,   0xfa,   0xb8,   0xc5,   0xcc,   0x56,   0x01,   0xe6,
  0x0f,   0x9a,   0x31,   0x7f,   0x10,   0x23,   0x23,   0xe6,   0xf4,   0xd1,   0xfd,   0xc8,
  0x00,   0xf2,   0x12,   0xe2,   0xb3,   0xcc,   0x03,   0xea,   0x47,   0xb4,   0x2e,   0x7f,
  0x34,   0x2d,   0xe1,   0xdf,   0x03,   0x4a,   0xb1,   0x01,   0xa8,   0x39,   0x37,   0xef,
  0x49,   0xaa,   0xe4,   0x2f,   0x13,   0xfb,   0x16,   0x45,   0xf7,   0x06,   0x32,   0x52,
  0xb7,   0x0e,   0xe9,   0x04,   0xf6,   0x0b,   0xe6,   0xdb,   0xf0,   0xf8,   0x10,   0x67,
  0x4d,   0x12,   0x7f,   0xe3,   0x2a,   0x3e,   0xd5,   0x19,   0xb6,   0xed,   0xbd,   0x14,
  0xfa,   0x2b,   0xe2,   0xf7,   0xfa,   0x37,   0xfa,   0x21,   0x24,   0xeb,   0xe9,   0xa0,
  0x11,   0xfd,   0x4a,   0x0d,   0xfd,   0x34,   0x68,   0x56,   0x2c,   0x4a,   0x7f,   0xf6,
  0x35,   0x90,   0x15,   0x0b,   0xe8,   0x3a,   0xea,   0xf1,   0xfe,   0xfc,   0xc8,   0xc3,
  0xdd,   0xad,   0xf6,   0x0b,   0xbf,   0xf7,   0x26,   0x1c,   0xf7,   0xea,   0x2b,   0xb9,
  0x06,   0xed,   0xf2,   0xbf,   0xef,   0x04,   0xc2,   0xe7,   0xd8,   0xcd,   0x0a,   0x45,
  0x42,   0xfb,   0x18,   0x0c,   0x0b,   0x34,   0x81,   0xb9,   0xf6,   0x09,   0xda,   0x2d,
  0x15,   0x81,   0xda,   0x35,   0x43,   0xf8,   0x30,   0xfa,   0x3b,   0x2d,   0xe0,   0xc0,
  0xa0,   0x17,   0x3b,   0xee,   0x93,   0xe9,   0x35,   0x3e,   0x3c,   0xad,   0x18,   0xd9,
  0x18,   0x0d,   0x43,   0x1e,   0x5e,   0xd6,   0x3e,   0xc2,   0x01,   0xeb,   0xde,   0x4c,
  0xf6,   0x60,   0xef,   0x40,   0x05,   0x67,   0xe9,   0x34,   0xb9,   0x76,   0xea,   0xea,
  0xe4,   0x1c,   0x2a,   0x42,   0x2e,   0xfa,   0x49,   0x24,   0x02,   0x17,   0x45,   0x14,
  0x3f,   0xd1,   0x7f,   0x55,   0xd1,   0x60,   0xa0,   0xf1,   0x13,   0xe7,   0xfe,   0xfa,
  0x19,   0x55,   0x50,   0x7d,   0x1c,   0xa2,   0xe0,   0x9a,   0xf6,   0xdd,   0x15,   0x90,
  0x15,   0xa4,   0xb4,   0x12,   0xdb,   0xeb,   0x81,   0xdc,   0x0b,   0x06,   0xfe,   0x85,
  0x0a,   0x09,   0xcf,   0x81,   0x22,   0x56,   0x76,   0xca,   0x93,   0x08,   0xa9,   0x1f,
  0x1e,   0x0d,   0x89,   0x19,   0x08,   0xc0,   0xe2,   0xd4,   0x1d,   0x26,   0xa9,   0xa9,
  0x1d,   0x07,   0x15,   0x09,   0x2d,   0xf9,   0xf2,   0xd6,   0xee,   0xb4,   0xc2,   0xd7,
  0x03,   0xef,   0xee,   0x45,   0x1b,   0x18,   0x0a,   0x20,   0xce,   0x2f,   0x7f,   0xd1,
  0xf9,   0xf7,   0xd2,   0x49,   0x24,   0xdc,   0x34,   0xf0,   0xfb,   0x09,   0x17,   0x14,
  0xd8,   0x12,   0x1f,   0xff,   0xdc,   0x1c,   0x14,   0xcd,   0xaa,   0x56,   0x27,   0xe7,
  0xbd,   0x38,   0xed,   0x7e,   0x0a,   0xfa,   0x6a,   0x9e,   0x24,   0x04,   0xd0,   0xc1,
  0xca,   0xf4,   0xf4,   0xd0,   0x25,   0xd7,   0xcc,   0xeb,   0x26,   0xe6,   0xfd,   0x7f,
  0x97,   0x34,   0x31,   0xea,   0xf6,   0xc2,   0x44,   0x02,   0x07,   0xa1,   0x7e,   0x16,
  0x64,   0x81,   0xfb,   0xe2,   0x6b,   0xd9,   0xac,   0xbb,   0xa7,   0xf4,   0xc0,   0x8c,
  0x32,   0xe8,   0xdd,   0xd7,   0xd5,   0x00,   0x0c,   0x1e,   0x1e,   0x48,   0xdd,   0x81,
  0xba,   0x48,   0x8c,   0x0c,   0x98,   0x53,   0x2a,   0x6d,   0xfa,   0xe0,   0x3a,   0x12,
  0x3b,   0xd1,   0xf3,   0x00,   0x13,   0x46,   0x10,   0x2c,   0x36,   0x23,   0xf6,   0x32,
  0x02,   0x5b,   0xf8,   0xff,   0x00,   0xbd,   0xc4,   0x49,   0x1e,   0xf6,   0x04,   0x1a,
  0xdf,   0x07,   0x8f,   0xed,   0xf3,   0x16,   0xf7,   0x26,   0x81,   0x3a,   0xef,   0x0e,
  0x0b,   0xd2,   0xf3,   0x37,   0x50,   0xbb,   0x05,   0x03,   0x58,   0xc6,   0x73,   0x3f,
  0x07,   0x06,   0x42,   0xbf,   0x0f,   0x2a,   0x3a,   0xc0,   0x27,   0xc7,   0xe3,   0x29,
  0xf2,   0x00,   0x3b,   0xa8,   0x1c,   0x92,   0xbc,   0xf5,   0xcd,   0x02,   0xfe,   0x9f,
  0x06,   0x0a,   0x15,   0x81,   0xcb,   0xc7,   0xce,   0x0e,   0xf1,   0xe1,   0xea,   0x01,
  0x03,   0xe1,   0xfd,   0x36,   0x0b,   0x17,   0x02,   0xfe,   0xe7,   0xfe,   0x14,   0xef,
  0xb9,   0x1e,   0x05,   0x1f,   0x26,   0xc4,   0x15,   0x00,   0xfd,   0x04,   0x12,   0x22,
  0xea,   0x81,   0x4c,   0x03,   0xee,   0x34,   0xee,   0x1c,   0x01,   0x1f,   0x0e,   0x2a,
  0x81,   0xe9,   0xb1,   0x35,   0x18,   0x4c,   0xe6,   0xf6,   0xa9,   0x24,   0xf2,   0xfa,
  0x1b,   0xfc,   0x02,   0x21,   0x1f,   0x0a,   0x0b,   0xfc,   0x3e,   0xb2,   0x1b,   0x1a,
  0xc3,   0x3b,   0x1c,   0x81,   0xc8,   0xe6,   0xff,   0x2a,   0xa1,   0x25,   0x16,   0x31,
  0xea,   0xae,   0x69,   0xbb,   0x18,   0xcc,   0xdc,   0x30,   0xe7,   0xfc,   0xe4,   0xfb,
  0x10,   0x68,   0xc7,   0x0d,   0xf8,   0xc3,   0x09,   0x7a,   0xbf,   0x01,   0x25,   0x23,
  0xf8,   0x5c,   0x7f,   0x93,   0xee,   0x90,   0x0e,   0x18,   0x15,   0x1a,   0x11,   0x9d,
  0x62,   0xcd,   0xe4,   0x21,   0xc5,   0xdc,   0x0d,   0x9b,   0x43,   0x01,   0x25,   0x91,
  0xeb,   0xc6,   0xff,   0x22,   0xc6,   0x1d,   0xdc,   0xae,   0xe5,   0xdb,   0x31,   0x0f,
  0xf7,   0xf7,   0x26,   0x3a,   0x1c,   0x50,   0x75,   0x14,   0x0b,   0xee,   0xfd,   0x05,
  0x15,   0x32,   0xf8,   0x14,   0x7f,   0xff,   0xf3,   0x51,   0x24,   0xa5,   0x13,   0x55,
  0x81,   0x78,   0xd6,   0x29,   0xe0,   0x04,   0x60,   0x09,   0x96,   0x11,   0xe7,   0x38,
  0x21,   0xbf,   0x6b,   0x20,   0xbf,   0x3d,   0xce,   0x87,   0xd9,   0xad,   0xc1,   0x02,
  0x34,   0x02,   0xbc,   0xdc,   0x19,   0x25,   0x18,   0x20,   0xed,   0xf7,   0x35,   0xe2,
  0xee,   0x1f,   0x75,   0xc5,   0xd6,   0xb6,   0x10,   0x2a,   0x36,   0xb1,   0x39,   0xc6,
  0x6b,   0xa9,   0x81,   0x1f,   0xb5,   0xef,   0xd4,   0xa2,   0x4c,   0xd3,   0x06,   0x88,
  0xe4,   0x96,   0x92,   0x34,   0xd1,   0x2e,   0x2c,   0xbc,   0xe5,   0x0d,   0x18,   0xd6,
  0xee,   0xc5,   0x7f,   0x47,   0xf6,   0xbe,   0x46,   0x91,   0x58,   0xdf,   0xd8,   0x06,
  0xcd,   0x0e,   0xdc,   0xdb,   0x3a,   0xfc,   0x0f,   0xc9,   0xdb,   0xde,   0xcc,   0x1b,
  0xc6,   0x1a,   0x24,   0x37,   0xa1,   0x0d,   0x3d,   0x31,   0xb3,   0xf0,   0xed,   0x50,
  0x34,   0x2d,   0x2c,   0x2c,   0x0e,   0x08,   0xff,   0x9d,   0x1b,   0x26,   0xd2,   0x02,
  0xea,   0xdf,   0x11,   0x81,   0x20,   0x5e,   0xe4,   0x4d,   0xfe,   0x09,   0x1a,   0x15,
  0x25,   0xf7,   0xe0,   0xec,   0x51,   0x10,   0x12,   0xdc,   0x04,   0xc9,   0x81,   0x00,
  0x23,   0x09,   0xfb,   0x11,   0xd0,   0xee,   0x06,   0x0b,   0xbd,   0xc7,   0xfc,   0xe2,
  0xdf,   0x02,   0xe3,   0xac,   0xec,   0x7b,   0xd7,   0x2e,   0xe5,   0xe6,   0x4a,   0xcd,
  0xa2,   0xdb,   0xe7,   0x07,   0xfd,   0xd3,   0x38,   0x5b,   0x26,   0x11,   0xee,   0xc0,
  0xf8,   0x2b,   0x20,   0x09,   0xe2,   0xf6,   0x85,   0x00,   0xe8,   0x7f,   0xb9,   0x30,
  0xd6,   0xff,   0xf6,   0xb5,   0xc6,   0x27,   0x58,   0xf6,   0xb6,   0xc7,   0x24,   0x62,
  0x46,   0xa7,   0x7f,   0xc5,   0x31,   0xc4,   0x9b,   0xb4,   0xd9,   0xed,   0xc8,   0xf8,
  0x4b,   0xf1,   0xef,   0x11,   0xd0,   0x20,   0xca,   0x40,   0x1e,   0x11,   0x01,   0xd4,
  0x24,   0x29,   0xb8,   0x01,   0xeb,   0x67,   0xda,   0x1a,   0x0f,   0x81,   0xf1,   0x1f,
  0x31,   0xbc,   0xeb,   0xd4,   0xd1,   0xf3,   0xce,   0xe4,   0xea,   0x2a,   0xda,   0x00,
  0xbe,   0x55,   0xde,   0x86,   0x0a,   0xfe,   0x38,   0xbc,   0xf9,   0xf9,   0x27,   0xd7,
  0x38,   0xee,   0x7f,   0xfa,   0x13,   0xda,   0x1a,   0x0d,   0x2e,   0xf9,   0xef,   0x46,
  0x01,   0x35,   0xfb,   0x14,   0xe1,   0xeb,   0x25,   0xda,   0xdf,   0x26,   0xee,   0x12,
  0xec,   0xeb,   0x29,   0x0d,   0xca,   0xf2,   0x13,   0x32,   0x25,   0x11,   0x47,   0x3a,
  0x23,   0xd9,   0x04,   0xb4,   0x78,   0xe9,   0xb3,   0x3b,   0xe5,   0x81,   0xf2,   0xd5,
  0xf2,   0xc6,   0x14,   0xe2,   0x39,   0xe5,   0xd4,   0x24,   0xd6,   0x19,   0x26,   0xa7,
  0xaa,   0x06,   0xee,   0xf8,   0x81,   0xf0,   0x36,   0x7c,   0x42,   0xff,   0x54,   0x01,
  0x32,   0xc2,   0xf7,   0x9c,   0xc9,   0x42,   0x1d,   0xf0,   0x19,   0x31,   0xfc,   0xfe,
  0xe7,   0x54,   0xde,   0x4a,   0x47,   0x52,   0xc8,   0x8e,   0xf6,   0x34,   0xb7,   0x16,
  0x81,   0x5e,   0x0f,   0x43,   0x53,   0xaf,   0x31,   0x24,   0xc6,   0x00,   0xea,   0xc5,
  0x10,   0x35,   0x1f,   0x5f,   0xd9,   0x01,   0x45,   0x37,   0x28,   0xbe,   0x28,   0x20,
  0xea,   0x56,   0xea,   0xd3,   0xa6,   0xec,   0x52,   0xf4,   0x92,   0xd4,   0x81,   0x57,
  0x09,   0x0b,   0x5f,   0x29,   0x21,   0x03,   0x13,   0xb6,   0xf0,   0x08,   0xf8,   0x13,
  0xdf,   0x0f,   0xee,   0xd9,   0x00,   0x5d,   0xcb,   0x37,   0xfd,   0x58,   0xf9,   0x81,
  0xd0,   0xe7,   0xc4,   0xcb,   0x9a,   0x17,   0x36,   0x6c,   0x34,   0xd1,   0x1b,   0x1f,
  0x44,   0x8c,   0xd6,   0xf0,   0xf1,   0x04,   0xf3,   0x40,   0xd0,   0x6f,   0xcb,   0x58,
  0x22,   0x2d,   0xed,   0x01,   0xb4,   0x4b,   0xc4,   0xd2,   0x11,   0xa0,   0xc9,   0xd3,
  0x13,   0x4f,   0x58,   0x55,   0x02,   0x81,   0xfd,   0xf0,   0x30,   0xba,   0xef,   0xfc,
  0xe3,   0xec,   0xe8,   0xe4,   0x44,   0xdd,   0x07,   0x27,   0xeb,   0xe0,   0xe0,   0xcd,
  0x2f,   0xfc,   0xdb,   0x81,   0x0b,   0xf3,   0xdf,   0x21,   0x03,   0x12,   0x42,   0x07,
  0xf3,   0xd8,   0x09,   0xf2,   0x2b,   0xf0,   0x0c,   0x1f,   0x1b,   0xeb,   0xf8,   0xed,
  0xe5,   0x03,   0xf4,   0x06,   0xfb,   0xdb,   0xef,   0xee,   0xc9,   0x0d,   0x0d,   0x1c,
  0xf9,   0xf9,   0x25,   0x0d,   0xcc,   0xd5,   0x3d,   0x63,   0x36,   0xd0,   0x7f,   0xe7,
  0x30,   0xba,   0x2f,   0xfe,   0xbe,   0x1e,   0xcf,   0x18,   0x1e,   0x32,   0x21,   0xfd,
  0xf1,   0x4b,   0x16,   0x48,   0x05,   0x0f,   0xef,   0x06,   0xf4,   0xbe,   0x01,   0x0b,
  0xc5,   0x37,   0xd3,   0x7b,   0x30,   0x17,   0x06,   0xdb,   0x11,   0x81,   0xec,   0xef,
  0x1d,   0x1a,   0x64,   0x59,   0x1b,   0xfb,   0xc4,   0x1a,   0xdf,   0xe5,   0xec,   0xe9,
  0x14,   0x01,   0xd8,   0xcf,   0xdf,   0x59,   0x2b,   0x1c,   0xb4,   0xf8,   0xef,   0x1d,
  0x0e,   0xf3,   0x7f,   0xe9,   0xe6,   0x01,   0xc3,   0xc5,   0xef,   0x15,   0xd6,   0x02,
  0x12,   0x15,   0xdc,   0xfb,   0x04,   0x24,   0xfc,   0x44,   0x16,   0x95,   0xd8,   0xc3,
  0x15,   0xe3,   0x02,   0x21,   0x61,   0x6f,   0x3b,   0xb6,   0x90,   0x3f,   0xd0,   0xb7,
  0xa0,   0x38,   0xf3,   0x7f,   0x2b,   0x93,   0x30,   0x34,   0xda,   0xcd,   0x51,   0x42,
  0xe3,   0xe7,   0x1a,   0xfe,   0x1f,   0x1a,   0x0e,   0x81,   0xdf,   0xcd,   0x12,   0xdb,
  0xbe,   0x1e,   0x2f,   0x20,   0xf9,   0x0e,   0x32,   0xe7,   0x4b,   0xe3,   0xee,   0x03,
  0xd8,   0xf0,   0xd0,   0x1d,   0x1c,   0xea,   0xd8,   0x0b,   0xd4,   0x23,   0xe8,   0x5e,
  0x7f,   0x44,   0xd4,   0xc9,   0x18,   0x01,   0x89,   0xdb,   0x4a,   0xd3,   0x32,   0xfb,
  0xbc,   0x9c,   0x96,   0x72,   0x2f,   0xfa,   0x51,   0x17,   0xcf,   0x14,   0x01,   0xfb,
  0xc5,   0x10,   0x5b,   0xae,   0xca,   0x73,   0xcf,   0xb8,   0xc6,   0xc7,   0xff,   0xff,
  0x04,   0x00,   0x00,   0x00,   0x00,   0x04,   0x00,   0x00,   0x39,   0xea,   0x4d,   0x7f,
  0x5a,   0xb4,   0x44,   0x33,   0x7f,   0xd9,   0x1b,   0x2f,   0x24,   0x4d,   0x4b,   0x38,
  0x81,   0xa6,   0xb1,   0xa4,   0x42,   0x19,   0xd0,   0x2e,   0xe2,   0x29,   0xe7,   0x7f,
  0xd0,   0xb7,   0xfd,   0xcd,   0x63,   0x24,   0x47,   0x25,   0x0c,   0x3e,   0x7f,   0x15,
  0x0a,   0xa3,   0xf2,   0x1a,   0xc5,   0xdc,   0x3a,   0x81,   0x51,   0x8d,   0xf6,   0xfd,
  0x7f,   0x57,   0x76,   0xe4,   0xe4,   0xb6,   0x7f,   0xd0,   0xd5,   0x46,   0x21,   0x1f,
  0x58,   0x14,   0x35,   0x6d,   0x42,   0x4a,   0x7f,   0x50,   0x2e,   0x81,   0xf6,   0x38,
  0x2c,   0x00,   0xa5,   0x03,   0x11,   0x0b,   0x3c,   0x7f,   0x0f,   0x00,   0xf1,   0x20,
  0x7f,   0x02,   0x7b,   0x5b,   0x3b,   0x54,   0x6e,   0x30,   0x7f,   0x15,   0x66,   0xe0,
  0x77,   0x09,   0x21,   0x0a,   0x79,   0x9d,   0xa1,   0xc0,   0x4b,   0x7f,   0xce,   0x61,
  0xeb,   0x7f,   0xf8,   0xd0,   0x1d,   0x2b,   0x12,   0xf6,   0x9d,   0x54,   0x7f,   0xe0,
  0x44,   0xfa,   0xa7,   0x00,   0x4d,   0x81,   0x2d,   0x41,   0x49,   0xd3,   0xde,   0x2c,
  0xdc,   0xd2,   0xf9,   0xd6,   0x7f,   0x59,   0xc1,   0x43,   0xdd,   0x60,   0xed,   0x8a,
  0x0b,   0x75,   0xca,   0x7f,   0x4d,   0xf0,   0x43,   0x7f,   0x63,   0xf3,   0x55,   0x55,
  0x3a,   0x86,   0x9a,   0x81,   0x57,   0x58,   0xb0,   0x61,   0x5b,   0x27,   0xb0,   0xc2,
  0xc1,   0x19,   0x7f,   0x37,   0x23,   0x81,   0x23,   0x03,   0xda,   0xed,   0x85,   0x16,
  0xc4,   0x81,   0xb3,   0x98,   0x30,   0xb2,   0xb6,   0x07,   0x93,   0x7f,   0x9e,   0xbd,
  0x1c,   0xd0,   0xa6,   0x0d,   0x9e,   0xa6,   0xd5,   0x1f,   0x02,   0xe3,   0x70,   0x81,
  0x01,   0xbd,   0xec,   0xd9,   0x5e,   0xf8,   0x7f,   0xf3,   0xb0,   0x81,   0xa9,   0x37,
  0xdc,   0xfa,   0x3f,   0xcb,   0x07,   0xae,   0xe5,   0x7f,   0x1b,   0x03,   0x10,   0x00,
  0xdf,   0x81,   0x5e,   0xd5,   0x88,   0xca,   0x30,   0xe1,   0xd8,   0xa7,   0x73,   0x44,
  0x7f,   0x55,   0x05,   0xe2,   0xb7,   0x7f,   0xdb,   0xc3,   0x1f,   0x1b,   0xc3,   0x20,
  0x28,   0xc2,   0xc5,   0xef,   0x7f,   0xa1,   0x33,   0x1a,   0xdc,   0xf3,   0x81,   0xaa,
  0x0e,   0x00,   0xd2,   0x17,   0x88,   0xf1,   0x8a,   0xac,   0x7f,   0x09,   0xef,   0x9b,
  0xcd,   0x5e,   0x7f,   0x7e,   0x21,   0x94,   0x3f,   0xd6,   0xe7,   0xd4,   0x8c,   0x81,
  0x1a,   0xc2,   0xac,   0xf3,   0x41,   0xcf,   0x2d,   0x5f,   0x8c,   0xdc,   0x12,   0x81,
  0xde,   0x9a,   0x81,   0x11,   0xc9,   0x65,   0x60,   0x50,   0x29,   0xc4,   0x3a,   0x81,
  0xd4,   0xb9,   0xbf,   0x1b,   0xfb,   0x81,   0x92,   0xef,   0xbe,   0xab,   0xb3,   0xf8,
  0xa8,   0xdf,   0x64,   0xbb,   0x00,   0x0c,   0xea,   0x7f,   0x35,   0x38,   0x75,   0x7f,
  0x19,   0xfa,   0x45,   0x0d,   0x00,   0xee,   0xf9,   0xc1,   0x81,   0xb3,   0xf6,   0xa2,
  0x01,   0xa9,   0xc0,   0x81,   0x05,   0xc8,   0xd5,   0xef,   0xf3,   0x9d,   0x81,   0xdb,
  0x01,   0xec,   0x97,   0x36,   0xd9,   0x7f,   0x19,   0xbf,   0xe8,   0x0a,   0x01,   0x0c,
  0x52,   0x91,   0x0d,   0x07,   0x74,   0x33,   0x81,   0x2a,   0xf1,   0x81,   0xfa,   0xba,
  0x1c,   0xc4,   0xbc,   0xe9,   0x84,   0x79,   0x24,   0xc9,   0x7f,   0x3e,   0x1f,   0xc2,
  0xef,   0xdb,   0x2d,   0x81,   0xe9,   0x42,   0x8f,   0x18,   0x0b,   0xf2,   0xd6,   0x05,
  0xbc,   0x81,   0x14,   0xb4,   0x9a,   0xa9,   0x23,   0x81,   0x33,   0x0d,   0xae,   0x4c,
  0x28,   0x81,   0x19,   0x34,   0x28,   0x87,   0xaa,   0xb1,   0x71,   0x1b,   0x94,   0x36,
  0x7f,   0x67,   0x81,   0xb2,   0x01,   0xaa,   0x8d,   0xca,   0x1f,   0x4b,   0x81,   0x7c,
  0x23,   0x26,   0xdc,   0xb7,   0xea,   0x37,   0x81,   0x1a,   0x6d,   0xad,   0x7f,   0x5f,
  0x94,   0x94,   0xa5,   0xbc,   0xf7,   0x8f,   0xf4,   0x81,   0x01,   0x01,   0xd7,   0xf3,
  0x9e,   0x81,   0x9a,   0x60,   0xc1,   0x12,   0x2b,   0xc9,   0x0e,   0xe6,   0xec,   0x7f,
  0x68,   0xd0,   0x1c,   0x36,   0x38,   0x30,   0xfe,   0xfd,   0x81,   0xd0,   0x10,   0xbd,
  0xdf,   0x81,   0xfc,   0xcb,   0x47,   0xd4,   0xee,   0xf7,   0xa1,   0xde,   0xe4,   0xd5,
  0x27,   0xeb,   0x81,   0x22,   0xca,   0x4c,   0xfc,   0xb5,   0x81,   0x09,   0x4f,   0xd4,
  0x12,   0x2c,   0xe3,   0xfe,   0x7f,   0xe1,   0xd5,   0x2d,   0x7f,   0x8d,   0x44,   0x6f,
  0x29,   0x3b,   0xaa,   0x70,   0xf3,   0x37,   0xb4,   0x7f,   0x0f,   0x21,   0xd4,   0xc6,
  0x0f,   0xf3,   0xf5,   0xda,   0x81,   0x1a,   0x06,   0xcc,   0x9b,   0x29,   0x53,   0x02,
  0x7f,   0xda,   0x32,   0x44,   0x3e,   0xd9,   0x1f,   0x46,   0x8d,   0xfe,   0x56,   0x7f,
  0x6d,   0x26,   0xc1,   0x04,   0x1a,   0xa0,   0x0f,   0x81,   0xf7,   0xfa,   0x1f,   0xee,
  0x81,   0xfb,   0x1d,   0xee,   0xe9,   0x58,   0x36,   0x3d,   0x0d,   0x81,   0x45,   0xb4,
  0x57,   0xf9,   0xe9,   0x81,   0xfb,   0x0f,   0x18,   0x25,   0xec,   0xef,   0xeb,   0x14,
  0x7f,   0xec,   0x14,   0x13,   0x1a,   0x2e,   0xdc,   0xd5,   0x7f,   0xd5,   0x04,   0x21,
  0xfd,   0xdb,   0xdd,   0xfc,   0x81,   0x06,   0x0d,   0x1a,   0x0b,   0x81,   0xf8,   0xec,
  0x76,   0xd2,   0xf3,   0x15,   0xdc,   0x7f,   0xe2,   0x00,   0xbd,   0x07,   0xe0,   0x1b,
  0xf3,   0xcf,   0xd0,   0xc8,   0x7f,   0x29,   0x12,   0x54,   0x12,   0x75,   0x00,   0x7f,
  0xb9,   0xc5,   0xb1,   0x2c,   0xa3,   0x28,   0x0f,   0x21,   0x81,   0x51,   0xfe,   0xff,
  0x11,   0xc2,   0x10,   0x0a,   0x81,   0x1b,   0xeb,   0x2c,   0xd3,   0x3d,   0xdc,   0x7f,
  0xe2,   0x53,   0xea,   0x84,   0xc7,   0x58,   0xf8,   0x81,   0x42,   0xe4,   0xbc,   0x75,
  0x08,   0x8b,   0xaa,   0xce,   0x0f,   0x77,   0x72,   0x81,   0x00,   0x06,   0x81,   0xca,
  0x77,   0x46,   0xb7,   0xed,   0x10,   0x81,   0x25,   0x3b,   0xf7,   0xf6,   0xd4,   0xe5,
  0xda,   0xdf,   0xbe,   0x81,   0xeb,   0x0b,   0x35,   0xc4,   0xd1,   0x5b,   0x06,   0x07,
  0x81,   0xb3,   0x25,   0x21,   0x6b,   0x12,   0x0e,   0xc4,   0x14,   0xfa,   0x93,   0x81,
  0xdd,   0xb8,   0x14,   0x7f,   0xfa,   0x02,   0xf2,   0x2c,   0xc1,   0x38,   0xda,   0x1a,
  0x7f,   0xc2,   0x1d,   0x33,   0x22,   0x61,   0xb9,   0x7f,   0x82,   0x98,   0xf6,   0x0b,
  0x0a,   0x9d,   0xfb,   0x33,   0x7f,   0x25,   0xd5,   0xe9,   0x66,   0x07,   0x2e,   0x68,
  0x7f,   0x0d,   0x7b,   0x43,   0x69,   0x05,   0x15,   0xde,   0x4c,   0x67,   0x7f,   0x56,
  0x81,   0xe9,   0xe8,   0xa5,   0x6a,   0x14,   0xf2,   0x36,   0xb9,   0x4f,   0xed,   0x7f,
  0xc7,   0xfa,   0x11,   0x21,   0x28,   0xe1,   0x23,   0x1b,   0x7f,   0x7c,   0x3c,   0x39,
  0x16,   0xb9,   0xf0,   0x1e,   0x81,   0xb2,   0xe8,   0xd7,   0x23,   0xcb,   0xe8,   0x7f,
  0x02,   0xef,   0xff,   0x0f,   0xc9,   0x81,   0xbb,   0xaa,   0x64,   0xcc,   0xc1,   0x20,
  0x65,   0x41,   0x3b,   0x6b,   0x40,   0x3f,   0x7f,   0x2e,   0xda,   0x81,   0xad,   0x28,
  0xda,   0xee,   0xd4,   0xf2,   0x07,   0x81,   0xe3,   0x35,   0x10,   0x02,   0x0a,   0xf5,
  0x5f,   0x00,   0x7f,   0x6b,   0x22,   0x64,   0x44,   0x3d,   0x2a,   0xe9,   0x65,   0xce,
  0x74,   0x4c,   0x7f,   0x4a,   0x07,   0x2d,   0xe5,   0x45,   0x7f,   0x45,   0xfb,   0x35,
  0xf7,   0x7f,   0x1b,   0xfb,   0xfe,   0x23,   0x20,   0xf6,   0xf5,   0x00,   0xdb,   0xa3,
  0x04,   0xeb,   0x81,   0x50,   0x7f,   0x96,   0xfd,   0xd9,   0x4e,   0xe2,   0xde,   0x47,
  0xc8,   0x62,   0x3b,   0x83,   0x7f,   0x23,   0x20,   0xdc,   0xff,   0xe7,   0xf7,   0x81,
  0xf6,   0x0d,   0xbd,   0x20,   0x7f,   0x38,   0x26,   0x56,   0x3d,   0xf2,   0x4c,   0x2c,
  0x66,   0xc7,   0xb0,   0x98,   0x71,   0xdf,   0x88,   0x7f,   0xff,   0xdc,   0x18,   0x08,
  0x81,   0xfa,   0xcd,   0xba,   0xab,   0x81,   0x0c,   0xfb,   0x1b,   0xb4,   0x91,   0xbe,
  0xf7,   0xa5,   0xff,   0x81,   0x13,   0xb1,   0xf1,   0xf1,   0x81,   0x13,   0x72,   0xde,
  0x63,   0xf3,   0x11,   0xe0,   0xcf,   0x9c,   0xd6,   0xbc,   0x81,   0x98,   0x33,   0xe4,
  0x0a,   0xfa,   0xea,   0x11,   0x59,   0x3c,   0x6c,   0x7f,   0xa3,   0x81,   0x08,   0x5a,
  0xea,   0x1e,   0x22,   0xd0,   0xe8,   0xdd,   0xc2,   0x7f,   0xe5,   0xef,   0x04,   0x4a,
  0x0b,   0x21,   0x61,   0x13,   0x15,   0xd2,   0x7f,   0xa2,   0xf3,   0x81,   0x0f,   0xee,
  0x5a,   0x02,   0xdf,   0x6e,   0xa3,   0x7f,   0x12,   0xfa,   0x0c,   0x3c,   0x17,   0x42,
  0xd2,   0xcb,   0xff,   0xff,   0x04,   0x00,   0x00,   0x00,   0x80,   0x00,   0x00,   0x00,
  0xb1,   0xc7,   0x87,   0xa3,   0xce,   0x8e,   0xa9,   0xa6,   0x1f,   0xa2,   0xb4,   0x09,
  0xcd,   0xc0,   0xb4,   0xa5,   0xaa,   0x9f,   0xa8,   0xbc,   0x99,   0x8d,   0x98,   0x89,
  0x93,   0x92,   0xbb,   0xa5,   0x9e,   0xa8,   0x9c,   0xa7,   0x61,   0x38,   0x48,   0x60,
  0x36,   0x4c,   0x6c,   0x5f,   0x2e,   0x72,   0x7f,   0x27,   0x37,   0x54,   0x4e,   0x65,
  0x48,   0x59,   0x56,   0x26,   0x50,   0x46,   0x64,   0x56,   0x5b,   0x54,   0x41,   0x63,
  0x69,   0x5a,   0x50,   0x4c,   0xbd,   0x9a,   0x9c,   0xa6,   0xc0,   0xac,   0xa0,   0x99,
  0xaf,   0x98,   0x9b,   0x93,   0x98,   0xbc,   0xa2,   0xae,   0x96,   0x9d,   0xab,   0xaa,
  0xab,   0xa8,   0xa8,   0x9d,   0xac,   0xb3,   0xae,   0x9a,   0x99,   0xa0,   0xa7,   0x94,
  0xb0,   0xc3,   0x80,   0x9f,   0xc9,   0x8b,   0xa6,   0x9f,   0x10,   0x99,   0xa9,   0x05,
  0xc7,   0xbf,   0xb9,   0xa0,   0xae,   0x98,   0xa7,   0xbc,   0x9c,   0x8c,   0x98,   0x87,
  0x8b,   0x8e,   0xb9,   0xa4,   0x9c,   0xa3,   0x9a,   0xa0,   0x5e,   0xcc,   0xff,   0xff,
  0x04,   0x00,   0x00,   0x00,   0x00,   0x02,   0x00,   0x00,   0x1c,   0x7f,   0xe9,   0xaa,
  0xa9,   0xd9,   0x0d,   0xd0,   0x95,   0xb5,   0x09,   0x38,   0x39,   0x92,   0x2f,   0xd7,
  0x72,   0xd7,   0xd0,   0xa9,   0x97,   0x29,   0xed,   0x0b,   0x1d,   0x52,   0x96,   0x07,
  0x99,   0x2e,   0xc2,   0xde,   0xa8,   0x44,   0x77,   0xb9,   0x2e,   0xe3,   0x7f,   0xb2,
  0x22,   0x92,   0xe5,   0x30,   0xed,   0xfa,   0xc4,   0x9b,   0xcf,   0xfe,   0xf4,   0xa0,
  0xa9,   0x87,   0x41,   0x39,   0x45,   0x28,   0x25,   0x18,   0x09,   0x17,   0xe5,   0xbc,
  0xd5,   0xdd,   0x40,   0x18,   0xe1,   0x81,   0xbf,   0x4f,   0x4f,   0x3a,   0x60,   0x02,
  0xac,   0x01,   0x08,   0xed,   0xd4,   0xcc,   0x1b,   0x89,   0x2d,   0x07,   0x4e,   0xf8,
  0xd3,   0x13,   0x67,   0x18,   0xc8,   0x08,   0x45,   0x31,   0x1d,   0xc7,   0xc3,   0xde,
  0x5e,   0x29,   0xe2,   0x27,   0x7f,   0x1a,   0x21,   0xd6,   0xf0,   0xe4,   0xcf,   0x15,
  0xc7,   0x3f,   0x38,   0x1d,   0x08,   0xca,   0xdb,   0xf1,   0x2f,   0xc3,   0x40,   0xee,
  0xf1,   0x3f,   0x09,   0xe2,   0xb8,   0xc3,   0xa6,   0x34,   0x52,   0x32,   0x43,   0x22,
  0xcf,   0x2a,   0x9a,   0xca,   0xf2,   0xf3,   0x11,   0x20,   0xad,   0x10,   0xd2,   0x41,
  0xcb,   0x81,   0xa8,   0x5b,   0x0e,   0x8e,   0xb2,   0x1d,   0x34,   0xd2,   0x74,   0xcc,
  0xd5,   0xc0,   0x3e,   0xb6,   0x66,   0x4f,   0x65,   0xb9,   0xf2,   0xd1,   0xcb,   0x3f,
  0x5c,   0x51,   0xac,   0x5b,   0x51,   0xe7,   0x8b,   0xec,   0x09,   0xd4,   0xe8,   0x17,
  0x31,   0xc9,   0x17,   0x81,   0xfc,   0x4f,   0xe6,   0xca,   0x37,   0xef,   0x7f,   0x65,
  0xae,   0x24,   0x0b,   0xf9,   0x06,   0x7a,   0x69,   0x3c,   0xfa,   0xab,   0x41,   0x1f,
  0xbb,   0xf3,   0x51,   0x81,   0x4e,   0x51,   0xfe,   0x3f,   0x6e,   0x5e,   0xd6,   0x3a,
  0x8f,   0x1a,   0xae,   0x4f,   0xae,   0x42,   0x30,   0x2d,   0x35,   0x42,   0xb1,   0x7f,
  0xf9,   0xc6,   0x18,   0xb8,   0x04,   0xe8,   0x06,   0xcd,   0x21,   0x31,   0x2a,   0xce,
  0x39,   0x13,   0xe8,   0xef,   0x43,   0xa2,   0xb5,   0xcb,   0x0d,   0x13,   0xc9,   0x13,
  0x4b,   0x30,   0xdf,   0x81,   0x51,   0xb1,   0xf8,   0x9d,   0xfd,   0x34,   0xf8,   0xc3,
  0x3b,   0xb2,   0x04,   0xf4,   0x63,   0xb7,   0xdd,   0x3e,   0x8b,   0x2e,   0xda,   0xc4,
  0x3b,   0x35,   0xe6,   0xf2,   0x93,   0xf3,   0xc2,   0xa4,   0x1a,   0x45,   0xf2,   0x18,
  0xf8,   0xcf,   0xcd,   0xb9,   0x2a,   0xbd,   0x11,   0xdd,   0xf7,   0x94,   0xdd,   0xc7,
  0x81,   0x1b,   0x11,   0xfa,   0xa8,   0x05,   0xdf,   0xa5,   0xe6,   0xf7,   0xcf,   0x0a,
  0xf0,   0x06,   0x4b,   0xb0,   0x51,   0x3d,   0xb1,   0xec,   0x2e,   0x27,   0xd1,   0x36,
  0x81,   0x35,   0x27,   0x43,   0x34,   0x97,   0x4e,   0xcc,   0x21,   0xec,   0xcb,   0xc6,
  0x77,   0x19,   0x66,   0x65,   0xbe,   0x10,   0x18,   0x4e,   0x16,   0xb9,   0x35,   0xd8,
  0xff,   0x36,   0x06,   0x07,   0xb3,   0xf0,   0x0c,   0xe5,   0xc2,   0x3c,   0xe8,   0x7f,
  0x4c,   0xf7,   0x39,   0x05,   0xcb,   0xc3,   0x05,   0xe6,   0xf2,   0x11,   0xf0,   0xe2,
  0x37,   0xeb,   0xe7,   0xe5,   0xf0,   0x19,   0xde,   0x58,   0x31,   0xd0,   0x72,   0x01,
  0x8d,   0x35,   0x8e,   0x48,   0xa1,   0x52,   0x17,   0x1d,   0xeb,   0xc3,   0x3d,   0xea,
  0x3b,   0xff,   0x7f,   0x1c,   0xcf,   0x45,   0x4f,   0x49,   0x19,   0x27,   0x00,   0x04,
  0x3a,   0x3b,   0xea,   0x5a,   0x28,   0x81,   0x23,   0xe5,   0x28,   0x19,   0x35,   0x30,
  0x43,   0x06,   0xf1,   0xf4,   0xd3,   0x11,   0x03,   0x30,   0x87,   0x0a,   0x1a,   0x3e,
  0xf5,   0x9a,   0xf4,   0x45,   0x07,   0xfa,   0x58,   0x37,   0xe4,   0xfa,   0x3e,   0x0f,
  0x0f,   0x1e,   0x0d,   0x0d,   0xa2,   0x47,   0xba,   0x52,   0xc6,   0x7a,   0x23,   0x0a,
  0x2a,   0x02,   0x81,   0xfc,   0xde,   0xe1,   0xe5,   0x39,   0x25,   0x3b,   0xf0,   0x67,
  0xe0,   0x37,   0xfb,   0xfc,   0xbf,   0x13,   0x26,   0x40,   0xf5,   0x17,   0x27,   0x04,
  0xe5,   0x14,   0x13,   0xd6,   0xcb,   0x28,   0x10,   0x7f,   0x20,   0xd4,   0x3d,   0xd9,
  0x23,   0x22,   0xd7,   0xe5,   0xb9,   0xd4,   0xeb,   0xd4,   0x17,   0x13,   0xe7,   0x32,
  0x39,   0x00,   0x2d,   0x2c,   0x6a,   0xce,   0xff,   0xff,   0x04,   0x00,   0x00,   0x00,
  0x40,   0x00,   0x00,   0x00,   0x9f,   0x14,   0x00,   0x00,   0x51,   0xfc,   0xff,   0xff,
  0xab,   0x02,   0x00,   0x00,   0x6e,   0x0d,   0x00,   0x00,   0xcd,   0x07,   0x00,   0x00,
  0x24,   0x28,   0x00,   0x00,   0x1c,   0xf5,   0xff,   0xff,   0xb4,   0x12,   0x00,   0x00,
  0x08,   0xe7,   0xff,   0xff,   0x3c,   0xf3,   0xff,   0xff,   0xb2,   0xdd,   0xff,   0xff,
  0xc5,   0x1a,   0x00,   0x00,   0x98,   0xef,   0xff,   0xff,   0xc0,   0xf5,   0xff,   0xff,
  0xa6,   0xfa,   0xff,   0xff,   0x3f,   0x18,   0x00,   0x00,   0xb6,   0xce,   0xff,   0xff,
  0x04,   0x00,   0x00,   0x00,   0x10,   0x00,   0x00,   0x00,   0x7f,   0xe3,   0xed,   0xae,
  0xb6,   0x3a,   0x39,   0x44,   0xa5,   0x2b,   0x91,   0x65,   0xbc,   0x4b,   0xdd,   0x4e,
  0xd2,   0xce,   0xff,   0xff,   0x04,   0x00,   0x00,   0x00,   0x04,   0x00,   0x00,   0x00,
  0x42,   0x13,   0x00,   0x00,   0x80,   0xc2,   0xfe,   0xff,   0xe6,   0xce,   0xff,   0xff,
  0x04,   0x00,   0x00,   0x00,   0x04,   0x00,   0x00,   0x00,   0x20,   0x00,   0x00,   0x00,
  0xf6,   0xce,   0xff,   0xff,   0x04,   0x00,   0x00,   0x00,   0x0c,   0x00,   0x00,   0x00,
  0x01,   0x00,   0x00,   0x00,   0x00,   0x00,   0x00,   0x00,   0x02,   0x00,   0x00,   0x00,
  0x0e,   0xcf,   0xff,   0xff,   0x04,   0x00,   0x00,   0x00,   0x04,   0x00,   0x00,   0x00,
  0x01,   0x00,   0x00,   0x00,   0x1e,   0xcf,   0xff,   0xff,   0x04,   0x00,   0x00,   0x00,
  0x04,   0x00,   0x00,   0x00,   0x00,   0x00,   0x00,   0x00,   0xcc,   0xc2,   0xfe,   0xff,
  0xd0,   0xc2,   0xfe,   0xff,   0x0f,   0x00,   0x00,   0x00,   0x4d,   0x4c,   0x49,   0x52,
  0x20,   0x43,   0x6f,   0x6e,   0x76,   0x65,   0x72,   0x74,   0x65,   0x64,   0x2e,   0x00,
  0x01,   0x00,   0x00,   0x00,   0x14,   0x00,   0x00,   0x00,   0x00,   0x00,   0x0e,   0x00,
  0x18,   0x00,   0x14,   0x00,   0x10,   0x00,   0x0c,   0x00,   0x08,   0x00,   0x04,   0x00,
  0x0e,   0x00,   0x00,   0x00,   0x14,   0x00,   0x00,   0x00,   0x1c,   0x00,   0x00,   0x00,
  0xe0,   0x31,   0x00,   0x00,   0xe4,   0x31,   0x00,   0x00,   0xe8,   0x31,   0x00,   0x00,
  0x04,   0x00,   0x00,   0x00,   0x6d,   0x61,   0x69,   0x6e,   0x00,   0x00,   0x00,   0x00,
  0x06,   0x01,   0x00,   0x00,   0xa8,   0x31,   0x00,   0x00,   0x60,   0x31,   0x00,   0x00,
  0x00,   0x31,   0x00,   0x00,   0xd8,   0x30,   0x00,   0x00,   0x4c,   0x30,   0x00,   0x00,
  0x14,   0x30,   0x00,   0x00,   0xdc,   0x2f,   0x00,   0x00,   0xa4,   0x2f,   0x00,   0x00,
  0x6c,   0x2f,   0x00,   0x00,   0x38,   0x2f,   0x00,   0x00,   0x04,   0x2f,   0x00,   0x00,
  0xc0,   0x2e,   0x00,   0x00,   0x9c,   0x2e,   0x00,   0x00,   0x78,   0x2e,   0x00,   0x00,
  0x44,   0x2e,   0x00,   0x00,   0x20,   0x2e,   0x00,   0x00,   0xfc,   0x2d,   0x00,   0x00,
  0xc8,   0x2d,   0x00,   0x00,   0x94,   0x2d,   0x00,   0x00,   0x70,   0x2d,   0x00,   0x00,
  0x3c,   0x2d,   0x00,   0x00,   0x04,   0x2d,   0x00,   0x00,   0xcc,   0x2c,   0x00,   0x00,
  0x94,   0x2c,   0x00,   0x00,   0x5c,   0x2c,   0x00,   0x00,   0x24,   0x2c,   0x00,   0x00,
  0xec,   0x2b,   0x00,   0x00,   0xb4,   0x2b,   0x00,   0x00,   0x7c,   0x2b,   0x00,   0x00,
  0x44,   0x2b,   0x00,   0x00,   0x0c,   0x2b,   0x00,   0x00,   0xd4,   0x2a,   0x00,   0x00,
  0x9c,   0x2a,   0x00,   0x00,   0x68,   0x2a,   0x00,   0x00,   0x34,   0x2a,   0x00,   0x00,
  0xf0,   0x29,   0x00,   0x00,   0xcc,   0x29,   0x00,   0x00,   0xa8,   0x29,   0x00,   0x00,
  0x74,   0x29,   0x00,   0x00,   0x50,   0x29,   0x00,   0x00,   0x2c,   0x29,   0x00,   0x00,
  0xf8,   0x28,   0x00,   0x00,   0xc4,   0x28,   0x00,   0x00,   0xa0,   0x28,   0x00,   0x00,
  0x6c,   0x28,   0x00,   0x00,   0x34,   0x28,   0x00,   0x00,   0xfc,   0x27,   0x00,   0x00,
  0xc4,   0x27,   0x00,   0x00,   0x8c,   0x27,   0x00,   0x00,   0x54,   0x27,   0x00,   0x00,
  0x20,   0x27,   0x00,   0x00,   0xec,   0x26,   0x00,   0x00,   0xa8,   0x26,   0x00,   0x00,
  0x84,   0x26,   0x00,   0x00,   0x60,   0x26,   0x00,   0x00,   0x2c,   0x26,   0x00,   0x00,
  0x08,   0x26,   0x00,   0x00,   0xe4,   0x25,   0x00,   0x00,   0xb0,   0x25,   0x00,   0x00,
  0x7c,   0x25,   0x00,   0x00,   0x58,   0x25,   0x00,   0x00,   0x24,   0x25,   0x00,   0x00,
  0xec,   0x24,   0x00,   0x00,   0xb4,   0x24,   0x00,   0x00,   0x80,   0x24,   0x00,   0x00,
  0x4c,   0x24,   0x00,   0x00,   0x08,   0x24,   0x00,   0x00,   0xe4,   0x23,   0x00,   0x00,
  0xc0,   0x23,   0x00,   0x00,   0x8c,   0x23,   0x00,   0x00,   0x68,   0x23,   0x00,   0x00,
  0x44,   0x23,   0x00,   0x00,   0x10,   0x23,   0x00,   0x00,   0xdc,   0x22,   0x00,   0x00,
  0xb8,   0x22,   0x00,   0x00,   0x84,   0x22,   0x00,   0x00,   0x4c,   0x22,   0x00,   0x00,
  0x14,   0x22,   0x00,   0x00,   0xe0,   0x21,   0x00,   0x00,   0xac,   0x21,   0x00,   0x00,
  0x68,   0x21,   0x00,   0x00,   0x44,   0x21,   0x00,   0x00,   0x20,   0x21,   0x00,   0x00,
  0xec,   0x20,   0x00,   0x00,   0xc8,   0x20,   0x00,   0x00,   0xa4,   0x20,   0x00,   0x00,
  0x70,   0x20,   0x00,   0x00,   0x3c,   0x20,   0x00,   0x00,   0x18,   0x20,   0x00,   0x00,
  0xe4,   0x1f,   0x00,   0x00,   0xac,   0x1f,   0x00,   0x00,   0x78,   0x1f,   0x00,   0x00,
  0x44,   0x1f,   0x00,   0x00,   0x00,   0x1f,   0x00,   0x00,   0xdc,   0x1e,   0x00,   0x00,
  0xb8,   0x1e,   0x00,   0x00,   0x84,   0x1e,   0x00,   0x00,   0x60,   0x1e,   0x00,   0x00,
  0x3c,   0x1e,   0x00,   0x00,   0x08,   0x1e,   0x00,   0x00,   0xd4,   0x1d,   0x00,   0x00,
  0xb0,   0x1d,   0x00,   0x00,   0x7c,   0x1d,   0x00,   0x00,   0x44,   0x1d,   0x00,   0x00,
  0x10,   0x1d,   0x00,   0x00,   0xdc,   0x1c,   0x00,   0x00,   0x98,   0x1c,   0x00,   0x00,
  0x74,   0x1c,   0x00,   0x00,   0x50,   0x1c,   0x00,   0x00,   0x1c,   0x1c,   0x00,   0x00,
  0xf8,   0x1b,   0x00,   0x00,   0xd4,   0x1b,   0x00,   0x00,   0xa0,   0x1b,   0x00,   0x00,
  0x6c,   0x1b,   0x00,   0x00,   0x48,   0x1b,   0x00,   0x00,   0x14,   0x1b,   0x00,   0x00,
  0xdc,   0x1a,   0x00,   0x00,   0xa8,   0x1a,   0x00,   0x00,   0x74,   0x1a,   0x00,   0x00,
  0x30,   0x1a,   0x00,   0x00,   0x0c,   0x1a,   0x00,   0x00,   0xe8,   0x19,   0x00,   0x00,
  0xb4,   0x19,   0x00,   0x00,   0x90,   0x19,   0x00,   0x00,   0x6c,   0x19,   0x00,   0x00,
  0x38,   0x19,   0x00,   0x00,   0x04,   0x19,   0x00,   0x00,   0xe0,   0x18,   0x00,   0x00,
  0xac,   0x18,   0x00,   0x00,   0x74,   0x18,   0x00,   0x00,   0x40,   0x18,   0x00,   0x00,
  0x0c,   0x18,   0x00,   0x00,   0xc8,   0x17,   0x00,   0x00,   0xa4,   0x17,   0x00,   0x00,
  0x80,   0x17,   0x00,   0x00,   0x4c,   0x17,   0x00,   0x00,   0x28,   0x17,   0x00,   0x00,
  0x04,   0x17,   0x00,   0x00,   0xd0,   0x16,   0x00,   0x00,   0x9c,   0x16,   0x00,   0x00,
  0x78,   0x16,   0x00,   0x00,   0x44,   0x16,   0x00,   0x00,   0x0c,   0x16,   0x00,   0x00,
  0xd8,   0x15,   0x00,   0x00,   0xa4,   0x15,   0x00,   0x00,   0x60,   0x15,   0x00,   0x00,
  0x3c,   0x15,   0x00,   0x00,   0x18,   0x15,   0x00,   0x00,   0xe4,   0x14,   0x00,   0x00,
  0xc0,   0x14,   0x00,   0x00,   0x9c,   0x14,   0x00,   0x00,   0x68,   0x14,   0x00,   0x00,
  0x34,   0x14,   0x00,   0x00,   0x10,   0x14,   0x00,   0x00,   0xdc,   0x13,   0x00,   0x00,
  0xa4,   0x13,   0x00,   0x00,   0x70,   0x13,   0x00,   0x00,   0x3c,   0x13,   0x00,   0x00,
  0xf8,   0x12,   0x00,   0x00,   0xd4,   0x12,   0x00,   0x00,   0xb0,   0x12,   0x00,   0x00,
  0x7c,   0x12,   0x00,   0x00,   0x58,   0x12,   0x00,   0x00,   0x34,   0x12,   0x00,   0x00,
  0x00,   0x12,   0x00,   0x00,   0xcc,   0x11,   0x00,   0x00,   0xa8,   0x11,   0x00,   0x00,
  0x74,   0x11,   0x00,   0x00,   0x3c,   0x11,   0x00,   0x00,   0x08,   0x11,   0x00,   0x00,
  0xd4,   0x10,   0x00,   0x00,   0x90,   0x10,   0x00,   0x00,   0x6c,   0x10,   0x00,   0x00,
  0x48,   0x10,   0x00,   0x00,   0x14,   0x10,   0x00,   0x00,   0xf0,   0x0f,   0x00,   0x00,
  0xcc,   0x0f,   0x00,   0x00,   0x98,   0x0f,   0x00,   0x00,   0x64,   0x0f,   0x00,   0x00,
  0x40,   0x0f,   0x00,   0x00,   0x0c,   0x0f,   0x00,   0x00,   0xd4,   0x0e,   0x00,   0x00,
  0xa0,   0x0e,   0x00,   0x00,   0x6c,   0x0e,   0x00,   0x00,   0x28,   0x0e,   0x00,   0x00,
  0x04,   0x0e,   0x00,   0x00,   0xe0,   0x0d,   0x00,   0x00,   0xac,   0x0d,   0x00,   0x00,
  0x88,   0x0d,   0x00,   0x00,   0x64,   0x0d,   0x00,   0x00,   0x30,   0x0d,   0x00,   0x00,
  0xfc,   0x0c,   0x00,   0x00,   0xd8,   0x0c,   0x00,   0x00,   0xa4,   0x0c,   0x00,   0x00,
  0x6c,   0x0c,   0x00,   0x00,   0x38,   0x0c,   0x00,   0x00,   0x04,   0x0c,   0x00,   0x00,
  0xc0,   0x0b,   0x00,   0x00,   0x9c,   0x0b,   0x00,   0x00,   0x78,   0x0b,   0x00,   0x00,
  0x44,   0x0b,   0x00,   0x00,   0x20,   0x0b,   0x00,   0x00,   0xfc,   0x0a,   0x00,   0x00,
  0xc8,   0x0a,   0x00,   0x00,   0x94,   0x0a,   0x00,   0x00,   0x70,   0x0a,   0x00,   0x00,
  0x3c,   0x0a,   0x00,   0x00,   0x04,   0x0a,   0x00,   0x00,   0xd0,   0x09,   0x00,   0x00,
  0x9c,   0x09,   0x00,   0x00,   0x58,   0x09,   0x00,   0x00,   0x34,   0x09,   0x00,   0x00,
  0x10,   0x09,   0x00,   0x00,   0xdc,   0x08,   0x00,   0x00,   0xb8,   0x08,   0x00,   0x00,
  0x94,   0x08,   0x00,   0x00,   0x60,   0x08,   0x00,   0x00,   0x2c,   0x08,   0x00,   0x00,
  0x08,   0x08,   0x00,   0x00,   0xd4,   0x07,   0x00,   0x00,   0x9c,   0x07,   0x00,   0x00,
  0x68,   0x07,   0x00,   0x00,   0x34,   0x07,   0x00,   0x00,   0xf0,   0x06,   0x00,   0x00,
  0xcc,   0x06,   0x00,   0x00,   0xa8,   0x06,   0x00,   0x00,   0x74,   0x06,   0x00,   0x00,
  0x50,   0x06,   0x00,   0x00,   0x2c,   0x06,   0x00,   0x00,   0xf8,   0x05,   0x00,   0x00,
  0xc4,   0x05,   0x00,   0x00,   0xa0,   0x05,   0x00,   0x00,   0x6c,   0x05,   0x00,   0x00,
  0x34,   0x05,   0x00,   0x00,   0x00,   0x05,   0x00,   0x00,   0xcc,   0x04,   0x00,   0x00,
  0x88,   0x04,   0x00,   0x00,   0x64,   0x04,   0x00,   0x00,   0x40,   0x04,   0x00,   0x00,
  0x0c,   0x04,   0x00,   0x00,   0xe8,   0x03,   0x00,   0x00,   0xc4,   0x03,   0x00,   0x00,
  0x90,   0x03,   0x00,   0x00,   0x5c,   0x03,   0x00,   0x00,   0x38,   0x03,   0x00,   0x00,
  0x04,   0x03,   0x00,   0x00,   0xcc,   0x02,   0x00,   0x00,   0x98,   0x02,   0x00,   0x00,
  0x64,   0x02,   0x00,   0x00,   0x20,   0x02,   0x00,   0x00,   0xfc,   0x01,   0x00,   0x00,
  0xd8,   0x01,   0x00,   0x00,   0xa4,   0x01,   0x00,   0x00,   0x80,   0x01,   0x00,   0x00,
  0x5c,   0x01,   0x00,   0x00,   0x28,   0x01,   0x00,   0x00,   0xf4,   0x00,   0x00,   0x00,
  0xd0,   0x00,   0x00,   0x00,   0x9c,   0x00,   0x00,   0x00,   0x60,   0x00,   0x00,   0x00,
  0x28,   0x00,   0x00,   0x00,   0x04,   0x00,   0x00,   0x00,   0x3e,   0xd3,   0xff,   0xff,
  0x0c,   0x00,   0x00,   0x00,   0x10,   0x00,   0x00,   0x00,   0x0d,   0x00,   0x00,   0x00,
  0x01,   0x00,   0x00,   0x00,   0x5a,   0x01,   0x00,   0x00,   0x01,   0x00,   0x00,   0x00,
  0x59,   0x01,   0x00,   0x00,   0x1e,   0xd4,   0xff,   0xff,   0x14,   0x00,   0x00,   0x00,
  0x00,   0x00,   0x00,   0x08,   0x10,   0x00,   0x00,   0x00,   0x14,   0x00,   0x00,   0x00,
  0x07,   0x00,   0x00,   0x00,   0x78,   0xc7,   0xfe,   0xff,   0x01,   0x00,   0x00,   0x00,
  0x59,   0x01,   0x00,   0x00,   0x03,   0x00,   0x00,   0x00,   0x58,   0x01,   0x00,   0x00,
  0x07,   0x00,   0x00,   0x00,   0x06,   0x00,   0x00,   0x00,   0x52,   0xd4,   0xff,   0xff,
  0x14,   0x00,   0x00,   0x00,   0x00,   0x00,   0x00,   0x08,   0x14,   0x00,   0x00,   0x00,
  0x18,   0x00,   0x00,   0x00,   0x07,   0x00,   0x00,   0x00,   0x06,   0xd3,   0xff,   0xff,
  0x00,   0x00,   0x00,   0x01,   0x01,   0x00,   0x00,   0x00,   0x58,   0x01,   0x00,   0x00,
  0x03,   0x00,   0x00,   0x00,   0x57,   0x01,   0x00,   0x00,   0x09,   0x00,   0x00,   0x00,
  0x08,   0x00,   0x00,   0x00,   0x8a,   0xd4,   0xff,   0xff,   0x14,   0x00,   0x00,   0x00,
  0x00,   0x00,   0x00,   0x15,   0x10,   0x00,   0x00,   0x00,   0x14,   0x00,   0x00,   0x00,
  0x0b,   0x00,   0x00,   0x00,   0xe4,   0xc7,   0xfe,   0xff,   0x01,   0x00,   0x00,   0x00,
  0x57,   0x01,   0x00,   0x00,   0x02,   0x00,   0x00,   0x00,   0x52,   0x01,   0x00,   0x00,
  0x56,   0x01,   0x00,   0x00,   0xfa,   0xd3,   0xff,   0xff,   0x0c,   0x00,   0x00,   0x00,
  0x10,   0x00,   0x00,   0x00,   0x0c,   0x00,   0x00,   0x00,   0x01,   0x00,   0x00,   0x00,
  0x56,   0x01,   0x00,   0x00,   0x01,   0x00,   0x00,   0x00,   0x55,   0x01,   0x00,   0x00,
  0xda,   0xd4,   0xff,   0xff,   0x14,   0x00,   0x00,   0x00,   0x00,   0x00,   0x00,   0x0b,
  0x10,   0x00,   0x00,   0x00,   0x14,   0x00,   0x00,   0x00,   0x08,   0x00,   0x00,   0x00,
  0x34,   0xc8,   0xfe,   0xff,   0x01,   0x00,   0x00,   0x00,   0x55,   0x01,   0x00,   0x00,
  0x02,   0x00,   0x00,   0x00,   0x51,   0x01,   0x00,   0x00,   0x54,   0x01,   0x00,   0x00,
  0x0a,   0xd5,   0xff,   0xff,   0x14,   0x00,   0x00,   0x00,   0x00,   0x00,   0x00,   0x15,
  0x10,   0x00,   0x00,   0x00,   0x14,   0x00,   0x00,   0x00,   0x0b,   0x00,   0x00,   0x00,
  0x64,   0xc8,   0xfe,   0xff,   0x01,   0x00,   0x00,   0x00,   0x54,   0x01,   0x00,   0x00,
  0x02,   0x00,   0x00,   0x00,   0x4f,   0x01,   0x00,   0x00,   0x53,   0x01,   0x00,   0x00,
  0x7a,   0xd4,   0xff,   0xff,   0x0c,   0x00,   0x00,   0x00,   0x10,   0x00,   0x00,   0x00,
  0x0c,   0x00,   0x00,   0x00,   0x01,   0x00,   0x00,   0x00,   0x53,   0x01,   0x00,   0x00,
  0x01,   0x00,   0x00,   0x00,   0x4d,   0x01,   0x00,   0x00,   0x9a,   0xd4,   0xff,   0xff,
  0x0c,   0x00,   0x00,   0x00,   0x10,   0x00,   0x00,   0x00,   0x0a,   0x00,   0x00,   0x00,
  0x01,   0x00,   0x00,   0x00,   0x52,   0x01,   0x00,   0x00,   0x01,   0x00,   0x00,   0x00,
  0x4e,   0x01,   0x00,   0x00,   0x7a,   0xd5,   0xff,   0xff,   0x14,   0x00,   0x00,   0x00,
  0x00,   0x00,   0x00,   0x15,   0x10,   0x00,   0x00,   0x00,   0x14,   0x00,   0x00,   0x00,
  0x0b,   0x00,   0x00,   0x00,   0xd4,   0xc8,   0xfe,   0xff,   0x01,   0x00,   0x00,   0x00,
  0x51,   0x01,   0x00,   0x00,   0x02,   0x00,   0x00,   0x00,   0x50,   0x01,   0x00,   0x00,
  0x45,   0x01,   0x00,   0x00,   0xea,   0xd4,   0xff,   0xff,   0x0c,   0x00,   0x00,   0x00,
  0x10,   0x00,   0x00,   0x00,   0x0a,   0x00,   0x00,   0x00,   0x01,   0x00,   0x00,   0x00,
  0x50,   0x01,   0x00,   0x00,   0x01,   0x00,   0x00,   0x00,   0x4c,   0x01,   0x00,   0x00,
  0x0a,   0xd5,   0xff,   0xff,   0x0c,   0x00,   0x00,   0x00,   0x10,   0x00,   0x00,   0x00,
  0x0a,   0x00,   0x00,   0x00,   0x01,   0x00,   0x00,   0x00,   0x4f,   0x01,   0x00,   0x00,
  0x01,   0x00,   0x00,   0x00,   0x4b,   0x01,   0x00,   0x00,   0xea,   0xd5,   0xff,   0xff,
  0x14,   0x00,   0x00,   0x00,   0x00,   0x00,   0x00,   0x23,   0x14,   0x00,   0x00,   0x00,
  0x24,   0x00,   0x00,   0x00,   0x09,   0x00,   0x00,   0x00,   0xa6,   0xd5,   0xff,   0xff,
  0x04,   0x00,   0x00,   0x00,   0x04,   0x00,   0x00,   0x00,   0x4b,   0x01,   0x00,   0x00,
  0x4c,   0x01,   0x00,   0x00,   0x4d,   0x01,   0x00,   0x00,   0x4e,   0x01,   0x00,   0x00,
  0x02,   0x00,   0x00,   0x00,   0x05,   0x00,   0x00,   0x00,   0x4a,   0x01,   0x00,   0x00,
  0x2a,   0xd6,   0xff,   0xff,   0x14,   0x00,   0x00,   0x00,   0x00,   0x00,   0x00,   0x0b,
  0x10,   0x00,   0x00,   0x00,   0x14,   0x00,   0x00,   0x00,   0x08,   0x00,   0x00,   0x00,
  0x84,   0xc9,   0xfe,   0xff,   0x01,   0x00,   0x00,   0x00,   0x4a,   0x01,   0x00,   0x00,
  0x02,   0x00,   0x00,   0x00,   0x49,   0x01,   0x00,   0x00,   0x0a,   0x00,   0x00,   0x00,
  0x5a,   0xd6,   0xff,   0xff,   0x14,   0x00,   0x00,   0x00,   0x00,   0x00,   0x00,   0x0b,
  0x10,   0x00,   0x00,   0x00,   0x14,   0x00,   0x00,   0x00,   0x08,   0x00,   0x00,   0x00,
  0xb4,   0xc9,   0xfe,   0xff,   0x01,   0x00,   0x00,   0x00,   0x49,   0x01,   0x00,   0x00,
  0x02,   0x00,   0x00,   0x00,   0x55,   0x00,   0x00,   0x00,   0x48,   0x01,   0x00,   0x00,
  0x8a,   0xd6,   0xff,   0xff,   0x14,   0x00,   0x00,   0x00,   0x00,   0x00,   0x00,   0x08,
  0x10,   0x00,   0x00,   0x00,   0x14,   0x00,   0x00,   0x00,   0x07,   0x00,   0x00,   0x00,
  0xe4,   0xc9,   0xfe,   0xff,   0x01,   0x00,   0x00,   0x00,   0x48,   0x01,   0x00,   0x00,
  0x03,   0x00,   0x00,   0x00,   0x47,   0x01,   0x00,   0x00,   0x0c,   0x00,   0x00,   0x00,
  0xff,   0xff,   0xff,   0xff,   0xbe,   0xd6,   0xff,   0xff,   0x14,   0x00,   0x00,   0x00,
  0x00,   0x00,   0x00,   0x15,   0x10,   0x00,   0x00,   0x00,   0x14,   0x00,   0x00,   0x00,
  0x0b,   0x00,   0x00,   0x00,   0x18,   0xca,   0xfe,   0xff,   0x01,   0x00,   0x00,   0x00,
  0x47,   0x01,   0x00,   0x00,   0x02,   0x00,   0x00,   0x00,   0x42,   0x01,   0x00,   0x00,
  0x46,   0x01,   0x00,   0x00,   0x2e,   0xd6,   0xff,   0xff,   0x0c,   0x00,   0x00,   0x00,
  0x10,   0x00,   0x00,   0x00,   0x0c,   0x00,   0x00,   0x00,   0x01,   0x00,   0x00,   0x00,
  0x46,   0x01,   0x00,   0x00,   0x01,   0x00,   0x00,   0x00,   0x45,   0x01,   0x00,   0x00,
  0x0e,   0xd7,   0xff,   0xff,   0x14,   0x00,   0x00,   0x00,   0x00,   0x00,   0x00,   0x0b,
  0x10,   0x00,   0x00,   0x00,   0x14,   0x00,   0x00,   0x00,   0x08,   0x00,   0x00,   0x00,
  0x68,   0xca,   0xfe,   0xff,   0x01,   0x00,   0x00,   0x00,   0x45,   0x01,   0x00,   0x00,
  0x02,   0x00,   0x00,   0x00,   0x41,   0x01,   0x00,   0x00,   0x44,   0x01,   0x00,   0x00,
  0x3e,   0xd7,   0xff,   0xff,   0x14,   0x00,   0x00,   0x00,   0x00,   0x00,   0x00,   0x15,
  0x10,   0x00,   0x00,   0x00,   0x14,   0x00,   0x00,   0x00,   0x0b,   0x00,   0x00,   0x00,
  0x98,   0xca,   0xfe,   0xff,   0x01,   0x00,   0x00,   0x00,   0x44,   0x01,   0x00,   0x00,
  0x02,   0x00,   0x00,   0x00,   0x3f,   0x01,   0x00,   0x00,   0x43,   0x01,   0x00,   0x00,
  0xae,   0xd6,   0xff,   0xff,   0x0c,   0x00,   0x00,   0x00,   0x10,   0x00,   0x00,   0x00,
  0x0c,   0x00,   0x00,   0x00,   0x01,   0x00,   0x00,   0x00,   0x43,   0x01,   0x00,   0x00,
  0x01,   0x00,   0x00,   0x00,   0x3d,   0x01,   0x00,   0x00,   0xce,   0xd6,   0xff,   0xff,
  0x0c,   0x00,   0x00,   0x00,   0x10,   0x00,   0x00,   0x00,   0x0a,   0x00,   0x00,   0x00,
  0x01,   0x00,   0x00,   0x00,   0x42,   0x01,   0x00,   0x00,   0x01,   0x00,   0x00,   0x00,
  0x3e,   0x01,   0x00,   0x00,   0xae,   0xd7,   0xff,   0xff,   0x14,   0x00,   0x00,   0x00,
  0x00,   0x00,   0x00,   0x15,   0x10,   0x00,   0x00,   0x00,   0x14,   0x00,   0x00,   0x00,
  0x0b,   0x00,   0x00,   0x00,   0x08,   0xcb,   0xfe,   0xff,   0x01,   0x00,   0x00,   0x00,
  0x41,   0x01,   0x00,   0x00,   0x02,   0x00,   0x00,   0x00,   0x40,   0x01,   0x00,   0x00,
  0x35,   0x01,   0x00,   0x00,   0x1e,   0xd7,   0xff,   0xff,   0x0c,   0x00,   0x00,   0x00,
  0x10,   0x00,   0x00,   0x00,   0x0a,   0x00,   0x00,   0x00,   0x01,   0x00,   0x00,   0x00,
  0x40,   0x01,   0x00,   0x00,   0x01,   0x00,   0x00,   0x00,   0x3c,   0x01,   0x00,   0x00,
  0x3e,   0xd7,   0xff,   0xff,   0x0c,   0x00,   0x00,   0x00,   0x10,   0x00,   0x00,   0x00,
  0x0a,   0x00,   0x00,   0x00,   0x01,   0x00,   0x00,   0x00,   0x3f,   0x01,   0x00,   0x00,
  0x01,   0x00,   0x00,   0x00,   0x3b,   0x01,   0x00,   0x00,   0x1e,   0xd8,   0xff,   0xff,
  0x14,   0x00,   0x00,   0x00,   0x00,   0x00,   0x00,   0x23,   0x14,   0x00,   0x00,   0x00,
  0x24,   0x00,   0x00,   0x00,   0x09,   0x00,   0x00,   0x00,   0xda,   0xd7,   0xff,   0xff,
  0x04,   0x00,   0x00,   0x00,   0x04,   0x00,   0x00,   0x00,   0x3b,   0x01,   0x00,   0x00,
  0x3c,   0x01,   0x00,   0x00,   0x3d,   0x01,   0x00,   0x00,   0x3e,   0x01,   0x00,   0x00,
  0x02,   0x00,   0x00,   0x00,   0x05,   0x00,   0x00,   0x00,   0x3a,   0x01,   0x00,   0x00,
  0x5e,   0xd8,   0xff,   0xff,   0x14,   0x00,   0x00,   0x00,   0x00,   0x00,   0x00,   0x0b,
  0x10,   0x00,   0x00,   0x00,   0x14,   0x00,   0x00,   0x00,   0x08,   0x00,   0x00,   0x00,
  0xb8,   0xcb,   0xfe,   0xff,   0x01,   0x00,   0x00,   0x00,   0x3a,   0x01,   0x00,   0x00,
  0x02,   0x00,   0x00,   0x00,   0x39,   0x01,   0x00,   0x00,   0x0a,   0x00,   0x00,   0x00,
  0x8e,   0xd8,   0xff,   0xff,   0x14,   0x00,   0x00,   0x00,   0x00,   0x00,   0x00,   0x0b,
  0x10,   0x00,   0x00,   0x00,   0x14,   0x00,   0x00,   0x00,   0x08,   0x00,   0x00,   0x00,
  0xe8,   0xcb,   0xfe,   0xff,   0x01,   0x00,   0x00,   0x00,   0x39,   0x01,   0x00,   0x00,
  0x02,   0x00,   0x00,   0x00,   0x54,   0x00,   0x00,   0x00,   0x38,   0x01,   0x00,   0x00,
  0xbe,   0xd8,   0xff,   0xff,   0x14,   0x00,   0x00,   0x00,   0x00,   0x00,   0x00,   0x08,
  0x10,   0x00,   0x00,   0x00,   0x14,   0x00,   0x00,   0x00,   0x07,   0x00,   0x00,   0x00,
  0x18,   0xcc,   0xfe,   0xff,   0x01,   0x00,   0x00,   0x00,   0x38,   0x01,   0x00,   0x00,
  0x03,   0x00,   0x00,   0x00,   0x37,   0x01,   0x00,   0x00,   0x0c,   0x00,   0x00,   0x00,
  0xff,   0xff,   0xff,   0xff,   0xf2,   0xd8,   0xff,   0xff,   0x14,   0x00,   0x00,   0x00,
  0x00,   0x00,   0x00,   0x15,   0x10,   0x00,   0x00,   0x00,   0x14,   0x00,   0x00,   0x00,
  0x0b,   0x00,   0x00,   0x00,   0x4c,   0xcc,   0xfe,   0xff,   0x01,   0x00,   0x00,   0x00,
  0x37,   0x01,   0x00,   0x00,   0x02,   0x00,   0x00,   0x00,   0x32,   0x01,   0x00,   0x00,
  0x36,   0x01,   0x00,   0x00,   0x62,   0xd8,   0xff,   0xff,   0x0c,   0x00,   0x00,   0x00,
  0x10,   0x00,   0x00,   0x00,   0x0c,   0x00,   0x00,   0x00,   0x01,   0x00,   0x00,   0x00,
  0x36,   0x01,   0x00,   0x00,   0x01,   0x00,   0x00,   0x00,   0x35,   0x01,   0x00,   0x00,
  0x42,   0xd9,   0xff,   0xff,   0x14,   0x00,   0x00,   0x00,   0x00,   0x00,   0x00,   0x0b,
  0x10,   0x00,   0x00,   0x00,   0x14,   0x00,   0x00,   0x00,   0x08,   0x00,   0x00,   0x00,
  0x9c,   0xcc,   0xfe,   0xff,   0x01,   0x00,   0x00,   0x00,   0x35,   0x01,   0x00,   0x00,
  0x02,   0x00,   0x00,   0x00,   0x31,   0x01,   0x00,   0x00,   0x34,   0x01,   0x00,   0x00,
  0x72,   0xd9,   0xff,   0xff,   0x14,   0x00,   0x00,   0x00,   0x00,   0x00,   0x00,   0x15,
  0x10,   0x00,   0x00,   0x00,   0x14,   0x00,   0x00,   0x00,   0x0b,   0x00,   0x00,   0x00,
  0xcc,   0xcc,   0xfe,   0xff,   0x01,   0x00,   0x00,   0x00,   0x34,   0x01,   0x00,   0x00,
  0x02,   0x00,   0x00,   0x00,   0x2f,   0x01,   0x00,   0x00,   0x33,   0x01,   0x00,   0x00,
  0xe2,   0xd8,   0xff,   0xff,   0x0c,   0x00,   0x00,   0x00,   0x10,   0x00,   0x00,   0x00,
  0x0c,   0x00,   0x00,   0x00,   0x01,   0x00,   0x00,   0x00,   0x33,   0x01,   0x00,   0x00,
  0x01,   0x00,   0x00,   0x00,   0x2d,   0x01,   0x00,   0x00,   0x02,   0xd9,   0xff,   0xff,
  0x0c,   0x00,   0x00,   0x00,   0x10,   0x00,   0x00,   0x00,   0x0a,   0x00,   0x00,   0x00,
  0x01,   0x00,   0x00,   0x00,   0x32,   0x01,   0x00,   0x00,   0x01,   0x00,   0x00,   0x00,
  0x2e,   0x01,   0x00,   0x00,   0xe2,   0xd9,   0xff,   0xff,   0x14,   0x00,   0x00,   0x00,
  0x00,   0x00,   0x00,   0x15,   0x10,   0x00,   0x00,   0x00,   0x14,   0x00,   0x00,   0x00,
  0x0b,   0x00,   0x00,   0x00,   0x3c,   0xcd,   0xfe,   0xff,   0x01,   0x00,   0x00,   0x00,
  0x31,   0x01,   0x00,   0x00,   0x02,   0x00,   0x00,   0x00,   0x30,   0x01,   0x00,   0x00,
  0x25,   0x01,   0x00,   0x00,   0x52,   0xd9,   0xff,   0xff,   0x0c,   0x00,   0x00,   0x00,
  0x10,   0x00,   0x00,   0x00,   0x0a,   0x00,   0x00,   0x00,   0x01,   0x00,   0x00,   0x00,
  0x30,   0x01,   0x00,   0x00,   0x01,   0x00,   0x00,   0x00,   0x2c,   0x01,   0x00,   0x00,
  0x72,   0xd9,   0xff,   0xff,   0x0c,   0x00,   0x00,   0x00,   0x10,   0x00,   0x00,   0x00,
  0x0a,   0x00,   0x00,   0x00,   0x01,   0x00,   0x00,   0x00,   0x2f,   0x01,   0x00,   0x00,
  0x01,   0x00,   0x00,   0x00,   0x2b,   0x01,   0x00,   0x00,   0x52,   0xda,   0xff,   0xff,
  0x14,   0x00,   0x00,   0x00,   0x00,   0x00,   0x00,   0x23,   0x14,   0x00,   0x00,   0x00,
  0x24,   0x00,   0x00,   0x00,   0x09,   0x00,   0x00,   0x00,   0x0e,   0xda,   0xff,   0xff,
  0x04,   0x00,   0x00,   0x00,   0x04,   0x00,   0x00,   0x00,   0x2b,   0x01,   0x00,   0x00,
  0x2c,   0x01,   0x00,   0x00,   0x2d,   0x01,   0x00,   0x00,   0x2e,   0x01,   0x00,   0x00,
  0x02,   0x00,   0x00,   0x00,   0x05,   0x00,   0x00,   0x00,   0x2a,   0x01,   0x00,   0x00,
  0x92,   0xda,   0xff,   0xff,   0x14,   0x00,   0x00,   0x00,   0x00,   0x00,   0x00,   0x0b,
  0x10,   0x00,   0x00,   0x00,   0x14,   0x00,   0x00,   0x00,   0x08,   0x00,   0x00,   0x00,
  0xec,   0xcd,   0xfe,   0xff,   0x01,   0x00,   0x00,   0x00,   0x2a,   0x01,   0x00,   0x00,
  0x02,   0x00,   0x00,   0x00,   0x29,   0x01,   0x00,   0x00,   0x0a,   0x00,   0x00,   0x00,
  0xc2,   0xda,   0xff,   0xff,   0x14,   0x00,   0x00,   0x00,   0x00,   0x00,   0x00,   0x0b,
  0x10,   0x00,   0x00,   0x00,   0x14,   0x00,   0x00,   0x00,   0x08,   0x00,   0x00,   0x00,
  0x1c,   0xce,   0xfe,   0xff,   0x01,   0x00,   0x00,   0x00,   0x29,   0x01,   0x00,   0x00,
  0x02,   0x00,   0x00,   0x00,   0x53,   0x00,   0x00,   0x00,   0x28,   0x01,   0x00,   0x00,
  0xf2,   0xda,   0xff,   0xff,   0x14,   0x00,   0x00,   0x00,   0x00,   0x00,   0x00,   0x08,
  0x10,   0x00,   0x00,   0x00,   0x14,   0x00,   0x00,   0x00,   0x07,   0x00,   0x00,   0x00,
  0x4c,   0xce,   0xfe,   0xff,   0x01,   0x00,   0x00,   0x00,   0x28,   0x01,   0x00,   0x00,
  0x03,   0x00,   0x00,   0x00,   0x27,   0x01,   0x00,   0x00,   0x0c,   0x00,   0x00,   0x00,
  0xff,   0xff,   0xff,   0xff,   0x26,   0xdb,   0xff,   0xff,   0x14,   0x00,   0x00,   0x00,
  0x00,   0x00,   0x00,   0x15,   0x10,   0x00,   0x00,   0x00,   0x14,   0x00,   0x00,   0x00,
  0x0b,   0x00,   0x00,   0x00,   0x80,   0xce,   0xfe,   0xff,   0x01,   0x00,   0x00,   0x00,
  0x27,   0x01,   0x00,   0x00,   0x02,   0x00,   0x00,   0x00,   0x22,   0x01,   0x00,   0x00,
  0x26,   0x01,   0x00,   0x00,   0x96,   0xda,   0xff,   0xff,   0x0c,   0x00,   0x00,   0x00,
  0x10,   0x00,   0x00,   0x00,   0x0c,   0x00,   0x00,   0x00,   0x01,   0x00,   0x00,   0x00,
  0x26,   0x01,   0x00,   0x00,   0x01,   0x00,   0x00,   0x00,   0x25,   0x01,   0x00,   0x00,
  0x76,   0xdb,   0xff,   0xff,   0x14,   0x00,   0x00,   0x00,   0x00,   0x00,   0x00,   0x0b,
  0x10,   0x00,   0x00,   0x00,   0x14,   0x00,   0x00,   0x00,   0x08,   0x00,   0x00,   0x00,
  0xd0,   0xce,   0xfe,   0xff,   0x01,   0x00,   0x00,   0x00,   0x25,   0x01,   0x00,   0x00,
  0x02,   0x00,   0x00,   0x00,   0x21,   0x01,   0x00,   0x00,   0x24,   0x01,   0x00,   0x00,
  0xa6,   0xdb,   0xff,   0xff,   0x14,   0x00,   0x00,   0x00,   0x00,   0x00,   0x00,   0x15,
  0x10,   0x00,   0x00,   0x00,   0x14,   0x00,   0x00,   0x00,   0x0b,   0x00,   0x00,   0x00,
  0x00,   0xcf,   0xfe,   0xff,   0x01,   0x00,   0x00,   0x00,   0x24,   0x01,   0x00,   0x00,
  0x02,   0x00,   0x00,   0x00,   0x1f,   0x01,   0x00,   0x00,   0x23,   0x01,   0x00,   0x00,
  0x16,   0xdb,   0xff,   0xff,   0x0c,   0x00,   0x00,   0x00,   0x10,   0x00,   0x00,   0x00,
  0x0c,   0x00,   0x00,   0x00,   0x01,   0x00,   0x00,   0x00,   0x23,   0x01,   0x00,   0x00,
  0x01,   0x00,   0x00,   0x00,   0x1d,   0x01,   0x00,   0x00,   0x36,   0xdb,   0xff,   0xff,
  0x0c,   0x00,   0x00,   0x00,   0x10,   0x00,   0x00,   0x00,   0x0a,   0x00,   0x00,   0x00,
  0x01,   0x00,   0x00,   0x00,   0x22,   0x01,   0x00,   0x00,   0x01,   0x00,   0x00,   0x00,
  0x1e,   0x01,   0x00,   0x00,   0x16,   0xdc,   0xff,   0xff,   0x14,   0x00,   0x00,   0x00,
  0x00,   0x00,   0x00,   0x15,   0x10,   0x00,   0x00,   0x00,   0x14,   0x00,   0x00,   0x00,
  0x0b,   0x00,   0x00,   0x00,   0x70,   0xcf,   0xfe,   0xff,   0x01,   0x00,   0x00,   0x00,
  0x21,   0x01,   0x00,   0x00,   0x02,   0x00,   0x00,   0x00,   0x20,   0x01,   0x00,   0x00,
  0x15,   0x01,   0x00,   0x00,   0x86,   0xdb,   0xff,   0xff,   0x0c,   0x00,   0x00,   0x00,
  0x10,   0x00,   0x00,   0x00,   0x0a,   0x00,   0x00,   0x00,   0x01,   0x00,   0x00,   0x00,
  0x20,   0x01,   0x00,   0x00,   0x01,   0x00,   0x00,   0x00,   0x1c,   0x01,   0x00,   0x00,
  0xa6,   0xdb,   0xff,   0xff,   0x0c,   0x00,   0x00,   0x00,   0x10,   0x00,   0x00,   0x00,
  0x0a,   0x00,   0x00,   0x00,   0x01,   0x00,   0x00,   0x00,   0x1f,   0x01,   0x00,   0x00,
  0x01,   0x00,   0x00,   0x00,   0x1b,   0x01,   0x00,   0x00,   0x86,   0xdc,   0xff,   0xff,
  0x14,   0x00,   0x00,   0x00,   0x00,   0x00,   0x00,   0x23,   0x14,   0x00,   0x00,   0x00,
  0x24,   0x00,   0x00,   0x00,   0x09,   0x00,   0x00,   0x00,   0x42,   0xdc,   0xff,   0xff,
  0x04,   0x00,   0x00,   0x00,   0x04,   0x00,   0x00,   0x00,   0x1b,   0x01,   0x00,   0x00,
  0x1c,   0x01,   0x00,   0x00,   0x1d,   0x01,   0x00,   0x00,   0x1e,   0x01,   0x00,   0x00,
  0x02,   0x00,   0x00,   0x00,   0x05,   0x00,   0x00,   0x00,   0x1a,   0x01,   0x00,   0x00,
  0xc6,   0xdc,   0xff,   0xff,   0x14,   0x00,   0x00,   0x00,   0x00,   0x00,   0x00,   0x0b,
  0x10,   0x00,   0x00,   0x00,   0x14,   0x00,   0x00,   0x00,   0x08,   0x00,   0x00,   0x00,
  0x20,   0xd0,   0xfe,   0xff,   0x01,   0x00,   0x00,   0x00,   0x1a,   0x01,   0x00,   0x00,
  0x02,   0x00,   0x00,   0x00,   0x19,   0x01,   0x00,   0x00,   0x0a,   0x00,   0x00,   0x00,
  0xf6,   0xdc,   0xff,   0xff,   0x14,   0x00,   0x00,   0x00,   0x00,   0x00,   0x00,   0x0b,
  0x10,   0x00,   0x00,   0x00,   0x14,   0x00,   0x00,   0x00,   0x08,   0x00,   0x00,   0x00,
  0x50,   0xd0,   0xfe,   0xff,   0x01,   0x00,   0x00,   0x00,   0x19,   0x01,   0x00,   0x00,
  0x02,   0x00,   0x00,   0x00,   0x41,   0x00,   0x00,   0x00,   0x18,   0x01,   0x00,   0x00,
  0x26,   0xdd,   0xff,   0xff,   0x14,   0x00,   0x00,   0x00,   0x00,   0x00,   0x00,   0x08,
  0x10,   0x00,   0x00,   0x00,   0x14,   0x00,   0x00,   0x00,   0x07,   0x00,   0x00,   0x00,
  0x80,   0xd0,   0xfe,   0xff,   0x01,   0x00,   0x00,   0x00,   0x18,   0x01,   0x00,   0x00,
  0x03,   0x00,   0x00,   0x00,   0x17,   0x01,   0x00,   0x00,   0x0c,   0x00,   0x00,   0x00,
  0xff,   0xff,   0xff,   0xff,   0x5a,   0xdd,   0xff,   0xff,   0x14,   0x00,   0x00,   0x00,
  0x00,   0x00,   0x00,   0x15,   0x10,   0x00,   0x00,   0x00,   0x14,   0x00,   0x00,   0x00,
  0x0b,   0x00,   0x00,   0x00,   0xb4,   0xd0,   0xfe,   0xff,   0x01,   0x00,   0x00,   0x00,
  0x17,   0x01,   0x00,   0x00,   0x02,   0x00,   0x00,   0x00,   0x12,   0x01,   0x00,   0x00,
  0x16,   0x01,   0x00,   0x00,   0xca,   0xdc,   0xff,   0xff,   0x0c,   0x00,   0x00,   0x00,
  0x10,   0x00,   0x00,   0x00,   0x0c,   0x00,   0x00,   0x00,   0x01,   0x00,   0x00,   0x00,
  0x16,   0x01,   0x00,   0x00,   0x01,   0x00,   0x00,   0x00,   0x15,   0x01,   0x00,   0x00,
  0xaa,   0xdd,   0xff,   0xff,   0x14,   0x00,   0x00,   0x00,   0x00,   0x00,   0x00,   0x0b,
  0x10,   0x00,   0x00,   0x00,   0x14,   0x00,   0x00,   0x00,   0x08,   0x00,   0x00,   0x00,
  0x04,   0xd1,   0xfe,   0xff,   0x01,   0x00,   0x00,   0x00,   0x15,   0x01,   0x00,   0x00,
  0x02,   0x00,   0x00,   0x00,   0x11,   0x01,   0x00,   0x00,   0x14,   0x01,   0x00,   0x00,
  0xda,   0xdd,   0xff,   0xff,   0x14,   0x00,   0x00,   0x00,   0x00,   0x00,   0x00,   0x15,
  0x10,   0x00,   0x00,   0x00,   0x14,   0x00,   0x00,   0x00,   0x0b,   0x00,   0x00,   0x00,
  0x34,   0xd1,   0xfe,   0xff,   0x01,   0x00,   0x00,   0x00,   0x14,   0x01,   0x00,   0x00,
  0x02,   0x00,   0x00,   0x00,   0x0f,   0x01,   0x00,   0x00,   0x13,   0x01,   0x00,   0x00,
  0x4a,   0xdd,   0xff,   0xff,   0x0c,   0x00,   0x00,   0x00,   0x10,   0x00,   0x00,   0x00,
  0x0c,   0x00,   0x00,   0x00,   0x01,   0x00,   0x00,   0x00,   0x13,   0x01,   0x00,   0x00,
  0x01,   0x00,   0x00,   0x00,   0x0d,   0x01,   0x00,   0x00,   0x6a,   0xdd,   0xff,   0xff,
  0x0c,   0x00,   0x00,   0x00,   0x10,   0x00,   0x00,   0x00,   0x0a,   0x00,   0x00,   0x00,
  0x01,   0x00,   0x00,   0x00,   0x12,   0x01,   0x00,   0x00,   0x01,   0x00,   0x00,   0x00,
  0x0e,   0x01,   0x00,   0x00,   0x4a,   0xde,   0xff,   0xff,   0x14,   0x00,   0x00,   0x00,
  0x00,   0x00,   0x00,   0x15,   0x10,   0x00,   0x00,   0x00,   0x14,   0x00,   0x00,   0x00,
  0x0b,   0x00,   0x00,   0x00,   0xa4,   0xd1,   0xfe,   0xff,   0x01,   0x00,   0x00,   0x00,
  0x11,   0x01,   0x00,   0x00,   0x02,   0x00,   0x00,   0x00,   0x10,   0x01,   0x00,   0x00,
  0x05,   0x01,   0x00,   0x00,   0xba,   0xdd,   0xff,   0xff,   0x0c,   0x00,   0x00,   0x00,
  0x10,   0x00,   0x00,   0x00,   0x0a,   0x00,   0x00,   0x00,   0x01,   0x00,   0x00,   0x00,
  0x10,   0x01,   0x00,   0x00,   0x01,   0x00,   0x00,   0x00,   0x0c,   0x01,   0x00,   0x00,
  0xda,   0xdd,   0xff,   0xff,   0x0c,   0x00,   0x00,   0x00,   0x10,   0x00,   0x00,   0x00,
  0x0a,   0x00,   0x00,   0x00,   0x01,   0x00,   0x00,   0x00,   0x0f,   0x01,   0x00,   0x00,
  0x01,   0x00,   0x00,   0x00,   0x0b,   0x01,   0x00,   0x00,   0xba,   0xde,   0xff,   0xff,
  0x14,   0x00,   0x00,   0x00,   0x00,   0x00,   0x00,   0x23,   0x14,   0x00,   0x00,   0x00,
  0x24,   0x00,   0x00,   0x00,   0x09,   0x00,   0x00,   0x00,   0x76,   0xde,   0xff,   0xff,
  0x04,   0x00,   0x00,   0x00,   0x04,   0x00,   0x00,   0x00,   0x0b,   0x01,   0x00,   0x00,
  0x0c,   0x01,   0x00,   0x00,   0x0d,   0x01,   0x00,   0x00,   0x0e,   0x01,   0x00,   0x00,
  0x02,   0x00,   0x00,   0x00,   0x05,   0x00,   0x00,   0x00,   0x0a,   0x01,   0x00,   0x00,
  0xfa,   0xde,   0xff,   0xff,   0x14,   0x00,   0x00,   0x00,   0x00,   0x00,   0x00,   0x0b,
  0x10,   0x00,   0x00,   0x00,   0x14,   0x00,   0x00,   0x00,   0x08,   0x00,   0x00,   0x00,
  0x54,   0xd2,   0xfe,   0xff,   0x01,   0x00,   0x00,   0x00,   0x0a,   0x01,   0x00,   0x00,
  0x02,   0x00,   0x00,   0x00,   0x09,   0x01,   0x00,   0x00,   0x0a,   0x00,   0x00,   0x00,
  0x2a,   0xdf,   0xff,   0xff,   0x14,   0x00,   0x00,   0x00,   0x00,   0x00,   0x00,   0x0b,
  0x10,   0x00,   0x00,   0x00,   0x14,   0x00,   0x00,   0x00,   0x08,   0x00,   0x00,   0x00,
  0x84,   0xd2,   0xfe,   0xff,   0x01,   0x00,   0x00,   0x00,   0x09,   0x01,   0x00,   0x00,
  0x02,   0x00,   0x00,   0x00,   0x40,   0x00,   0x00,   0x00,   0x08,   0x01,   0x00,   0x00,
  0x5a,   0xdf,   0xff,   0xff,   0x14,   0x00,   0x00,   0x00,   0x00,   0x00,   0x00,   0x08,
  0x10,   0x00,   0x00,   0x00,   0x14,   0x00,   0x00,   0x00,   0x07,   0x00,   0x00,   0x00,
  0xb4,   0xd2,   0xfe,   0xff,   0x01,   0x00,   0x00,   0x00,   0x08,   0x01,   0x00,   0x00,
  0x03,   0x00,   0x00,   0x00,   0x07,   0x01,   0x00,   0x00,   0x0c,   0x00,   0x00,   0x00,
  0xff,   0xff,   0xff,   0xff,   0x8e,   0xdf,   0xff,   0xff,   0x14,   0x00,   0x00,   0x00,
  0x00,   0x00,   0x00,   0x15,   0x10,   0x00,   0x00,   0x00,   0x14,   0x00,   0x00,   0x00,
  0x0b,   0x00,   0x00,   0x00,   0xe8,   0xd2,   0xfe,   0xff,   0x01,   0x00,   0x00,   0x00,
  0x07,   0x01,   0x00,   0x00,   0x02,   0x00,   0x00,   0x00,   0x02,   0x01,   0x00,   0x00,
  0x06,   0x01,   0x00,   0x00,   0xfe,   0xde,   0xff,   0xff,   0x0c,   0x00,   0x00,   0x00,
  0x10,   0x00,   0x00,   0x00,   0x0c,   0x00,   0x00,   0x00,   0x01,   0x00,   0x00,   0x00,
  0x06,   0x01,   0x00,   0x00,   0x01,   0x00,   0x00,   0x00,   0x05,   0x01,   0x00,   0x00,
  0xde,   0xdf,   0xff,   0xff,   0x14,   0x00,   0x00,   0x00,   0x00,   0x00,   0x00,   0x0b,
  0x10,   0x00,   0x00,   0x00,   0x14,   0x00,   0x00,   0x00,   0x08,   0x00,   0x00,   0x00,
  0x38,   0xd3,   0xfe,   0xff,   0x01,   0x00,   0x00,   0x00,   0x05,   0x01,   0x00,   0x00,
  0x02,   0x00,   0x00,   0x00,   0x01,   0x01,   0x00,   0x00,   0x04,   0x01,   0x00,   0x00,
  0x0e,   0xe0,   0xff,   0xff,   0x14,   0x00,   0x00,   0x00,   0x00,   0x00,   0x00,   0x15,
  0x10,   0x00,   0x00,   0x00,   0x14,   0x00,   0x00,   0x00,   0x0b,   0x00,   0x00,   0x00,
  0x68,   0xd3,   0xfe,   0xff,   0x01,   0x00,   0x00,   0x00,   0x04,   0x01,   0x00,   0x00,
  0x02,   0x00,   0x00,   0x00,   0xff,   0x00,   0x00,   0x00,   0x03,   0x01,   0x00,   0x00,
  0x7e,   0xdf,   0xff,   0xff,   0x0c,   0x00,   0x00,   0x00,   0x10,   0x00,   0x00,   0x00,
  0x0c,   0x00,   0x00,   0x00,   0x01,   0x00,   0x00,   0x00,   0x03,   0x01,   0x00,   0x00,
  0x01,   0x00,   0x00,   0x00,   0xfd,   0x00,   0x00,   0x00,   0x9e,   0xdf,   0xff,   0xff,
  0x0c,   0x00,   0x00,   0x00,   0x10,   0x00,   0x00,   0x00,   0x0a,   0x00,   0x00,   0x00,
  0x01,   0x00,   0x00,   0x00,   0x02,   0x01,   0x00,   0x00,   0x01,   0x00,   0x00,   0x00,
  0xfe,   0x00,   0x00,   0x00,   0x7e,   0xe0,   0xff,   0xff,   0x14,   0x00,   0x00,   0x00,
  0x00,   0x00,   0x00,   0x15,   0x10,   0x00,   0x00,   0x00,   0x14,   0x00,   0x00,   0x00,
  0x0b,   0x00,   0x00,   0x00,   0xd8,   0xd3,   0xfe,   0xff,   0x01,   0x00,   0x00,   0x00,
  0x01,   0x01,   0x00,   0x00,   0x02,   0x00,   0x00,   0x00,   0x00,   0x01,   0x00,   0x00,
  0xf5,   0x00,   0x00,   0x00,   0xee,   0xdf,   0xff,   0xff,   0x0c,   0x00,   0x00,   0x00,
  0x10,   0x00,   0x00,   0x00,   0x0a,   0x00,   0x00,   0x00,   0x01,   0x00,   0x00,   0x00,
  0x00,   0x01,   0x00,   0x00,   0x01,   0x00,   0x00,   0x00,   0xfc,   0x00,   0x00,   0x00,
  0x0e,   0xe0,   0xff,   0xff,   0x0c,   0x00,   0x00,   0x00,   0x10,   0x00,   0x00,   0x00,
  0x0a,   0x00,   0x00,   0x00,   0x01,   0x00,   0x00,   0x00,   0xff,   0x00,   0x00,   0x00,
  0x01,   0x00,   0x00,   0x00,   0xfb,   0x00,   0x00,   0x00,   0xee,   0xe0,   0xff,   0xff,
  0x14,   0x00,   0x00,   0x00,   0x00,   0x00,   0x00,   0x23,   0x14,   0x00,   0x00,   0x00,
  0x24,   0x00,   0x00,   0x00,   0x09,   0x00,   0x00,   0x00,   0xaa,   0xe0,   0xff,   0xff,
  0x04,   0x00,   0x00,   0x00,   0x04,   0x00,   0x00,   0x00,   0xfb,   0x00,   0x00,   0x00,
  0xfc,   0x00,   0x00,   0x00,   0xfd,   0x00,   0x00,   0x00,   0xfe,   0x00,   0x00,   0x00,
  0x02,   0x00,   0x00,   0x00,   0x05,   0x00,   0x00,   0x00,   0xfa,   0x00,   0x00,   0x00,
  0x2e,   0xe1,   0xff,   0xff,   0x14,   0x00,   0x00,   0x00,   0x00,   0x00,   0x00,   0x0b,
  0x10,   0x00,   0x00,   0x00,   0x14,   0x00,   0x00,   0x00,   0x08,   0x00,   0x00,   0x00,
  0x88,   0xd4,   0xfe,   0xff,   0x01,   0x00,   0x00,   0x00,   0xfa,   0x00,   0x00,   0x00,
  0x02,   0x00,   0x00,   0x00,   0xf9,   0x00,   0x00,   0x00,   0x0a,   0x00,   0x00,   0x00,
  0x5e,   0xe1,   0xff,   0xff,   0x14,   0x00,   0x00,   0x00,   0x00,   0x00,   0x00,   0x0b,
  0x10,   0x00,   0x00,   0x00,   0x14,   0x00,   0x00,   0x00,   0x08,   0x00,   0x00,   0x00,
  0xb8,   0xd4,   0xfe,   0xff,   0x01,   0x00,   0x00,   0x00,   0xf9,   0x00,   0x00,   0x00,
  0x02,   0x00,   0x00,   0x00,   0x3f,   0x00,   0x00,   0x00,   0xf8,   0x00,   0x00,   0x00,
  0x8e,   0xe1,   0xff,   0xff,   0x14,   0x00,   0x00,   0x00,   0x00,   0x00,   0x00,   0x08,
  0x10,   0x00,   0x00,   0x00,   0x14,   0x00,   0x00,   0x00,   0x07,   0x00,   0x00,   0x00,
  0xe8,   0xd4,   0xfe,   0xff,   0x01,   0x00,   0x00,   0x00,   0xf8,   0x00,   0x00,   0x00,
  0x03,   0x00,   0x00,   0x00,   0xf7,   0x00,   0x00,   0x00,   0x0c,   0x00,   0x00,   0x00,
  0xff,   0xff,   0xff,   0xff,   0xc2,   0xe1,   0xff,   0xff,   0x14,   0x00,   0x00,   0x00,
  0x00,   0x00,   0x00,   0x15,   0x10,   0x00,   0x00,   0x00,   0x14,   0x00,   0x00,   0x00,
  0x0b,   0x00,   0x00,   0x00,   0x1c,   0xd5,   0xfe,   0xff,   0x01,   0x00,   0x00,   0x00,
  0xf7,   0x00,   0x00,   0x00,   0x02,   0x00,   0x00,   0x00,   0xf2,   0x00,   0x00,   0x00,
  0xf6,   0x00,   0x00,   0x00,   0x32,   0xe1,   0xff,   0xff,   0x0c,   0x00,   0x00,   0x00,
  0x10,   0x00,   0x00,   0x00,   0x0c,   0x00,   0x00,   0x00,   0x01,   0x00,   0x00,   0x00,
  0xf6,   0x00,   0x00,   0x00,   0x01,   0x00,   0x00,   0x00,   0xf5,   0x00,   0x00,   0x00,
  0x12,   0xe2,   0xff,   0xff,   0x14,   0x00,   0x00,   0x00,   0x00,   0x00,   0x00,   0x0b,
  0x10,   0x00,   0x00,   0x00,   0x14,   0x00,   0x00,   0x00,   0x08,   0x00,   0x00,   0x00,
  0x6c,   0xd5,   0xfe,   0xff,   0x01,   0x00,   0x00,   0x00,   0xf5,   0x00,   0x00,   0x00,
  0x02,   0x00,   0x00,   0x00,   0xf1,   0x00,   0x00,   0x00,   0xf4,   0x00,   0x00,   0x00,
  0x42,   0xe2,   0xff,   0xff,   0x14,   0x00,   0x00,   0x00,   0x00,   0x00,   0x00,   0x15,
  0x10,   0x00,   0x00,   0x00,   0x14,   0x00,   0x00,   0x00,   0x0b,   0x00,   0x00,   0x00,
  0x9c,   0xd5,   0xfe,   0xff,   0x01,   0x00,   0x00,   0x00,   0xf4,   0x00,   0x00,   0x00,
  0x02,   0x00,   0x00,   0x00,   0xef,   0x00,   0x00,   0x00,   0xf3,   0x00,   0x00,   0x00,
  0xb2,   0xe1,   0xff,   0xff,   0x0c,   0x00,   0x00,   0x00,   0x10,   0x00,   0x00,   0x00,
  0x0c,   0x00,   0x00,   0x00,   0x01,   0x00,   0x00,   0x00,   0xf3,   0x00,   0x00,   0x00,
  0x01,   0x00,   0x00,   0x00,   0xed,   0x00,   0x00,   0x00,   0xd2,   0xe1,   0xff,   0xff,
  0x0c,   0x00,   0x00,   0x00,   0x10,   0x00,   0x00,   0x00,   0x0a,   0x00,   0x00,   0x00,
  0x01,   0x00,   0x00,   0x00,   0xf2,   0x00,   0x00,   0x00,   0x01,   0x00,   0x00,   0x00,
  0xee,   0x00,   0x00,   0x00,   0xb2,   0xe2,   0xff,   0xff,   0x14,   0x00,   0x00,   0x00,
  0x00,   0x00,   0x00,   0x15,   0x10,   0x00,   0x00,   0x00,   0x14,   0x00,   0x00,   0x00,
  0x0b,   0x00,   0x00,   0x00,   0x0c,   0xd6,   0xfe,   0xff,   0x01,   0x00,   0x00,   0x00,
  0xf1,   0x00,   0x00,   0x00,   0x02,   0x00,   0x00,   0x00,   0xf0,   0x00,   0x00,   0x00,
  0xe5,   0x00,   0x00,   0x00,   0x22,   0xe2,   0xff,   0xff,   0x0c,   0x00,   0x00,   0x00,
  0x10,   0x00,   0x00,   0x00,   0x0a,   0x00,   0x00,   0x00,   0x01,   0x00,   0x00,   0x00,
  0xf0,   0x00,   0x00,   0x00,   0x01,   0x00,   0x00,   0x00,   0xec,   0x00,   0x00,   0x00,
  0x42,   0xe2,   0xff,   0xff,   0x0c,   0x00,   0x00,   0x00,   0x10,   0x00,   0x00,   0x00,
  0x0a,   0x00,   0x00,   0x00,   0x01,   0x00,   0x00,   0x00,   0xef,   0x00,   0x00,   0x00,
  0x01,   0x00,   0x00,   0x00,   0xeb,   0x00,   0x00,   0x00,   0x22,   0xe3,   0xff,   0xff,
  0x14,   0x00,   0x00,   0x00,   0x00,   0x00,   0x00,   0x23,   0x14,   0x00,   0x00,   0x00,
  0x24,   0x00,   0x00,   0x00,   0x09,   0x00,   0x00,   0x00,   0xde,   0xe2,   0xff,   0xff,
  0x04,   0x00,   0x00,   0x00,   0x04,   0x00,   0x00,   0x00,   0xeb,   0x00,   0x00,   0x00,
  0xec,   0x00,   0x00,   0x00,   0xed,   0x00,   0x00,   0x00,   0xee,   0x00,   0x00,   0x00,
  0x02,   0x00,   0x00,   0x00,   0x05,   0x00,   0x00,   0x00,   0xea,   0x00,   0x00,   0x00,
  0x62,   0xe3,   0xff,   0xff,   0x14,   0x00,   0x00,   0x00,   0x00,   0x00,   0x00,   0x0b,
  0x10,   0x00,   0x00,   0x00,   0x14,   0x00,   0x00,   0x00,   0x08,   0x00,   0x00,   0x00,
  0xbc,   0xd6,   0xfe,   0xff,   0x01,   0x00,   0x00,   0x00,   0xea,   0x00,   0x00,   0x00,
  0x02,   0x00,   0x00,   0x00,   0xe9,   0x00,   0x00,   0x00,   0x0a,   0x00,   0x00,   0x00,
  0x92,   0xe3,   0xff,   0xff,   0x14,   0x00,   0x00,   0x00,   0x00,   0x00,   0x00,   0x0b,
  0x10,   0x00,   0x00,   0x00,   0x14,   0x00,   0x00,   0x00,   0x08,   0x00,   0x00,   0x00,
  0xec,   0xd6,   0xfe,   0xff,   0x01,   0x00,   0x00,   0x00,   0xe9,   0x00,   0x00,   0x00,
  0x02,   0x00,   0x00,   0x00,   0x3e,   0x00,   0x00,   0x00,   0xe8,   0x00,   0x00,   0x00,
  0xc2,   0xe3,   0xff,   0xff,   0x14,   0x00,   0x00,   0x00,   0x00,   0x00,   0x00,   0x08,
  0x10,   0x00,   0x00,   0x00,   0x14,   0x00,   0x00,   0x00,   0x07,   0x00,   0x00,   0x00,
  0x1c,   0xd7,   0xfe,   0xff,   0x01,   0x00,   0x00,   0x00,   0xe8,   0x00,   0x00,   0x00,
  0x03,   0x00,   0x00,   0x00,   0xe7,   0x00,   0x00,   0x00,   0x0c,   0x00,   0x00,   0x00,
  0xff,   0xff,   0xff,   0xff,   0xf6,   0xe3,   0xff,   0xff,   0x14,   0x00,   0x00,   0x00,
  0x00,   0x00,   0x00,   0x15,   0x10,   0x00,   0x00,   0x00,   0x14,   0x00,   0x00,   0x00,
  0x0b,   0x00,   0x00,   0x00,   0x50,   0xd7,   0xfe,   0xff,   0x01,   0x00,   0x00,   0x00,
  0xe7,   0x00,   0x00,   0x00,   0x02,   0x00,   0x00,   0x00,   0xe2,   0x00,   0x00,   0x00,
  0xe6,   0x00,   0x00,   0x00,   0x66,   0xe3,   0xff,   0xff,   0x0c,   0x00,   0x00,   0x00,
  0x10,   0x00,   0x00,   0x00,   0x0c,   0x00,   0x00,   0x00,   0x01,   0x00,   0x00,   0x00,
  0xe6,   0x00,   0x00,   0x00,   0x01,   0x00,   0x00,   0x00,   0xe5,   0x00,   0x00,   0x00,
  0x46,   0xe4,   0xff,   0xff,   0x14,   0x00,   0x00,   0x00,   0x00,   0x00,   0x00,   0x0b,
  0x10,   0x00,   0x00,   0x00,   0x14,   0x00,   0x00,   0x00,   0x08,   0x00,   0x00,   0x00,
  0xa0,   0xd7,   0xfe,   0xff,   0x01,   0x00,   0x00,   0x00,   0xe5,   0x00,   0x00,   0x00,
  0x02,   0x00,   0x00,   0x00,   0xe1,   0x00,   0x00,   0x00,   0xe4,   0x00,   0x00,   0x00,
  0x76,   0xe4,   0xff,   0xff,   0x14,   0x00,   0x00,   0x00,   0x00,   0x00,   0x00,   0x15,
  0x10,   0x00,   0x00,   0x00,   0x14,   0x00,   0x00,   0x00,   0x0b,   0x00,   0x00,   0x00,
  0xd0,   0xd7,   0xfe,   0xff,   0x01,   0x00,   0x00,   0x00,   0xe4,   0x00,   0x00,   0x00,
  0x02,   0x00,   0x00,   0x00,   0xdf,   0x00,   0x00,   0x00,   0xe3,   0x00,   0x00,   0x00,
  0xe6,   0xe3,   0xff,   0xff,   0x0c,   0x00,   0x00,   0x00,   0x10,   0x00,   0x00,   0x00,
  0x0c,   0x00,   0x00,   0x00,   0x01,   0x00,   0x00,   0x00,   0xe3,   0x00,   0x00,   0x00,
  0x01,   0x00,   0x00,   0x00,   0xdd,   0x00,   0x00,   0x00,   0x06,   0xe4,   0xff,   0xff,
  0x0c,   0x00,   0x00,   0x00,   0x10,   0x00,   0x00,   0x00,   0x0a,   0x00,   0x00,   0x00,
  0x01,   0x00,   0x00,   0x00,   0xe2,   0x00,   0x00,   0x00,   0x01,   0x00,   0x00,   0x00,
  0xde,   0x00,   0x00,   0x00,   0xe6,   0xe4,   0xff,   0xff,   0x14,   0x00,   0x00,   0x00,
  0x00,   0x00,   0x00,   0x15,   0x10,   0x00,   0x00,   0x00,   0x14,   0x00,   0x00,   0x00,
  0x0b,   0x00,   0x00,   0x00,   0x40,   0xd8,   0xfe,   0xff,   0x01,   0x00,   0x00,   0x00,
  0xe1,   0x00,   0x00,   0x00,   0x02,   0x00,   0x00,   0x00,   0xe0,   0x00,   0x00,   0x00,
  0xd5,   0x00,   0x00,   0x00,   0x56,   0xe4,   0xff,   0xff,   0x0c,   0x00,   0x00,   0x00,
  0x10,   0x00,   0x00,   0x00,   0x0a,   0x00,   0x00,   0x00,   0x01,   0x00,   0x00,   0x00,
  0xe0,   0x00,   0x00,   0x00,   0x01,   0x00,   0x00,   0x00,   0xdc,   0x00,   0x00,   0x00,
  0x76,   0xe4,   0xff,   0xff,   0x0c,   0x00,   0x00,   0x00,   0x10,   0x00,   0x00,   0x00,
  0x0a,   0x00,   0x00,   0x00,   0x01,   0x00,   0x00,   0x00,   0xdf,   0x00,   0x00,   0x00,
  0x01,   0x00,   0x00,   0x00,   0xdb,   0x00,   0x00,   0x00,   0x56,   0xe5,   0xff,   0xff,
  0x14,   0x00,   0x00,   0x00,   0x00,   0x00,   0x00,   0x23,   0x14,   0x00,   0x00,   0x00,
  0x24,   0x00,   0x00,   0x00,   0x09,   0x00,   0x00,   0x00,   0x12,   0xe5,   0xff,   0xff,
  0x04,   0x00,   0x00,   0x00,   0x04,   0x00,   0x00,   0x00,   0xdb,   0x00,   0x00,   0x00,
  0xdc,   0x00,   0x00,   0x00,   0xdd,   0x00,   0x00,   0x00,   0xde,   0x00,   0x00,   0x00,
  0x02,   0x00,   0x00,   0x00,   0x05,   0x00,   0x00,   0x00,   0xda,   0x00,   0x00,   0x00,
  0x96,   0xe5,   0xff,   0xff,   0x14,   0x00,   0x00,   0x00,   0x00,   0x00,   0x00,   0x0b,
  0x10,   0x00,   0x00,   0x00,   0x14,   0x00,   0x00,   0x00,   0x08,   0x00,   0x00,   0x00,
  0xf0,   0xd8,   0xfe,   0xff,   0x01,   0x00,   0x00,   0x00,   0xda,   0x00,   0x00,   0x00,
  0x02,   0x00,   0x00,   0x00,   0xd9,   0x00,   0x00,   0x00,   0x0a,   0x00,   0x00,   0x00,
  0xc6,   0xe5,   0xff,   0xff,   0x14,   0x00,   0x00,   0x00,   0x00,   0x00,   0x00,   0x0b,
  0x10,   0x00,   0x00,   0x00,   0x14,   0x00,   0x00,   0x00,   0x08,   0x00,   0x00,   0x00,
  0x20,   0xd9,   0xfe,   0xff,   0x01,   0x00,   0x00,   0x00,   0xd9,   0x00,   0x00,   0x00,
  0x02,   0x00,   0x00,   0x00,   0x3d,   0x00,   0x00,   0x00,   0xd8,   0x00,   0x00,   0x00,
  0xf6,   0xe5,   0xff,   0xff,   0x14,   0x00,   0x00,   0x00,   0x00,   0x00,   0x00,   0x08,
  0x10,   0x00,   0x00,   0x00,   0x14,   0x00,   0x00,   0x00,   0x07,   0x00,   0x00,   0x00,
  0x50,   0xd9,   0xfe,   0xff,   0x01,   0x00,   0x00,   0x00,   0xd8,   0x00,   0x00,   0x00,
  0x03,   0x00,   0x00,   0x00,   0xd7,   0x00,   0x00,   0x00,   0x0c,   0x00,   0x00,   0x00,
  0xff,   0xff,   0xff,   0xff,   0x2a,   0xe6,   0xff,   0xff,   0x14,   0x00,   0x00,   0x00,
  0x00,   0x00,   0x00,   0x15,   0x10,   0x00,   0x00,   0x00,   0x14,   0x00,   0x00,   0x00,
  0x0b,   0x00,   0x00,   0x00,   0x84,   0xd9,   0xfe,   0xff,   0x01,   0x00,   0x00,   0x00,
  0xd7,   0x00,   0x00,   0x00,   0x02,   0x00,   0x00,   0x00,   0xd2,   0x00,   0x00,   0x00,
  0xd6,   0x00,   0x00,   0x00,   0x9a,   0xe5,   0xff,   0xff,   0x0c,   0x00,   0x00,   0x00,
  0x10,   0x00,   0x00,   0x00,   0x0c,   0x00,   0x00,   0x00,   0x01,   0x00,   0x00,   0x00,
  0xd6,   0x00,   0x00,   0x00,   0x01,   0x00,   0x00,   0x00,   0xd5,   0x00,   0x00,   0x00,
  0x7a,   0xe6,   0xff,   0xff,   0x14,   0x00,   0x00,   0x00,   0x00,   0x00,   0x00,   0x0b,
  0x10,   0x00,   0x00,   0x00,   0x14,   0x00,   0x00,   0x00,   0x08,   0x00,   0x00,   0x00,
  0xd4,   0xd9,   0xfe,   0xff,   0x01,   0x00,   0x00,   0x00,   0xd5,   0x00,   0x00,   0x00,
  0x02,   0x00,   0x00,   0x00,   0xd1,   0x00,   0x00,   0x00,   0xd4,   0x00,   0x00,   0x00,
  0xaa,   0xe6,   0xff,   0xff,   0x14,   0x00,   0x00,   0x00,   0x00,   0x00,   0x00,   0x15,
  0x10,   0x00,   0x00,   0x00,   0x14,   0x00,   0x00,   0x00,   0x0b,   0x00,   0x00,   0x00,
  0x04,   0xda,   0xfe,   0xff,   0x01,   0x00,   0x00,   0x00,   0xd4,   0x00,   0x00,   0x00,
  0x02,   0x00,   0x00,   0x00,   0xcf,   0x00,   0x00,   0x00,   0xd3,   0x00,   0x00,   0x00,
  0x1a,   0xe6,   0xff,   0xff,   0x0c,   0x00,   0x00,   0x00,   0x10,   0x00,   0x00,   0x00,
  0x0c,   0x00,   0x00,   0x00,   0x01,   0x00,   0x00,   0x00,   0xd3,   0x00,   0x00,   0x00,
  0x01,   0x00,   0x00,   0x00,   0xcd,   0x00,   0x00,   0x00,   0x3a,   0xe6,   0xff,   0xff,
  0x0c,   0x00,   0x00,   0x00,   0x10,   0x00,   0x00,   0x00,   0x0a,   0x00,   0x00,   0x00,
  0x01,   0x00,   0x00,   0x00,   0xd2,   0x00,   0x00,   0x00,   0x01,   0x00,   0x00,   0x00,
  0xce,   0x00,   0x00,   0x00,   0x1a,   0xe7,   0xff,   0xff,   0x14,   0x00,   0x00,   0x00,
  0x00,   0x00,   0x00,   0x15,   0x10,   0x00,   0x00,   0x00,   0x14,   0x00,   0x00,   0x00,
  0x0b,   0x00,   0x00,   0x00,   0x74,   0xda,   0xfe,   0xff,   0x01,   0x00,   0x00,   0x00,
  0xd1,   0x00,   0x00,   0x00,   0x02,   0x00,   0x00,   0x00,   0xd0,   0x00,   0x00,   0x00,
  0xc5,   0x00,   0x00,   0x00,   0x8a,   0xe6,   0xff,   0xff,   0x0c,   0x00,   0x00,   0x00,
  0x10,   0x00,   0x00,   0x00,   0x0a,   0x00,   0x00,   0x00,   0x01,   0x00,   0x00,   0x00,
  0xd0,   0x00,   0x00,   0x00,   0x01,   0x00,   0x00,   0x00,   0xcc,   0x00,   0x00,   0x00,
  0xaa,   0xe6,   0xff,   0xff,   0x0c,   0x00,   0x00,   0x00,   0x10,   0x00,   0x00,   0x00,
  0x0a,   0x00,   0x00,   0x00,   0x01,   0x00,   0x00,   0x00,   0xcf,   0x00,   0x00,   0x00,
  0x01,   0x00,   0x00,   0x00,   0xcb,   0x00,   0x00,   0x00,   0x8a,   0xe7,   0xff,   0xff,
  0x14,   0x00,   0x00,   0x00,   0x00,   0x00,   0x00,   0x23,   0x14,   0x00,   0x00,   0x00,
  0x24,   0x00,   0x00,   0x00,   0x09,   0x00,   0x00,   0x00,   0x46,   0xe7,   0xff,   0xff,
  0x04,   0x00,   0x00,   0x00,   0x04,   0x00,   0x00,   0x00,   0xcb,   0x00,   0x00,   0x00,
  0xcc,   0x00,   0x00,   0x00,   0xcd,   0x00,   0x00,   0x00,   0xce,   0x00,   0x00,   0x00,
  0x02,   0x00,   0x00,   0x00,   0x05,   0x00,   0x00,   0x00,   0xca,   0x00,   0x00,   0x00,
  0xca,   0xe7,   0xff,   0xff,   0x14,   0x00,   0x00,   0x00,   0x00,   0x00,   0x00,   0x0b,
  0x10,   0x00,   0x00,   0x00,   0x14,   0x00,   0x00,   0x00,   0x08,   0x00,   0x00,   0x00,
  0x24,   0xdb,   0xfe,   0xff,   0x01,   0x00,   0x00,   0x00,   0xca,   0x00,   0x00,   0x00,
  0x02,   0x00,   0x00,   0x00,   0xc9,   0x00,   0x00,   0x00,   0x0a,   0x00,   0x00,   0x00,
  0xfa,   0xe7,   0xff,   0xff,   0x14,   0x00,   0x00,   0x00,   0x00,   0x00,   0x00,   0x0b,
  0x10,   0x00,   0x00,   0x00,   0x14,   0x00,   0x00,   0x00,   0x08,   0x00,   0x00,   0x00,
  0x54,   0xdb,   0xfe,   0xff,   0x01,   0x00,   0x00,   0x00,   0xc9,   0x00,   0x00,   0x00,
  0x02,   0x00,   0x00,   0x00,   0x3c,   0x00,   0x00,   0x00,   0xc8,   0x00,   0x00,   0x00,
  0x2a,   0xe8,   0xff,   0xff,   0x14,   0x00,   0x00,   0x00,   0x00,   0x00,   0x00,   0x08,
  0x10,   0x00,   0x00,   0x00,   0x14,   0x00,   0x00,   0x00,   0x07,   0x00,   0x00,   0x00,
  0x84,   0xdb,   0xfe,   0xff,   0x01,   0x00,   0x00,   0x00,   0xc8,   0x00,   0x00,   0x00,
  0x03,   0x00,   0x00,   0x00,   0xc7,   0x00,   0x00,   0x00,   0x0c,   0x00,   0x00,   0x00,
  0xff,   0xff,   0xff,   0xff,   0x5e,   0xe8,   0xff,   0xff,   0x14,   0x00,   0x00,   0x00,
  0x00,   0x00,   0x00,   0x15,   0x10,   0x00,   0x00,   0x00,   0x14,   0x00,   0x00,   0x00,
  0x0b,   0x00,   0x00,   0x00,   0xb8,   0xdb,   0xfe,   0xff,   0x01,   0x00,   0x00,   0x00,
  0xc7,   0x00,   0x00,   0x00,   0x02,   0x00,   0x00,   0x00,   0xc2,   0x00,   0x00,   0x00,
  0xc6,   0x00,   0x00,   0x00,   0xce,   0xe7,   0xff,   0xff,   0x0c,   0x00,   0x00,   0x00,
  0x10,   0x00,   0x00,   0x00,   0x0c,   0x00,   0x00,   0x00,   0x01,   0x00,   0x00,   0x00,
  0xc6,   0x00,   0x00,   0x00,   0x01,   0x00,   0x00,   0x00,   0xc5,   0x00,   0x00,   0x00,
  0xae,   0xe8,   0xff,   0xff,   0x14,   0x00,   0x00,   0x00,   0x00,   0x00,   0x00,   0x0b,
  0x10,   0x00,   0x00,   0x00,   0x14,   0x00,   0x00,   0x00,   0x08,   0x00,   0x00,   0x00,
  0x08,   0xdc,   0xfe,   0xff,   0x01,   0x00,   0x00,   0x00,   0xc5,   0x00,   0x00,   0x00,
  0x02,   0x00,   0x00,   0x00,   0xc1,   0x00,   0x00,   0x00,   0xc4,   0x00,   0x00,   0x00,
  0xde,   0xe8,   0xff,   0xff,   0x14,   0x00,   0x00,   0x00,   0x00,   0x00,   0x00,   0x15,
  0x10,   0x00,   0x00,   0x00,   0x14,   0x00,   0x00,   0x00,   0x0b,   0x00,   0x00,   0x00,
  0x38,   0xdc,   0xfe,   0xff,   0x01,   0x00,   0x00,   0x00,   0xc4,   0x00,   0x00,   0x00,
  0x02,   0x00,   0x00,   0x00,   0xbf,   0x00,   0x00,   0x00,   0xc3,   0x00,   0x00,   0x00,
  0x4e,   0xe8,   0xff,   0xff,   0x0c,   0x00,   0x00,   0x00,   0x10,   0x00,   0x00,   0x00,
  0x0c,   0x00,   0x00,   0x00,   0x01,   0x00,   0x00,   0x00,   0xc3,   0x00,   0x00,   0x00,
  0x01,   0x00,   0x00,   0x00,   0xbd,   0x00,   0x00,   0x00,   0x6e,   0xe8,   0xff,   0xff,
  0x0c,   0x00,   0x00,   0x00,   0x10,   0x00,   0x00,   0x00,   0x0a,   0x00,   0x00,   0x00,
  0x01,   0x00,   0x00,   0x00,   0xc2,   0x00,   0x00,   0x00,   0x01,   0x00,   0x00,   0x00,
  0xbe,   0x00,   0x00,   0x00,   0x4e,   0xe9,   0xff,   0xff,   0x14,   0x00,   0x00,   0x00,
  0x00,   0x00,   0x00,   0x15,   0x10,   0x00,   0x00,   0x00,   0x14,   0x00,   0x00,   0x00,
  0x0b,   0x00,   0x00,   0x00,   0xa8,   0xdc,   0xfe,   0xff,   0x01,   0x00,   0x00,   0x00,
  0xc1,   0x00,   0x00,   0x00,   0x02,   0x00,   0x00,   0x00,   0xc0,   0x00,   0x00,   0x00,
  0xb5,   0x00,   0x00,   0x00,   0xbe,   0xe8,   0xff,   0xff,   0x0c,   0x00,   0x00,   0x00,
  0x10,   0x00,   0x00,   0x00,   0x0a,   0x00,   0x00,   0x00,   0x01,   0x00,   0x00,   0x00,
  0xc0,   0x00,   0x00,   0x00,   0x01,   0x00,   0x00,   0x00,   0xbc,   0x00,   0x00,   0x00,
  0xde,   0xe8,   0xff,   0xff,   0x0c,   0x00,   0x00,   0x00,   0x10,   0x00,   0x00,   0x00,
  0x0a,   0x00,   0x00,   0x00,   0x01,   0x00,   0x00,   0x00,   0xbf,   0x00,   0x00,   0x00,
  0x01,   0x00,   0x00,   0x00,   0xbb,   0x00,   0x00,   0x00,   0xbe,   0xe9,   0xff,   0xff,
  0x14,   0x00,   0x00,   0x00,   0x00,   0x00,   0x00,   0x23,   0x14,   0x00,   0x00,   0x00,
  0x24,   0x00,   0x00,   0x00,   0x09,   0x00,   0x00,   0x00,   0x7a,   0xe9,   0xff,   0xff,
  0x04,   0x00,   0x00,   0x00,   0x04,   0x00,   0x00,   0x00,   0xbb,   0x00,   0x00,   0x00,
  0xbc,   0x00,   0x00,   0x00,   0xbd,   0x00,   0x00,   0x00,   0xbe,   0x00,   0x00,   0x00,
  0x02,   0x00,   0x00,   0x00,   0x05,   0x00,   0x00,   0x00,   0xba,   0x00,   0x00,   0x00,
  0xfe,   0xe9,   0xff,   0xff,   0x14,   0x00,   0x00,   0x00,   0x00,   0x00,   0x00,   0x0b,
  0x10,   0x00,   0x00,   0x00,   0x14,   0x00,   0x00,   0x00,   0x08,   0x00,   0x00,   0x00,
  0x58,   0xdd,   0xfe,   0xff,   0x01,   0x00,   0x00,   0x00,   0xba,   0x00,   0x00,   0x00,
  0x02,   0x00,   0x00,   0x00,   0xb9,   0x00,   0x00,   0x00,   0x0a,   0x00,   0x00,   0x00,
  0x2e,   0xea,   0xff,   0xff,   0x14,   0x00,   0x00,   0x00,   0x00,   0x00,   0x00,   0x0b,
  0x10,   0x00,   0x00,   0x00,   0x14,   0x00,   0x00,   0x00,   0x08,   0x00,   0x00,   0x00,
  0x88,   0xdd,   0xfe,   0xff,   0x01,   0x00,   0x00,   0x00,   0xb9,   0x00,   0x00,   0x00,
  0x02,   0x00,   0x00,   0x00,   0x3b,   0x00,   0x00,   0x00,   0xb8,   0x00,   0x00,   0x00,
  0x5e,   0xea,   0xff,   0xff,   0x14,   0x00,   0x00,   0x00,   0x00,   0x00,   0x00,   0x08,
  0x10,   0x00,   0x00,   0x00,   0x14,   0x00,   0x00,   0x00,   0x07,   0x00,   0x00,   0x00,
  0xb8,   0xdd,   0xfe,   0xff,   0x01,   0x00,   0x00,   0x00,   0xb8,   0x00,   0x00,   0x00,
  0x03,   0x00,   0x00,   0x00,   0xb7,   0x00,   0x00,   0x00,   0x0c,   0x00,   0x00,   0x00,
  0xff,   0xff,   0xff,   0xff,   0x92,   0xea,   0xff,   0xff,   0x14,   0x00,   0x00,   0x00,
  0x00,   0x00,   0x00,   0x15,   0x10,   0x00,   0x00,   0x00,   0x14,   0x00,   0x00,   0x00,
  0x0b,   0x00,   0x00,   0x00,   0xec,   0xdd,   0xfe,   0xff,   0x01,   0x00,   0x00,   0x00,
  0xb7,   0x00,   0x00,   0x00,   0x02,   0x00,   0x00,   0x00,   0xb2,   0x00,   0x00,   0x00,
  0xb6,   0x00,   0x00,   0x00,   0x02,   0xea,   0xff,   0xff,   0x0c,   0x00,   0x00,   0x00,
  0x10,   0x00,   0x00,   0x00,   0x0c,   0x00,   0x00,   0x00,   0x01,   0x00,   0x00,   0x00,
  0xb6,   0x00,   0x00,   0x00,   0x01,   0x00,   0x00,   0x00,   0xb5,   0x00,   0x00,   0x00,
  0xe2,   0xea,   0xff,   0xff,   0x14,   0x00,   0x00,   0x00,   0x00,   0x00,   0x00,   0x0b,
  0x10,   0x00,   0x00,   0x00,   0x14,   0x00,   0x00,   0x00,   0x08,   0x00,   0x00,   0x00,
  0x3c,   0xde,   0xfe,   0xff,   0x01,   0x00,   0x00,   0x00,   0xb5,   0x00,   0x00,   0x00,
  0x02,   0x00,   0x00,   0x00,   0xb1,   0x00,   0x00,   0x00,   0xb4,   0x00,   0x00,   0x00,
  0x12,   0xeb,   0xff,   0xff,   0x14,   0x00,   0x00,   0x00,   0x00,   0x00,   0x00,   0x15,
  0x10,   0x00,   0x00,   0x00,   0x14,   0x00,   0x00,   0x00,   0x0b,   0x00,   0x00,   0x00,
  0x6c,   0xde,   0xfe,   0xff,   0x01,   0x00,   0x00,   0x00,   0xb4,   0x00,   0x00,   0x00,
  0x02,   0x00,   0x00,   0x00,   0xaf,   0x00,   0x00,   0x00,   0xb3,   0x00,   0x00,   0x00,
  0x82,   0xea,   0xff,   0xff,   0x0c,   0x00,   0x00,   0x00,   0x10,   0x00,   0x00,   0x00,
  0x0c,   0x00,   0x00,   0x00,   0x01,   0x00,   0x00,   0x00,   0xb3,   0x00,   0x00,   0x00,
  0x01,   0x00,   0x00,   0x00,   0xad,   0x00,   0x00,   0x00,   0xa2,   0xea,   0xff,   0xff,
  0x0c,   0x00,   0x00,   0x00,   0x10,   0x00,   0x00,   0x00,   0x0a,   0x00,   0x00,   0x00,
  0x01,   0x00,   0x00,   0x00,   0xb2,   0x00,   0x00,   0x00,   0x01,   0x00,   0x00,   0x00,
  0xae,   0x00,   0x00,   0x00,   0x82,   0xeb,   0xff,   0xff,   0x14,   0x00,   0x00,   0x00,
  0x00,   0x00,   0x00,   0x15,   0x10,   0x00,   0x00,   0x00,   0x14,   0x00,   0x00,   0x00,
  0x0b,   0x00,   0x00,   0x00,   0xdc,   0xde,   0xfe,   0xff,   0x01,   0x00,   0x00,   0x00,
  0xb1,   0x00,   0x00,   0x00,   0x02,   0x00,   0x00,   0x00,   0xb0,   0x00,   0x00,   0x00,
  0xa5,   0x00,   0x00,   0x00,   0xf2,   0xea,   0xff,   0xff,   0x0c,   0x00,   0x00,   0x00,
  0x10,   0x00,   0x00,   0x00,   0x0a,   0x00,   0x00,   0x00,   0x01,   0x00,   0x00,   0x00,
  0xb0,   0x00,   0x00,   0x00,   0x01,   0x00,   0x00,   0x00,   0xac,   0x00,   0x00,   0x00,
  0x12,   0xeb,   0xff,   0xff,   0x0c,   0x00,   0x00,   0x00,   0x10,   0x00,   0x00,   0x00,
  0x0a,   0x00,   0x00,   0x00,   0x01,   0x00,   0x00,   0x00,   0xaf,   0x00,   0x00,   0x00,
  0x01,   0x00,   0x00,   0x00,   0xab,   0x00,   0x00,   0x00,   0xf2,   0xeb,   0xff,   0xff,
  0x14,   0x00,   0x00,   0x00,   0x00,   0x00,   0x00,   0x23,   0x14,   0x00,   0x00,   0x00,
  0x24,   0x00,   0x00,   0x00,   0x09,   0x00,   0x00,   0x00,   0xae,   0xeb,   0xff,   0xff,
  0x04,   0x00,   0x00,   0x00,   0x04,   0x00,   0x00,   0x00,   0xab,   0x00,   0x00,   0x00,
  0xac,   0x00,   0x00,   0x00,   0xad,   0x00,   0x00,   0x00,   0xae,   0x00,   0x00,   0x00,
  0x02,   0x00,   0x00,   0x00,   0x05,   0x00,   0x00,   0x00,   0xaa,   0x00,   0x00,   0x00,
  0x32,   0xec,   0xff,   0xff,   0x14,   0x00,   0x00,   0x00,   0x00,   0x00,   0x00,   0x0b,
  0x10,   0x00,   0x00,   0x00,   0x14,   0x00,   0x00,   0x00,   0x08,   0x00,   0x00,   0x00,
  0x8c,   0xdf,   0xfe,   0xff,   0x01,   0x00,   0x00,   0x00,   0xaa,   0x00,   0x00,   0x00,
  0x02,   0x00,   0x00,   0x00,   0xa9,   0x00,   0x00,   0x00,   0x0a,   0x00,   0x00,   0x00,
  0x62,   0xec,   0xff,   0xff,   0x14,   0x00,   0x00,   0x00,   0x00,   0x00,   0x00,   0x0b,
  0x10,   0x00,   0x00,   0x00,   0x14,   0x00,   0x00,   0x00,   0x08,   0x00,   0x00,   0x00,
  0xbc,   0xdf,   0xfe,   0xff,   0x01,   0x00,   0x00,   0x00,   0xa9,   0x00,   0x00,   0x00,
  0x02,   0x00,   0x00,   0x00,   0x3a,   0x00,   0x00,   0x00,   0xa8,   0x00,   0x00,   0x00,
  0x92,   0xec,   0xff,   0xff,   0x14,   0x00,   0x00,   0x00,   0x00,   0x00,   0x00,   0x08,
  0x10,   0x00,   0x00,   0x00,   0x14,   0x00,   0x00,   0x00,   0x07,   0x00,   0x00,   0x00,
  0xec,   0xdf,   0xfe,   0xff,   0x01,   0x00,   0x00,   0x00,   0xa8,   0x00,   0x00,   0x00,
  0x03,   0x00,   0x00,   0x00,   0xa7,   0x00,   0x00,   0x00,   0x0c,   0x00,   0x00,   0x00,
  0xff,   0xff,   0xff,   0xff,   0xc6,   0xec,   0xff,   0xff,   0x14,   0x00,   0x00,   0x00,
  0x00,   0x00,   0x00,   0x15,   0x10,   0x00,   0x00,   0x00,   0x14,   0x00,   0x00,   0x00,
  0x0b,   0x00,   0x00,   0x00,   0x20,   0xe0,   0xfe,   0xff,   0x01,   0x00,   0x00,   0x00,
  0xa7,   0x00,   0x00,   0x00,   0x02,   0x00,   0x00,   0x00,   0xa2,   0x00,   0x00,   0x00,
  0xa6,   0x00,   0x00,   0x00,   0x36,   0xec,   0xff,   0xff,   0x0c,   0x00,   0x00,   0x00,
  0x10,   0x00,   0x00,   0x00,   0x0c,   0x00,   0x00,   0x00,   0x01,   0x00,   0x00,   0x00,
  0xa6,   0x00,   0x00,   0x00,   0x01,   0x00,   0x00,   0x00,   0xa5,   0x00,   0x00,   0x00,
  0x16,   0xed,   0xff,   0xff,   0x14,   0x00,   0x00,   0x00,   0x00,   0x00,   0x00,   0x0b,
  0x10,   0x00,   0x00,   0x00,   0x14,   0x00,   0x00,   0x00,   0x08,   0x00,   0x00,   0x00,
  0x70,   0xe0,   0xfe,   0xff,   0x01,   0x00,   0x00,   0x00,   0xa5,   0x00,   0x00,   0x00,
  0x02,   0x00,   0x00,   0x00,   0xa1,   0x00,   0x00,   0x00,   0xa4,   0x00,   0x00,   0x00,
  0x46,   0xed,   0xff,   0xff,   0x14,   0x00,   0x00,   0x00,   0x00,   0x00,   0x00,   0x15,
  0x10,   0x00,   0x00,   0x00,   0x14,   0x00,   0x00,   0x00,   0x0b,   0x00,   0x00,   0x00,
  0xa0,   0xe0,   0xfe,   0xff,   0x01,   0x00,   0x00,   0x00,   0xa4,   0x00,   0x00,   0x00,
  0x02,   0x00,   0x00,   0x00,   0x9f,   0x00,   0x00,   0x00,   0xa3,   0x00,   0x00,   0x00,
  0xb6,   0xec,   0xff,   0xff,   0x0c,   0x00,   0x00,   0x00,   0x10,   0x00,   0x00,   0x00,
  0x0c,   0x00,   0x00,   0x00,   0x01,   0x00,   0x00,   0x00,   0xa3,   0x00,   0x00,   0x00,
  0x01,   0x00,   0x00,   0x00,   0x9d,   0x00,   0x00,   0x00,   0xd6,   0xec,   0xff,   0xff,
  0x0c,   0x00,   0x00,   0x00,   0x10,   0x00,   0x00,   0x00,   0x0a,   0x00,   0x00,   0x00,
  0x01,   0x00,   0x00,   0x00,   0xa2,   0x00,   0x00,   0x00,   0x01,   0x00,   0x00,   0x00,
  0x9e,   0x00,   0x00,   0x00,   0xb6,   0xed,   0xff,   0xff,   0x14,   0x00,   0x00,   0x00,
  0x00,   0x00,   0x00,   0x15,   0x10,   0x00,   0x00,   0x00,   0x14,   0x00,   0x00,   0x00,
  0x0b,   0x00,   0x00,   0x00,   0x10,   0xe1,   0xfe,   0xff,   0x01,   0x00,   0x00,   0x00,
  0xa1,   0x00,   0x00,   0x00,   0x02,   0x00,   0x00,   0x00,   0xa0,   0x00,   0x00,   0x00,
  0x95,   0x00,   0x00,   0x00,   0x26,   0xed,   0xff,   0xff,   0x0c,   0x00,   0x00,   0x00,
  0x10,   0x00,   0x00,   0x00,   0x0a,   0x00,   0x00,   0x00,   0x01,   0x00,   0x00,   0x00,
  0xa0,   0x00,   0x00,   0x00,   0x01,   0x00,   0x00,   0x00,   0x9c,   0x00,   0x00,   0x00,
  0x46,   0xed,   0xff,   0xff,   0x0c,   0x00,   0x00,   0x00,   0x10,   0x00,   0x00,   0x00,
  0x0a,   0x00,   0x00,   0x00,   0x01,   0x00,   0x00,   0x00,   0x9f,   0x00,   0x00,   0x00,
  0x01,   0x00,   0x00,   0x00,   0x9b,   0x00,   0x00,   0x00,   0x26,   0xee,   0xff,   0xff,
  0x14,   0x00,   0x00,   0x00,   0x00,   0x00,   0x00,   0x23,   0x14,   0x00,   0x00,   0x00,
  0x24,   0x00,   0x00,   0x00,   0x09,   0x00,   0x00,   0x00,   0xe2,   0xed,   0xff,   0xff,
  0x04,   0x00,   0x00,   0x00,   0x04,   0x00,   0x00,   0x00,   0x9b,   0x00,   0x00,   0x00,
  0x9c,   0x00,   0x00,   0x00,   0x9d,   0x00,   0x00,   0x00,   0x9e,   0x00,   0x00,   0x00,
  0x02,   0x00,   0x00,   0x00,   0x05,   0x00,   0x00,   0x00,   0x9a,   0x00,   0x00,   0x00,
  0x66,   0xee,   0xff,   0xff,   0x14,   0x00,   0x00,   0x00,   0x00,   0x00,   0x00,   0x0b,
  0x10,   0x00,   0x00,   0x00,   0x14,   0x00,   0x00,   0x00,   0x08,   0x00,   0x00,   0x00,
  0xc0,   0xe1,   0xfe,   0xff,   0x01,   0x00,   0x00,   0x00,   0x9a,   0x00,   0x00,   0x00,
  0x02,   0x00,   0x00,   0x00,   0x99,   0x00,   0x00,   0x00,   0x0a,   0x00,   0x00,   0x00,
  0x96,   0xee,   0xff,   0xff,   0x14,   0x00,   0x00,   0x00,   0x00,   0x00,   0x00,   0x0b,
  0x10,   0x00,   0x00,   0x00,   0x14,   0x00,   0x00,   0x00,   0x08,   0x00,   0x00,   0x00,
  0xf0,   0xe1,   0xfe,   0xff,   0x01,   0x00,   0x00,   0x00,   0x99,   0x00,   0x00,   0x00,
  0x02,   0x00,   0x00,   0x00,   0x39,   0x00,   0x00,   0x00,   0x98,   0x00,   0x00,   0x00,
  0xc6,   0xee,   0xff,   0xff,   0x14,   0x00,   0x00,   0x00,   0x00,   0x00,   0x00,   0x08,
  0x10,   0x00,   0x00,   0x00,   0x14,   0x00,   0x00,   0x00,   0x07,   0x00,   0x00,   0x00,
  0x20,   0xe2,   0xfe,   0xff,   0x01,   0x00,   0x00,   0x00,   0x98,   0x00,   0x00,   0x00,
  0x03,   0x00,   0x00,   0x00,   0x97,   0x00,   0x00,   0x00,   0x0c,   0x00,   0x00,   0x00,
  0xff,   0xff,   0xff,   0xff,   0xfa,   0xee,   0xff,   0xff,   0x14,   0x00,   0x00,   0x00,
  0x00,   0x00,   0x00,   0x15,   0x10,   0x00,   0x00,   0x00,   0x14,   0x00,   0x00,   0x00,
  0x0b,   0x00,   0x00,   0x00,   0x54,   0xe2,   0xfe,   0xff,   0x01,   0x00,   0x00,   0x00,
  0x97,   0x00,   0x00,   0x00,   0x02,   0x00,   0x00,   0x00,   0x92,   0x00,   0x00,   0x00,
  0x96,   0x00,   0x00,   0x00,   0x6a,   0xee,   0xff,   0xff,   0x0c,   0x00,   0x00,   0x00,
  0x10,   0x00,   0x00,   0x00,   0x0c,   0x00,   0x00,   0x00,   0x01,   0x00,   0x00,   0x00,
  0x96,   0x00,   0x00,   0x00,   0x01,   0x00,   0x00,   0x00,   0x95,   0x00,   0x00,   0x00,
  0x4a,   0xef,   0xff,   0xff,   0x14,   0x00,   0x00,   0x00,   0x00,   0x00,   0x00,   0x0b,
  0x10,   0x00,   0x00,   0x00,   0x14,   0x00,   0x00,   0x00,   0x08,   0x00,   0x00,   0x00,
  0xa4,   0xe2,   0xfe,   0xff,   0x01,   0x00,   0x00,   0x00,   0x95,   0x00,   0x00,   0x00,
  0x02,   0x00,   0x00,   0x00,   0x91,   0x00,   0x00,   0x00,   0x94,   0x00,   0x00,   0x00,
  0x7a,   0xef,   0xff,   0xff,   0x14,   0x00,   0x00,   0x00,   0x00,   0x00,   0x00,   0x15,
  0x10,   0x00,   0x00,   0x00,   0x14,   0x00,   0x00,   0x00,   0x0b,   0x00,   0x00,   0x00,
  0xd4,   0xe2,   0xfe,   0xff,   0x01,   0x00,   0x00,   0x00,   0x94,   0x00,   0x00,   0x00,
  0x02,   0x00,   0x00,   0x00,   0x8f,   0x00,   0x00,   0x00,   0x93,   0x00,   0x00,   0x00,
  0xea,   0xee,   0xff,   0xff,   0x0c,   0x00,   0x00,   0x00,   0x10,   0x00,   0x00,   0x00,
  0x0c,   0x00,   0x00,   0x00,   0x01,   0x00,   0x00,   0x00,   0x93,   0x00,   0x00,   0x00,
  0x01,   0x00,   0x00,   0x00,   0x8d,   0x00,   0x00,   0x00,   0x0a,   0xef,   0xff,   0xff,
  0x0c,   0x00,   0x00,   0x00,   0x10,   0x00,   0x00,   0x00,   0x0a,   0x00,   0x00,   0x00,
  0x01,   0x00,   0x00,   0x00,   0x92,   0x00,   0x00,   0x00,   0x01,   0x00,   0x00,   0x00,
  0x8e,   0x00,   0x00,   0x00,   0xea,   0xef,   0xff,   0xff,   0x14,   0x00,   0x00,   0x00,
  0x00,   0x00,   0x00,   0x15,   0x10,   0x00,   0x00,   0x00,   0x14,   0x00,   0x00,   0x00,
  0x0b,   0x00,   0x00,   0x00,   0x44,   0xe3,   0xfe,   0xff,   0x01,   0x00,   0x00,   0x00,
  0x91,   0x00,   0x00,   0x00,   0x02,   0x00,   0x00,   0x00,   0x90,   0x00,   0x00,   0x00,
  0x85,   0x00,   0x00,   0x00,   0x5a,   0xef,   0xff,   0xff,   0x0c,   0x00,   0x00,   0x00,
  0x10,   0x00,   0x00,   0x00,   0x0a,   0x00,   0x00,   0x00,   0x01,   0x00,   0x00,   0x00,
  0x90,   0x00,   0x00,   0x00,   0x01,   0x00,   0x00,   0x00,   0x8c,   0x00,   0x00,   0x00,
  0x7a,   0xef,   0xff,   0xff,   0x0c,   0x00,   0x00,   0x00,   0x10,   0x00,   0x00,   0x00,
  0x0a,   0x00,   0x00,   0x00,   0x01,   0x00,   0x00,   0x00,   0x8f,   0x00,   0x00,   0x00,
  0x01,   0x00,   0x00,   0x00,   0x8b,   0x00,   0x00,   0x00,   0x5a,   0xf0,   0xff,   0xff,
  0x14,   0x00,   0x00,   0x00,   0x00,   0x00,   0x00,   0x23,   0x14,   0x00,   0x00,   0x00,
  0x24,   0x00,   0x00,   0x00,   0x09,   0x00,   0x00,   0x00,   0x16,   0xf0,   0xff,   0xff,
  0x04,   0x00,   0x00,   0x00,   0x04,   0x00,   0x00,   0x00,   0x8b,   0x00,   0x00,   0x00,
  0x8c,   0x00,   0x00,   0x00,   0x8d,   0x00,   0x00,   0x00,   0x8e,   0x00,   0x00,   0x00,
  0x02,   0x00,   0x00,   0x00,   0x05,   0x00,   0x00,   0x00,   0x8a,   0x00,   0x00,   0x00,
  0x9a,   0xf0,   0xff,   0xff,   0x14,   0x00,   0x00,   0x00,   0x00,   0x00,   0x00,   0x0b,
  0x10,   0x00,   0x00,   0x00,   0x14,   0x00,   0x00,   0x00,   0x08,   0x00,   0x00,   0x00,
  0xf4,   0xe3,   0xfe,   0xff,   0x01,   0x00,   0x00,   0x00,   0x8a,   0x00,   0x00,   0x00,
  0x02,   0x00,   0x00,   0x00,   0x89,   0x00,   0x00,   0x00,   0x0a,   0x00,   0x00,   0x00,
  0xca,   0xf0,   0xff,   0xff,   0x14,   0x00,   0x00,   0x00,   0x00,   0x00,   0x00,   0x0b,
  0x10,   0x00,   0x00,   0x00,   0x14,   0x00,   0x00,   0x00,   0x08,   0x00,   0x00,   0x00,
  0x24,   0xe4,   0xfe,   0xff,   0x01,   0x00,   0x00,   0x00,   0x89,   0x00,   0x00,   0x00,
  0x02,   0x00,   0x00,   0x00,   0x38,   0x00,   0x00,   0x00,   0x88,   0x00,   0x00,   0x00,
  0xfa,   0xf0,   0xff,   0xff,   0x14,   0x00,   0x00,   0x00,   0x00,   0x00,   0x00,   0x08,
  0x10,   0x00,   0x00,   0x00,   0x14,   0x00,   0x00,   0x00,   0x07,   0x00,   0x00,   0x00,
  0x54,   0xe4,   0xfe,   0xff,   0x01,   0x00,   0x00,   0x00,   0x88,   0x00,   0x00,   0x00,
  0x03,   0x00,   0x00,   0x00,   0x87,   0x00,   0x00,   0x00,   0x0c,   0x00,   0x00,   0x00,
  0xff,   0xff,   0xff,   0xff,   0x2e,   0xf1,   0xff,   0xff,   0x14,   0x00,   0x00,   0x00,
  0x00,   0x00,   0x00,   0x15,   0x10,   0x00,   0x00,   0x00,   0x14,   0x00,   0x00,   0x00,
  0x0b,   0x00,   0x00,   0x00,   0x88,   0xe4,   0xfe,   0xff,   0x01,   0x00,   0x00,   0x00,
  0x87,   0x00,   0x00,   0x00,   0x02,   0x00,   0x00,   0x00,   0x82,   0x00,   0x00,   0x00,
  0x86,   0x00,   0x00,   0x00,   0x9e,   0xf0,   0xff,   0xff,   0x0c,   0x00,   0x00,   0x00,
  0x10,   0x00,   0x00,   0x00,   0x0c,   0x00,   0x00,   0x00,   0x01,   0x00,   0x00,   0x00,
  0x86,   0x00,   0x00,   0x00,   0x01,   0x00,   0x00,   0x00,   0x85,   0x00,   0x00,   0x00,
  0x7e,   0xf1,   0xff,   0xff,   0x14,   0x00,   0x00,   0x00,   0x00,   0x00,   0x00,   0x0b,
  0x10,   0x00,   0x00,   0x00,   0x14,   0x00,   0x00,   0x00,   0x08,   0x00,   0x00,   0x00,
  0xd8,   0xe4,   0xfe,   0xff,   0x01,   0x00,   0x00,   0x00,   0x85,   0x00,   0x00,   0x00,
  0x02,   0x00,   0x00,   0x00,   0x81,   0x00,   0x00,   0x00,   0x84,   0x00,   0x00,   0x00,
  0xae,   0xf1,   0xff,   0xff,   0x14,   0x00,   0x00,   0x00,   0x00,   0x00,   0x00,   0x15,
  0x10,   0x00,   0x00,   0x00,   0x14,   0x00,   0x00,   0x00,   0x0b,   0x00,   0x00,   0x00,
  0x08,   0xe5,   0xfe,   0xff,   0x01,   0x00,   0x00,   0x00,   0x84,   0x00,   0x00,   0x00,
  0x02,   0x00,   0x00,   0x00,   0x7f,   0x00,   0x00,   0x00,   0x83,   0x00,   0x00,   0x00,
  0x1e,   0xf1,   0xff,   0xff,   0x0c,   0x00,   0x00,   0x00,   0x10,   0x00,   0x00,   0x00,
  0x0c,   0x00,   0x00,   0x00,   0x01,   0x00,   0x00,   0x00,   0x83,   0x00,   0x00,   0x00,
  0x01,   0x00,   0x00,   0x00,   0x7d,   0x00,   0x00,   0x00,   0x3e,   0xf1,   0xff,   0xff,
  0x0c,   0x00,   0x00,   0x00,   0x10,   0x00,   0x00,   0x00,   0x0a,   0x00,   0x00,   0x00,
  0x01,   0x00,   0x00,   0x00,   0x82,   0x00,   0x00,   0x00,   0x01,   0x00,   0x00,   0x00,
  0x7e,   0x00,   0x00,   0x00,   0x1e,   0xf2,   0xff,   0xff,   0x14,   0x00,   0x00,   0x00,
  0x00,   0x00,   0x00,   0x15,   0x10,   0x00,   0x00,   0x00,   0x14,   0x00,   0x00,   0x00,
  0x0b,   0x00,   0x00,   0x00,   0x78,   0xe5,   0xfe,   0xff,   0x01,   0x00,   0x00,   0x00,
  0x81,   0x00,   0x00,   0x00,   0x02,   0x00,   0x00,   0x00,   0x80,   0x00,   0x00,   0x00,
  0x74,   0x00,   0x00,   0x00,   0x8e,   0xf1,   0xff,   0xff,   0x0c,   0x00,   0x00,   0x00,
  0x10,   0x00,   0x00,   0x00,   0x0a,   0x00,   0x00,   0x00,   0x01,   0x00,   0x00,   0x00,
  0x80,   0x00,   0x00,   0x00,   0x01,   0x00,   0x00,   0x00,   0x7c,   0x00,   0x00,   0x00,
  0xae,   0xf1,   0xff,   0xff,   0x0c,   0x00,   0x00,   0x00,   0x10,   0x00,   0x00,   0x00,
  0x0a,   0x00,   0x00,   0x00,   0x01,   0x00,   0x00,   0x00,   0x7f,   0x00,   0x00,   0x00,
  0x01,   0x00,   0x00,   0x00,   0x7b,   0x00,   0x00,   0x00,   0x8e,   0xf2,   0xff,   0xff,
  0x14,   0x00,   0x00,   0x00,   0x00,   0x00,   0x00,   0x23,   0x14,   0x00,   0x00,   0x00,
  0x24,   0x00,   0x00,   0x00,   0x09,   0x00,   0x00,   0x00,   0x4a,   0xf2,   0xff,   0xff,
  0x04,   0x00,   0x00,   0x00,   0x04,   0x00,   0x00,   0x00,   0x7b,   0x00,   0x00,   0x00,
  0x7c,   0x00,   0x00,   0x00,   0x7d,   0x00,   0x00,   0x00,   0x7e,   0x00,   0x00,   0x00,
  0x02,   0x00,   0x00,   0x00,   0x05,   0x00,   0x00,   0x00,   0x7a,   0x00,   0x00,   0x00,
  0xce,   0xf2,   0xff,   0xff,   0x14,   0x00,   0x00,   0x00,   0x00,   0x00,   0x00,   0x0b,
  0x10,   0x00,   0x00,   0x00,   0x14,   0x00,   0x00,   0x00,   0x08,   0x00,   0x00,   0x00,
  0x28,   0xe6,   0xfe,   0xff,   0x01,   0x00,   0x00,   0x00,   0x7a,   0x00,   0x00,   0x00,
  0x02,   0x00,   0x00,   0x00,   0x79,   0x00,   0x00,   0x00,   0x0a,   0x00,   0x00,   0x00,
  0xfe,   0xf2,   0xff,   0xff,   0x14,   0x00,   0x00,   0x00,   0x00,   0x00,   0x00,   0x0b,
  0x10,   0x00,   0x00,   0x00,   0x14,   0x00,   0x00,   0x00,   0x08,   0x00,   0x00,   0x00,
  0x58,   0xe6,   0xfe,   0xff,   0x01,   0x00,   0x00,   0x00,   0x79,   0x00,   0x00,   0x00,
  0x02,   0x00,   0x00,   0x00,   0x78,   0x00,   0x00,   0x00,   0x77,   0x00,   0x00,   0x00,
  0x2e,   0xf3,   0xff,   0xff,   0x14,   0x00,   0x00,   0x00,   0x00,   0x00,   0x00,   0x08,
  0x10,   0x00,   0x00,   0x00,   0x14,   0x00,   0x00,   0x00,   0x07,   0x00,   0x00,   0x00,
  0x88,   0xe6,   0xfe,   0xff,   0x01,   0x00,   0x00,   0x00,   0x78,   0x00,   0x00,   0x00,
  0x03,   0x00,   0x00,   0x00,   0x16,   0x00,   0x00,   0x00,   0x0b,   0x00,   0x00,   0x00,
  0xff,   0xff,   0xff,   0xff,   0x62,   0xf3,   0xff,   0xff,   0x14,   0x00,   0x00,   0x00,
  0x00,   0x00,   0x00,   0x08,   0x10,   0x00,   0x00,   0x00,   0x14,   0x00,   0x00,   0x00,
  0x07,   0x00,   0x00,   0x00,   0xbc,   0xe6,   0xfe,   0xff,   0x01,   0x00,   0x00,   0x00,
  0x77,   0x00,   0x00,   0x00,   0x03,   0x00,   0x00,   0x00,   0x76,   0x00,   0x00,   0x00,
  0x0c,   0x00,   0x00,   0x00,   0xff,   0xff,   0xff,   0xff,   0x96,   0xf3,   0xff,   0xff,
  0x14,   0x00,   0x00,   0x00,   0x00,   0x00,   0x00,   0x15,   0x10,   0x00,   0x00,   0x00,
  0x14,   0x00,   0x00,   0x00,   0x0b,   0x00,   0x00,   0x00,   0xf0,   0xe6,   0xfe,   0xff,
  0x01,   0x00,   0x00,   0x00,   0x76,   0x00,   0x00,   0x00,   0x02,   0x00,   0x00,   0x00,
  0x71,   0x00,   0x00,   0x00,   0x75,   0x00,   0x00,   0x00,   0x06,   0xf3,   0xff,   0xff,
  0x0c,   0x00,   0x00,   0x00,   0x10,   0x00,   0x00,   0x00,   0x0c,   0x00,   0x00,   0x00,
  0x01,   0x00,   0x00,   0x00,   0x75,   0x00,   0x00,   0x00,   0x01,   0x00,   0x00,   0x00,
  0x74,   0x00,   0x00,   0x00,   0xe6,   0xf3,   0xff,   0xff,   0x14,   0x00,   0x00,   0x00,
  0x00,   0x00,   0x00,   0x0b,   0x10,   0x00,   0x00,   0x00,   0x14,   0x00,   0x00,   0x00,
  0x08,   0x00,   0x00,   0x00,   0x40,   0xe7,   0xfe,   0xff,   0x01,   0x00,   0x00,   0x00,
  0x74,   0x00,   0x00,   0x00,   0x02,   0x00,   0x00,   0x00,   0x70,   0x00,   0x00,   0x00,
  0x73,   0x00,   0x00,   0x00,   0x16,   0xf4,   0xff,   0xff,   0x14,   0x00,   0x00,   0x00,
  0x00,   0x00,   0x00,   0x15,   0x10,   0x00,   0x00,   0x00,   0x14,   0x00,   0x00,   0x00,
  0x0b,   0x00,   0x00,   0x00,   0x70,   0xe7,   0xfe,   0xff,   0x01,   0x00,   0x00,   0x00,
  0x73,   0x00,   0x00,   0x00,   0x02,   0x00,   0x00,   0x00,   0x6e,   0x00,   0x00,   0x00,
  0x72,   0x00,   0x00,   0x00,   0x86,   0xf3,   0xff,   0xff,   0x0c,   0x00,   0x00,   0x00,
  0x10,   0x00,   0x00,   0x00,   0x0c,   0x00,   0x00,   0x00,   0x01,   0x00,   0x00,   0x00,
  0x72,   0x00,   0x00,   0x00,   0x01,   0x00,   0x00,   0x00,   0x6c,   0x00,   0x00,   0x00,
  0xa6,   0xf3,   0xff,   0xff,   0x0c,   0x00,   0x00,   0x00,   0x10,   0x00,   0x00,   0x00,
  0x0a,   0x00,   0x00,   0x00,   0x01,   0x00,   0x00,   0x00,   0x71,   0x00,   0x00,   0x00,
  0x01,   0x00,   0x00,   0x00,   0x6d,   0x00,   0x00,   0x00,   0x86,   0xf4,   0xff,   0xff,
  0x14,   0x00,   0x00,   0x00,   0x00,   0x00,   0x00,   0x15,   0x10,   0x00,   0x00,   0x00,
  0x14,   0x00,   0x00,   0x00,   0x0b,   0x00,   0x00,   0x00,   0xe0,   0xe7,   0xfe,   0xff,
  0x01,   0x00,   0x00,   0x00,   0x70,   0x00,   0x00,   0x00,   0x02,   0x00,   0x00,   0x00,
  0x6f,   0x00,   0x00,   0x00,   0x63,   0x00,   0x00,   0x00,   0xf6,   0xf3,   0xff,   0xff,
  0x0c,   0x00,   0x00,   0x00,   0x10,   0x00,   0x00,   0x00,   0x0a,   0x00,   0x00,   0x00,
  0x01,   0x00,   0x00,   0x00,   0x6f,   0x00,   0x00,   0x00,   0x01,   0x00,   0x00,   0x00,
  0x6b,   0x00,   0x00,   0x00,   0x16,   0xf4,   0xff,   0xff,   0x0c,   0x00,   0x00,   0x00,
  0x10,   0x00,   0x00,   0x00,   0x0a,   0x00,   0x00,   0x00,   0x01,   0x00,   0x00,   0x00,
  0x6e,   0x00,   0x00,   0x00,   0x01,   0x00,   0x00,   0x00,   0x6a,   0x00,   0x00,   0x00,
  0xf6,   0xf4,   0xff,   0xff,   0x14,   0x00,   0x00,   0x00,   0x00,   0x00,   0x00,   0x23,
  0x14,   0x00,   0x00,   0x00,   0x24,   0x00,   0x00,   0x00,   0x09,   0x00,   0x00,   0x00,
  0xb2,   0xf4,   0xff,   0xff,   0x04,   0x00,   0x00,   0x00,   0x04,   0x00,   0x00,   0x00,
  0x6a,   0x00,   0x00,   0x00,   0x6b,   0x00,   0x00,   0x00,   0x6c,   0x00,   0x00,   0x00,
  0x6d,   0x00,   0x00,   0x00,   0x02,   0x00,   0x00,   0x00,   0x05,   0x00,   0x00,   0x00,
  0x69,   0x00,   0x00,   0x00,   0x36,   0xf5,   0xff,   0xff,   0x14,   0x00,   0x00,   0x00,
  0x00,   0x00,   0x00,   0x0b,   0x10,   0x00,   0x00,   0x00,   0x14,   0x00,   0x00,   0x00,
  0x08,   0x00,   0x00,   0x00,   0x90,   0xe8,   0xfe,   0xff,   0x01,   0x00,   0x00,   0x00,
  0x69,   0x00,   0x00,   0x00,   0x02,   0x00,   0x00,   0x00,   0x68,   0x00,   0x00,   0x00,
  0x0a,   0x00,   0x00,   0x00,   0x66,   0xf5,   0xff,   0xff,   0x14,   0x00,   0x00,   0x00,
  0x00,   0x00,   0x00,   0x0b,   0x10,   0x00,   0x00,   0x00,   0x14,   0x00,   0x00,   0x00,
  0x08,   0x00,   0x00,   0x00,   0xc0,   0xe8,   0xfe,   0xff,   0x01,   0x00,   0x00,   0x00,
  0x68,   0x00,   0x00,   0x00,   0x02,   0x00,   0x00,   0x00,   0x67,   0x00,   0x00,   0x00,
  0x66,   0x00,   0x00,   0x00,   0x96,   0xf5,   0xff,   0xff,   0x14,   0x00,   0x00,   0x00,
  0x00,   0x00,   0x00,   0x08,   0x10,   0x00,   0x00,   0x00,   0x14,   0x00,   0x00,   0x00,
  0x07,   0x00,   0x00,   0x00,   0xf0,   0xe8,   0xfe,   0xff,   0x01,   0x00,   0x00,   0x00,
  0x67,   0x00,   0x00,   0x00,   0x03,   0x00,   0x00,   0x00,   0x15,   0x00,   0x00,   0x00,
  0x0b,   0x00,   0x00,   0x00,   0xff,   0xff,   0xff,   0xff,   0xca,   0xf5,   0xff,   0xff,
  0x14,   0x00,   0x00,   0x00,   0x00,   0x00,   0x00,   0x08,   0x10,   0x00,   0x00,   0x00,
  0x14,   0x00,   0x00,   0x00,   0x07,   0x00,   0x00,   0x00,   0x24,   0xe9,   0xfe,   0xff,
  0x01,   0x00,   0x00,   0x00,   0x66,   0x00,   0x00,   0x00,   0x03,   0x00,   0x00,   0x00,
  0x65,   0x00,   0x00,   0x00,   0x0c,   0x00,   0x00,   0x00,   0xff,   0xff,   0xff,   0xff,
  0xfe,   0xf5,   0xff,   0xff,   0x14,   0x00,   0x00,   0x00,   0x00,   0x00,   0x00,   0x15,
  0x10,   0x00,   0x00,   0x00,   0x14,   0x00,   0x00,   0x00,   0x0b,   0x00,   0x00,   0x00,
  0x58,   0xe9,   0xfe,   0xff,   0x01,   0x00,   0x00,   0x00,   0x65,   0x00,   0x00,   0x00,
  0x02,   0x00,   0x00,   0x00,   0x60,   0x00,   0x00,   0x00,   0x64,   0x00,   0x00,   0x00,
  0x6e,   0xf5,   0xff,   0xff,   0x0c,   0x00,   0x00,   0x00,   0x10,   0x00,   0x00,   0x00,
  0x0c,   0x00,   0x00,   0x00,   0x01,   0x00,   0x00,   0x00,   0x64,   0x00,   0x00,   0x00,
  0x01,   0x00,   0x00,   0x00,   0x63,   0x00,   0x00,   0x00,   0x4e,   0xf6,   0xff,   0xff,
  0x14,   0x00,   0x00,   0x00,   0x00,   0x00,   0x00,   0x0b,   0x10,   0x00,   0x00,   0x00,
  0x14,   0x00,   0x00,   0x00,   0x08,   0x00,   0x00,   0x00,   0xa8,   0xe9,   0xfe,   0xff,
  0x01,   0x00,   0x00,   0x00,   0x63,   0x00,   0x00,   0x00,   0x02,   0x00,   0x00,   0x00,
  0x5f,   0x00,   0x00,   0x00,   0x62,   0x00,   0x00,   0x00,   0x7e,   0xf6,   0xff,   0xff,
  0x14,   0x00,   0x00,   0x00,   0x00,   0x00,   0x00,   0x15,   0x10,   0x00,   0x00,   0x00,
  0x14,   0x00,   0x00,   0x00,   0x0b,   0x00,   0x00,   0x00,   0xd8,   0xe9,   0xfe,   0xff,
  0x01,   0x00,   0x00,   0x00,   0x62,   0x00,   0x00,   0x00,   0x02,   0x00,   0x00,   0x00,
  0x5d,   0x00,   0x00,   0x00,   0x61,   0x00,   0x00,   0x00,   0xee,   0xf5,   0xff,   0xff,
  0x0c,   0x00,   0x00,   0x00,   0x10,   0x00,   0x00,   0x00,   0x0c,   0x00,   0x00,   0x00,
  0x01,   0x00,   0x00,   0x00,   0x61,   0x00,   0x00,   0x00,   0x01,   0x00,   0x00,   0x00,
  0x5b,   0x00,   0x00,   0x00,   0x0e,   0xf6,   0xff,   0xff,   0x0c,   0x00,   0x00,   0x00,
  0x10,   0x00,   0x00,   0x00,   0x0a,   0x00,   0x00,   0x00,   0x01,   0x00,   0x00,   0x00,
  0x60,   0x00,   0x00,   0x00,   0x01,   0x00,   0x00,   0x00,   0x5c,   0x00,   0x00,   0x00,
  0xee,   0xf6,   0xff,   0xff,   0x14,   0x00,   0x00,   0x00,   0x00,   0x00,   0x00,   0x15,
  0x10,   0x00,   0x00,   0x00,   0x14,   0x00,   0x00,   0x00,   0x0b,   0x00,   0x00,   0x00,
  0x48,   0xea,   0xfe,   0xff,   0x01,   0x00,   0x00,   0x00,   0x5f,   0x00,   0x00,   0x00,
  0x02,   0x00,   0x00,   0x00,   0x5e,   0x00,   0x00,   0x00,   0x4f,   0x00,   0x00,   0x00,
  0x5e,   0xf6,   0xff,   0xff,   0x0c,   0x00,   0x00,   0x00,   0x10,   0x00,   0x00,   0x00,
  0x0a,   0x00,   0x00,   0x00,   0x01,   0x00,   0x00,   0x00,   0x5e,   0x00,   0x00,   0x00,
  0x01,   0x00,   0x00,   0x00,   0x5a,   0x00,   0x00,   0x00,   0x7e,   0xf6,   0xff,   0xff,
  0x0c,   0x00,   0x00,   0x00,   0x10,   0x00,   0x00,   0x00,   0x0a,   0x00,   0x00,   0x00,
  0x01,   0x00,   0x00,   0x00,   0x5d,   0x00,   0x00,   0x00,   0x01,   0x00,   0x00,   0x00,
  0x59,   0x00,   0x00,   0x00,   0x5e,   0xf7,   0xff,   0xff,   0x14,   0x00,   0x00,   0x00,
  0x00,   0x00,   0x00,   0x23,   0x14,   0x00,   0x00,   0x00,   0x24,   0x00,   0x00,   0x00,
  0x09,   0x00,   0x00,   0x00,   0x1a,   0xf7,   0xff,   0xff,   0x04,   0x00,   0x00,   0x00,
  0x04,   0x00,   0x00,   0x00,   0x59,   0x00,   0x00,   0x00,   0x5a,   0x00,   0x00,   0x00,
  0x5b,   0x00,   0x00,   0x00,   0x5c,   0x00,   0x00,   0x00,   0x02,   0x00,   0x00,   0x00,
  0x05,   0x00,   0x00,   0x00,   0x58,   0x00,   0x00,   0x00,   0x9e,   0xf7,   0xff,   0xff,
  0x14,   0x00,   0x00,   0x00,   0x00,   0x00,   0x00,   0x0b,   0x10,   0x00,   0x00,   0x00,
  0x14,   0x00,   0x00,   0x00,   0x08,   0x00,   0x00,   0x00,   0xf8,   0xea,   0xfe,   0xff,
  0x01,   0x00,   0x00,   0x00,   0x58,   0x00,   0x00,   0x00,   0x02,   0x00,   0x00,   0x00,
  0x57,   0x00,   0x00,   0x00,   0x0a,   0x00,   0x00,   0x00,   0xce,   0xf7,   0xff,   0xff,
  0x14,   0x00,   0x00,   0x00,   0x00,   0x00,   0x00,   0x0b,   0x10,   0x00,   0x00,   0x00,
  0x14,   0x00,   0x00,   0x00,   0x08,   0x00,   0x00,   0x00,   0x28,   0xeb,   0xfe,   0xff,
  0x01,   0x00,   0x00,   0x00,   0x57,   0x00,   0x00,   0x00,   0x02,   0x00,   0x00,   0x00,
  0x56,   0x00,   0x00,   0x00,   0x52,   0x00,   0x00,   0x00,   0xfe,   0xf7,   0xff,   0xff,
  0x14,   0x00,   0x00,   0x00,   0x00,   0x00,   0x00,   0x08,   0x10,   0x00,   0x00,   0x00,
  0x14,   0x00,   0x00,   0x00,   0x07,   0x00,   0x00,   0x00,   0x58,   0xeb,   0xfe,   0xff,
  0x01,   0x00,   0x00,   0x00,   0x56,   0x00,   0x00,   0x00,   0x03,   0x00,   0x00,   0x00,
  0x14,   0x00,   0x00,   0x00,   0x0b,   0x00,   0x00,   0x00,   0xff,   0xff,   0xff,   0xff,
  0x32,   0xf8,   0xff,   0xff,   0x14,   0x00,   0x00,   0x00,   0x00,   0x00,   0x00,   0x08,
  0x10,   0x00,   0x00,   0x00,   0x14,   0x00,   0x00,   0x00,   0x07,   0x00,   0x00,   0x00,
  0x8c,   0xeb,   0xfe,   0xff,   0x01,   0x00,   0x00,   0x00,   0x55,   0x00,   0x00,   0x00,
  0x03,   0x00,   0x00,   0x00,   0x23,   0x00,   0x00,   0x00,   0x0b,   0x00,   0x00,   0x00,
  0xff,   0xff,   0xff,   0xff,   0x66,   0xf8,   0xff,   0xff,   0x14,   0x00,   0x00,   0x00,
  0x00,   0x00,   0x00,   0x08,   0x10,   0x00,   0x00,   0x00,   0x14,   0x00,   0x00,   0x00,
  0x07,   0x00,   0x00,   0x00,   0xc0,   0xeb,   0xfe,   0xff,   0x01,   0x00,   0x00,   0x00,
  0x54,   0x00,   0x00,   0x00,   0x03,   0x00,   0x00,   0x00,   0x22,   0x00,   0x00,   0x00,
  0x0b,   0x00,   0x00,   0x00,   0xff,   0xff,   0xff,   0xff,   0x9a,   0xf8,   0xff,   0xff,
  0x14,   0x00,   0x00,   0x00,   0x00,   0x00,   0x00,   0x08,   0x10,   0x00,   0x00,   0x00,
  0x14,   0x00,   0x00,   0x00,   0x07,   0x00,   0x00,   0x00,   0xf4,   0xeb,   0xfe,   0xff,
  0x01,   0x00,   0x00,   0x00,   0x53,   0x00,   0x00,   0x00,   0x03,   0x00,   0x00,   0x00,
  0x21,   0x00,   0x00,   0x00,   0x0b,   0x00,   0x00,   0x00,   0xff,   0xff,   0xff,   0xff,
  0xce,   0xf8,   0xff,   0xff,   0x14,   0x00,   0x00,   0x00,   0x00,   0x00,   0x00,   0x08,
  0x10,   0x00,   0x00,   0x00,   0x14,   0x00,   0x00,   0x00,   0x07,   0x00,   0x00,   0x00,
  0x28,   0xec,   0xfe,   0xff,   0x01,   0x00,   0x00,   0x00,   0x52,   0x00,   0x00,   0x00,
  0x03,   0x00,   0x00,   0x00,   0x51,   0x00,   0x00,   0x00,   0x0c,   0x00,   0x00,   0x00,
  0xff,   0xff,   0xff,   0xff,   0x02,   0xf9,   0xff,   0xff,   0x14,   0x00,   0x00,   0x00,
  0x00,   0x00,   0x00,   0x15,   0x10,   0x00,   0x00,   0x00,   0x14,   0x00,   0x00,   0x00,
  0x0b,   0x00,   0x00,   0x00,   0x5c,   0xec,   0xfe,   0xff,   0x01,   0x00,   0x00,   0x00,
  0x51,   0x00,   0x00,   0x00,   0x02,   0x00,   0x00,   0x00,   0x4c,   0x00,   0x00,   0x00,
  0x50,   0x00,   0x00,   0x00,   0x72,   0xf8,   0xff,   0xff,   0x0c,   0x00,   0x00,   0x00,
  0x10,   0x00,   0x00,   0x00,   0x0c,   0x00,   0x00,   0x00,   0x01,   0x00,   0x00,   0x00,
  0x50,   0x00,   0x00,   0x00,   0x01,   0x00,   0x00,   0x00,   0x4f,   0x00,   0x00,   0x00,
  0x52,   0xf9,   0xff,   0xff,   0x14,   0x00,   0x00,   0x00,   0x00,   0x00,   0x00,   0x0b,
  0x10,   0x00,   0x00,   0x00,   0x14,   0x00,   0x00,   0x00,   0x08,   0x00,   0x00,   0x00,
  0xac,   0xec,   0xfe,   0xff,   0x01,   0x00,   0x00,   0x00,   0x4f,   0x00,   0x00,   0x00,
  0x02,   0x00,   0x00,   0x00,   0x4b,   0x00,   0x00,   0x00,   0x4e,   0x00,   0x00,   0x00,
  0x82,   0xf9,   0xff,   0xff,   0x14,   0x00,   0x00,   0x00,   0x00,   0x00,   0x00,   0x15,
  0x10,   0x00,   0x00,   0x00,   0x14,   0x00,   0x00,   0x00,   0x0b,   0x00,   0x00,   0x00,
  0xdc,   0xec,   0xfe,   0xff,   0x01,   0x00,   0x00,   0x00,   0x4e,   0x00,   0x00,   0x00,
  0x02,   0x00,   0x00,   0x00,   0x49,   0x00,   0x00,   0x00,   0x4d,   0x00,   0x00,   0x00,
  0xf2,   0xf8,   0xff,   0xff,   0x0c,   0x00,   0x00,   0x00,   0x10,   0x00,   0x00,   0x00,
  0x0c,   0x00,   0x00,   0x00,   0x01,   0x00,   0x00,   0x00,   0x4d,   0x00,   0x00,   0x00,
  0x01,   0x00,   0x00,   0x00,   0x47,   0x00,   0x00,   0x00,   0x12,   0xf9,   0xff,   0xff,
  0x0c,   0x00,   0x00,   0x00,   0x10,   0x00,   0x00,   0x00,   0x0a,   0x00,   0x00,   0x00,
  0x01,   0x00,   0x00,   0x00,   0x4c,   0x00,   0x00,   0x00,   0x01,   0x00,   0x00,   0x00,
  0x48,   0x00,   0x00,   0x00,   0xf2,   0xf9,   0xff,   0xff,   0x14,   0x00,   0x00,   0x00,
  0x00,   0x00,   0x00,   0x15,   0x10,   0x00,   0x00,   0x00,   0x14,   0x00,   0x00,   0x00,
  0x0b,   0x00,   0x00,   0x00,   0x4c,   0xed,   0xfe,   0xff,   0x01,   0x00,   0x00,   0x00,
  0x4b,   0x00,   0x00,   0x00,   0x02,   0x00,   0x00,   0x00,   0x4a,   0x00,   0x00,   0x00,
  0x34,   0x00,   0x00,   0x00,   0x62,   0xf9,   0xff,   0xff,   0x0c,   0x00,   0x00,   0x00,
  0x10,   0x00,   0x00,   0x00,   0x0a,   0x00,   0x00,   0x00,   0x01,   0x00,   0x00,   0x00,
  0x4a,   0x00,   0x00,   0x00,   0x01,   0x00,   0x00,   0x00,   0x46,   0x00,   0x00,   0x00,
  0x82,   0xf9,   0xff,   0xff,   0x0c,   0x00,   0x00,   0x00,   0x10,   0x00,   0x00,   0x00,
  0x0a,   0x00,   0x00,   0x00,   0x01,   0x00,   0x00,   0x00,   0x49,   0x00,   0x00,   0x00,
  0x01,   0x00,   0x00,   0x00,   0x45,   0x00,   0x00,   0x00,   0x62,   0xfa,   0xff,   0xff,
  0x14,   0x00,   0x00,   0x00,   0x00,   0x00,   0x00,   0x23,   0x14,   0x00,   0x00,   0x00,
  0x24,   0x00,   0x00,   0x00,   0x09,   0x00,   0x00,   0x00,   0x1e,   0xfa,   0xff,   0xff,
  0x04,   0x00,   0x00,   0x00,   0x04,   0x00,   0x00,   0x00,   0x45,   0x00,   0x00,   0x00,
  0x46,   0x00,   0x00,   0x00,   0x47,   0x00,   0x00,   0x00,   0x48,   0x00,   0x00,   0x00,
  0x02,   0x00,   0x00,   0x00,   0x05,   0x00,   0x00,   0x00,   0x44,   0x00,   0x00,   0x00,
  0xa2,   0xfa,   0xff,   0xff,   0x14,   0x00,   0x00,   0x00,   0x00,   0x00,   0x00,   0x0b,
  0x10,   0x00,   0x00,   0x00,   0x14,   0x00,   0x00,   0x00,   0x08,   0x00,   0x00,   0x00,
  0xfc,   0xed,   0xfe,   0xff,   0x01,   0x00,   0x00,   0x00,   0x44,   0x00,   0x00,   0x00,
  0x02,   0x00,   0x00,   0x00,   0x43,   0x00,   0x00,   0x00,   0x0a,   0x00,   0x00,   0x00,
  0xd2,   0xfa,   0xff,   0xff,   0x14,   0x00,   0x00,   0x00,   0x00,   0x00,   0x00,   0x0b,
  0x10,   0x00,   0x00,   0x00,   0x14,   0x00,   0x00,   0x00,   0x08,   0x00,   0x00,   0x00,
  0x2c,   0xee,   0xfe,   0xff,   0x01,   0x00,   0x00,   0x00,   0x43,   0x00,   0x00,   0x00,
  0x02,   0x00,   0x00,   0x00,   0x42,   0x00,   0x00,   0x00,   0x37,   0x00,   0x00,   0x00,
  0x02,   0xfb,   0xff,   0xff,   0x14,   0x00,   0x00,   0x00,   0x00,   0x00,   0x00,   0x08,
  0x10,   0x00,   0x00,   0x00,   0x14,   0x00,   0x00,   0x00,   0x07,   0x00,   0x00,   0x00,
  0x5c,   0xee,   0xfe,   0xff,   0x01,   0x00,   0x00,   0x00,   0x42,   0x00,   0x00,   0x00,
  0x03,   0x00,   0x00,   0x00,   0x13,   0x00,   0x00,   0x00,   0x0b,   0x00,   0x00,   0x00,
  0xff,   0xff,   0xff,   0xff,   0x36,   0xfb,   0xff,   0xff,   0x14,   0x00,   0x00,   0x00,
  0x00,   0x00,   0x00,   0x08,   0x10,   0x00,   0x00,   0x00,   0x14,   0x00,   0x00,   0x00,
  0x07,   0x00,   0x00,   0x00,   0x90,   0xee,   0xfe,   0xff,   0x01,   0x00,   0x00,   0x00,
  0x41,   0x00,   0x00,   0x00,   0x03,   0x00,   0x00,   0x00,   0x20,   0x00,   0x00,   0x00,
  0x0b,   0x00,   0x00,   0x00,   0xff,   0xff,   0xff,   0xff,   0x6a,   0xfb,   0xff,   0xff,
  0x14,   0x00,   0x00,   0x00,   0x00,   0x00,   0x00,   0x08,   0x10,   0x00,   0x00,   0x00,
  0x14,   0x00,   0x00,   0x00,   0x07,   0x00,   0x00,   0x00,   0xc4,   0xee,   0xfe,   0xff,
  0x01,   0x00,   0x00,   0x00,   0x40,   0x00,   0x00,   0x00,   0x03,   0x00,   0x00,   0x00,
  0x1f,   0x00,   0x00,   0x00,   0x0b,   0x00,   0x00,   0x00,   0xff,   0xff,   0xff,   0xff,
  0x9e,   0xfb,   0xff,   0xff,   0x14,   0x00,   0x00,   0x00,   0x00,   0x00,   0x00,   0x08,
  0x10,   0x00,   0x00,   0x00,   0x14,   0x00,   0x00,   0x00,   0x07,   0x00,   0x00,   0x00,
  0xf8,   0xee,   0xfe,   0xff,   0x01,   0x00,   0x00,   0x00,   0x3f,   0x00,   0x00,   0x00,
  0x03,   0x00,   0x00,   0x00,   0x1e,   0x00,   0x00,   0x00,   0x0b,   0x00,   0x00,   0x00,
  0xff,   0xff,   0xff,   0xff,   0xd2,   0xfb,   0xff,   0xff,   0x14,   0x00,   0x00,   0x00,
  0x00,   0x00,   0x00,   0x08,   0x10,   0x00,   0x00,   0x00,   0x14,   0x00,   0x00,   0x00,
  0x07,   0x00,   0x00,   0x00,   0x2c,   0xef,   0xfe,   0xff,   0x01,   0x00,   0x00,   0x00,
  0x3e,   0x00,   0x00,   0x00,   0x03,   0x00,   0x00,   0x00,   0x1d,   0x00,   0x00,   0x00,
  0x0b,   0x00,   0x00,   0x00,   0xff,   0xff,   0xff,   0xff,   0x06,   0xfc,   0xff,   0xff,
  0x14,   0x00,   0x00,   0x00,   0x00,   0x00,   0x00,   0x08,   0x10,   0x00,   0x00,   0x00,
  0x14,   0x00,   0x00,   0x00,   0x07,   0x00,   0x00,   0x00,   0x60,   0xef,   0xfe,   0xff,
  0x01,   0x00,   0x00,   0x00,   0x3d,   0x00,   0x00,   0x00,   0x03,   0x00,   0x00,   0x00,
  0x1c,   0x00,   0x00,   0x00,   0x0b,   0x00,   0x00,   0x00,   0xff,   0xff,   0xff,   0xff,
  0x3a,   0xfc,   0xff,   0xff,   0x14,   0x00,   0x00,   0x00,   0x00,   0x00,   0x00,   0x08,
  0x10,   0x00,   0x00,   0x00,   0x14,   0x00,   0x00,   0x00,   0x07,   0x00,   0x00,   0x00,
  0x94,   0xef,   0xfe,   0xff,   0x01,   0x00,   0x00,   0x00,   0x3c,   0x00,   0x00,   0x00,
  0x03,   0x00,   0x00,   0x00,   0x1b,   0x00,   0x00,   0x00,   0x0b,   0x00,   0x00,   0x00,
  0xff,   0xff,   0xff,   0xff,   0x6e,   0xfc,   0xff,   0xff,   0x14,   0x00,   0x00,   0x00,
  0x00,   0x00,   0x00,   0x08,   0x10,   0x00,   0x00,   0x00,   0x14,   0x00,   0x00,   0x00,
  0x07,   0x00,   0x00,   0x00,   0xc8,   0xef,   0xfe,   0xff,   0x01,   0x00,   0x00,   0x00,
  0x3b,   0x00,   0x00,   0x00,   0x03,   0x00,   0x00,   0x00,   0x1a,   0x00,   0x00,   0x00,
  0x0b,   0x00,   0x00,   0x00,   0xff,   0xff,   0xff,   0xff,   0xa2,   0xfc,   0xff,   0xff,
  0x14,   0x00,   0x00,   0x00,   0x00,   0x00,   0x00,   0x08,   0x10,   0x00,   0x00,   0x00,
  0x14,   0x00,   0x00,   0x00,   0x07,   0x00,   0x00,   0x00,   0xfc,   0xef,   0xfe,   0xff,
  0x01,   0x00,   0x00,   0x00,   0x3a,   0x00,   0x00,   0x00,   0x03,   0x00,   0x00,   0x00,
  0x19,   0x00,   0x00,   0x00,   0x0b,   0x00,   0x00,   0x00,   0xff,   0xff,   0xff,   0xff,
  0xd6,   0xfc,   0xff,   0xff,   0x14,   0x00,   0x00,   0x00,   0x00,   0x00,   0x00,   0x08,
  0x10,   0x00,   0x00,   0x00,   0x14,   0x00,   0x00,   0x00,   0x07,   0x00,   0x00,   0x00,
  0x30,   0xf0,   0xfe,   0xff,   0x01,   0x00,   0x00,   0x00,   0x39,   0x00,   0x00,   0x00,
  0x03,   0x00,   0x00,   0x00,   0x18,   0x00,   0x00,   0x00,   0x0b,   0x00,   0x00,   0x00,
  0xff,   0xff,   0xff,   0xff,   0x0a,   0xfd,   0xff,   0xff,   0x14,   0x00,   0x00,   0x00,
  0x00,   0x00,   0x00,   0x08,   0x10,   0x00,   0x00,   0x00,   0x14,   0x00,   0x00,   0x00,
  0x07,   0x00,   0x00,   0x00,   0x64,   0xf0,   0xfe,   0xff,   0x01,   0x00,   0x00,   0x00,
  0x38,   0x00,   0x00,   0x00,   0x03,   0x00,   0x00,   0x00,   0x17,   0x00,   0x00,   0x00,
  0x0b,   0x00,   0x00,   0x00,   0xff,   0xff,   0xff,   0xff,   0x3e,   0xfd,   0xff,   0xff,
  0x14,   0x00,   0x00,   0x00,   0x00,   0x00,   0x00,   0x08,   0x10,   0x00,   0x00,   0x00,
  0x14,   0x00,   0x00,   0x00,   0x07,   0x00,   0x00,   0x00,   0x98,   0xf0,   0xfe,   0xff,
  0x01,   0x00,   0x00,   0x00,   0x37,   0x00,   0x00,   0x00,   0x03,   0x00,   0x00,   0x00,
  0x36,   0x00,   0x00,   0x00,   0x0c,   0x00,   0x00,   0x00,   0xff,   0xff,   0xff,   0xff,
  0x72,   0xfd,   0xff,   0xff,   0x14,   0x00,   0x00,   0x00,   0x00,   0x00,   0x00,   0x15,
  0x10,   0x00,   0x00,   0x00,   0x14,   0x00,   0x00,   0x00,   0x0b,   0x00,   0x00,   0x00,
  0xcc,   0xf0,   0xfe,   0xff,   0x01,   0x00,   0x00,   0x00,   0x36,   0x00,   0x00,   0x00,
  0x02,   0x00,   0x00,   0x00,   0x31,   0x00,   0x00,   0x00,   0x35,   0x00,   0x00,   0x00,
  0xe2,   0xfc,   0xff,   0xff,   0x0c,   0x00,   0x00,   0x00,   0x10,   0x00,   0x00,   0x00,
  0x0c,   0x00,   0x00,   0x00,   0x01,   0x00,   0x00,   0x00,   0x35,   0x00,   0x00,   0x00,
  0x01,   0x00,   0x00,   0x00,   0x34,   0x00,   0x00,   0x00,   0xc2,   0xfd,   0xff,   0xff,
  0x14,   0x00,   0x00,   0x00,   0x00,   0x00,   0x00,   0x0b,   0x10,   0x00,   0x00,   0x00,
  0x14,   0x00,   0x00,   0x00,   0x08,   0x00,   0x00,   0x00,   0x1c,   0xf1,   0xfe,   0xff,
  0x01,   0x00,   0x00,   0x00,   0x34,   0x00,   0x00,   0x00,   0x02,   0x00,   0x00,   0x00,
  0x30,   0x00,   0x00,   0x00,   0x33,   0x00,   0x00,   0x00,   0xf2,   0xfd,   0xff,   0xff,
  0x14,   0x00,   0x00,   0x00,   0x00,   0x00,   0x00,   0x15,   0x10,   0x00,   0x00,   0x00,
  0x14,   0x00,   0x00,   0x00,   0x0b,   0x00,   0x00,   0x00,   0x4c,   0xf1,   0xfe,   0xff,
  0x01,   0x00,   0x00,   0x00,   0x33,   0x00,   0x00,   0x00,   0x02,   0x00,   0x00,   0x00,
  0x2e,   0x00,   0x00,   0x00,   0x32,   0x00,   0x00,   0x00,   0x62,   0xfd,   0xff,   0xff,
  0x0c,   0x00,   0x00,   0x00,   0x10,   0x00,   0x00,   0x00,   0x0c,   0x00,   0x00,   0x00,
  0x01,   0x00,   0x00,   0x00,   0x32,   0x00,   0x00,   0x00,   0x01,   0x00,   0x00,   0x00,
  0x2c,   0x00,   0x00,   0x00,   0x82,   0xfd,   0xff,   0xff,   0x0c,   0x00,   0x00,   0x00,
  0x10,   0x00,   0x00,   0x00,   0x0a,   0x00,   0x00,   0x00,   0x01,   0x00,   0x00,   0x00,
  0x31,   0x00,   0x00,   0x00,   0x01,   0x00,   0x00,   0x00,   0x2d,   0x00,   0x00,   0x00,
  0x62,   0xfe,   0xff,   0xff,   0x14,   0x00,   0x00,   0x00,   0x00,   0x00,   0x00,   0x15,
  0x10,   0x00,   0x00,   0x00,   0x14,   0x00,   0x00,   0x00,   0x0b,   0x00,   0x00,   0x00,
  0xbc,   0xf1,   0xfe,   0xff,   0x01,   0x00,   0x00,   0x00,   0x30,   0x00,   0x00,   0x00,
  0x02,   0x00,   0x00,   0x00,   0x2f,   0x00,   0x00,   0x00,   0x25,   0x00,   0x00,   0x00,
  0xd2,   0xfd,   0xff,   0xff,   0x0c,   0x00,   0x00,   0x00,   0x10,   0x00,   0x00,   0x00,
  0x0a,   0x00,   0x00,   0x00,   0x01,   0x00,   0x00,   0x00,   0x2f,   0x00,   0x00,   0x00,
  0x01,   0x00,   0x00,   0x00,   0x2b,   0x00,   0x00,   0x00,   0xf2,   0xfd,   0xff,   0xff,
  0x0c,   0x00,   0x00,   0x00,   0x10,   0x00,   0x00,   0x00,   0x0a,   0x00,   0x00,   0x00,
  0x01,   0x00,   0x00,   0x00,   0x2e,   0x00,   0x00,   0x00,   0x01,   0x00,   0x00,   0x00,
  0x2a,   0x00,   0x00,   0x00,   0xd2,   0xfe,   0xff,   0xff,   0x14,   0x00,   0x00,   0x00,
  0x00,   0x00,   0x00,   0x23,   0x14,   0x00,   0x00,   0x00,   0x24,   0x00,   0x00,   0x00,
  0x09,   0x00,   0x00,   0x00,   0x8e,   0xfe,   0xff,   0xff,   0x04,   0x00,   0x00,   0x00,
  0x04,   0x00,   0x00,   0x00,   0x2a,   0x00,   0x00,   0x00,   0x2b,   0x00,   0x00,   0x00,
  0x2c,   0x00,   0x00,   0x00,   0x2d,   0x00,   0x00,   0x00,   0x02,   0x00,   0x00,   0x00,
  0x05,   0x00,   0x00,   0x00,   0x29,   0x00,   0x00,   0x00,   0x12,   0xff,   0xff,   0xff,
  0x14,   0x00,   0x00,   0x00,   0x00,   0x00,   0x00,   0x0b,   0x10,   0x00,   0x00,   0x00,
  0x14,   0x00,   0x00,   0x00,   0x08,   0x00,   0x00,   0x00,   0x6c,   0xf2,   0xfe,   0xff,
  0x01,   0x00,   0x00,   0x00,   0x29,   0x00,   0x00,   0x00,   0x02,   0x00,   0x00,   0x00,
  0x28,   0x00,   0x00,   0x00,   0x0a,   0x00,   0x00,   0x00,   0x42,   0xff,   0xff,   0xff,
  0x14,   0x00,   0x00,   0x00,   0x00,   0x00,   0x00,   0x0b,   0x10,   0x00,   0x00,   0x00,
  0x14,   0x00,   0x00,   0x00,   0x08,   0x00,   0x00,   0x00,   0x9c,   0xf2,   0xfe,   0xff,
  0x01,   0x00,   0x00,   0x00,   0x28,   0x00,   0x00,   0x00,   0x02,   0x00,   0x00,   0x00,
  0x27,   0x00,   0x00,   0x00,   0x26,   0x00,   0x00,   0x00,   0x72,   0xff,   0xff,   0xff,
  0x14,   0x00,   0x00,   0x00,   0x00,   0x00,   0x00,   0x08,   0x10,   0x00,   0x00,   0x00,
  0x14,   0x00,   0x00,   0x00,   0x07,   0x00,   0x00,   0x00,   0xcc,   0xf2,   0xfe,   0xff,
  0x01,   0x00,   0x00,   0x00,   0x27,   0x00,   0x00,   0x00,   0x03,   0x00,   0x00,   0x00,
  0x12,   0x00,   0x00,   0x00,   0x0b,   0x00,   0x00,   0x00,   0xff,   0xff,   0xff,   0xff,
  0xa6,   0xff,   0xff,   0xff,   0x14,   0x00,   0x00,   0x00,   0x00,   0x00,   0x00,   0x08,
  0x10,   0x00,   0x00,   0x00,   0x14,   0x00,   0x00,   0x00,   0x07,   0x00,   0x00,   0x00,
  0x00,   0xf3,   0xfe,   0xff,   0x01,   0x00,   0x00,   0x00,   0x26,   0x00,   0x00,   0x00,
  0x03,   0x00,   0x00,   0x00,   0x25,   0x00,   0x00,   0x00,   0x0c,   0x00,   0x00,   0x00,
  0xff,   0xff,   0xff,   0xff,   0x1a,   0xff,   0xff,   0xff,   0x0c,   0x00,   0x00,   0x00,
  0x10,   0x00,   0x00,   0x00,   0x06,   0x00,   0x00,   0x00,   0x01,   0x00,   0x00,   0x00,
  0x25,   0x00,   0x00,   0x00,   0x02,   0x00,   0x00,   0x00,   0x24,   0x00,   0x00,   0x00,
  0x0d,   0x00,   0x00,   0x00,   0x00,   0x00,   0x0e,   0x00,   0x18,   0x00,   0x14,   0x00,
  0x10,   0x00,   0x0c,   0x00,   0x0b,   0x00,   0x04,   0x00,   0x0e,   0x00,   0x00,   0x00,
  0x14,   0x00,   0x00,   0x00,   0x00,   0x00,   0x00,   0x3b,   0x14,   0x00,   0x00,   0x00,
  0x18,   0x00,   0x00,   0x00,   0x05,   0x00,   0x00,   0x00,   0xca,   0xff,   0xff,   0xff,
  0x02,   0x00,   0x00,   0x00,   0x01,   0x00,   0x00,   0x00,   0x24,   0x00,   0x00,   0x00,
  0x02,   0x00,   0x00,   0x00,   0x10,   0x00,   0x00,   0x00,   0x04,   0x00,   0x00,   0x00,
  0x06,   0xff,   0xff,   0xff,   0x1c,   0x00,   0x00,   0x00,   0x00,   0x00,   0x00,   0x40,
  0x1c,   0x00,   0x00,   0x00,   0x64,   0x00,   0x00,   0x00,   0x04,   0x00,   0x00,   0x00,
  0x00,   0x00,   0x06,   0x00,   0x08,   0x00,   0x04,   0x00,   0x06,   0x00,   0x00,   0x00,
  0x12,   0x00,   0x00,   0x00,   0x12,   0x00,   0x00,   0x00,   0x12,   0x00,   0x00,   0x00,
  0x13,   0x00,   0x00,   0x00,   0x14,   0x00,   0x00,   0x00,   0x15,   0x00,   0x00,   0x00,
  0x16,   0x00,   0x00,   0x00,   0x17,   0x00,   0x00,   0x00,   0x18,   0x00,   0x00,   0x00,
  0x19,   0x00,   0x00,   0x00,   0x1a,   0x00,   0x00,   0x00,   0x1b,   0x00,   0x00,   0x00,
  0x1c,   0x00,   0x00,   0x00,   0x1d,   0x00,   0x00,   0x00,   0x1e,   0x00,   0x00,   0x00,
  0x1f,   0x00,   0x00,   0x00,   0x20,   0x00,   0x00,   0x00,   0x21,   0x00,   0x00,   0x00,
  0x22,   0x00,   0x00,   0x00,   0x23,   0x00,   0x00,   0x00,   0x01,   0x00,   0x00,   0x00,
  0x11,   0x00,   0x00,   0x00,   0x00,   0x00,   0x0a,   0x00,   0x10,   0x00,   0x0c,   0x00,
  0x08,   0x00,   0x04,   0x00,   0x0a,   0x00,   0x00,   0x00,   0x0c,   0x00,   0x00,   0x00,
  0x10,   0x00,   0x00,   0x00,   0x03,   0x00,   0x00,   0x00,   0x01,   0x00,   0x00,   0x00,
  0x11,   0x00,   0x00,   0x00,   0x02,   0x00,   0x00,   0x00,   0x0e,   0x00,   0x00,   0x00,
  0x03,   0x00,   0x00,   0x00,   0xb2,   0xff,   0xff,   0xff,   0x24,   0x00,   0x00,   0x00,
  0x00,   0x00,   0x00,   0x20,   0x24,   0x00,   0x00,   0x00,   0x28,   0x00,   0x00,   0x00,
  0x02,   0x00,   0x00,   0x00,   0x00,   0x00,   0x0e,   0x00,   0x08,   0x00,   0x00,   0x00,
  0x00,   0x00,   0x00,   0x00,   0x00,   0x00,   0x04,   0x00,   0x0e,   0x00,   0x00,   0x00,
  0x01,   0x00,   0x00,   0x00,   0x01,   0x00,   0x00,   0x00,   0x10,   0x00,   0x00,   0x00,
  0x04,   0x00,   0x00,   0x00,   0x0f,   0x00,   0x00,   0x00,   0x01,   0x00,   0x00,   0x00,
  0x02,   0x00,   0x00,   0x00,   0x02,   0x00,   0x00,   0x00,   0x00,   0x00,   0x0e,   0x00,
  0x1a,   0x00,   0x14,   0x00,   0x10,   0x00,   0x0c,   0x00,   0x0b,   0x00,   0x04,   0x00,
  0x0e,   0x00,   0x00,   0x00,   0x1c,   0x00,   0x00,   0x00,   0x00,   0x00,   0x00,   0x37,
  0x1c,   0x00,   0x00,   0x00,   0x20,   0x00,   0x00,   0x00,   0x01,   0x00,   0x00,   0x00,
  0x00,   0x00,   0x06,   0x00,   0x08,   0x00,   0x07,   0x00,   0x06,   0x00,   0x00,   0x00,
  0x00,   0x00,   0x00,   0x02,   0x01,   0x00,   0x00,   0x00,   0x0f,   0x00,   0x00,   0x00,
  0x01,   0x00,   0x00,   0x00,   0x0e,   0x00,   0x00,   0x00,   0x00,   0x00,   0x0a,   0x00,
  0x0c,   0x00,   0x00,   0x00,   0x08,   0x00,   0x04,   0x00,   0x0a,   0x00,   0x00,   0x00,
  0x08,   0x00,   0x00,   0x00,   0x0c,   0x00,   0x00,   0x00,   0x01,   0x00,   0x00,   0x00,
  0x0e,   0x00,   0x00,   0x00,   0x01,   0x00,   0x00,   0x00,   0x00,   0x00,   0x00,   0x00,
  0x01,   0x00,   0x00,   0x00,   0x5a,   0x01,   0x00,   0x00,   0x01,   0x00,   0x00,   0x00,
  0x00,   0x00,   0x00,   0x00,   0x5b,   0x01,   0x00,   0x00,   0xd4,   0x0a,   0x01,   0x00,
  0x64,   0x0a,   0x01,   0x00,   0x0c,   0x0a,   0x01,   0x00,   0xb8,   0x09,   0x01,   0x00,
  0x7c,   0x09,   0x01,   0x00,   0x40,   0x09,   0x01,   0x00,   0xc8,   0x08,   0x01,   0x00,
  0x58,   0x08,   0x01,   0x00,   0x1c,   0x07,   0x01,   0x00,   0xf8,   0x05,   0x01,   0x00,
  0x74,   0x05,   0x01,   0x00,   0x20,   0xff,   0x00,   0x00,   0xcc,   0xf8,   0x00,   0x00,
  0x70,   0xf8,   0x00,   0x00,   0xf8,   0xf7,   0x00,   0x00,   0x94,   0xf7,   0x00,   0x00,
  0x44,   0xf7,   0x00,   0x00,   0xbc,   0xf6,   0x00,   0x00,   0x44,   0xf4,   0x00,   0x00,
  0xd0,   0xf1,   0x00,   0x00,   0x5c,   0xef,   0x00,   0x00,   0xe8,   0xec,   0x00,   0x00,
  0x74,   0xea,   0x00,   0x00,   0x00,   0xe8,   0x00,   0x00,   0x8c,   0xe5,   0x00,   0x00,
  0x18,   0xe3,   0x00,   0x00,   0xa4,   0xe0,   0x00,   0x00,   0x30,   0xde,   0x00,   0x00,
  0xbc,   0xdb,   0x00,   0x00,   0x48,   0xd9,   0x00,   0x00,   0xd4,   0xd6,   0x00,   0x00,
  0x60,   0xd4,   0x00,   0x00,   0xec,   0xd1,   0x00,   0x00,   0x78,   0xcf,   0x00,   0x00,
  0x04,   0xcd,   0x00,   0x00,   0x90,   0xca,   0x00,   0x00,   0x3c,   0xca,   0x00,   0x00,
  0xc0,   0xc9,   0x00,   0x00,   0x34,   0xc9,   0x00,   0x00,   0xa8,   0xc8,   0x00,   0x00,
  0x24,   0xc8,   0x00,   0x00,   0x98,   0xc7,   0x00,   0x00,   0x9c,   0xc6,   0x00,   0x00,
  0xa0,   0xc5,   0x00,   0x00,   0xa4,   0xc4,   0x00,   0x00,   0xa8,   0xc3,   0x00,   0x00,
  0x1c,   0xc3,   0x00,   0x00,   0x90,   0xc2,   0x00,   0x00,   0x0c,   0xc2,   0x00,   0x00,
  0x80,   0xc1,   0x00,   0x00,   0xf4,   0xc0,   0x00,   0x00,   0x68,   0xc0,   0x00,   0x00,
  0xdc,   0xbf,   0x00,   0x00,   0x50,   0xbf,   0x00,   0x00,   0xc4,   0xbe,   0x00,   0x00,
  0x38,   0xbe,   0x00,   0x00,   0xac,   0xbd,   0x00,   0x00,   0x20,   0xbd,   0x00,   0x00,
  0x94,   0xbc,   0x00,   0x00,   0x08,   0xbc,   0x00,   0x00,   0x7c,   0xbb,   0x00,   0x00,
  0xf0,   0xba,   0x00,   0x00,   0x64,   0xba,   0x00,   0x00,   0xd8,   0xb9,   0x00,   0x00,
  0x4c,   0xb9,   0x00,   0x00,   0xc0,   0xb8,   0x00,   0x00,   0x34,   0xb8,   0x00,   0x00,
  0xb0,   0xb7,   0x00,   0x00,   0x24,   0xb7,   0x00,   0x00,   0x28,   0xb6,   0x00,   0x00,
  0x2c,   0xb5,   0x00,   0x00,   0x30,   0xb4,   0x00,   0x00,   0x34,   0xb3,   0x00,   0x00,
  0xa8,   0xb2,   0x00,   0x00,   0x1c,   0xb2,   0x00,   0x00,   0x98,   0xb1,   0x00,   0x00,
  0x0c,   0xb1,   0x00,   0x00,   0x80,   0xb0,   0x00,   0x00,   0xf4,   0xaf,   0x00,   0x00,
  0x68,   0xaf,   0x00,   0x00,   0xdc,   0xae,   0x00,   0x00,   0x50,   0xae,   0x00,   0x00,
  0xc4,   0xad,   0x00,   0x00,   0x38,   0xad,   0x00,   0x00,   0xac,   0xac,   0x00,   0x00,
  0x20,   0xac,   0x00,   0x00,   0x94,   0xab,   0x00,   0x00,   0x10,   0xab,   0x00,   0x00,
  0x84,   0xaa,   0x00,   0x00,   0x88,   0xa9,   0x00,   0x00,   0x8c,   0xa8,   0x00,   0x00,
  0x90,   0xa7,   0x00,   0x00,   0x94,   0xa6,   0x00,   0x00,   0x08,   0xa6,   0x00,   0x00,
  0x7c,   0xa5,   0x00,   0x00,   0xf8,   0xa4,   0x00,   0x00,   0x6c,   0xa4,   0x00,   0x00,
  0xe0,   0xa3,   0x00,   0x00,   0x54,   0xa3,   0x00,   0x00,   0xc8,   0xa2,   0x00,   0x00,
  0x3c,   0xa2,   0x00,   0x00,   0xb0,   0xa1,   0x00,   0x00,   0x24,   0xa1,   0x00,   0x00,
  0x98,   0xa0,   0x00,   0x00,   0x14,   0xa0,   0x00,   0x00,   0x88,   0x9f,   0x00,   0x00,
  0x8c,   0x9e,   0x00,   0x00,   0x90,   0x9d,   0x00,   0x00,   0x94,   0x9c,   0x00,   0x00,
  0x98,   0x9b,   0x00,   0x00,   0x0c,   0x9b,   0x00,   0x00,   0x80,   0x9a,   0x00,   0x00,
  0xfc,   0x99,   0x00,   0x00,   0x70,   0x99,   0x00,   0x00,   0xe4,   0x98,   0x00,   0x00,
  0x58,   0x98,   0x00,   0x00,   0xcc,   0x97,   0x00,   0x00,   0x40,   0x97,   0x00,   0x00,
  0xb4,   0x96,   0x00,   0x00,   0x28,   0x96,   0x00,   0x00,   0x9c,   0x95,   0x00,   0x00,
  0x18,   0x95,   0x00,   0x00,   0x8c,   0x94,   0x00,   0x00,   0x90,   0x93,   0x00,   0x00,
  0x94,   0x92,   0x00,   0x00,   0x98,   0x91,   0x00,   0x00,   0x9c,   0x90,   0x00,   0x00,
  0x10,   0x90,   0x00,   0x00,   0x84,   0x8f,   0x00,   0x00,   0x00,   0x8f,   0x00,   0x00,
  0x74,   0x8e,   0x00,   0x00,   0xe8,   0x8d,   0x00,   0x00,   0x5c,   0x8d,   0x00,   0x00,
  0xd0,   0x8c,   0x00,   0x00,   0x44,   0x8c,   0x00,   0x00,   0xb8,   0x8b,   0x00,   0x00,
  0x2c,   0x8b,   0x00,   0x00,   0xa0,   0x8a,   0x00,   0x00,   0x14,   0x8a,   0x00,   0x00,
  0x10,   0x89,   0x00,   0x00,   0x0c,   0x88,   0x00,   0x00,   0x08,   0x87,   0x00,   0x00,
  0x04,   0x86,   0x00,   0x00,   0x78,   0x85,   0x00,   0x00,   0xec,   0x84,   0x00,   0x00,
  0x60,   0x84,   0x00,   0x00,   0xd4,   0x83,   0x00,   0x00,   0x48,   0x83,   0x00,   0x00,
  0xbc,   0x82,   0x00,   0x00,   0x30,   0x82,   0x00,   0x00,   0xa4,   0x81,   0x00,   0x00,
  0x18,   0x81,   0x00,   0x00,   0x8c,   0x80,   0x00,   0x00,   0x00,   0x80,   0x00,   0x00,
  0x74,   0x7f,   0x00,   0x00,   0x70,   0x7e,   0x00,   0x00,   0x6c,   0x7d,   0x00,   0x00,
  0x68,   0x7c,   0x00,   0x00,   0x64,   0x7b,   0x00,   0x00,   0xd8,   0x7a,   0x00,   0x00,
  0x4c,   0x7a,   0x00,   0x00,   0xc0,   0x79,   0x00,   0x00,   0x34,   0x79,   0x00,   0x00,
  0xa8,   0x78,   0x00,   0x00,   0x1c,   0x78,   0x00,   0x00,   0x90,   0x77,   0x00,   0x00,
  0x04,   0x77,   0x00,   0x00,   0x78,   0x76,   0x00,   0x00,   0xec,   0x75,   0x00,   0x00,
  0x60,   0x75,   0x00,   0x00,   0xd4,   0x74,   0x00,   0x00,   0xd0,   0x73,   0x00,   0x00,
  0xcc,   0x72,   0x00,   0x00,   0xc8,   0x71,   0x00,   0x00,   0xc4,   0x70,   0x00,   0x00,
  0x38,   0x70,   0x00,   0x00,   0xac,   0x6f,   0x00,   0x00,   0x20,   0x6f,   0x00,   0x00,
  0x94,   0x6e,   0x00,   0x00,   0x08,   0x6e,   0x00,   0x00,   0x7c,   0x6d,   0x00,   0x00,
  0xf0,   0x6c,   0x00,   0x00,   0x64,   0x6c,   0x00,   0x00,   0xd8,   0x6b,   0x00,   0x00,
  0x4c,   0x6b,   0x00,   0x00,   0xc0,   0x6a,   0x00,   0x00,   0x34,   0x6a,   0x00,   0x00,
  0x30,   0x69,   0x00,   0x00,   0x2c,   0x68,   0x00,   0x00,   0x28,   0x67,   0x00,   0x00,
  0x24,   0x66,   0x00,   0x00,   0x98,   0x65,   0x00,   0x00,   0x0c,   0x65,   0x00,   0x00,
  0x80,   0x64,   0x00,   0x00,   0xf4,   0x63,   0x00,   0x00,   0x68,   0x63,   0x00,   0x00,
  0xdc,   0x62,   0x00,   0x00,   0x50,   0x62,   0x00,   0x00,   0xc4,   0x61,   0x00,   0x00,
  0x38,   0x61,   0x00,   0x00,   0xac,   0x60,   0x00,   0x00,   0x20,   0x60,   0x00,   0x00,
  0x94,   0x5f,   0x00,   0x00,   0x90,   0x5e,   0x00,   0x00,   0x8c,   0x5d,   0x00,   0x00,
  0x88,   0x5c,   0x00,   0x00,   0x84,   0x5b,   0x00,   0x00,   0xf8,   0x5a,   0x00,   0x00,
  0x6c,   0x5a,   0x00,   0x00,   0xe0,   0x59,   0x00,   0x00,   0x54,   0x59,   0x00,   0x00,
  0xc8,   0x58,   0x00,   0x00,   0x3c,   0x58,   0x00,   0x00,   0xb0,   0x57,   0x00,   0x00,
  0x24,   0x57,   0x00,   0x00,   0x98,   0x56,   0x00,   0x00,   0x0c,   0x56,   0x00,   0x00,
  0x80,   0x55,   0x00,   0x00,   0xf4,   0x54,   0x00,   0x00,   0xf0,   0x53,   0x00,   0x00,
  0xec,   0x52,   0x00,   0x00,   0xe8,   0x51,   0x00,   0x00,   0xe4,   0x50,   0x00,   0x00,
  0x58,   0x50,   0x00,   0x00,   0xcc,   0x4f,   0x00,   0x00,   0x40,   0x4f,   0x00,   0x00,
  0xb4,   0x4e,   0x00,   0x00,   0x28,   0x4e,   0x00,   0x00,   0x9c,   0x4d,   0x00,   0x00,
  0x10,   0x4d,   0x00,   0x00,   0x84,   0x4c,   0x00,   0x00,   0xf8,   0x4b,   0x00,   0x00,
  0x6c,   0x4b,   0x00,   0x00,   0xe0,   0x4a,   0x00,   0x00,   0x54,   0x4a,   0x00,   0x00,
  0x50,   0x49,   0x00,   0x00,   0x4c,   0x48,   0x00,   0x00,   0x48,   0x47,   0x00,   0x00,
  0x44,   0x46,   0x00,   0x00,   0xb8,   0x45,   0x00,   0x00,   0x2c,   0x45,   0x00,   0x00,
  0xa0,   0x44,   0x00,   0x00,   0x14,   0x44,   0x00,   0x00,   0x88,   0x43,   0x00,   0x00,
  0xfc,   0x42,   0x00,   0x00,   0x70,   0x42,   0x00,   0x00,   0xe4,   0x41,   0x00,   0x00,
  0x58,   0x41,   0x00,   0x00,   0xcc,   0x40,   0x00,   0x00,   0x40,   0x40,   0x00,   0x00,
  0xb4,   0x3f,   0x00,   0x00,   0xb0,   0x3e,   0x00,   0x00,   0xac,   0x3d,   0x00,   0x00,
  0xa8,   0x3c,   0x00,   0x00,   0xa4,   0x3b,   0x00,   0x00,   0x18,   0x3b,   0x00,   0x00,
  0x8c,   0x3a,   0x00,   0x00,   0x00,   0x3a,   0x00,   0x00,   0x74,   0x39,   0x00,   0x00,
  0xe8,   0x38,   0x00,   0x00,   0x5c,   0x38,   0x00,   0x00,   0xd0,   0x37,   0x00,   0x00,
  0x44,   0x37,   0x00,   0x00,   0xb8,   0x36,   0x00,   0x00,   0x2c,   0x36,   0x00,   0x00,
  0xa0,   0x35,   0x00,   0x00,   0x14,   0x35,   0x00,   0x00,   0x10,   0x34,   0x00,   0x00,
  0x0c,   0x33,   0x00,   0x00,   0x08,   0x32,   0x00,   0x00,   0x04,   0x31,   0x00,   0x00,
  0x78,   0x30,   0x00,   0x00,   0xec,   0x2f,   0x00,   0x00,   0x60,   0x2f,   0x00,   0x00,
  0xd4,   0x2e,   0x00,   0x00,   0x48,   0x2e,   0x00,   0x00,   0xbc,   0x2d,   0x00,   0x00,
  0x30,   0x2d,   0x00,   0x00,   0xa4,   0x2c,   0x00,   0x00,   0x18,   0x2c,   0x00,   0x00,
  0x8c,   0x2b,   0x00,   0x00,   0x00,   0x2b,   0x00,   0x00,   0x74,   0x2a,   0x00,   0x00,
  0x70,   0x29,   0x00,   0x00,   0x6c,   0x28,   0x00,   0x00,   0x68,   0x27,   0x00,   0x00,
  0x64,   0x26,   0x00,   0x00,   0xd8,   0x25,   0x00,   0x00,   0x4c,   0x25,   0x00,   0x00,
  0xc0,   0x24,   0x00,   0x00,   0x34,   0x24,   0x00,   0x00,   0xa8,   0x23,   0x00,   0x00,
  0x1c,   0x23,   0x00,   0x00,   0x90,   0x22,   0x00,   0x00,   0x04,   0x22,   0x00,   0x00,
  0x78,   0x21,   0x00,   0x00,   0xec,   0x20,   0x00,   0x00,   0x60,   0x20,   0x00,   0x00,
  0xd4,   0x1f,   0x00,   0x00,   0xd0,   0x1e,   0x00,   0x00,   0xcc,   0x1d,   0x00,   0x00,
  0xc8,   0x1c,   0x00,   0x00,   0xc4,   0x1b,   0x00,   0x00,   0x38,   0x1b,   0x00,   0x00,
  0xac,   0x1a,   0x00,   0x00,   0x20,   0x1a,   0x00,   0x00,   0x94,   0x19,   0x00,   0x00,
  0x08,   0x19,   0x00,   0x00,   0x7c,   0x18,   0x00,   0x00,   0xf0,   0x17,   0x00,   0x00,
  0x64,   0x17,   0x00,   0x00,   0xd8,   0x16,   0x00,   0x00,   0x4c,   0x16,   0x00,   0x00,
  0xc0,   0x15,   0x00,   0x00,   0x34,   0x15,   0x00,   0x00,   0x30,   0x14,   0x00,   0x00,
  0x2c,   0x13,   0x00,   0x00,   0x28,   0x12,   0x00,   0x00,   0x24,   0x11,   0x00,   0x00,
  0x98,   0x10,   0x00,   0x00,   0x0c,   0x10,   0x00,   0x00,   0x80,   0x0f,   0x00,   0x00,
  0xf4,   0x0e,   0x00,   0x00,   0x68,   0x0e,   0x00,   0x00,   0xdc,   0x0d,   0x00,   0x00,
  0x50,   0x0d,   0x00,   0x00,   0xc4,   0x0c,   0x00,   0x00,   0x38,   0x0c,   0x00,   0x00,
  0xac,   0x0b,   0x00,   0x00,   0x20,   0x0b,   0x00,   0x00,   0x94,   0x0a,   0x00,   0x00,
  0x90,   0x09,   0x00,   0x00,   0x8c,   0x08,   0x00,   0x00,   0x88,   0x07,   0x00,   0x00,
  0x84,   0x06,   0x00,   0x00,   0xf8,   0x05,   0x00,   0x00,   0x6c,   0x05,   0x00,   0x00,
  0xe0,   0x04,   0x00,   0x00,   0x54,   0x04,   0x00,   0x00,   0xc8,   0x03,   0x00,   0x00,
  0x3c,   0x03,   0x00,   0x00,   0xb0,   0x02,   0x00,   0x00,   0x24,   0x02,   0x00,   0x00,
  0x98,   0x01,   0x00,   0x00,   0xe4,   0x00,   0x00,   0x00,   0x60,   0x00,   0x00,   0x00,
  0x04,   0x00,   0x00,   0x00,   0xae,   0xfa,   0xfe,   0xff,   0x00,   0x00,   0x00,   0x01,
  0x14,   0x00,   0x00,   0x00,   0x1c,   0x00,   0x00,   0x00,   0x1c,   0x00,   0x00,   0x00,
  0x5b,   0x01,   0x00,   0x00,   0x34,   0x00,   0x00,   0x00,   0x02,   0x00,   0x00,   0x00,
  0xff,   0xff,   0xff,   0xff,   0x01,   0x00,   0x00,   0x00,   0x94,   0xfa,   0xfe,   0xff,
  0x1b,   0x00,   0x00,   0x00,   0x53,   0x74,   0x61,   0x74,   0x65,   0x66,   0x75,   0x6c,
  0x50,   0x61,   0x72,   0x74,   0x69,   0x74,   0x69,   0x6f,   0x6e,   0x65,   0x64,   0x43,
  0x61,   0x6c,   0x6c,   0x5f,   0x31,   0x3a,   0x30,   0x00,   0x02,   0x00,   0x00,   0x00,
  0x01,   0x00,   0x00,   0x00,   0x01,   0x00,   0x00,   0x00,   0xaa,   0x0d,   0xff,   0xff,
  0x00,   0x00,   0x00,   0x01,   0x18,   0x00,   0x00,   0x00,   0x20,   0x00,   0x00,   0x00,
  0x40,   0x00,   0x00,   0x00,   0x5a,   0x01,   0x00,   0x00,   0x00,   0x00,   0x00,   0x09,
  0x58,   0x00,   0x00,   0x00,   0x02,   0x00,   0x00,   0x00,   0xff,   0xff,   0xff,   0xff,
  0x01,   0x00,   0x00,   0x00,   0xf4,   0xfc,   0xfe,   0xff,   0x08,   0x00,   0x00,   0x00,
  0x14,   0x00,   0x00,   0x00,   0x01,   0x00,   0x00,   0x00,   0x81,   0xff,   0xff,   0xff,
  0xff,   0xff,   0xff,   0xff,   0x00,   0x00,   0x00,   0x00,   0x01,   0x00,   0x00,   0x00,
  0x9a,   0x86,   0x6b,   0x3b,   0x1c,   0x00,   0x00,   0x00,   0x53,   0x74,   0x61,   0x74,
  0x65,   0x66,   0x75,   0x6c,   0x50,   0x61,   0x72,   0x74,   0x69,   0x74,   0x69,   0x6f,
  0x6e,   0x65,   0x64,   0x43,   0x61,   0x6c,   0x6c,   0x5f,   0x31,   0x3a,   0x30,   0x31,
  0x00,   0x00,   0x00,   0x00,   0x02,   0x00,   0x00,   0x00,   0x01,   0x00,   0x00,   0x00,
  0x01,   0x00,   0x00,   0x00,   0x2a,   0x0e,   0xff,   0xff,   0x00,   0x00,   0x00,   0x01,
  0x18,   0x00,   0x00,   0x00,   0x20,   0x00,   0x00,   0x00,   0x3c,   0x00,   0x00,   0x00,
  0x59,   0x01,   0x00,   0x00,   0x00,   0x00,   0x00,   0x09,   0x88,   0x00,   0x00,   0x00,
  0x02,   0x00,   0x00,   0x00,   0xff,   0xff,   0xff,   0xff,   0x10,   0x00,   0x00,   0x00,
  0x74,   0xfd,   0xfe,   0xff,   0x08,   0x00,   0x00,   0x00,   0x10,   0x00,   0x00,   0x00,
  0x01,   0x00,   0x00,   0x00,   0x80,   0xff,   0xff,   0xff,   0xff,   0xff,   0xff,   0xff,
  0x01,   0x00,   0x00,   0x00,   0x83,   0x1e,   0xab,   0x3b,   0x52,   0x00,   0x00,   0x00,
  0x73,   0x65,   0x71,   0x75,   0x65,   0x6e,   0x74,   0x69,   0x61,   0x6c,   0x5f,   0x31,
  0x2f,   0x64,   0x65,   0x6e,   0x73,   0x65,   0x5f,   0x31,   0x2f,   0x4d,   0x61,   0x74,
  0x4d,   0x75,   0x6c,   0x3b,   0x73,   0x65,   0x71,   0x75,   0x65,   0x6e,   0x74,   0x69,
  0x61,   0x6c,   0x5f,   0x31,   0x2f,   0x64,   0x65,   0x6e,   0x73,   0x65,   0x5f,   0x31,
  0x2f,   0x52,   0x65,   0x6c,   0x75,   0x3b,   0x73,   0x65,   0x71,   0x75,   0x65,   0x6e,
  0x74,   0x69,   0x61,   0x6c,   0x5f,   0x31,   0x2f,   0x64,   0x65,   0x6e,   0x73,   0x65,
  0x5f,   0x31,   0x2f,   0x42,   0x69,   0x61,   0x73,   0x41,   0x64,   0x64,   0x00,   0x00,
  0x02,   0x00,   0x00,   0x00,   0x01,   0x00,   0x00,   0x00,   0x10,   0x00,   0x00,   0x00,
  0xda,   0x0e,   0xff,   0xff,   0x00,   0x00,   0x00,   0x01,   0x18,   0x00,   0x00,   0x00,
  0x20,   0x00,   0x00,   0x00,   0x40,   0x00,   0x00,   0x00,   0x58,   0x01,   0x00,   0x00,
  0x00,   0x00,   0x00,   0x09,   0x60,   0x00,   0x00,   0x00,   0x02,   0x00,   0x00,   0x00,
  0xff,   0xff,   0xff,   0xff,   0x20,   0x00,   0x00,   0x00,   0x24,   0xfe,   0xfe,   0xff,
  0x08,   0x00,   0x00,   0x00,   0x14,   0x00,   0x00,   0x00,   0x01,   0x00,   0x00,   0x00,
  0x15,   0x00,   0x00,   0x00,   0x00,   0x00,   0x00,   0x00,   0x00,   0x00,   0x00,   0x00,
  0x01,   0x00,   0x00,   0x00,   0x16,   0x48,   0xcd,   0x3b,   0x26,   0x00,   0x00,   0x00,
  0x73,   0x65,   0x71,   0x75,   0x65,   0x6e,   0x74,   0x69,   0x61,   0x6c,   0x5f,   0x31,
  0x2f,   0x6c,   0x73,   0x74,   0x6d,   0x5f,   0x31,   0x2f,   0x6c,   0x73,   0x74,   0x6d,
  0x5f,   0x63,   0x65,   0x6c,   0x6c,   0x5f,   0x33,   0x35,   0x2f,   0x6d,   0x75,   0x6c,
  0x5f,   0x32,   0x00,   0x00,   0x02,   0x00,   0x00,   0x00,   0x01,   0x00,   0x00,   0x00,
  0x20,   0x00,   0x00,   0x00,   0x62,   0x0f,   0xff,   0xff,   0x00,   0x00,   0x00,   0x01,
  0x18,   0x00,   0x00,   0x00,   0x20,   0x00,   0x00,   0x00,   0x40,   0x00,   0x00,   0x00,
  0x57,   0x01,   0x00,   0x00,   0x00,   0x00,   0x00,   0x09,   0x60,   0x00,   0x00,   0x00,
  0x02,   0x00,   0x00,   0x00,   0xff,   0xff,   0xff,   0xff,   0x20,   0x00,   0x00,   0x00,
  0xac,   0xfe,   0xfe,   0xff,   0x08,   0x00,   0x00,   0x00,   0x14,   0x00,   0x00,   0x00,
  0x01,   0x00,   0x00,   0x00,   0x00,   0x00,   0x00,   0x00,   0x00,   0x00,   0x00,   0x00,
  0x00,   0x00,   0x00,   0x00,   0x01,   0x00,   0x00,   0x00,   0x00,   0x00,   0x00,   0x3c,
  0x27,   0x00,   0x00,   0x00,   0x73,   0x65,   0x71,   0x75,   0x65,   0x6e,   0x74,   0x69,
  0x61,   0x6c,   0x5f,   0x31,   0x2f,   0x6c,   0x73,   0x74,   0x6d,   0x5f,   0x31,   0x2f,
  0x6c,   0x73,   0x74,   0x6d,   0x5f,   0x63,   0x65,   0x6c,   0x6c,   0x5f,   0x33,   0x35,
  0x2f,   0x54,   0x61,   0x6e,   0x68,   0x5f,   0x31,   0x00,   0x02,   0x00,   0x00,   0x00,
  0x01,   0x00,   0x00,   0x00,   0x20,   0x00,   0x00,   0x00,   0xea,   0x0f,   0xff,   0xff,
  0x00,   0x00,   0x00,   0x01,   0x18,   0x00,   0x00,   0x00,   0x20,   0x00,   0x00,   0x00,
  0x40,   0x00,   0x00,   0x00,   0x56,   0x01,   0x00,   0x00,   0x00,   0x00,   0x00,   0x09,
  0x60,   0x00,   0x00,   0x00,   0x02,   0x00,   0x00,   0x00,   0xff,   0xff,   0xff,   0xff,
  0x20,   0x00,   0x00,   0x00,   0x34,   0xff,   0xfe,   0xff,   0x08,   0x00,   0x00,   0x00,
  0x14,   0x00,   0x00,   0x00,   0x01,   0x00,   0x00,   0x00,   0x32,   0x00,   0x00,   0x00,
  0x00,   0x00,   0x00,   0x00,   0x00,   0x00,   0x00,   0x00,   0x01,   0x00,   0x00,   0x00,
  0x31,   0xbb,   0xf3,   0x3c,   0x26,   0x00,   0x00,   0x00,   0x73,   0x65,   0x71,   0x75,
  0x65,   0x6e,   0x74,   0x69,   0x61,   0x6c,   0x5f,   0x31,   0x2f,   0x6c,   0x73,   0x74,
  0x6d,   0x5f,   0x31,   0x2f,   0x6c,   0x73,   0x74,   0x6d,   0x5f,   0x63,   0x65,   0x6c,
  0x6c,   0x5f,   0x33,   0x35,   0x2f,   0x61,   0x64,   0x64,   0x5f,   0x31,   0x00,   0x00,
  0x02,   0x00,   0x00,   0x00,   0x01,   0x00,   0x00,   0x00,   0x20,   0x00,   0x00,   0x00,
  0x72,   0x10,   0xff,   0xff,   0x00,   0x00,   0x00,   0x01,   0x18,   0x00,   0x00,   0x00,
  0x20,   0x00,   0x00,   0x00,   0x40,   0x00,   0x00,   0x00,   0x55,   0x01,   0x00,   0x00,
  0x00,   0x00,   0x00,   0x09,   0x60,   0x00,   0x00,   0x00,   0x02,   0x00,   0x00,   0x00,
  0xff,   0xff,   0xff,   0xff,   0x20,   0x00,   0x00,   0x00,   0xbc,   0xff,   0xfe,   0xff,
  0x08,   0x00,   0x00,   0x00,   0x14,   0x00,   0x00,   0x00,   0x01,   0x00,   0x00,   0x00,
  0x0a,   0x00,   0x00,   0x00,   0x00,   0x00,   0x00,   0x00,   0x00,   0x00,   0x00,   0x00,
  0x01,   0x00,   0x00,   0x00,   0x29,   0xc8,   0x59,   0x3b,   0x26,   0x00,   0x00,   0x00,
  0x73,   0x65,   0x71,   0x75,   0x65,   0x6e,   0x74,   0x69,   0x61,   0x6c,   0x5f,   0x31,
  0x2f,   0x6c,   0x73,   0x74,   0x6d,   0x5f,   0x31,   0x2f,   0x6c,   0x73,   0x74,   0x6d,
  0x5f,   0x63,   0x65,   0x6c,   0x6c,   0x5f,   0x33,   0x35,   0x2f,   0x6d,   0x75,   0x6c,
  0x5f,   0x31,   0x00,   0x00,   0x02,   0x00,   0x00,   0x00,   0x01,   0x00,   0x00,   0x00,
  0x20,   0x00,   0x00,   0x00,   0xfa,   0x10,   0xff,   0xff,   0x00,   0x00,   0x00,   0x01,
  0x18,   0x00,   0x00,   0x00,   0x20,   0x00,   0x00,   0x00,   0x40,   0x00,   0x00,   0x00,
  0x54,   0x01,   0x00,   0x00,   0x00,   0x00,   0x00,   0x09,   0x60,   0x00,   0x00,   0x00,
  0x02,   0x00,   0x00,   0x00,   0xff,   0xff,   0xff,   0xff,   0x20,   0x00,   0x00,   0x00,
  0x44,   0x00,   0xff,   0xff,   0x08,   0x00,   0x00,   0x00,   0x14,   0x00,   0x00,   0x00,
  0x01,   0x00,   0x00,   0x00,   0x00,   0x00,   0x00,   0x00,   0x00,   0x00,   0x00,   0x00,
  0x00,   0x00,   0x00,   0x00,   0x01,   0x00,   0x00,   0x00,   0x00,   0x00,   0x00,   0x3c,
  0x25,   0x00,   0x00,   0x00,   0x73,   0x65,   0x71,   0x75,   0x65,   0x6e,   0x74,   0x69,
  0x61,   0x6c,   0x5f,   0x31,   0x2f,   0x6c,   0x73,   0x74,   0x6d,   0x5f,   0x31,   0x2f,
  0x6c,   0x73,   0x74,   0x6d,   0x5f,   0x63,   0x65,   0x6c,   0x6c,   0x5f,   0x33,   0x35,
  0x2f,   0x54,   0x61,   0x6e,   0x68,   0x00,   0x00,   0x00,   0x02,   0x00,   0x00,   0x00,
  0x01,   0x00,   0x00,   0x00,   0x20,   0x00,   0x00,   0x00,   0x82,   0x11,   0xff,   0xff,
  0x00,   0x00,   0x00,   0x01,   0x18,   0x00,   0x00,   0x00,   0x20,   0x00,   0x00,   0x00,
  0x3c,   0x00,   0x00,   0x00,   0x53,   0x01,   0x00,   0x00,   0x00,   0x00,   0x00,   0x09,
  0x60,   0x00,   0x00,   0x00,   0x02,   0x00,   0x00,   0x00,   0xff,   0xff,   0xff,   0xff,
  0x20,   0x00,   0x00,   0x00,   0xcc,   0x00,   0xff,   0xff,   0x08,   0x00,   0x00,   0x00,
  0x10,   0x00,   0x00,   0x00,   0x01,   0x00,   0x00,   0x00,   0x80,   0xff,   0xff,   0xff,
  0xff,   0xff,   0xff,   0xff,   0x01,   0x00,   0x00,   0x00,   0x00,   0x00,   0x80,   0x3b,
  0x2a,   0x00,   0x00,   0x00,   0x73,   0x65,   0x71,   0x75,   0x65,   0x6e,   0x74,   0x69,
  0x61,   0x6c,   0x5f,   0x31,   0x2f,   0x6c,   0x73,   0x74,   0x6d,   0x5f,   0x31,   0x2f,
  0x6c,   0x73,   0x74,   0x6d,   0x5f,   0x63,   0x65,   0x6c,   0x6c,   0x5f,   0x33,   0x35,
  0x2f,   0x53,   0x69,   0x67,   0x6d,   0x6f,   0x69,   0x64,   0x5f,   0x32,   0x00,   0x00,
  0x02,   0x00,   0x00,   0x00,   0x01,   0x00,   0x00,   0x00,   0x20,   0x00,   0x00,   0x00,
  0x0a,   0x12,   0xff,   0xff,   0x00,   0x00,   0x00,   0x01,   0x18,   0x00,   0x00,   0x00,
  0x20,   0x00,   0x00,   0x00,   0x40,   0x00,   0x00,   0x00,   0x52,   0x01,   0x00,   0x00,
  0x00,   0x00,   0x00,   0x09,   0x60,   0x00,   0x00,   0x00,   0x02,   0x00,   0x00,   0x00,
  0xff,   0xff,   0xff,   0xff,   0x20,   0x00,   0x00,   0x00,   0x54,   0x01,   0xff,   0xff,
  0x08,   0x00,   0x00,   0x00,   0x14,   0x00,   0x00,   0x00,   0x01,   0x00,   0x00,   0x00,
  0x32,   0x00,   0x00,   0x00,   0x00,   0x00,   0x00,   0x00,   0x00,   0x00,   0x00,   0x00,
  0x01,   0x00,   0x00,   0x00,   0x31,   0xbb,   0xf3,   0x3c,   0x24,   0x00,   0x00,   0x00,
  0x73,   0x65,   0x71,   0x75,   0x65,   0x6e,   0x74,   0x69,   0x61,   0x6c,   0x5f,   0x31,
  0x2f,   0x6c,   0x73,   0x74,   0x6d,   0x5f,   0x31,   0x2f,   0x6c,   0x73,   0x74,   0x6d,
  0x5f,   0x63,   0x65,   0x6c,   0x6c,   0x5f,   0x33,   0x35,   0x2f,   0x6d,   0x75,   0x6c,
  0x00,   0x00,   0x00,   0x00,   0x02,   0x00,   0x00,   0x00,   0x01,   0x00,   0x00,   0x00,
  0x20,   0x00,   0x00,   0x00,   0x92,   0x12,   0xff,   0xff,   0x00,   0x00,   0x00,   0x01,
  0x18,   0x00,   0x00,   0x00,   0x20,   0x00,   0x00,   0x00,   0x3c,   0x00,   0x00,   0x00,
  0x51,   0x01,   0x00,   0x00,   0x00,   0x00,   0x00,   0x09,   0x60,   0x00,   0x00,   0x00,
  0x02,   0x00,   0x00,   0x00,   0xff,   0xff,   0xff,   0xff,   0x20,   0x00,   0x00,   0x00,
  0xdc,   0x01,   0xff,   0xff,   0x08,   0x00,   0x00,   0x00,   0x10,   0x00,   0x00,   0x00,
  0x01,   0x00,   0x00,   0x00,   0x80,   0xff,   0xff,   0xff,   0xff,   0xff,   0xff,   0xff,
  0x01,   0x00,   0x00,   0x00,   0x00,   0x00,   0x80,   0x3b,   0x2a,   0x00,   0x00,   0x00,
  0x73,   0x65,   0x71,   0x75,   0x65,   0x6e,   0x74,   0x69,   0x61,   0x6c,   0x5f,   0x31,
  0x2f,   0x6c,   0x73,   0x74,   0x6d,   0x5f,   0x31,   0x2f,   0x6c,   0x73,   0x74,   0x6d,
  0x5f,   0x63,   0x65,   0x6c,   0x6c,   0x5f,   0x33,   0x35,   0x2f,   0x53,   0x69,   0x67,
  0x6d,   0x6f,   0x69,   0x64,   0x5f,   0x31,   0x00,   0x00,   0x02,   0x00,   0x00,   0x00,
  0x01,   0x00,   0x00,   0x00,   0x20,   0x00,   0x00,   0x00,   0x1a,   0x13,   0xff,   0xff,
  0x00,   0x00,   0x00,   0x01,   0x18,   0x00,   0x00,   0x00,   0x20,   0x00,   0x00,   0x00,
  0x3c,   0x00,   0x00,   0x00,   0x50,   0x01,   0x00,   0x00,   0x00,   0x00,   0x00,   0x09,
  0x60,   0x00,   0x00,   0x00,   0x02,   0x00,   0x00,   0x00,   0xff,   0xff,   0xff,   0xff,
  0x20,   0x00,   0x00,   0x00,   0x64,   0x02,   0xff,   0xff,   0x08,   0x00,   0x00,   0x00,
  0x10,   0x00,   0x00,   0x00,   0x01,   0x00,   0x00,   0x00,   0x80,   0xff,   0xff,   0xff,
  0xff,   0xff,   0xff,   0xff,   0x01,   0x00,   0x00,   0x00,   0x00,   0x00,   0x80,   0x3b,
  0x28,   0x00,   0x00,   0x00,   0x73,   0x65,   0x71,   0x75,   0x65,   0x6e,   0x74,   0x69,
  0x61,   0x6c,   0x5f,   0x31,   0x2f,   0x6c,   0x73,   0x74,   0x6d,   0x5f,   0x31,   0x2f,
  0x6c,   0x73,   0x74,   0x6d,   0x5f,   0x63,   0x65,   0x6c,   0x6c,   0x5f,   0x33,   0x35,
  0x2f,   0x53,   0x69,   0x67,   0x6d,   0x6f,   0x69,   0x64,   0x00,   0x00,   0x00,   0x00,
  0x02,   0x00,   0x00,   0x00,   0x01,   0x00,   0x00,   0x00,   0x20,   0x00,   0x00,   0x00,
  0xa2,   0x13,   0xff,   0xff,   0x00,   0x00,   0x00,   0x01,   0x18,   0x00,   0x00,   0x00,
  0x20,   0x00,   0x00,   0x00,   0x40,   0x00,   0x00,   0x00,   0x4f,   0x01,   0x00,   0x00,
  0x00,   0x00,   0x00,   0x09,   0xd8,   0x00,   0x00,   0x00,   0x02,   0x00,   0x00,   0x00,
  0xff,   0xff,   0xff,   0xff,   0x20,   0x00,   0x00,   0x00,   0xec,   0x02,   0xff,   0xff,
  0x08,   0x00,   0x00,   0x00,   0x14,   0x00,   0x00,   0x00,   0x01,   0x00,   0x00,   0x00,
  0xdf,   0xff,   0xff,   0xff,   0xff,   0xff,   0xff,   0xff,   0x00,   0x00,   0x00,   0x00,
  0x01,   0x00,   0x00,   0x00,   0x86,   0x89,   0xdf,   0x3c,   0x9f,   0x00,   0x00,   0x00,
  0x73,   0x65,   0x71,   0x75,   0x65,   0x6e,   0x74,   0x69,   0x61,   0x6c,   0x5f,   0x31,
  0x2f,   0x6c,   0x73,   0x74,   0x6d,   0x5f,   0x31,   0x2f,   0x6c,   0x73,   0x74,   0x6d,
  0x5f,   0x63,   0x65,   0x6c,   0x6c,   0x5f,   0x33,   0x35,   0x2f,   0x73,   0x70,   0x6c,
  0x69,   0x74,   0x3b,   0x73,   0x65,   0x71,   0x75,   0x65,   0x6e,   0x74,   0x69,   0x61,
  0x6c,   0x5f,   0x31,   0x2f,   0x6c,   0x73,   0x74,   0x6d,   0x5f,   0x31,   0x2f,   0x6c,
  0x73,   0x74,   0x6d,   0x5f,   0x63,   0x65,   0x6c,   0x6c,   0x5f,   0x33,   0x35,   0x2f,
  0x73,   0x70,   0x6c,   0x69,   0x74,   0x31,   0x3b,   0x73,   0x65,   0x71,   0x75,   0x65,
  0x6e,   0x74,   0x69,   0x61,   0x6c,   0x5f,   0x31,   0x2f,   0x6c,   0x73,   0x74,   0x6d,
  0x5f,   0x31,   0x2f,   0x6c,   0x73,   0x74,   0x6d,   0x5f,   0x63,   0x65,   0x6c,   0x6c,
  0x5f,   0x33,   0x35,   0x2f,   0x73,   0x70,   0x6c,   0x69,   0x74,   0x32,   0x3b,   0x73,
  0x65,   0x71,   0x75,   0x65,   0x6e,   0x74,   0x69,   0x61,   0x6c,   0x5f,   0x31,   0x2f,
  0x6c,   0x73,   0x74,   0x6d,   0x5f,   0x31,   0x2f,   0x6c,   0x73,   0x74,   0x6d,   0x5f,
  0x63,   0x65,   0x6c,   0x6c,   0x5f,   0x33,   0x35,   0x2f,   0x73,   0x70,   0x6c,   0x69,
  0x74,   0x33,   0x33,   0x00,   0x02,   0x00,   0x00,   0x00,   0x01,   0x00,   0x00,   0x00,
  0x20,   0x00,   0x00,   0x00,   0xa2,   0x14,   0xff,   0xff,   0x00,   0x00,   0x00,   0x01,
  0x18,   0x00,   0x00,   0x00,   0x20,   0x00,   0x00,   0x00,   0x40,   0x00,   0x00,   0x00,
  0x4e,   0x01,   0x00,   0x00,   0x00,   0x00,   0x00,   0x09,   0xd8,   0x00,   0x00,   0x00,
  0x02,   0x00,   0x00,   0x00,   0xff,   0xff,   0xff,   0xff,   0x20,   0x00,   0x00,   0x00,
  0xec,   0x03,   0xff,   0xff,   0x08,   0x00,   0x00,   0x00,   0x14,   0x00,   0x00,   0x00,
  0x01,   0x00,   0x00,   0x00,   0xdf,   0xff,   0xff,   0xff,   0xff,   0xff,   0xff,   0xff,
  0x00,   0x00,   0x00,   0x00,   0x01,   0x00,   0x00,   0x00,   0x86,   0x89,   0xdf,   0x3c,
  0x9f,   0x00,   0x00,   0x00,   0x73,   0x65,   0x71,   0x75,   0x65,   0x6e,   0x74,   0x69,
  0x61,   0x6c,   0x5f,   0x31,   0x2f,   0x6c,   0x73,   0x74,   0x6d,   0x5f,   0x31,   0x2f,
  0x6c,   0x73,   0x74,   0x6d,   0x5f,   0x63,   0x65,   0x6c,   0x6c,   0x5f,   0x33,   0x35,
  0x2f,   0x73,   0x70,   0x6c,   0x69,   0x74,   0x3b,   0x73,   0x65,   0x71,   0x75,   0x65,
  0x6e,   0x74,   0x69,   0x61,   0x6c,   0x5f,   0x31,   0x2f,   0x6c,   0x73,   0x74,   0x6d,
  0x5f,   0x31,   0x2f,   0x6c,   0x73,   0x74,   0x6d,   0x5f,   0x63,   0x65,   0x6c,   0x6c,
  0x5f,   0x33,   0x35,   0x2f,   0x73,   0x70,   0x6c,   0x69,   0x74,   0x31,   0x3b,   0x73,
  0x65,   0x71,   0x75,   0x65,   0x6e,   0x74,   0x69,   0x61,   0x6c,   0x5f,   0x31,   0x2f,
  0x6c,   0x73,   0x74,   0x6d,   0x5f,   0x31,   0x2f,   0x6c,   0x73,   0x74,   0x6d,   0x5f,
  0x63,   0x65,   0x6c,   0x6c,   0x5f,   0x33,   0x35,   0x2f,   0x73,   0x70,   0x6c,   0x69,
  0x74,   0x32,   0x3b,   0x73,   0x65,   0x71,   0x75,   0x65,   0x6e,   0x74,   0x69,   0x61,
  0x6c,   0x5f,   0x31,   0x2f,   0x6c,   0x73,   0x74,   0x6d,   0x5f,   0x31,   0x2f,   0x6c,
  0x73,   0x74,   0x6d,   0x5f,   0x63,   0x65,   0x6c,   0x6c,   0x5f,   0x33,   0x35,   0x2f,
  0x73,   0x70,   0x6c,   0x69,   0x74,   0x33,   0x32,   0x00,   0x02,   0x00,   0x00,   0x00,
  0x01,   0x00,   0x00,   0x00,   0x20,   0x00,   0x00,   0x00,   0xa2,   0x15,   0xff,   0xff,
  0x00,   0x00,   0x00,   0x01,   0x18,   0x00,   0x00,   0x00,   0x20,   0x00,   0x00,   0x00,
  0x40,   0x00,   0x00,   0x00,   0x4d,   0x01,   0x00,   0x00,   0x00,   0x00,   0x00,   0x09,
  0xd8,   0x00,   0x00,   0x00,   0x02,   0x00,   0x00,   0x00,   0xff,   0xff,   0xff,   0xff,
  0x20,   0x00,   0x00,   0x00,   0xec,   0x04,   0xff,   0xff,   0x08,   0x00,   0x00,   0x00,
  0x14,   0x00,   0x00,   0x00,   0x01,   0x00,   0x00,   0x00,   0xdf,   0xff,   0xff,   0xff,
  0xff,   0xff,   0xff,   0xff,   0x00,   0x00,   0x00,   0x00,   0x01,   0x00,   0x00,   0x00,
  0x86,   0x89,   0xdf,   0x3c,   0x9f,   0x00,   0x00,   0x00,   0x73,   0x65,   0x71,   0x75,
  0x65,   0x6e,   0x74,   0x69,   0x61,   0x6c,   0x5f,   0x31,   0x2f,   0x6c,   0x73,   0x74,
  0x6d,   0x5f,   0x31,   0x2f,   0x6c,   0x73,   0x74,   0x6d,   0x5f,   0x63,   0x65,   0x6c,
  0x6c,   0x5f,   0x33,   0x35,   0x2f,   0x73,   0x70,   0x6c,   0x69,   0x74,   0x3b,   0x73,
  0x65,   0x71,   0x75,   0x65,   0x6e,   0x74,   0x69,   0x61,   0x6c,   0x5f,   0x31,   0x2f,
  0x6c,   0x73,   0x74,   0x6d,   0x5f,   0x31,   0x2f,   0x6c,   0x73,   0x74,   0x6d,   0x5f,
  0x63,   0x65,   0x6c,   0x6c,   0x5f,   0x33,   0x35,   0x2f,   0x73,   0x70,   0x6c,   0x69,
  0x74,   0x31,   0x3b,   0x73,   0x65,   0x71,   0x75,   0x65,   0x6e,   0x74,   0x69,   0x61,
  0x6c,   0x5f,   0x31,   0x2f,   0x6c,   0x73,   0x74,   0x6d,   0x5f,   0x31,   0x2f,   0x6c,
  0x73,   0x74,   0x6d,   0x5f,   0x63,   0x65,   0x6c,   0x6c,   0x5f,   0x33,   0x35,   0x2f,
  0x73,   0x70,   0x6c,   0x69,   0x74,   0x32,   0x3b,   0x73,   0x65,   0x71,   0x75,   0x65,
  0x6e,   0x74,   0x69,   0x61,   0x6c,   0x5f,   0x31,   0x2f,   0x6c,   0x73,   0x74,   0x6d,
  0x5f,   0x31,   0x2f,   0x6c,   0x73,   0x74,   0x6d,   0x5f,   0x63,   0x65,   0x6c,   0x6c,
  0x5f,   0x33,   0x35,   0x2f,   0x73,   0x70,   0x6c,   0x69,   0x74,   0x33,   0x31,   0x00,
  0x02,   0x00,   0x00,   0x00,   0x01,   0x00,   0x00,   0x00,   0x20,   0x00,   0x00,   0x00,
  0xa2,   0x16,   0xff,   0xff,   0x00,   0x00,   0x00,   0x01,   0x18,   0x00,   0x00,   0x00,
  0x20,   0x00,   0x00,   0x00,   0x40,   0x00,   0x00,   0x00,   0x4c,   0x01,   0x00,   0x00,
  0x00,   0x00,   0x00,   0x09,   0xd8,   0x00,   0x00,   0x00,   0x02,   0x00,   0x00,   0x00,
  0xff,   0xff,   0xff,   0xff,   0x20,   0x00,   0x00,   0x00,   0xec,   0x05,   0xff,   0xff,
  0x08,   0x00,   0x00,   0x00,   0x14,   0x00,   0x00,   0x00,   0x01,   0x00,   0x00,   0x00,
  0xdf,   0xff,   0xff,   0xff,   0xff,   0xff,   0xff,   0xff,   0x00,   0x00,   0x00,   0x00,
  0x01,   0x00,   0x00,   0x00,   0x86,   0x89,   0xdf,   0x3c,   0x9e,   0x00,   0x00,   0x00,
  0x73,   0x65,   0x71,   0x75,   0x65,   0x6e,   0x74,   0x69,   0x61,   0x6c,   0x5f,   0x31,
  0x2f,   0x6c,   0x73,   0x74,   0x6d,   0x5f,   0x31,   0x2f,   0x6c,   0x73,   0x74,   0x6d,
  0x5f,   0x63,   0x65,   0x6c,   0x6c,   0x5f,   0x33,   0x35,   0x2f,   0x73,   0x70,   0x6c,
  0x69,   0x74,   0x3b,   0x73,   0x65,   0x71,   0x75,   0x65,   0x6e,   0x74,   0x69,   0x61,
  0x6c,   0x5f,   0x31,   0x2f,   0x6c,   0x73,   0x74,   0x6d,   0x5f,   0x31,   0x2f,   0x6c,
  0x73,   0x74,   0x6d,   0x5f,   0x63,   0x65,   0x6c,   0x6c,   0x5f,   0x33,   0x35,   0x2f,
  0x73,   0x70,   0x6c,   0x69,   0x74,   0x31,   0x3b,   0x73,   0x65,   0x71,   0x75,   0x65,
  0x6e,   0x74,   0x69,   0x61,   0x6c,   0x5f,   0x31,   0x2f,   0x6c,   0x73,   0x74,   0x6d,
  0x5f,   0x31,   0x2f,   0x6c,   0x73,   0x74,   0x6d,   0x5f,   0x63,   0x65,   0x6c,   0x6c,
  0x5f,   0x33,   0x35,   0x2f,   0x73,   0x70,   0x6c,   0x69,   0x74,   0x32,   0x3b,   0x73,
  0x65,   0x71,   0x75,   0x65,   0x6e,   0x74,   0x69,   0x61,   0x6c,   0x5f,   0x31,   0x2f,
  0x6c,   0x73,   0x74,   0x6d,   0x5f,   0x31,   0x2f,   0x6c,   0x73,   0x74,   0x6d,   0x5f,
  0x63,   0x65,   0x6c,   0x6c,   0x5f,   0x33,   0x35,   0x2f,   0x73,   0x70,   0x6c,   0x69,
  0x74,   0x33,   0x00,   0x00,   0x02,   0x00,   0x00,   0x00,   0x01,   0x00,   0x00,   0x00,
  0x20,   0x00,   0x00,   0x00,   0xa2,   0x17,   0xff,   0xff,   0x00,   0x00,   0x00,   0x01,
  0x18,   0x00,   0x00,   0x00,   0x20,   0x00,   0x00,   0x00,   0x3c,   0x00,   0x00,   0x00,
  0x4b,   0x01,   0x00,   0x00,   0x00,   0x00,   0x00,   0x09,   0x60,   0x00,   0x00,   0x00,
  0x02,   0x00,   0x00,   0x00,   0xff,   0xff,   0xff,   0xff,   0x80,   0x00,   0x00,   0x00,
  0xec,   0x06,   0xff,   0xff,   0x08,   0x00,   0x00,   0x00,   0x10,   0x00,   0x00,   0x00,
  0x01,   0x00,   0x00,   0x00,   0xdf,   0xff,   0xff,   0xff,   0xff,   0xff,   0xff,   0xff,
  0x01,   0x00,   0x00,   0x00,   0x86,   0x89,   0xdf,   0x3c,   0x28,   0x00,   0x00,   0x00,
  0x73,   0x65,   0x71,   0x75,   0x65,   0x6e,   0x74,   0x69,   0x61,   0x6c,   0x5f,   0x31,
  0x2f,   0x6c,   0x73,   0x74,   0x6d,   0x5f,   0x31,   0x2f,   0x6c,   0x73,   0x74,   0x6d,
  0x5f,   0x63,   0x65,   0x6c,   0x6c,   0x5f,   0x33,   0x35,   0x2f,   0x42,   0x69,   0x61,
  0x73,   0x41,   0x64,   0x64,   0x00,   0x00,   0x00,   0x00,   0x02,   0x00,   0x00,   0x00,
  0x01,   0x00,   0x00,   0x00,   0x80,   0x00,   0x00,   0x00,   0x2a,   0x18,   0xff,   0xff,
  0x00,   0x00,   0x00,   0x01,   0x18,   0x00,   0x00,   0x00,   0x20,   0x00,   0x00,   0x00,
  0x40,   0x00,   0x00,   0x00,   0x4a,   0x01,   0x00,   0x00,   0x00,   0x00,   0x00,   0x09,
  0x60,   0x00,   0x00,   0x00,   0x02,   0x00,   0x00,   0x00,   0xff,   0xff,   0xff,   0xff,
  0x80,   0x00,   0x00,   0x00,   0x74,   0x07,   0xff,   0xff,   0x08,   0x00,   0x00,   0x00,
  0x14,   0x00,   0x00,   0x00,   0x01,   0x00,   0x00,   0x00,   0xdf,   0xff,   0xff,   0xff,
  0xff,   0xff,   0xff,   0xff,   0x00,   0x00,   0x00,   0x00,   0x01,   0x00,   0x00,   0x00,
  0x86,   0x89,   0xdf,   0x3c,   0x24,   0x00,   0x00,   0x00,   0x73,   0x65,   0x71,   0x75,
  0x65,   0x6e,   0x74,   0x69,   0x61,   0x6c,   0x5f,   0x31,   0x2f,   0x6c,   0x73,   0x74,
  0x6d,   0x5f,   0x31,   0x2f,   0x6c,   0x73,   0x74,   0x6d,   0x5f,   0x63,   0x65,   0x6c,
  0x6c,   0x5f,   0x33,   0x35,   0x2f,   0x41,   0x64,   0x64,   0x00,   0x00,   0x00,   0x00,
  0x02,   0x00,   0x00,   0x00,   0x01,   0x00,   0x00,   0x00,   0x80,   0x00,   0x00,   0x00,
  0xb2,   0x18,   0xff,   0xff,   0x00,   0x00,   0x00,   0x01,   0x18,   0x00,   0x00,   0x00,
  0x20,   0x00,   0x00,   0x00,   0x3c,   0x00,   0x00,   0x00,   0x49,   0x01,   0x00,   0x00,
  0x00,   0x00,   0x00,   0x09,   0x60,   0x00,   0x00,   0x00,   0x02,   0x00,   0x00,   0x00,
  0xff,   0xff,   0xff,   0xff,   0x80,   0x00,   0x00,   0x00,   0xfc,   0x07,   0xff,   0xff,
  0x08,   0x00,   0x00,   0x00,   0x10,   0x00,   0x00,   0x00,   0x01,   0x00,   0x00,   0x00,
  0x04,   0x00,   0x00,   0x00,   0x00,   0x00,   0x00,   0x00,   0x01,   0x00,   0x00,   0x00,
  0x3a,   0xa1,   0x7a,   0x3c,   0x29,   0x00,   0x00,   0x00,   0x73,   0x65,   0x71,   0x75,
  0x65,   0x6e,   0x74,   0x69,   0x61,   0x6c,   0x5f,   0x31,   0x2f,   0x6c,   0x73,   0x74,
  0x6d,   0x5f,   0x31,   0x2f,   0x6c,   0x73,   0x74,   0x6d,   0x5f,   0x63,   0x65,   0x6c,
  0x6c,   0x5f,   0x33,   0x35,   0x2f,   0x4d,   0x61,   0x74,   0x4d,   0x75,   0x6c,   0x5f,
  0x31,   0x00,   0x00,   0x00,   0x02,   0x00,   0x00,   0x00,   0x01,   0x00,   0x00,   0x00,
  0x80,   0x00,   0x00,   0x00,   0x3a,   0x19,   0xff,   0xff,   0x00,   0x00,   0x00,   0x01,
  0x18,   0x00,   0x00,   0x00,   0x20,   0x00,   0x00,   0x00,   0x40,   0x00,   0x00,   0x00,
  0x48,   0x01,   0x00,   0x00,   0x00,   0x00,   0x00,   0x09,   0x60,   0x00,   0x00,   0x00,
  0x02,   0x00,   0x00,   0x00,   0xff,   0xff,   0xff,   0xff,   0x20,   0x00,   0x00,   0x00,
  0x84,   0x08,   0xff,   0xff,   0x08,   0x00,   0x00,   0x00,   0x14,   0x00,   0x00,   0x00,
  0x01,   0x00,   0x00,   0x00,   0x15,   0x00,   0x00,   0x00,   0x00,   0x00,   0x00,   0x00,
  0x00,   0x00,   0x00,   0x00,   0x01,   0x00,   0x00,   0x00,   0xd2,   0xdb,   0xcc,   0x3b,
  0x26,   0x00,   0x00,   0x00,   0x73,   0x65,   0x71,   0x75,   0x65,   0x6e,   0x74,   0x69,
  0x61,   0x6c,   0x5f,   0x31,   0x2f,   0x6c,   0x73,   0x74,   0x6d,   0x5f,   0x31,   0x2f,
  0x6c,   0x73,   0x74,   0x6d,   0x5f,   0x63,   0x65,   0x6c,   0x6c,   0x5f,   0x33,   0x33,
  0x2f,   0x6d,   0x75,   0x6c,   0x5f,   0x32,   0x00,   0x00,   0x02,   0x00,   0x00,   0x00,
  0x01,   0x00,   0x00,   0x00,   0x20,   0x00,   0x00,   0x00,   0xc2,   0x19,   0xff,   0xff,
  0x00,   0x00,   0x00,   0x01,   0x18,   0x00,   0x00,   0x00,   0x20,   0x00,   0x00,   0x00,
  0x40,   0x00,   0x00,   0x00,   0x47,   0x01,   0x00,   0x00,   0x00,   0x00,   0x00,   0x09,
  0x60,   0x00,   0x00,   0x00,   0x02,   0x00,   0x00,   0x00,   0xff,   0xff,   0xff,   0xff,
  0x20,   0x00,   0x00,   0x00,   0x0c,   0x09,   0xff,   0xff,   0x08,   0x00,   0x00,   0x00,
  0x14,   0x00,   0x00,   0x00,   0x01,   0x00,   0x00,   0x00,   0x00,   0x00,   0x00,   0x00,
  0x00,   0x00,   0x00,   0x00,   0x00,   0x00,   0x00,   0x00,   0x01,   0x00,   0x00,   0x00,
  0x00,   0x00,   0x00,   0x3c,   0x27,   0x00,   0x00,   0x00,   0x73,   0x65,   0x71,   0x75,
  0x65,   0x6e,   0x74,   0x69,   0x61,   0x6c,   0x5f,   0x31,   0x2f,   0x6c,   0x73,   0x74,
  0x6d,   0x5f,   0x31,   0x2f,   0x6c,   0x73,   0x74,   0x6d,   0x5f,   0x63,   0x65,   0x6c,
  0x6c,   0x5f,   0x33,   0x33,   0x2f,   0x54,   0x61,   0x6e,   0x68,   0x5f,   0x31,   0x00,
  0x02,   0x00,   0x00,   0x00,   0x01,   0x00,   0x00,   0x00,   0x20,   0x00,   0x00,   0x00,
  0x4a,   0x1a,   0xff,   0xff,   0x00,   0x00,   0x00,   0x01,   0x18,   0x00,   0x00,   0x00,
  0x20,   0x00,   0x00,   0x00,   0x40,   0x00,   0x00,   0x00,   0x46,   0x01,   0x00,   0x00,
  0x00,   0x00,   0x00,   0x09,   0x60,   0x00,   0x00,   0x00,   0x02,   0x00,   0x00,   0x00,
  0xff,   0xff,   0xff,   0xff,   0x20,   0x00,   0x00,   0x00,   0x94,   0x09,   0xff,   0xff,
  0x08,   0x00,   0x00,   0x00,   0x14,   0x00,   0x00,   0x00,   0x01,   0x00,   0x00,   0x00,
  0x31,   0x00,   0x00,   0x00,   0x00,   0x00,   0x00,   0x00,   0x00,   0x00,   0x00,   0x00,
  0x01,   0x00,   0x00,   0x00,   0x0f,   0x29,   0xeb,   0x3c,   0x26,   0x00,   0x00,   0x00,
  0x73,   0x65,   0x71,   0x75,   0x65,   0x6e,   0x74,   0x69,   0x61,   0x6c,   0x5f,   0x31,
  0x2f,   0x6c,   0x73,   0x74,   0x6d,   0x5f,   0x31,   0x2f,   0x6c,   0x73,   0x74,   0x6d,
  0x5f,   0x63,   0x65,   0x6c,   0x6c,   0x5f,   0x33,   0x33,   0x2f,   0x61,   0x64,   0x64,
  0x5f,   0x31,   0x00,   0x00,   0x02,   0x00,   0x00,   0x00,   0x01,   0x00,   0x00,   0x00,
  0x20,   0x00,   0x00,   0x00,   0xd2,   0x1a,   0xff,   0xff,   0x00,   0x00,   0x00,   0x01,
  0x18,   0x00,   0x00,   0x00,   0x20,   0x00,   0x00,   0x00,   0x40,   0x00,   0x00,   0x00,
  0x45,   0x01,   0x00,   0x00,   0x00,   0x00,   0x00,   0x09,   0x60,   0x00,   0x00,   0x00,
  0x02,   0x00,   0x00,   0x00,   0xff,   0xff,   0xff,   0xff,   0x20,   0x00,   0x00,   0x00,
  0x1c,   0x0a,   0xff,   0xff,   0x08,   0x00,   0x00,   0x00,   0x14,   0x00,   0x00,   0x00,
  0x01,   0x00,   0x00,   0x00,   0x0a,   0x00,   0x00,   0x00,   0x00,   0x00,   0x00,   0x00,
  0x00,   0x00,   0x00,   0x00,   0x01,   0x00,   0x00,   0x00,   0x48,   0x12,   0x5a,   0x3b,
  0x26,   0x00,   0x00,   0x00,   0x73,   0x65,   0x71,   0x75,   0x65,   0x6e,   0x74,   0x69,
  0x61,   0x6c,   0x5f,   0x31,   0x2f,   0x6c,   0x73,   0x74,   0x6d,   0x5f,   0x31,   0x2f,
  0x6c,   0x73,   0x74,   0x6d,   0x5f,   0x63,   0x65,   0x6c,   0x6c,   0x5f,   0x33,   0x33,
  0x2f,   0x6d,   0x75,   0x6c,   0x5f,   0x31,   0x00,   0x00,   0x02,   0x00,   0x00,   0x00,
  0x01,   0x00,   0x00,   0x00,   0x20,   0x00,   0x00,   0x00,   0x5a,   0x1b,   0xff,   0xff,
  0x00,   0x00,   0x00,   0x01,   0x18,   0x00,   0x00,   0x00,   0x20,   0x00,   0x00,   0x00,
  0x40,   0x00,   0x00,   0x00,   0x44,   0x01,   0x00,   0x00,   0x00,   0x00,   0x00,   0x09,
  0x60,   0x00,   0x00,   0x00,   0x02,   0x00,   0x00,   0x00,   0xff,   0xff,   0xff,   0xff,
  0x20,   0x00,   0x00,   0x00,   0xa4,   0x0a,   0xff,   0xff,   0x08,   0x00,   0x00,   0x00,
  0x14,   0x00,   0x00,   0x00,   0x01,   0x00,   0x00,   0x00,   0x00,   0x00,   0x00,   0x00,
  0x00,   0x00,   0x00,   0x00,   0x00,   0x00,   0x00,   0x00,   0x01,   0x00,   0x00,   0x00,
  0x00,   0x00,   0x00,   0x3c,   0x25,   0x00,   0x00,   0x00,   0x73,   0x65,   0x71,   0x75,
  0x65,   0x6e,   0x74,   0x69,   0x61,   0x6c,   0x5f,   0x31,   0x2f,   0x6c,   0x73,   0x74,
  0x6d,   0x5f,   0x31,   0x2f,   0x6c,   0x73,   0x74,   0x6d,   0x5f,   0x63,   0x65,   0x6c,
  0x6c,   0x5f,   0x33,   0x33,   0x2f,   0x54,   0x61,   0x6e,   0x68,   0x00,   0x00,   0x00,
  0x02,   0x00,   0x00,   0x00,   0x01,   0x00,   0x00,   0x00,   0x20,   0x00,   0x00,   0x00,
  0xe2,   0x1b,   0xff,   0xff,   0x00,   0x00,   0x00,   0x01,   0x18,   0x00,   0x00,   0x00,
  0x20,   0x00,   0x00,   0x00,   0x3c,   0x00,   0x00,   0x00,   0x43,   0x01,   0x00,   0x00,
  0x00,   0x00,   0x00,   0x09,   0x60,   0x00,   0x00,   0x00,   0x02,   0x00,   0x00,   0x00,
  0xff,   0xff,   0xff,   0xff,   0x20,   0x00,   0x00,   0x00,   0x2c,   0x0b,   0xff,   0xff,
  0x08,   0x00,   0x00,   0x00,   0x10,   0x00,   0x00,   0x00,   0x01,   0x00,   0x00,   0x00,
  0x80,   0xff,   0xff,   0xff,   0xff,   0xff,   0xff,   0xff,   0x01,   0x00,   0x00,   0x00,
  0x00,   0x00,   0x80,   0x3b,   0x2a,   0x00,   0x00,   0x00,   0x73,   0x65,   0x71,   0x75,
  0x65,   0x6e,   0x74,   0x69,   0x61,   0x6c,   0x5f,   0x31,   0x2f,   0x6c,   0x73,   0x74,
  0x6d,   0x5f,   0x31,   0x2f,   0x6c,   0x73,   0x74,   0x6d,   0x5f,   0x63,   0x65,   0x6c,
  0x6c,   0x5f,   0x33,   0x33,   0x2f,   0x53,   0x69,   0x67,   0x6d,   0x6f,   0x69,   0x64,
  0x5f,   0x32,   0x00,   0x00,   0x02,   0x00,   0x00,   0x00,   0x01,   0x00,   0x00,   0x00,
  0x20,   0x00,   0x00,   0x00,   0x6a,   0x1c,   0xff,   0xff,   0x00,   0x00,   0x00,   0x01,
  0x18,   0x00,   0x00,   0x00,   0x20,   0x00,   0x00,   0x00,   0x40,   0x00,   0x00,   0x00,
  0x42,   0x01,   0x00,   0x00,   0x00,   0x00,   0x00,   0x09,   0x60,   0x00,   0x00,   0x00,
  0x02,   0x00,   0x00,   0x00,   0xff,   0xff,   0xff,   0xff,   0x20,   0x00,   0x00,   0x00,
  0xb4,   0x0b,   0xff,   0xff,   0x08,   0x00,   0x00,   0x00,   0x14,   0x00,   0x00,   0x00,
  0x01,   0x00,   0x00,   0x00,   0x31,   0x00,   0x00,   0x00,   0x00,   0x00,   0x00,   0x00,
  0x00,   0x00,   0x00,   0x00,   0x01,   0x00,   0x00,   0x00,   0x0f,   0x29,   0xeb,   0x3c,
  0x24,   0x00,   0x00,   0x00,   0x73,   0x65,   0x71,   0x75,   0x65,   0x6e,   0x74,   0x69,
  0x61,   0x6c,   0x5f,   0x31,   0x2f,   0x6c,   0x73,   0x74,   0x6d,   0x5f,   0x31,   0x2f,
  0x6c,   0x73,   0x74,   0x6d,   0x5f,   0x63,   0x65,   0x6c,   0x6c,   0x5f,   0x33,   0x33,
  0x2f,   0x6d,   0x75,   0x6c,   0x00,   0x00,   0x00,   0x00,   0x02,   0x00,   0x00,   0x00,
  0x01,   0x00,   0x00,   0x00,   0x20,   0x00,   0x00,   0x00,   0xf2,   0x1c,   0xff,   0xff,
  0x00,   0x00,   0x00,   0x01,   0x18,   0x00,   0x00,   0x00,   0x20,   0x00,   0x00,   0x00,
  0x3c,   0x00,   0x00,   0x00,   0x41,   0x01,   0x00,   0x00,   0x00,   0x00,   0x00,   0x09,
  0x60,   0x00,   0x00,   0x00,   0x02,   0x00,   0x00,   0x00,   0xff,   0xff,   0xff,   0xff,
  0x20,   0x00,   0x00,   0x00,   0x3c,   0x0c,   0xff,   0xff,   0x08,   0x00,   0x00,   0x00,
  0x10,   0x00,   0x00,   0x00,   0x01,   0x00,   0x00,   0x00,   0x80,   0xff,   0xff,   0xff,
  0xff,   0xff,   0xff,   0xff,   0x01,   0x00,   0x00,   0x00,   0x00,   0x00,   0x80,   0x3b,
  0x2a,   0x00,   0x00,   0x00,   0x73,   0x65,   0x71,   0x75,   0x65,   0x6e,   0x74,   0x69,
  0x61,   0x6c,   0x5f,   0x31,   0x2f,   0x6c,   0x73,   0x74,   0x6d,   0x5f,   0x31,   0x2f,
  0x6c,   0x73,   0x74,   0x6d,   0x5f,   0x63,   0x65,   0x6c,   0x6c,   0x5f,   0x33,   0x33,
  0x2f,   0x53,   0x69,   0x67,   0x6d,   0x6f,   0x69,   0x64,   0x5f,   0x31,   0x00,   0x00,
  0x02,   0x00,   0x00,   0x00,   0x01,   0x00,   0x00,   0x00,   0x20,   0x00,   0x00,   0x00,
  0x7a,   0x1d,   0xff,   0xff,   0x00,   0x00,   0x00,   0x01,   0x18,   0x00,   0x00,   0x00,
  0x20,   0x00,   0x00,   0x00,   0x3c,   0x00,   0x00,   0x00,   0x40,   0x01,   0x00,   0x00,
  0x00,   0x00,   0x00,   0x09,   0x60,   0x00,   0x00,   0x00,   0x02,   0x00,   0x00,   0x00,
  0xff,   0xff,   0xff,   0xff,   0x20,   0x00,   0x00,   0x00,   0xc4,   0x0c,   0xff,   0xff,
  0x08,   0x00,   0x00,   0x00,   0x10,   0x00,   0x00,   0x00,   0x01,   0x00,   0x00,   0x00,
  0x80,   0xff,   0xff,   0xff,   0xff,   0xff,   0xff,   0xff,   0x01,   0x00,   0x00,   0x00,
  0x00,   0x00,   0x80,   0x3b,   0x28,   0x00,   0x00,   0x00,   0x73,   0x65,   0x71,   0x75,
  0x65,   0x6e,   0x74,   0x69,   0x61,   0x6c,   0x5f,   0x31,   0x2f,   0x6c,   0x73,   0x74,
  0x6d,   0x5f,   0x31,   0x2f,   0x6c,   0x73,   0x74,   0x6d,   0x5f,   0x63,   0x65,   0x6c,
  0x6c,   0x5f,   0x33,   0x33,   0x2f,   0x53,   0x69,   0x67,   0x6d,   0x6f,   0x69,   0x64,
  0x00,   0x00,   0x00,   0x00,   0x02,   0x00,   0x00,   0x00,   0x01,   0x00,   0x00,   0x00,
  0x20,   0x00,   0x00,   0x00,   0x02,   0x1e,   0xff,   0xff,   0x00,   0x00,   0x00,   0x01,
  0x18,   0x00,   0x00,   0x00,   0x20,   0x00,   0x00,   0x00,   0x40,   0x00,   0x00,   0x00,
  0x3f,   0x01,   0x00,   0x00,   0x00,   0x00,   0x00,   0x09,   0xd8,   0x00,   0x00,   0x00,
  0x02,   0x00,   0x00,   0x00,   0xff,   0xff,   0xff,   0xff,   0x20,   0x00,   0x00,   0x00,
  0x4c,   0x0d,   0xff,   0xff,   0x08,   0x00,   0x00,   0x00,   0x14,   0x00,   0x00,   0x00,
  0x01,   0x00,   0x00,   0x00,   0xde,   0xff,   0xff,   0xff,   0xff,   0xff,   0xff,   0xff,
  0x00,   0x00,   0x00,   0x00,   0x01,   0x00,   0x00,   0x00,   0xca,   0x62,   0xe0,   0x3c,
  0x9f,   0x00,   0x00,   0x00,   0x73,   0x65,   0x71,   0x75,   0x65,   0x6e,   0x74,   0x69,
  0x61,   0x6c,   0x5f,   0x31,   0x2f,   0x6c,   0x73,   0x74,   0x6d,   0x5f,   0x31,   0x2f,
  0x6c,   0x73,   0x74,   0x6d,   0x5f,   0x63,   0x65,   0x6c,   0x6c,   0x5f,   0x33,   0x33,
  0x2f,   0x73,   0x70,   0x6c,   0x69,   0x74,   0x3b,   0x73,   0x65,   0x71,   0x75,   0x65,
  0x6e,   0x74,   0x69,   0x61,   0x6c,   0x5f,   0x31,   0x2f,   0x6c,   0x73,   0x74,   0x6d,
  0x5f,   0x31,   0x2f,   0x6c,   0x73,   0x74,   0x6d,   0x5f,   0x63,   0x65,   0x6c,   0x6c,
  0x5f,   0x33,   0x33,   0x2f,   0x73,   0x70,   0x6c,   0x69,   0x74,   0x31,   0x3b,   0x73,
  0x65,   0x71,   0x75,   0x65,   0x6e,   0x74,   0x69,   0x61,   0x6c,   0x5f,   0x31,   0x2f,
  0x6c,   0x73,   0x74,   0x6d,   0x5f,   0x31,   0x2f,   0x6c,   0x73,   0x74,   0x6d,   0x5f,
  0x63,   0x65,   0x6c,   0x6c,   0x5f,   0x33,   0x33,   0x2f,   0x73,   0x70,   0x6c,   0x69,
  0x74,   0x32,   0x3b,   0x73,   0x65,   0x71,   0x75,   0x65,   0x6e,   0x74,   0x69,   0x61,
  0x6c,   0x5f,   0x31,   0x2f,   0x6c,   0x73,   0x74,   0x6d,   0x5f,   0x31,   0x2f,   0x6c,
  0x73,   0x74,   0x6d,   0x5f,   0x63,   0x65,   0x6c,   0x6c,   0x5f,   0x33,   0x33,   0x2f,
  0x73,   0x70,   0x6c,   0x69,   0x74,   0x33,   0x33,   0x00,   0x02,   0x00,   0x00,   0x00,
  0x01,   0x00,   0x00,   0x00,   0x20,   0x00,   0x00,   0x00,   0x02,   0x1f,   0xff,   0xff,
  0x00,   0x00,   0x00,   0x01,   0x18,   0x00,   0x00,   0x00,   0x20,   0x00,   0x00,   0x00,
  0x40,   0x00,   0x00,   0x00,   0x3e,   0x01,   0x00,   0x00,   0x00,   0x00,   0x00,   0x09,
  0xd8,   0x00,   0x00,   0x00,   0x02,   0x00,   0x00,   0x00,   0xff,   0xff,   0xff,   0xff,
  0x20,   0x00,   0x00,   0x00,   0x4c,   0x0e,   0xff,   0xff,   0x08,   0x00,   0x00,   0x00,
  0x14,   0x00,   0x00,   0x00,   0x01,   0x00,   0x00,   0x00,   0xde,   0xff,   0xff,   0xff,
  0xff,   0xff,   0xff,   0xff,   0x00,   0x00,   0x00,   0x00,   0x01,   0x00,   0x00,   0x00,
  0xca,   0x62,   0xe0,   0x3c,   0x9f,   0x00,   0x00,   0x00,   0x73,   0x65,   0x71,   0x75,
  0x65,   0x6e,   0x74,   0x69,   0x61,   0x6c,   0x5f,   0x31,   0x2f,   0x6c,   0x73,   0x74,
  0x6d,   0x5f,   0x31,   0x2f,   0x6c,   0x73,   0x74,   0x6d,   0x5f,   0x63,   0x65,   0x6c,
  0x6c,   0x5f,   0x33,   0x33,   0x2f,   0x73,   0x70,   0x6c,   0x69,   0x74,   0x3b,   0x73,
  0x65,   0x71,   0x75,   0x65,   0x6e,   0x74,   0x69,   0x61,   0x6c,   0x5f,   0x31,   0x2f,
  0x6c,   0x73,   0x74,   0x6d,   0x5f,   0x31,   0x2f,   0x6c,   0x73,   0x74,   0x6d,   0x5f,
  0x63,   0x65,   0x6c,   0x6c,   0x5f,   0x33,   0x33,   0x2f,   0x73,   0x70,   0x6c,   0x69,
  0x74,   0x31,   0x3b,   0x73,   0x65,   0x71,   0x75,   0x65,   0x6e,   0x74,   0x69,   0x61,
  0x6c,   0x5f,   0x31,   0x2f,   0x6c,   0x73,   0x74,   0x6d,   0x5f,   0x31,   0x2f,   0x6c,
  0x73,   0x74,   0x6d,   0x5f,   0x63,   0x65,   0x6c,   0x6c,   0x5f,   0x33,   0x33,   0x2f,
  0x73,   0x70,   0x6c,   0x69,   0x74,   0x32,   0x3b,   0x73,   0x65,   0x71,   0x75,   0x65,
  0x6e,   0x74,   0x69,   0x61,   0x6c,   0x5f,   0x31,   0x2f,   0x6c,   0x73,   0x74,   0x6d,
  0x5f,   0x31,   0x2f,   0x6c,   0x73,   0x74,   0x6d,   0x5f,   0x63,   0x65,   0x6c,   0x6c,
  0x5f,   0x33,   0x33,   0x2f,   0x73,   0x70,   0x6c,   0x69,   0x74,   0x33,   0x32,   0x00,
  0x02,   0x00,   0x00,   0x00,   0x01,   0x00,   0x00,   0x00,   0x20,   0x00,   0x00,   0x00,
  0x02,   0x20,   0xff,   0xff,   0x00,   0x00,   0x00,   0x01,   0x18,   0x00,   0x00,   0x00,
  0x20,   0x00,   0x00,   0x00,   0x40,   0x00,   0x00,   0x00,   0x3d,   0x01,   0x00,   0x00,
  0x00,   0x00,   0x00,   0x09,   0xd8,   0x00,   0x00,   0x00,   0x02,   0x00,   0x00,   0x00,
  0xff,   0xff,   0xff,   0xff,   0x20,   0x00,   0x00,   0x00,   0x4c,   0x0f,   0xff,   0xff,
  0x08,   0x00,   0x00,   0x00,   0x14,   0x00,   0x00,   0x00,   0x01,   0x00,   0x00,   0x00,
  0xde,   0xff,   0xff,   0xff,   0xff,   0xff,   0xff,   0xff,   0x00,   0x00,   0x00,   0x00,
  0x01,   0x00,   0x00,   0x00,   0xca,   0x62,   0xe0,   0x3c,   0x9f,   0x00,   0x00,   0x00,
  0x73,   0x65,   0x71,   0x75,   0x65,   0x6e,   0x74,   0x69,   0x61,   0x6c,   0x5f,   0x31,
  0x2f,   0x6c,   0x73,   0x74,   0x6d,   0x5f,   0x31,   0x2f,   0x6c,   0x73,   0x74,   0x6d,
  0x5f,   0x63,   0x65,   0x6c,   0x6c,   0x5f,   0x33,   0x33,   0x2f,   0x73,   0x70,   0x6c,
  0x69,   0x74,   0x3b,   0x73,   0x65,   0x71,   0x75,   0x65,   0x6e,   0x74,   0x69,   0x61,
  0x6c,   0x5f,   0x31,   0x2f,   0x6c,   0x73,   0x74,   0x6d,   0x5f,   0x31,   0x2f,   0x6c,
  0x73,   0x74,   0x6d,   0x5f,   0x63,   0x65,   0x6c,   0x6c,   0x5f,   0x33,   0x33,   0x2f,
  0x73,   0x70,   0x6c,   0x69,   0x74,   0x31,   0x3b,   0x73,   0x65,   0x71,   0x75,   0x65,
  0x6e,   0x74,   0x69,   0x61,   0x6c,   0x5f,   0x31,   0x2f,   0x6c,   0x73,   0x74,   0x6d,
  0x5f,   0x31,   0x2f,   0x6c,   0x73,   0x74,   0x6d,   0x5f,   0x63,   0x65,   0x6c,   0x6c,
  0x5f,   0x33,   0x33,   0x2f,   0x73,   0x70,   0x6c,   0x69,   0x74,   0x32,   0x3b,   0x73,
  0x65,   0x71,   0x75,   0x65,   0x6e,   0x74,   0x69,   0x61,   0x6c,   0x5f,   0x31,   0x2f,
  0x6c,   0x73,   0x74,   0x6d,   0x5f,   0x31,   0x2f,   0x6c,   0x73,   0x74,   0x6d,   0x5f,
  0x63,   0x65,   0x6c,   0x6c,   0x5f,   0x33,   0x33,   0x2f,   0x73,   0x70,   0x6c,   0x69,
  0x74,   0x33,   0x31,   0x00,   0x02,   0x00,   0x00,   0x00,   0x01,   0x00,   0x00,   0x00,
  0x20,   0x00,   0x00,   0x00,   0x02,   0x21,   0xff,   0xff,   0x00,   0x00,   0x00,   0x01,
  0x18,   0x00,   0x00,   0x00,   0x20,   0x00,   0x00,   0x00,   0x40,   0x00,   0x00,   0x00,
  0x3c,   0x01,   0x00,   0x00,   0x00,   0x00,   0x00,   0x09,   0xd8,   0x00,   0x00,   0x00,
  0x02,   0x00,   0x00,   0x00,   0xff,   0xff,   0xff,   0xff,   0x20,   0x00,   0x00,   0x00,
  0x4c,   0x10,   0xff,   0xff,   0x08,   0x00,   0x00,   0x00,   0x14,   0x00,   0x00,   0x00,
  0x01,   0x00,   0x00,   0x00,   0xde,   0xff,   0xff,   0xff,   0xff,   0xff,   0xff,   0xff,
  0x00,   0x00,   0x00,   0x00,   0x01,   0x00,   0x00,   0x00,   0xca,   0x62,   0xe0,   0x3c,
  0x9e,   0x00,   0x00,   0x00,   0x73,   0x65,   0x71,   0x75,   0x65,   0x6e,   0x74,   0x69,
  0x61,   0x6c,   0x5f,   0x31,   0x2f,   0x6c,   0x73,   0x74,   0x6d,   0x5f,   0x31,   0x2f,
  0x6c,   0x73,   0x74,   0x6d,   0x5f,   0x63,   0x65,   0x6c,   0x6c,   0x5f,   0x33,   0x33,
  0x2f,   0x73,   0x70,   0x6c,   0x69,   0x74,   0x3b,   0x73,   0x65,   0x71,   0x75,   0x65,
  0x6e,   0x74,   0x69,   0x61,   0x6c,   0x5f,   0x31,   0x2f,   0x6c,   0x73,   0x74,   0x6d,
  0x5f,   0x31,   0x2f,   0x6c,   0x73,   0x74,   0x6d,   0x5f,   0x63,   0x65,   0x6c,   0x6c,
  0x5f,   0x33,   0x33,   0x2f,   0x73,   0x70,   0x6c,   0x69,   0x74,   0x31,   0x3b,   0x73,
  0x65,   0x71,   0x75,   0x65,   0x6e,   0x74,   0x69,   0x61,   0x6c,   0x5f,   0x31,   0x2f,
  0x6c,   0x73,   0x74,   0x6d,   0x5f,   0x31,   0x2f,   0x6c,   0x73,   0x74,   0x6d,   0x5f,
  0x63,   0x65,   0x6c,   0x6c,   0x5f,   0x33,   0x33,   0x2f,   0x73,   0x70,   0x6c,   0x69,
  0x74,   0x32,   0x3b,   0x73,   0x65,   0x71,   0x75,   0x65,   0x6e,   0x74,   0x69,   0x61,
  0x6c,   0x5f,   0x31,   0x2f,   0x6c,   0x73,   0x74,   0x6d,   0x5f,   0x31,   0x2f,   0x6c,
  0x73,   0x74,   0x6d,   0x5f,   0x63,   0x65,   0x6c,   0x6c,   0x5f,   0x33,   0x33,   0x2f,
  0x73,   0x70,   0x6c,   0x69,   0x74,   0x33,   0x00,   0x00,   0x02,   0x00,   0x00,   0x00,
  0x01,   0x00,   0x00,   0x00,   0x20,   0x00,   0x00,   0x00,   0x02,   0x22,   0xff,   0xff,
  0x00,   0x00,   0x00,   0x01,   0x18,   0x00,   0x00,   0x00,   0x20,   0x00,   0x00,   0x00,
  0x3c,   0x00,   0x00,   0x00,   0x3b,   0x01,   0x00,   0x00,   0x00,   0x00,   0x00,   0x09,
  0x60,   0x00,   0x00,   0x00,   0x02,   0x00,   0x00,   0x00,   0xff,   0xff,   0xff,   0xff,
  0x80,   0x00,   0x00,   0x00,   0x4c,   0x11,   0xff,   0xff,   0x08,   0x00,   0x00,   0x00,
  0x10,   0x00,   0x00,   0x00,   0x01,   0x00,   0x00,   0x00,   0xde,   0xff,   0xff,   0xff,
  0xff,   0xff,   0xff,   0xff,   0x01,   0x00,   0x00,   0x00,   0xca,   0x62,   0xe0,   0x3c,
  0x28,   0x00,   0x00,   0x00,   0x73,   0x65,   0x71,   0x75,   0x65,   0x6e,   0x74,   0x69,
  0x61,   0x6c,   0x5f,   0x31,   0x2f,   0x6c,   0x73,   0x74,   0x6d,   0x5f,   0x31,   0x2f,
  0x6c,   0x73,   0x74,   0x6d,   0x5f,   0x63,   0x65,   0x6c,   0x6c,   0x5f,   0x33,   0x33,
  0x2f,   0x42,   0x69,   0x61,   0x73,   0x41,   0x64,   0x64,   0x00,   0x00,   0x00,   0x00,
  0x02,   0x00,   0x00,   0x00,   0x01,   0x00,   0x00,   0x00,   0x80,   0x00,   0x00,   0x00,
  0x8a,   0x22,   0xff,   0xff,   0x00,   0x00,   0x00,   0x01,   0x18,   0x00,   0x00,   0x00,
  0x20,   0x00,   0x00,   0x00,   0x40,   0x00,   0x00,   0x00,   0x3a,   0x01,   0x00,   0x00,
  0x00,   0x00,   0x00,   0x09,   0x60,   0x00,   0x00,   0x00,   0x02,   0x00,   0x00,   0x00,
  0xff,   0xff,   0xff,   0xff,   0x80,   0x00,   0x00,   0x00,   0xd4,   0x11,   0xff,   0xff,
  0x08,   0x00,   0x00,   0x00,   0x14,   0x00,   0x00,   0x00,   0x01,   0x00,   0x00,   0x00,
  0xde,   0xff,   0xff,   0xff,   0xff,   0xff,   0xff,   0xff,   0x00,   0x00,   0x00,   0x00,
  0x01,   0x00,   0x00,   0x00,   0xca,   0x62,   0xe0,   0x3c,   0x24,   0x00,   0x00,   0x00,
  0x73,   0x65,   0x71,   0x75,   0x65,   0x6e,   0x74,   0x69,   0x61,   0x6c,   0x5f,   0x31,
  0x2f,   0x6c,   0x73,   0x74,   0x6d,   0x5f,   0x31,   0x2f,   0x6c,   0x73,   0x74,   0x6d,
  0x5f,   0x63,   0x65,   0x6c,   0x6c,   0x5f,   0x33,   0x33,   0x2f,   0x41,   0x64,   0x64,
  0x00,   0x00,   0x00,   0x00,   0x02,   0x00,   0x00,   0x00,   0x01,   0x00,   0x00,   0x00,
  0x80,   0x00,   0x00,   0x00,   0x12,   0x23,   0xff,   0xff,   0x00,   0x00,   0x00,   0x01,
  0x18,   0x00,   0x00,   0x00,   0x20,   0x00,   0x00,   0x00,   0x3c,   0x00,   0x00,   0x00,
  0x39,   0x01,   0x00,   0x00,   0x00,   0x00,   0x00,   0x09,   0x60,   0x00,   0x00,   0x00,
  0x02,   0x00,   0x00,   0x00,   0xff,   0xff,   0xff,   0xff,   0x80,   0x00,   0x00,   0x00,
  0x5c,   0x12,   0xff,   0xff,   0x08,   0x00,   0x00,   0x00,   0x10,   0x00,   0x00,   0x00,
  0x01,   0x00,   0x00,   0x00,   0x04,   0x00,   0x00,   0x00,   0x00,   0x00,   0x00,   0x00,
  0x01,   0x00,   0x00,   0x00,   0x51,   0x9f,   0x79,   0x3c,   0x29,   0x00,   0x00,   0x00,
  0x73,   0x65,   0x71,   0x75,   0x65,   0x6e,   0x74,   0x69,   0x61,   0x6c,   0x5f,   0x31,
  0x2f,   0x6c,   0x73,   0x74,   0x6d,   0x5f,   0x31,   0x2f,   0x6c,   0x73,   0x74,   0x6d,
  0x5f,   0x63,   0x65,   0x6c,   0x6c,   0x5f,   0x33,   0x33,   0x2f,   0x4d,   0x61,   0x74,
  0x4d,   0x75,   0x6c,   0x5f,   0x31,   0x00,   0x00,   0x00,   0x02,   0x00,   0x00,   0x00,
  0x01,   0x00,   0x00,   0x00,   0x80,   0x00,   0x00,   0x00,   0x9a,   0x23,   0xff,   0xff,
  0x00,   0x00,   0x00,   0x01,   0x18,   0x00,   0x00,   0x00,   0x20,   0x00,   0x00,   0x00,
  0x40,   0x00,   0x00,   0x00,   0x38,   0x01,   0x00,   0x00,   0x00,   0x00,   0x00,   0x09,
  0x60,   0x00,   0x00,   0x00,   0x02,   0x00,   0x00,   0x00,   0xff,   0xff,   0xff,   0xff,
  0x20,   0x00,   0x00,   0x00,   0xe4,   0x12,   0xff,   0xff,   0x08,   0x00,   0x00,   0x00,
  0x14,   0x00,   0x00,   0x00,   0x01,   0x00,   0x00,   0x00,   0x15,   0x00,   0x00,   0x00,
  0x00,   0x00,   0x00,   0x00,   0x00,   0x00,   0x00,   0x00,   0x01,   0x00,   0x00,   0x00,
  0xc9,   0x56,   0xcd,   0x3b,   0x26,   0x00,   0x00,   0x00,   0x73,   0x65,   0x71,   0x75,
  0x65,   0x6e,   0x74,   0x69,   0x61,   0x6c,   0x5f,   0x31,   0x2f,   0x6c,   0x73,   0x74,
  0x6d,   0x5f,   0x31,   0x2f,   0x6c,   0x73,   0x74,   0x6d,   0x5f,   0x63,   0x65,   0x6c,
  0x6c,   0x5f,   0x33,   0x31,   0x2f,   0x6d,   0x75,   0x6c,   0x5f,   0x32,   0x00,   0x00,
  0x02,   0x00,   0x00,   0x00,   0x01,   0x00,   0x00,   0x00,   0x20,   0x00,   0x00,   0x00,
  0x22,   0x24,   0xff,   0xff,   0x00,   0x00,   0x00,   0x01,   0x18,   0x00,   0x00,   0x00,
  0x20,   0x00,   0x00,   0x00,   0x40,   0x00,   0x00,   0x00,   0x37,   0x01,   0x00,   0x00,
  0x00,   0x00,   0x00,   0x09,   0x60,   0x00,   0x00,   0x00,   0x02,   0x00,   0x00,   0x00,
  0xff,   0xff,   0xff,   0xff,   0x20,   0x00,   0x00,   0x00,   0x6c,   0x13,   0xff,   0xff,
  0x08,   0x00,   0x00,   0x00,   0x14,   0x00,   0x00,   0x00,   0x01,   0x00,   0x00,   0x00,
  0x00,   0x00,   0x00,   0x00,   0x00,   0x00,   0x00,   0x00,   0x00,   0x00,   0x00,   0x00,
  0x01,   0x00,   0x00,   0x00,   0x00,   0x00,   0x00,   0x3c,   0x27,   0x00,   0x00,   0x00,
  0x73,   0x65,   0x71,   0x75,   0x65,   0x6e,   0x74,   0x69,   0x61,   0x6c,   0x5f,   0x31,
  0x2f,   0x6c,   0x73,   0x74,   0x6d,   0x5f,   0x31,   0x2f,   0x6c,   0x73,   0x74,   0x6d,
  0x5f,   0x63,   0x65,   0x6c,   0x6c,   0x5f,   0x33,   0x31,   0x2f,   0x54,   0x61,   0x6e,
  0x68,   0x5f,   0x31,   0x00,   0x02,   0x00,   0x00,   0x00,   0x01,   0x00,   0x00,   0x00,
  0x20,   0x00,   0x00,   0x00,   0xaa,   0x24,   0xff,   0xff,   0x00,   0x00,   0x00,   0x01,
  0x18,   0x00,   0x00,   0x00,   0x20,   0x00,   0x00,   0x00,   0x40,   0x00,   0x00,   0x00,
  0x36,   0x01,   0x00,   0x00,   0x00,   0x00,   0x00,   0x09,   0x60,   0x00,   0x00,   0x00,
  0x02,   0x00,   0x00,   0x00,   0xff,   0xff,   0xff,   0xff,   0x20,   0x00,   0x00,   0x00,
  0xf4,   0x13,   0xff,   0xff,   0x08,   0x00,   0x00,   0x00,   0x14,   0x00,   0x00,   0x00,
  0x01,   0x00,   0x00,   0x00,   0x2f,   0x00,   0x00,   0x00,   0x00,   0x00,   0x00,   0x00,
  0x00,   0x00,   0x00,   0x00,   0x01,   0x00,   0x00,   0x00,   0xba,   0x62,   0xe2,   0x3c,
  0x26,   0x00,   0x00,   0x00,   0x73,   0x65,   0x71,   0x75,   0x65,   0x6e,   0x74,   0x69,
  0x61,   0x6c,   0x5f,   0x31,   0x2f,   0x6c,   0x73,   0x74,   0x6d,   0x5f,   0x31,   0x2f,
  0x6c,   0x73,   0x74,   0x6d,   0x5f,   0x63,   0x65,   0x6c,   0x6c,   0x5f,   0x33,   0x31,
  0x2f,   0x61,   0x64,   0x64,   0x5f,   0x31,   0x00,   0x00,   0x02,   0x00,   0x00,   0x00,
  0x01,   0x00,   0x00,   0x00,   0x20,   0x00,   0x00,   0x00,   0x32,   0x25,   0xff,   0xff,
  0x00,   0x00,   0x00,   0x01,   0x18,   0x00,   0x00,   0x00,   0x20,   0x00,   0x00,   0x00,
  0x40,   0x00,   0x00,   0x00,   0x35,   0x01,   0x00,   0x00,   0x00,   0x00,   0x00,   0x09,
  0x60,   0x00,   0x00,   0x00,   0x02,   0x00,   0x00,   0x00,   0xff,   0xff,   0xff,   0xff,
  0x20,   0x00,   0x00,   0x00,   0x7c,   0x14,   0xff,   0xff,   0x08,   0x00,   0x00,   0x00,
  0x14,   0x00,   0x00,   0x00,   0x01,   0x00,   0x00,   0x00,   0x0a,   0x00,   0x00,   0x00,
  0x00,   0x00,   0x00,   0x00,   0x00,   0x00,   0x00,   0x00,   0x01,   0x00,   0x00,   0x00,
  0xe5,   0xee,   0x59,   0x3b,   0x26,   0x00,   0x00,   0x00,   0x73,   0x65,   0x71,   0x75,
  0x65,   0x6e,   0x74,   0x69,   0x61,   0x6c,   0x5f,   0x31,   0x2f,   0x6c,   0x73,   0x74,
  0x6d,   0x5f,   0x31,   0x2f,   0x6c,   0x73,   0x74,   0x6d,   0x5f,   0x63,   0x65,   0x6c,
  0x6c,   0x5f,   0x33,   0x31,   0x2f,   0x6d,   0x75,   0x6c,   0x5f,   0x31,   0x00,   0x00,
  0x02,   0x00,   0x00,   0x00,   0x01,   0x00,   0x00,   0x00,   0x20,   0x00,   0x00,   0x00,
  0xba,   0x25,   0xff,   0xff,   0x00,   0x00,   0x00,   0x01,   0x18,   0x00,   0x00,   0x00,
  0x20,   0x00,   0x00,   0x00,   0x40,   0x00,   0x00,   0x00,   0x34,   0x01,   0x00,   0x00,
  0x00,   0x00,   0x00,   0x09,   0x60,   0x00,   0x00,   0x00,   0x02,   0x00,   0x00,   0x00,
  0xff,   0xff,   0xff,   0xff,   0x20,   0x00,   0x00,   0x00,   0x04,   0x15,   0xff,   0xff,
  0x08,   0x00,   0x00,   0x00,   0x14,   0x00,   0x00,   0x00,   0x01,   0x00,   0x00,   0x00,
  0x00,   0x00,   0x00,   0x00,   0x00,   0x00,   0x00,   0x00,   0x00,   0x00,   0x00,   0x00,
  0x01,   0x00,   0x00,   0x00,   0x00,   0x00,   0x00,   0x3c,   0x25,   0x00,   0x00,   0x00,
  0x73,   0x65,   0x71,   0x75,   0x65,   0x6e,   0x74,   0x69,   0x61,   0x6c,   0x5f,   0x31,
  0x2f,   0x6c,   0x73,   0x74,   0x6d,   0x5f,   0x31,   0x2f,   0x6c,   0x73,   0x74,   0x6d,
  0x5f,   0x63,   0x65,   0x6c,   0x6c,   0x5f,   0x33,   0x31,   0x2f,   0x54,   0x61,   0x6e,
  0x68,   0x00,   0x00,   0x00,   0x02,   0x00,   0x00,   0x00,   0x01,   0x00,   0x00,   0x00,
  0x20,   0x00,   0x00,   0x00,   0x42,   0x26,   0xff,   0xff,   0x00,   0x00,   0x00,   0x01,
  0x18,   0x00,   0x00,   0x00,   0x20,   0x00,   0x00,   0x00,   0x3c,   0x00,   0x00,   0x00,
  0x33,   0x01,   0x00,   0x00,   0x00,   0x00,   0x00,   0x09,   0x60,   0x00,   0x00,   0x00,
  0x02,   0x00,   0x00,   0x00,   0xff,   0xff,   0xff,   0xff,   0x20,   0x00,   0x00,   0x00,
  0x8c,   0x15,   0xff,   0xff,   0x08,   0x00,   0x00,   0x00,   0x10,   0x00,   0x00,   0x00,
  0x01,   0x00,   0x00,   0x00,   0x80,   0xff,   0xff,   0xff,   0xff,   0xff,   0xff,   0xff,
  0x01,   0x00,   0x00,   0x00,   0x00,   0x00,   0x80,   0x3b,   0x2a,   0x00,   0x00,   0x00,
  0x73,   0x65,   0x71,   0x75,   0x65,   0x6e,   0x74,   0x69,   0x61,   0x6c,   0x5f,   0x31,
  0x2f,   0x6c,   0x73,   0x74,   0x6d,   0x5f,   0x31,   0x2f,   0x6c,   0x73,   0x74,   0x6d,
  0x5f,   0x63,   0x65,   0x6c,   0x6c,   0x5f,   0x33,   0x31,   0x2f,   0x53,   0x69,   0x67,
  0x6d,   0x6f,   0x69,   0x64,   0x5f,   0x32,   0x00,   0x00,   0x02,   0x00,   0x00,   0x00,
  0x01,   0x00,   0x00,   0x00,   0x20,   0x00,   0x00,   0x00,   0xca,   0x26,   0xff,   0xff,
  0x00,   0x00,   0x00,   0x01,   0x18,   0x00,   0x00,   0x00,   0x20,   0x00,   0x00,   0x00,
  0x40,   0x00,   0x00,   0x00,   0x32,   0x01,   0x00,   0x00,   0x00,   0x00,   0x00,   0x09,
  0x60,   0x00,   0x00,   0x00,   0x02,   0x00,   0x00,   0x00,   0xff,   0xff,   0xff,   0xff,
  0x20,   0x00,   0x00,   0x00,   0x14,   0x16,   0xff,   0xff,   0x08,   0x00,   0x00,   0x00,
  0x14,   0x00,   0x00,   0x00,   0x01,   0x00,   0x00,   0x00,   0x2f,   0x00,   0x00,   0x00,
  0x00,   0x00,   0x00,   0x00,   0x00,   0x00,   0x00,   0x00,   0x01,   0x00,   0x00,   0x00,
  0xba,   0x62,   0xe2,   0x3c,   0x24,   0x00,   0x00,   0x00,   0x73,   0x65,   0x71,   0x75,
  0x65,   0x6e,   0x74,   0x69,   0x61,   0x6c,   0x5f,   0x31,   0x2f,   0x6c,   0x73,   0x74,
  0x6d,   0x5f,   0x31,   0x2f,   0x6c,   0x73,   0x74,   0x6d,   0x5f,   0x63,   0x65,   0x6c,
  0x6c,   0x5f,   0x33,   0x31,   0x2f,   0x6d,   0x75,   0x6c,   0x00,   0x00,   0x00,   0x00,
  0x02,   0x00,   0x00,   0x00,   0x01,   0x00,   0x00,   0x00,   0x20,   0x00,   0x00,   0x00,
  0x52,   0x27,   0xff,   0xff,   0x00,   0x00,   0x00,   0x01,   0x18,   0x00,   0x00,   0x00,
  0x20,   0x00,   0x00,   0x00,   0x3c,   0x00,   0x00,   0x00,   0x31,   0x01,   0x00,   0x00,
  0x00,   0x00,   0x00,   0x09,   0x60,   0x00,   0x00,   0x00,   0x02,   0x00,   0x00,   0x00,
  0xff,   0xff,   0xff,   0xff,   0x20,   0x00,   0x00,   0x00,   0x9c,   0x16,   0xff,   0xff,
  0x08,   0x00,   0x00,   0x00,   0x10,   0x00,   0x00,   0x00,   0x01,   0x00,   0x00,   0x00,
  0x80,   0xff,   0xff,   0xff,   0xff,   0xff,   0xff,   0xff,   0x01,   0x00,   0x00,   0x00,
  0x00,   0x00,   0x80,   0x3b,   0x2a,   0x00,   0x00,   0x00,   0x73,   0x65,   0x71,   0x75,
  0x65,   0x6e,   0x74,   0x69,   0x61,   0x6c,   0x5f,   0x31,   0x2f,   0x6c,   0x73,   0x74,
  0x6d,   0x5f,   0x31,   0x2f,   0x6c,   0x73,   0x74,   0x6d,   0x5f,   0x63,   0x65,   0x6c,
  0x6c,   0x5f,   0x33,   0x31,   0x2f,   0x53,   0x69,   0x67,   0x6d,   0x6f,   0x69,   0x64,
  0x5f,   0x31,   0x00,   0x00,   0x02,   0x00,   0x00,   0x00,   0x01,   0x00,   0x00,   0x00,
  0x20,   0x00,   0x00,   0x00,   0xda,   0x27,   0xff,   0xff,   0x00,   0x00,   0x00,   0x01,
  0x18,   0x00,   0x00,   0x00,   0x20,   0x00,   0x00,   0x00,   0x3c,   0x00,   0x00,   0x00,
  0x30,   0x01,   0x00,   0x00,   0x00,   0x00,   0x00,   0x09,   0x60,   0x00,   0x00,   0x00,
  0x02,   0x00,   0x00,   0x00,   0xff,   0xff,   0xff,   0xff,   0x20,   0x00,   0x00,   0x00,
  0x24,   0x17,   0xff,   0xff,   0x08,   0x00,   0x00,   0x00,   0x10,   0x00,   0x00,   0x00,
  0x01,   0x00,   0x00,   0x00,   0x80,   0xff,   0xff,   0xff,   0xff,   0xff,   0xff,   0xff,
  0x01,   0x00,   0x00,   0x00,   0x00,   0x00,   0x80,   0x3b,   0x28,   0x00,   0x00,   0x00,
  0x73,   0x65,   0x71,   0x75,   0x65,   0x6e,   0x74,   0x69,   0x61,   0x6c,   0x5f,   0x31,
  0x2f,   0x6c,   0x73,   0x74,   0x6d,   0x5f,   0x31,   0x2f,   0x6c,   0x73,   0x74,   0x6d,
  0x5f,   0x63,   0x65,   0x6c,   0x6c,   0x5f,   0x33,   0x31,   0x2f,   0x53,   0x69,   0x67,
  0x6d,   0x6f,   0x69,   0x64,   0x00,   0x00,   0x00,   0x00,   0x02,   0x00,   0x00,   0x00,
  0x01,   0x00,   0x00,   0x00,   0x20,   0x00,   0x00,   0x00,   0x62,   0x28,   0xff,   0xff,
  0x00,   0x00,   0x00,   0x01,   0x18,   0x00,   0x00,   0x00,   0x20,   0x00,   0x00,   0x00,
  0x40,   0x00,   0x00,   0x00,   0x2f,   0x01,   0x00,   0x00,   0x00,   0x00,   0x00,   0x09,
  0xd8,   0x00,   0x00,   0x00,   0x02,   0x00,   0x00,   0x00,   0xff,   0xff,   0xff,   0xff,
  0x20,   0x00,   0x00,   0x00,   0xac,   0x17,   0xff,   0xff,   0x08,   0x00,   0x00,   0x00,
  0x14,   0x00,   0x00,   0x00,   0x01,   0x00,   0x00,   0x00,   0xdf,   0xff,   0xff,   0xff,
  0xff,   0xff,   0xff,   0xff,   0x00,   0x00,   0x00,   0x00,   0x01,   0x00,   0x00,   0x00,
  0x26,   0xda,   0xde,   0x3c,   0x9f,   0x00,   0x00,   0x00,   0x73,   0x65,   0x71,   0x75,
  0x65,   0x6e,   0x74,   0x69,   0x61,   0x6c,   0x5f,   0x31,   0x2f,   0x6c,   0x73,   0x74,
  0x6d,   0x5f,   0x31,   0x2f,   0x6c,   0x73,   0x74,   0x6d,   0x5f,   0x63,   0x65,   0x6c,
  0x6c,   0x5f,   0x33,   0x31,   0x2f,   0x73,   0x70,   0x6c,   0x69,   0x74,   0x3b,   0x73,
  0x65,   0x71,   0x75,   0x65,   0x6e,   0x74,   0x69,   0x61,   0x6c,   0x5f,   0x31,   0x2f,
  0x6c,   0x73,   0x74,   0x6d,   0x5f,   0x31,   0x2f,   0x6c,   0x73,   0x74,   0x6d,   0x5f,
  0x63,   0x65,   0x6c,   0x6c,   0x5f,   0x33,   0x31,   0x2f,   0x73,   0x70,   0x6c,   0x69,
  0x74,   0x31,   0x3b,   0x73,   0x65,   0x71,   0x75,   0x65,   0x6e,   0x74,   0x69,   0x61,
  0x6c,   0x5f,   0x31,   0x2f,   0x6c,   0x73,   0x74,   0x6d,   0x5f,   0x31,   0x2f,   0x6c,
  0x73,   0x74,   0x6d,   0x5f,   0x63,   0x65,   0x6c,   0x6c,   0x5f,   0x33,   0x31,   0x2f,
  0x73,   0x70,   0x6c,   0x69,   0x74,   0x32,   0x3b,   0x73,   0x65,   0x71,   0x75,   0x65,
  0x6e,   0x74,   0x69,   0x61,   0x6c,   0x5f,   0x31,   0x2f,   0x6c,   0x73,   0x74,   0x6d,
  0x5f,   0x31,   0x2f,   0x6c,   0x73,   0x74,   0x6d,   0x5f,   0x63,   0x65,   0x6c,   0x6c,
  0x5f,   0x33,   0x31,   0x2f,   0x73,   0x70,   0x6c,   0x69,   0x74,   0x33,   0x33,   0x00,
  0x02,   0x00,   0x00,   0x00,   0x01,   0x00,   0x00,   0x00,   0x20,   0x00,   0x00,   0x00,
  0x62,   0x29,   0xff,   0xff,   0x00,   0x00,   0x00,   0x01,   0x18,   0x00,   0x00,   0x00,
  0x20,   0x00,   0x00,   0x00,   0x40,   0x00,   0x00,   0x00,   0x2e,   0x01,   0x00,   0x00,
  0x00,   0x00,   0x00,   0x09,   0xd8,   0x00,   0x00,   0x00,   0x02,   0x00,   0x00,   0x00,
  0xff,   0xff,   0xff,   0xff,   0x20,   0x00,   0x00,   0x00,   0xac,   0x18,   0xff,   0xff,
  0x08,   0x00,   0x00,   0x00,   0x14,   0x00,   0x00,   0x00,   0x01,   0x00,   0x00,   0x00,
  0xdf,   0xff,   0xff,   0xff,   0xff,   0xff,   0xff,   0xff,   0x00,   0x00,   0x00,   0x00,
  0x01,   0x00,   0x00,   0x00,   0x26,   0xda,   0xde,   0x3c,   0x9f,   0x00,   0x00,   0x00,
  0x73,   0x65,   0x71,   0x75,   0x65,   0x6e,   0x74,   0x69,   0x61,   0x6c,   0x5f,   0x31,
  0x2f,   0x6c,   0x73,   0x74,   0x6d,   0x5f,   0x31,   0x2f,   0x6c,   0x73,   0x74,   0x6d,
  0x5f,   0x63,   0x65,   0x6c,   0x6c,   0x5f,   0x33,   0x31,   0x2f,   0x73,   0x70,   0x6c,
  0x69,   0x74,   0x3b,   0x73,   0x65,   0x71,   0x75,   0x65,   0x6e,   0x74,   0x69,   0x61,
  0x6c,   0x5f,   0x31,   0x2f,   0x6c,   0x73,   0x74,   0x6d,   0x5f,   0x31,   0x2f,   0x6c,
  0x73,   0x74,   0x6d,   0x5f,   0x63,   0x65,   0x6c,   0x6c,   0x5f,   0x33,   0x31,   0x2f,
  0x73,   0x70,   0x6c,   0x69,   0x74,   0x31,   0x3b,   0x73,   0x65,   0x71,   0x75,   0x65,
  0x6e,   0x74,   0x69,   0x61,   0x6c,   0x5f,   0x31,   0x2f,   0x6c,   0x73,   0x74,   0x6d,
  0x5f,   0x31,   0x2f,   0x6c,   0x73,   0x74,   0x6d,   0x5f,   0x63,   0x65,   0x6c,   0x6c,
  0x5f,   0x33,   0x31,   0x2f,   0x73,   0x70,   0x6c,   0x69,   0x74,   0x32,   0x3b,   0x73,
  0x65,   0x71,   0x75,   0x65,   0x6e,   0x74,   0x69,   0x61,   0x6c,   0x5f,   0x31,   0x2f,
  0x6c,   0x73,   0x74,   0x6d,   0x5f,   0x31,   0x2f,   0x6c,   0x73,   0x74,   0x6d,   0x5f,
  0x63,   0x65,   0x6c,   0x6c,   0x5f,   0x33,   0x31,   0x2f,   0x73,   0x70,   0x6c,   0x69,
  0x74,   0x33,   0x32,   0x00,   0x02,   0x00,   0x00,   0x00,   0x01,   0x00,   0x00,   0x00,
  0x20,   0x00,   0x00,   0x00,   0x62,   0x2a,   0xff,   0xff,   0x00,   0x00,   0x00,   0x01,
  0x18,   0x00,   0x00,   0x00,   0x20,   0x00,   0x00,   0x00,   0x40,   0x00,   0x00,   0x00,
  0x2d,   0x01,   0x00,   0x00,   0x00,   0x00,   0x00,   0x09,   0xd8,   0x00,   0x00,   0x00,
  0x02,   0x00,   0x00,   0x00,   0xff,   0xff,   0xff,   0xff,   0x20,   0x00,   0x00,   0x00,
  0xac,   0x19,   0xff,   0xff,   0x08,   0x00,   0x00,   0x00,   0x14,   0x00,   0x00,   0x00,
  0x01,   0x00,   0x00,   0x00,   0xdf,   0xff,   0xff,   0xff,   0xff,   0xff,   0xff,   0xff,
  0x00,   0x00,   0x00,   0x00,   0x01,   0x00,   0x00,   0x00,   0x26,   0xda,   0xde,   0x3c,
  0x9f,   0x00,   0x00,   0x00,   0x73,   0x65,   0x71,   0x75,   0x65,   0x6e,   0x74,   0x69,
  0x61,   0x6c,   0x5f,   0x31,   0x2f,   0x6c,   0x73,   0x74,   0x6d,   0x5f,   0x31,   0x2f,
  0x6c,   0x73,   0x74,   0x6d,   0x5f,   0x63,   0x65,   0x6c,   0x6c,   0x5f,   0x33,   0x31,
  0x2f,   0x73,   0x70,   0x6c,   0x69,   0x74,   0x3b,   0x73,   0x65,   0x71,   0x75,   0x65,
  0x6e,   0x74,   0x69,   0x61,   0x6c,   0x5f,   0x31,   0x2f,   0x6c,   0x73,   0x74,   0x6d,
  0x5f,   0x31,   0x2f,   0x6c,   0x73,   0x74,   0x6d,   0x5f,   0x63,   0x65,   0x6c,   0x6c,
  0x5f,   0x33,   0x31,   0x2f,   0x73,   0x70,   0x6c,   0x69,   0x74,   0x31,   0x3b,   0x73,
  0x65,   0x71,   0x75,   0x65,   0x6e,   0x74,   0x69,   0x61,   0x6c,   0x5f,   0x31,   0x2f,
  0x6c,   0x73,   0x74,   0x6d,   0x5f,   0x31,   0x2f,   0x6c,   0x73,   0x74,   0x6d,   0x5f,
  0x63,   0x65,   0x6c,   0x6c,   0x5f,   0x33,   0x31,   0x2f,   0x73,   0x70,   0x6c,   0x69,
  0x74,   0x32,   0x3b,   0x73,   0x65,   0x71,   0x75,   0x65,   0x6e,   0x74,   0x69,   0x61,
  0x6c,   0x5f,   0x31,   0x2f,   0x6c,   0x73,   0x74,   0x6d,   0x5f,   0x31,   0x2f,   0x6c,
  0x73,   0x74,   0x6d,   0x5f,   0x63,   0x65,   0x6c,   0x6c,   0x5f,   0x33,   0x31,   0x2f,
  0x73,   0x70,   0x6c,   0x69,   0x74,   0x33,   0x31,   0x00,   0x02,   0x00,   0x00,   0x00,
  0x01,   0x00,   0x00,   0x00,   0x20,   0x00,   0x00,   0x00,   0x62,   0x2b,   0xff,   0xff,
  0x00,   0x00,   0x00,   0x01,   0x18,   0x00,   0x00,   0x00,   0x20,   0x00,   0x00,   0x00,
  0x40,   0x00,   0x00,   0x00,   0x2c,   0x01,   0x00,   0x00,   0x00,   0x00,   0x00,   0x09,
  0xd8,   0x00,   0x00,   0x00,   0x02,   0x00,   0x00,   0x00,   0xff,   0xff,   0xff,   0xff,
  0x20,   0x00,   0x00,   0x00,   0xac,   0x1a,   0xff,   0xff,   0x08,   0x00,   0x00,   0x00,
  0x14,   0x00,   0x00,   0x00,   0x01,   0x00,   0x00,   0x00,   0xdf,   0xff,   0xff,   0xff,
  0xff,   0xff,   0xff,   0xff,   0x00,   0x00,   0x00,   0x00,   0x01,   0x00,   0x00,   0x00,
  0x26,   0xda,   0xde,   0x3c,   0x9e,   0x00,   0x00,   0x00,   0x73,   0x65,   0x71,   0x75,
  0x65,   0x6e,   0x74,   0x69,   0x61,   0x6c,   0x5f,   0x31,   0x2f,   0x6c,   0x73,   0x74,
  0x6d,   0x5f,   0x31,   0x2f,   0x6c,   0x73,   0x74,   0x6d,   0x5f,   0x63,   0x65,   0x6c,
  0x6c,   0x5f,   0x33,   0x31,   0x2f,   0x73,   0x70,   0x6c,   0x69,   0x74,   0x3b,   0x73,
  0x65,   0x71,   0x75,   0x65,   0x6e,   0x74,   0x69,   0x61,   0x6c,   0x5f,   0x31,   0x2f,
  0x6c,   0x73,   0x74,   0x6d,   0x5f,   0x31,   0x2f,   0x6c,   0x73,   0x74,   0x6d,   0x5f,
  0x63,   0x65,   0x6c,   0x6c,   0x5f,   0x33,   0x31,   0x2f,   0x73,   0x70,   0x6c,   0x69,
  0x74,   0x31,   0x3b,   0x73,   0x65,   0x71,   0x75,   0x65,   0x6e,   0x74,   0x69,   0x61,
  0x6c,   0x5f,   0x31,   0x2f,   0x6c,   0x73,   0x74,   0x6d,   0x5f,   0x31,   0x2f,   0x6c,
  0x73,   0x74,   0x6d,   0x5f,   0x63,   0x65,   0x6c,   0x6c,   0x5f,   0x33,   0x31,   0x2f,
  0x73,   0x70,   0x6c,   0x69,   0x74,   0x32,   0x3b,   0x73,   0x65,   0x71,   0x75,   0x65,
  0x6e,   0x74,   0x69,   0x61,   0x6c,   0x5f,   0x31,   0x2f,   0x6c,   0x73,   0x74,   0x6d,
  0x5f,   0x31,   0x2f,   0x6c,   0x73,   0x74,   0x6d,   0x5f,   0x63,   0x65,   0x6c,   0x6c,
  0x5f,   0x33,   0x31,   0x2f,   0x73,   0x70,   0x6c,   0x69,   0x74,   0x33,   0x00,   0x00,
  0x02,   0x00,   0x00,   0x00,   0x01,   0x00,   0x00,   0x00,   0x20,   0x00,   0x00,   0x00,
  0x62,   0x2c,   0xff,   0xff,   0x00,   0x00,   0x00,   0x01,   0x18,   0x00,   0x00,   0x00,
  0x20,   0x00,   0x00,   0x00,   0x3c,   0x00,   0x00,   0x00,   0x2b,   0x01,   0x00,   0x00,
  0x00,   0x00,   0x00,   0x09,   0x60,   0x00,   0x00,   0x00,   0x02,   0x00,   0x00,   0x00,
  0xff,   0xff,   0xff,   0xff,   0x80,   0x00,   0x00,   0x00,   0xac,   0x1b,   0xff,   0xff,
  0x08,   0x00,   0x00,   0x00,   0x10,   0x00,   0x00,   0x00,   0x01,   0x00,   0x00,   0x00,
  0xdf,   0xff,   0xff,   0xff,   0xff,   0xff,   0xff,   0xff,   0x01,   0x00,   0x00,   0x00,
  0x26,   0xda,   0xde,   0x3c,   0x28,   0x00,   0x00,   0x00,   0x73,   0x65,   0x71,   0x75,
  0x65,   0x6e,   0x74,   0x69,   0x61,   0x6c,   0x5f,   0x31,   0x2f,   0x6c,   0x73,   0x74,
  0x6d,   0x5f,   0x31,   0x2f,   0x6c,   0x73,   0x74,   0x6d,   0x5f,   0x63,   0x65,   0x6c,
  0x6c,   0x5f,   0x33,   0x31,   0x2f,   0x42,   0x69,   0x61,   0x73,   0x41,   0x64,   0x64,
  0x00,   0x00,   0x00,   0x00,   0x02,   0x00,   0x00,   0x00,   0x01,   0x00,   0x00,   0x00,
  0x80,   0x00,   0x00,   0x00,   0xea,   0x2c,   0xff,   0xff,   0x00,   0x00,   0x00,   0x01,
  0x18,   0x00,   0x00,   0x00,   0x20,   0x00,   0x00,   0x00,   0x40,   0x00,   0x00,   0x00,
  0x2a,   0x01,   0x00,   0x00,   0x00,   0x00,   0x00,   0x09,   0x60,   0x00,   0x00,   0x00,
  0x02,   0x00,   0x00,   0x00,   0xff,   0xff,   0xff,   0xff,   0x80,   0x00,   0x00,   0x00,
  0x34,   0x1c,   0xff,   0xff,   0x08,   0x00,   0x00,   0x00,   0x14,   0x00,   0x00,   0x00,
  0x01,   0x00,   0x00,   0x00,   0xdf,   0xff,   0xff,   0xff,   0xff,   0xff,   0xff,   0xff,
  0x00,   0x00,   0x00,   0x00,   0x01,   0x00,   0x00,   0x00,   0x26,   0xda,   0xde,   0x3c,
  0x24,   0x00,   0x00,   0x00,   0x73,   0x65,   0x71,   0x75,   0x65,   0x6e,   0x74,   0x69,
  0x61,   0x6c,   0x5f,   0x31,   0x2f,   0x6c,   0x73,   0x74,   0x6d,   0x5f,   0x31,   0x2f,
  0x6c,   0x73,   0x74,   0x6d,   0x5f,   0x63,   0x65,   0x6c,   0x6c,   0x5f,   0x33,   0x31,
  0x2f,   0x41,   0x64,   0x64,   0x00,   0x00,   0x00,   0x00,   0x02,   0x00,   0x00,   0x00,
  0x01,   0x00,   0x00,   0x00,   0x80,   0x00,   0x00,   0x00,   0x72,   0x2d,   0xff,   0xff,
  0x00,   0x00,   0x00,   0x01,   0x18,   0x00,   0x00,   0x00,   0x20,   0x00,   0x00,   0x00,
  0x3c,   0x00,   0x00,   0x00,   0x29,   0x01,   0x00,   0x00,   0x00,   0x00,   0x00,   0x09,
  0x60,   0x00,   0x00,   0x00,   0x02,   0x00,   0x00,   0x00,   0xff,   0xff,   0xff,   0xff,
  0x80,   0x00,   0x00,   0x00,   0xbc,   0x1c,   0xff,   0xff,   0x08,   0x00,   0x00,   0x00,
  0x10,   0x00,   0x00,   0x00,   0x01,   0x00,   0x00,   0x00,   0x04,   0x00,   0x00,   0x00,
  0x00,   0x00,   0x00,   0x00,   0x01,   0x00,   0x00,   0x00,   0x00,   0xb4,   0x78,   0x3c,
  0x29,   0x00,   0x00,   0x00,   0x73,   0x65,   0x71,   0x75,   0x65,   0x6e,   0x74,   0x69,
  0x61,   0x6c,   0x5f,   0x31,   0x2f,   0x6c,   0x73,   0x74,   0x6d,   0x5f,   0x31,   0x2f,
  0x6c,   0x73,   0x74,   0x6d,   0x5f,   0x63,   0x65,   0x6c,   0x6c,   0x5f,   0x33,   0x31,
  0x2f,   0x4d,   0x61,   0x74,   0x4d,   0x75,   0x6c,   0x5f,   0x31,   0x00,   0x00,   0x00,
  0x02,   0x00,   0x00,   0x00,   0x01,   0x00,   0x00,   0x00,   0x80,   0x00,   0x00,   0x00,
  0xfa,   0x2d,   0xff,   0xff,   0x00,   0x00,   0x00,   0x01,   0x18,   0x00,   0x00,   0x00,
  0x20,   0x00,   0x00,   0x00,   0x40,   0x00,   0x00,   0x00,   0x28,   0x01,   0x00,   0x00,
  0x00,   0x00,   0x00,   0x09,   0x60,   0x00,   0x00,   0x00,   0x02,   0x00,   0x00,   0x00,
  0xff,   0xff,   0xff,   0xff,   0x20,   0x00,   0x00,   0x00,   0x44,   0x1d,   0xff,   0xff,
  0x08,   0x00,   0x00,   0x00,   0x14,   0x00,   0x00,   0x00,   0x01,   0x00,   0x00,   0x00,
  0x15,   0x00,   0x00,   0x00,   0x00,   0x00,   0x00,   0x00,   0x00,   0x00,   0x00,   0x00,
  0x01,   0x00,   0x00,   0x00,   0xbd,   0x1a,   0xcd,   0x3b,   0x26,   0x00,   0x00,   0x00,
  0x73,   0x65,   0x71,   0x75,   0x65,   0x6e,   0x74,   0x69,   0x61,   0x6c,   0x5f,   0x31,
  0x2f,   0x6c,   0x73,   0x74,   0x6d,   0x5f,   0x31,   0x2f,   0x6c,   0x73,   0x74,   0x6d,
  0x5f,   0x63,   0x65,   0x6c,   0x6c,   0x5f,   0x32,   0x39,   0x2f,   0x6d,   0x75,   0x6c,
  0x5f,   0x32,   0x00,   0x00,   0x02,   0x00,   0x00,   0x00,   0x01,   0x00,   0x00,   0x00,
  0x20,   0x00,   0x00,   0x00,   0x82,   0x2e,   0xff,   0xff,   0x00,   0x00,   0x00,   0x01,
  0x18,   0x00,   0x00,   0x00,   0x20,   0x00,   0x00,   0x00,   0x40,   0x00,   0x00,   0x00,
  0x27,   0x01,   0x00,   0x00,   0x00,   0x00,   0x00,   0x09,   0x60,   0x00,   0x00,   0x00,
  0x02,   0x00,   0x00,   0x00,   0xff,   0xff,   0xff,   0xff,   0x20,   0x00,   0x00,   0x00,
  0xcc,   0x1d,   0xff,   0xff,   0x08,   0x00,   0x00,   0x00,   0x14,   0x00,   0x00,   0x00,
  0x01,   0x00,   0x00,   0x00,   0x00,   0x00,   0x00,   0x00,   0x00,   0x00,   0x00,   0x00,
  0x00,   0x00,   0x00,   0x00,   0x01,   0x00,   0x00,   0x00,   0x00,   0x00,   0x00,   0x3c,
  0x27,   0x00,   0x00,   0x00,   0x73,   0x65,   0x71,   0x75,   0x65,   0x6e,   0x74,   0x69,
  0x61,   0x6c,   0x5f,   0x31,   0x2f,   0x6c,   0x73,   0x74,   0x6d,   0x5f,   0x31,   0x2f,
  0x6c,   0x73,   0x74,   0x6d,   0x5f,   0x63,   0x65,   0x6c,   0x6c,   0x5f,   0x32,   0x39,
  0x2f,   0x54,   0x61,   0x6e,   0x68,   0x5f,   0x31,   0x00,   0x02,   0x00,   0x00,   0x00,
  0x01,   0x00,   0x00,   0x00,   0x20,   0x00,   0x00,   0x00,   0x0a,   0x2f,   0xff,   0xff,
  0x00,   0x00,   0x00,   0x01,   0x18,   0x00,   0x00,   0x00,   0x20,   0x00,   0x00,   0x00,
  0x40,   0x00,   0x00,   0x00,   0x26,   0x01,   0x00,   0x00,   0x00,   0x00,   0x00,   0x09,
  0x60,   0x00,   0x00,   0x00,   0x02,   0x00,   0x00,   0x00,   0xff,   0xff,   0xff,   0xff,
  0x20,   0x00,   0x00,   0x00,   0x54,   0x1e,   0xff,   0xff,   0x08,   0x00,   0x00,   0x00,
  0x14,   0x00,   0x00,   0x00,   0x01,   0x00,   0x00,   0x00,   0x2d,   0x00,   0x00,   0x00,
  0x00,   0x00,   0x00,   0x00,   0x00,   0x00,   0x00,   0x00,   0x01,   0x00,   0x00,   0x00,
  0x6e,   0xee,   0xd8,   0x3c,   0x26,   0x00,   0x00,   0x00,   0x73,   0x65,   0x71,   0x75,
  0x65,   0x6e,   0x74,   0x69,   0x61,   0x6c,   0x5f,   0x31,   0x2f,   0x6c,   0x73,   0x74,
  0x6d,   0x5f,   0x31,   0x2f,   0x6c,   0x73,   0x74,   0x6d,   0x5f,   0x63,   0x65,   0x6c,
  0x6c,   0x5f,   0x32,   0x39,   0x2f,   0x61,   0x64,   0x64,   0x5f,   0x31,   0x00,   0x00,
  0x02,   0x00,   0x00,   0x00,   0x01,   0x00,   0x00,   0x00,   0x20,   0x00,   0x00,   0x00,
  0x92,   0x2f,   0xff,   0xff,   0x00,   0x00,   0x00,   0x01,   0x18,   0x00,   0x00,   0x00,
  0x20,   0x00,   0x00,   0x00,   0x40,   0x00,   0x00,   0x00,   0x25,   0x01,   0x00,   0x00,
  0x00,   0x00,   0x00,   0x09,   0x60,   0x00,   0x00,   0x00,   0x02,   0x00,   0x00,   0x00,
  0xff,   0xff,   0xff,   0xff,   0x20,   0x00,   0x00,   0x00,   0xdc,   0x1e,   0xff,   0xff,
  0x08,   0x00,   0x00,   0x00,   0x14,   0x00,   0x00,   0x00,   0x01,   0x00,   0x00,   0x00,
  0x09,   0x00,   0x00,   0x00,   0x00,   0x00,   0x00,   0x00,   0x00,   0x00,   0x00,   0x00,
  0x01,   0x00,   0x00,   0x00,   0x3f,   0xfd,   0x59,   0x3b,   0x26,   0x00,   0x00,   0x00,
  0x73,   0x65,   0x71,   0x75,   0x65,   0x6e,   0x74,   0x69,   0x61,   0x6c,   0x5f,   0x31,
  0x2f,   0x6c,   0x73,   0x74,   0x6d,   0x5f,   0x31,   0x2f,   0x6c,   0x73,   0x74,   0x6d,
  0x5f,   0x63,   0x65,   0x6c,   0x6c,   0x5f,   0x32,   0x39,   0x2f,   0x6d,   0x75,   0x6c,
  0x5f,   0x31,   0x00,   0x00,   0x02,   0x00,   0x00,   0x00,   0x01,   0x00,   0x00,   0x00,
  0x20,   0x00,   0x00,   0x00,   0x1a,   0x30,   0xff,   0xff,   0x00,   0x00,   0x00,   0x01,
  0x18,   0x00,   0x00,   0x00,   0x20,   0x00,   0x00,   0x00,   0x40,   0x00,   0x00,   0x00,
  0x24,   0x01,   0x00,   0x00,   0x00,   0x00,   0x00,   0x09,   0x60,   0x00,   0x00,   0x00,
  0x02,   0x00,   0x00,   0x00,   0xff,   0xff,   0xff,   0xff,   0x20,   0x00,   0x00,   0x00,
  0x64,   0x1f,   0xff,   0xff,   0x08,   0x00,   0x00,   0x00,   0x14,   0x00,   0x00,   0x00,
  0x01,   0x00,   0x00,   0x00,   0x00,   0x00,   0x00,   0x00,   0x00,   0x00,   0x00,   0x00,
  0x00,   0x00,   0x00,   0x00,   0x01,   0x00,   0x00,   0x00,   0x00,   0x00,   0x00,   0x3c,
  0x25,   0x00,   0x00,   0x00,   0x73,   0x65,   0x71,   0x75,   0x65,   0x6e,   0x74,   0x69,
  0x61,   0x6c,   0x5f,   0x31,   0x2f,   0x6c,   0x73,   0x74,   0x6d,   0x5f,   0x31,   0x2f,
  0x6c,   0x73,   0x74,   0x6d,   0x5f,   0x63,   0x65,   0x6c,   0x6c,   0x5f,   0x32,   0x39,
  0x2f,   0x54,   0x61,   0x6e,   0x68,   0x00,   0x00,   0x00,   0x02,   0x00,   0x00,   0x00,
  0x01,   0x00,   0x00,   0x00,   0x20,   0x00,   0x00,   0x00,   0xa2,   0x30,   0xff,   0xff,
  0x00,   0x00,   0x00,   0x01,   0x18,   0x00,   0x00,   0x00,   0x20,   0x00,   0x00,   0x00,
  0x3c,   0x00,   0x00,   0x00,   0x23,   0x01,   0x00,   0x00,   0x00,   0x00,   0x00,   0x09,
  0x60,   0x00,   0x00,   0x00,   0x02,   0x00,   0x00,   0x00,   0xff,   0xff,   0xff,   0xff,
  0x20,   0x00,   0x00,   0x00,   0xec,   0x1f,   0xff,   0xff,   0x08,   0x00,   0x00,   0x00,
  0x10,   0x00,   0x00,   0x00,   0x01,   0x00,   0x00,   0x00,   0x80,   0xff,   0xff,   0xff,
  0xff,   0xff,   0xff,   0xff,   0x01,   0x00,   0x00,   0x00,   0x00,   0x00,   0x80,   0x3b,
  0x2a,   0x00,   0x00,   0x00,   0x73,   0x65,   0x71,   0x75,   0x65,   0x6e,   0x74,   0x69,
  0x61,   0x6c,   0x5f,   0x31,   0x2f,   0x6c,   0x73,   0x74,   0x6d,   0x5f,   0x31,   0x2f,
  0x6c,   0x73,   0x74,   0x6d,   0x5f,   0x63,   0x65,   0x6c,   0x6c,   0x5f,   0x32,   0x39,
  0x2f,   0x53,   0x69,   0x67,   0x6d,   0x6f,   0x69,   0x64,   0x5f,   0x32,   0x00,   0x00,
  0x02,   0x00,   0x00,   0x00,   0x01,   0x00,   0x00,   0x00,   0x20,   0x00,   0x00,   0x00,
  0x2a,   0x31,   0xff,   0xff,   0x00,   0x00,   0x00,   0x01,   0x18,   0x00,   0x00,   0x00,
  0x20,   0x00,   0x00,   0x00,   0x40,   0x00,   0x00,   0x00,   0x22,   0x01,   0x00,   0x00,
  0x00,   0x00,   0x00,   0x09,   0x60,   0x00,   0x00,   0x00,   0x02,   0x00,   0x00,   0x00,
  0xff,   0xff,   0xff,   0xff,   0x20,   0x00,   0x00,   0x00,   0x74,   0x20,   0xff,   0xff,
  0x08,   0x00,   0x00,   0x00,   0x14,   0x00,   0x00,   0x00,   0x01,   0x00,   0x00,   0x00,
  0x2d,   0x00,   0x00,   0x00,   0x00,   0x00,   0x00,   0x00,   0x00,   0x00,   0x00,   0x00,
  0x01,   0x00,   0x00,   0x00,   0x6e,   0xee,   0xd8,   0x3c,   0x24,   0x00,   0x00,   0x00,
  0x73,   0x65,   0x71,   0x75,   0x65,   0x6e,   0x74,   0x69,   0x61,   0x6c,   0x5f,   0x31,
  0x2f,   0x6c,   0x73,   0x74,   0x6d,   0x5f,   0x31,   0x2f,   0x6c,   0x73,   0x74,   0x6d,
  0x5f,   0x63,   0x65,   0x6c,   0x6c,   0x5f,   0x32,   0x39,   0x2f,   0x6d,   0x75,   0x6c,
  0x00,   0x00,   0x00,   0x00,   0x02,   0x00,   0x00,   0x00,   0x01,   0x00,   0x00,   0x00,
  0x20,   0x00,   0x00,   0x00,   0xb2,   0x31,   0xff,   0xff,   0x00,   0x00,   0x00,   0x01,
  0x18,   0x00,   0x00,   0x00,   0x20,   0x00,   0x00,   0x00,   0x3c,   0x00,   0x00,   0x00,
  0x21,   0x01,   0x00,   0x00,   0x00,   0x00,   0x00,   0x09,   0x60,   0x00,   0x00,   0x00,
  0x02,   0x00,   0x00,   0x00,   0xff,   0xff,   0xff,   0xff,   0x20,   0x00,   0x00,   0x00,
  0xfc,   0x20,   0xff,   0xff,   0x08,   0x00,   0x00,   0x00,   0x10,   0x00,   0x00,   0x00,
  0x01,   0x00,   0x00,   0x00,   0x80,   0xff,   0xff,   0xff,   0xff,   0xff,   0xff,   0xff,
  0x01,   0x00,   0x00,   0x00,   0x00,   0x00,   0x80,   0x3b,   0x2a,   0x00,   0x00,   0x00,
  0x73,   0x65,   0x71,   0x75,   0x65,   0x6e,   0x74,   0x69,   0x61,   0x6c,   0x5f,   0x31,
  0x2f,   0x6c,   0x73,   0x74,   0x6d,   0x5f,   0x31,   0x2f,   0x6c,   0x73,   0x74,   0x6d,
  0x5f,   0x63,   0x65,   0x6c,   0x6c,   0x5f,   0x32,   0x39,   0x2f,   0x53,   0x69,   0x67,
  0x6d,   0x6f,   0x69,   0x64,   0x5f,   0x31,   0x00,   0x00,   0x02,   0x00,   0x00,   0x00,
  0x01,   0x00,   0x00,   0x00,   0x20,   0x00,   0x00,   0x00,   0x3a,   0x32,   0xff,   0xff,
  0x00,   0x00,   0x00,   0x01,   0x18,   0x00,   0x00,   0x00,   0x20,   0x00,   0x00,   0x00,
  0x3c,   0x00,   0x00,   0x00,   0x20,   0x01,   0x00,   0x00,   0x00,   0x00,   0x00,   0x09,
  0x60,   0x00,   0x00,   0x00,   0x02,   0x00,   0x00,   0x00,   0xff,   0xff,   0xff,   0xff,
  0x20,   0x00,   0x00,   0x00,   0x84,   0x21,   0xff,   0xff,   0x08,   0x00,   0x00,   0x00,
  0x10,   0x00,   0x00,   0x00,   0x01,   0x00,   0x00,   0x00,   0x80,   0xff,   0xff,   0xff,
  0xff,   0xff,   0xff,   0xff,   0x01,   0x00,   0x00,   0x00,   0x00,   0x00,   0x80,   0x3b,
  0x28,   0x00,   0x00,   0x00,   0x73,   0x65,   0x71,   0x75,   0x65,   0x6e,   0x74,   0x69,
  0x61,   0x6c,   0x5f,   0x31,   0x2f,   0x6c,   0x73,   0x74,   0x6d,   0x5f,   0x31,   0x2f,
  0x6c,   0x73,   0x74,   0x6d,   0x5f,   0x63,   0x65,   0x6c,   0x6c,   0x5f,   0x32,   0x39,
  0x2f,   0x53,   0x69,   0x67,   0x6d,   0x6f,   0x69,   0x64,   0x00,   0x00,   0x00,   0x00,
  0x02,   0x00,   0x00,   0x00,   0x01,   0x00,   0x00,   0x00,   0x20,   0x00,   0x00,   0x00,
  0xc2,   0x32,   0xff,   0xff,   0x00,   0x00,   0x00,   0x01,   0x18,   0x00,   0x00,   0x00,
  0x20,   0x00,   0x00,   0x00,   0x40,   0x00,   0x00,   0x00,   0x1f,   0x01,   0x00,   0x00,
  0x00,   0x00,   0x00,   0x09,   0xd8,   0x00,   0x00,   0x00,   0x02,   0x00,   0x00,   0x00,
  0xff,   0xff,   0xff,   0xff,   0x20,   0x00,   0x00,   0x00,   0x0c,   0x22,   0xff,   0xff,
  0x08,   0x00,   0x00,   0x00,   0x14,   0x00,   0x00,   0x00,   0x01,   0x00,   0x00,   0x00,
  0xdf,   0xff,   0xff,   0xff,   0xff,   0xff,   0xff,   0xff,   0x00,   0x00,   0x00,   0x00,
  0x01,   0x00,   0x00,   0x00,   0xb0,   0xa3,   0xdd,   0x3c,   0x9f,   0x00,   0x00,   0x00,
  0x73,   0x65,   0x71,   0x75,   0x65,   0x6e,   0x74,   0x69,   0x61,   0x6c,   0x5f,   0x31,
  0x2f,   0x6c,   0x73,   0x74,   0x6d,   0x5f,   0x31,   0x2f,   0x6c,   0x73,   0x74,   0x6d,
  0x5f,   0x63,   0x65,   0x6c,   0x6c,   0x5f,   0x32,   0x39,   0x2f,   0x73,   0x70,   0x6c,
  0x69,   0x74,   0x3b,   0x73,   0x65,   0x71,   0x75,   0x65,   0x6e,   0x74,   0x69,   0x61,
  0x6c,   0x5f,   0x31,   0x2f,   0x6c,   0x73,   0x74,   0x6d,   0x5f,   0x31,   0x2f,   0x6c,
  0x73,   0x74,   0x6d,   0x5f,   0x63,   0x65,   0x6c,   0x6c,   0x5f,   0x32,   0x39,   0x2f,
  0x73,   0x70,   0x6c,   0x69,   0x74,   0x31,   0x3b,   0x73,   0x65,   0x71,   0x75,   0x65,
  0x6e,   0x74,   0x69,   0x61,   0x6c,   0x5f,   0x31,   0x2f,   0x6c,   0x73,   0x74,   0x6d,
  0x5f,   0x31,   0x2f,   0x6c,   0x73,   0x74,   0x6d,   0x5f,   0x63,   0x65,   0x6c,   0x6c,
  0x5f,   0x32,   0x39,   0x2f,   0x73,   0x70,   0x6c,   0x69,   0x74,   0x32,   0x3b,   0x73,
  0x65,   0x71,   0x75,   0x65,   0x6e,   0x74,   0x69,   0x61,   0x6c,   0x5f,   0x31,   0x2f,
  0x6c,   0x73,   0x74,   0x6d,   0x5f,   0x31,   0x2f,   0x6c,   0x73,   0x74,   0x6d,   0x5f,
  0x63,   0x65,   0x6c,   0x6c,   0x5f,   0x32,   0x39,   0x2f,   0x73,   0x70,   0x6c,   0x69,
  0x74,   0x33,   0x33,   0x00,   0x02,   0x00,   0x00,   0x00,   0x01,   0x00,   0x00,   0x00,
  0x20,   0x00,   0x00,   0x00,   0xc2,   0x33,   0xff,   0xff,   0x00,   0x00,   0x00,   0x01,
  0x18,   0x00,   0x00,   0x00,   0x20,   0x00,   0x00,   0x00,   0x40,   0x00,   0x00,   0x00,
  0x1e,   0x01,   0x00,   0x00,   0x00,   0x00,   0x00,   0x09,   0xd8,   0x00,   0x00,   0x00,
  0x02,   0x00,   0x00,   0x00,   0xff,   0xff,   0xff,   0xff,   0x20,   0x00,   0x00,   0x00,
  0x0c,   0x23,   0xff,   0xff,   0x08,   0x00,   0x00,   0x00,   0x14,   0x00,   0x00,   0x00,
  0x01,   0x00,   0x00,   0x00,   0xdf,   0xff,   0xff,   0xff,   0xff,   0xff,   0xff,   0xff,
  0x00,   0x00,   0x00,   0x00,   0x01,   0x00,   0x00,   0x00,   0xb0,   0xa3,   0xdd,   0x3c,
  0x9f,   0x00,   0x00,   0x00,   0x73,   0x65,   0x71,   0x75,   0x65,   0x6e,   0x74,   0x69,
  0x61,   0x6c,   0x5f,   0x31,   0x2f,   0x6c,   0x73,   0x74,   0x6d,   0x5f,   0x31,   0x2f,
  0x6c,   0x73,   0x74,   0x6d,   0x5f,   0x63,   0x65,   0x6c,   0x6c,   0x5f,   0x32,   0x39,
  0x2f,   0x73,   0x70,   0x6c,   0x69,   0x74,   0x3b,   0x73,   0x65,   0x71,   0x75,   0x65,
  0x6e,   0x74,   0x69,   0x61,   0x6c,   0x5f,   0x31,   0x2f,   0x6c,   0x73,   0x74,   0x6d,
  0x5f,   0x31,   0x2f,   0x6c,   0x73,   0x74,   0x6d,   0x5f,   0x63,   0x65,   0x6c,   0x6c,
  0x5f,   0x32,   0x39,   0x2f,   0x73,   0x70,   0x6c,   0x69,   0x74,   0x31,   0x3b,   0x73,
  0x65,   0x71,   0x75,   0x65,   0x6e,   0x74,   0x69,   0x61,   0x6c,   0x5f,   0x31,   0x2f,
  0x6c,   0x73,   0x74,   0x6d,   0x5f,   0x31,   0x2f,   0x6c,   0x73,   0x74,   0x6d,   0x5f,
  0x63,   0x65,   0x6c,   0x6c,   0x5f,   0x32,   0x39,   0x2f,   0x73,   0x70,   0x6c,   0x69,
  0x74,   0x32,   0x3b,   0x73,   0x65,   0x71,   0x75,   0x65,   0x6e,   0x74,   0x69,   0x61,
  0x6c,   0x5f,   0x31,   0x2f,   0x6c,   0x73,   0x74,   0x6d,   0x5f,   0x31,   0x2f,   0x6c,
  0x73,   0x74,   0x6d,   0x5f,   0x63,   0x65,   0x6c,   0x6c,   0x5f,   0x32,   0x39,   0x2f,
  0x73,   0x70,   0x6c,   0x69,   0x74,   0x33,   0x32,   0x00,   0x02,   0x00,   0x00,   0x00,
  0x01,   0x00,   0x00,   0x00,   0x20,   0x00,   0x00,   0x00,   0xc2,   0x34,   0xff,   0xff,
  0x00,   0x00,   0x00,   0x01,   0x18,   0x00,   0x00,   0x00,   0x20,   0x00,   0x00,   0x00,
  0x40,   0x00,   0x00,   0x00,   0x1d,   0x01,   0x00,   0x00,   0x00,   0x00,   0x00,   0x09,
  0xd8,   0x00,   0x00,   0x00,   0x02,   0x00,   0x00,   0x00,   0xff,   0xff,   0xff,   0xff,
  0x20,   0x00,   0x00,   0x00,   0x0c,   0x24,   0xff,   0xff,   0x08,   0x00,   0x00,   0x00,
  0x14,   0x00,   0x00,   0x00,   0x01,   0x00,   0x00,   0x00,   0xdf,   0xff,   0xff,   0xff,
  0xff,   0xff,   0xff,   0xff,   0x00,   0x00,   0x00,   0x00,   0x01,   0x00,   0x00,   0x00,
  0xb0,   0xa3,   0xdd,   0x3c,   0x9f,   0x00,   0x00,   0x00,   0x73,   0x65,   0x71,   0x75,
  0x65,   0x6e,   0x74,   0x69,   0x61,   0x6c,   0x5f,   0x31,   0x2f,   0x6c,   0x73,   0x74,
  0x6d,   0x5f,   0x31,   0x2f,   0x6c,   0x73,   0x74,   0x6d,   0x5f,   0x63,   0x65,   0x6c,
  0x6c,   0x5f,   0x32,   0x39,   0x2f,   0x73,   0x70,   0x6c,   0x69,   0x74,   0x3b,   0x73,
  0x65,   0x71,   0x75,   0x65,   0x6e,   0x74,   0x69,   0x61,   0x6c,   0x5f,   0x31,   0x2f,
  0x6c,   0x73,   0x74,   0x6d,   0x5f,   0x31,   0x2f,   0x6c,   0x73,   0x74,   0x6d,   0x5f,
  0x63,   0x65,   0x6c,   0x6c,   0x5f,   0x32,   0x39,   0x2f,   0x73,   0x70,   0x6c,   0x69,
  0x74,   0x31,   0x3b,   0x73,   0x65,   0x71,   0x75,   0x65,   0x6e,   0x74,   0x69,   0x61,
  0x6c,   0x5f,   0x31,   0x2f,   0x6c,   0x73,   0x74,   0x6d,   0x5f,   0x31,   0x2f,   0x6c,
  0x73,   0x74,   0x6d,   0x5f,   0x63,   0x65,   0x6c,   0x6c,   0x5f,   0x32,   0x39,   0x2f,
  0x73,   0x70,   0x6c,   0x69,   0x74,   0x32,   0x3b,   0x73,   0x65,   0x71,   0x75,   0x65,
  0x6e,   0x74,   0x69,   0x61,   0x6c,   0x5f,   0x31,   0x2f,   0x6c,   0x73,   0x74,   0x6d,
  0x5f,   0x31,   0x2f,   0x6c,   0x73,   0x74,   0x6d,   0x5f,   0x63,   0x65,   0x6c,   0x6c,
  0x5f,   0x32,   0x39,   0x2f,   0x73,   0x70,   0x6c,   0x69,   0x74,   0x33,   0x31,   0x00,
  0x02,   0x00,   0x00,   0x00,   0x01,   0x00,   0x00,   0x00,   0x20,   0x00,   0x00,   0x00,
  0xc2,   0x35,   0xff,   0xff,   0x00,   0x00,   0x00,   0x01,   0x18,   0x00,   0x00,   0x00,
  0x20,   0x00,   0x00,   0x00,   0x40,   0x00,   0x00,   0x00,   0x1c,   0x01,   0x00,   0x00,
  0x00,   0x00,   0x00,   0x09,   0xd8,   0x00,   0x00,   0x00,   0x02,   0x00,   0x00,   0x00,
  0xff,   0xff,   0xff,   0xff,   0x20,   0x00,   0x00,   0x00,   0x0c,   0x25,   0xff,   0xff,
  0x08,   0x00,   0x00,   0x00,   0x14,   0x00,   0x00,   0x00,   0x01,   0x00,   0x00,   0x00,
  0xdf,   0xff,   0xff,   0xff,   0xff,   0xff,   0xff,   0xff,   0x00,   0x00,   0x00,   0x00,
  0x01,   0x00,   0x00,   0x00,   0xb0,   0xa3,   0xdd,   0x3c,   0x9e,   0x00,   0x00,   0x00,
  0x73,   0x65,   0x71,   0x75,   0x65,   0x6e,   0x74,   0x69,   0x61,   0x6c,   0x5f,   0x31,
  0x2f,   0x6c,   0x73,   0x74,   0x6d,   0x5f,   0x31,   0x2f,   0x6c,   0x73,   0x74,   0x6d,
  0x5f,   0x63,   0x65,   0x6c,   0x6c,   0x5f,   0x32,   0x39,   0x2f,   0x73,   0x70,   0x6c,
  0x69,   0x74,   0x3b,   0x73,   0x65,   0x71,   0x75,   0x65,   0x6e,   0x74,   0x69,   0x61,
  0x6c,   0x5f,   0x31,   0x2f,   0x6c,   0x73,   0x74,   0x6d,   0x5f,   0x31,   0x2f,   0x6c,
  0x73,   0x74,   0x6d,   0x5f,   0x63,   0x65,   0x6c,   0x6c,   0x5f,   0x32,   0x39,   0x2f,
  0x73,   0x70,   0x6c,   0x69,   0x74,   0x31,   0x3b,   0x73,   0x65,   0x71,   0x75,   0x65,
  0x6e,   0x74,   0x69,   0x61,   0x6c,   0x5f,   0x31,   0x2f,   0x6c,   0x73,   0x74,   0x6d,
  0x5f,   0x31,   0x2f,   0x6c,   0x73,   0x74,   0x6d,   0x5f,   0x63,   0x65,   0x6c,   0x6c,
  0x5f,   0x32,   0x39,   0x2f,   0x73,   0x70,   0x6c,   0x69,   0x74,   0x32,   0x3b,   0x73,
  0x65,   0x71,   0x75,   0x65,   0x6e,   0x74,   0x69,   0x61,   0x6c,   0x5f,   0x31,   0x2f,
  0x6c,   0x73,   0x74,   0x6d,   0x5f,   0x31,   0x2f,   0x6c,   0x73,   0x74,   0x6d,   0x5f,
  0x63,   0x65,   0x6c,   0x6c,   0x5f,   0x32,   0x39,   0x2f,   0x73,   0x70,   0x6c,   0x69,
  0x74,   0x33,   0x00,   0x00,   0x02,   0x00,   0x00,   0x00,   0x01,   0x00,   0x00,   0x00,
  0x20,   0x00,   0x00,   0x00,   0xc2,   0x36,   0xff,   0xff,   0x00,   0x00,   0x00,   0x01,
  0x18,   0x00,   0x00,   0x00,   0x20,   0x00,   0x00,   0x00,   0x3c,   0x00,   0x00,   0x00,
  0x1b,   0x01,   0x00,   0x00,   0x00,   0x00,   0x00,   0x09,   0x60,   0x00,   0x00,   0x00,
  0x02,   0x00,   0x00,   0x00,   0xff,   0xff,   0xff,   0xff,   0x80,   0x00,   0x00,   0x00,
  0x0c,   0x26,   0xff,   0xff,   0x08,   0x00,   0x00,   0x00,   0x10,   0x00,   0x00,   0x00,
  0x01,   0x00,   0x00,   0x00,   0xdf,   0xff,   0xff,   0xff,   0xff,   0xff,   0xff,   0xff,
  0x01,   0x00,   0x00,   0x00,   0xb0,   0xa3,   0xdd,   0x3c,   0x28,   0x00,   0x00,   0x00,
  0x73,   0x65,   0x71,   0x75,   0x65,   0x6e,   0x74,   0x69,   0x61,   0x6c,   0x5f,   0x31,
  0x2f,   0x6c,   0x73,   0x74,   0x6d,   0x5f,   0x31,   0x2f,   0x6c,   0x73,   0x74,   0x6d,
  0x5f,   0x63,   0x65,   0x6c,   0x6c,   0x5f,   0x32,   0x39,   0x2f,   0x42,   0x69,   0x61,
  0x73,   0x41,   0x64,   0x64,   0x00,   0x00,   0x00,   0x00,   0x02,   0x00,   0x00,   0x00,
  0x01,   0x00,   0x00,   0x00,   0x80,   0x00,   0x00,   0x00,   0x4a,   0x37,   0xff,   0xff,
  0x00,   0x00,   0x00,   0x01,   0x18,   0x00,   0x00,   0x00,   0x20,   0x00,   0x00,   0x00,
  0x40,   0x00,   0x00,   0x00,   0x1a,   0x01,   0x00,   0x00,   0x00,   0x00,   0x00,   0x09,
  0x60,   0x00,   0x00,   0x00,   0x02,   0x00,   0x00,   0x00,   0xff,   0xff,   0xff,   0xff,
  0x80,   0x00,   0x00,   0x00,   0x94,   0x26,   0xff,   0xff,   0x08,   0x00,   0x00,   0x00,
  0x14,   0x00,   0x00,   0x00,   0x01,   0x00,   0x00,   0x00,   0xdf,   0xff,   0xff,   0xff,
  0xff,   0xff,   0xff,   0xff,   0x00,   0x00,   0x00,   0x00,   0x01,   0x00,   0x00,   0x00,
  0xb0,   0xa3,   0xdd,   0x3c,   0x24,   0x00,   0x00,   0x00,   0x73,   0x65,   0x71,   0x75,
  0x65,   0x6e,   0x74,   0x69,   0x61,   0x6c,   0x5f,   0x31,   0x2f,   0x6c,   0x73,   0x74,
  0x6d,   0x5f,   0x31,   0x2f,   0x6c,   0x73,   0x74,   0x6d,   0x5f,   0x63,   0x65,   0x6c,
  0x6c,   0x5f,   0x32,   0x39,   0x2f,   0x41,   0x64,   0x64,   0x00,   0x00,   0x00,   0x00,
  0x02,   0x00,   0x00,   0x00,   0x01,   0x00,   0x00,   0x00,   0x80,   0x00,   0x00,   0x00,
  0xd2,   0x37,   0xff,   0xff,   0x00,   0x00,   0x00,   0x01,   0x18,   0x00,   0x00,   0x00,
  0x20,   0x00,   0x00,   0x00,   0x3c,   0x00,   0x00,   0x00,   0x19,   0x01,   0x00,   0x00,
  0x00,   0x00,   0x00,   0x09,   0x60,   0x00,   0x00,   0x00,   0x02,   0x00,   0x00,   0x00,
  0xff,   0xff,   0xff,   0xff,   0x80,   0x00,   0x00,   0x00,   0x1c,   0x27,   0xff,   0xff,
  0x08,   0x00,   0x00,   0x00,   0x10,   0x00,   0x00,   0x00,   0x01,   0x00,   0x00,   0x00,
  0x04,   0x00,   0x00,   0x00,   0x00,   0x00,   0x00,   0x00,   0x01,   0x00,   0x00,   0x00,
  0xfb,   0x08,   0x77,   0x3c,   0x29,   0x00,   0x00,   0x00,   0x73,   0x65,   0x71,   0x75,
  0x65,   0x6e,   0x74,   0x69,   0x61,   0x6c,   0x5f,   0x31,   0x2f,   0x6c,   0x73,   0x74,
  0x6d,   0x5f,   0x31,   0x2f,   0x6c,   0x73,   0x74,   0x6d,   0x5f,   0x63,   0x65,   0x6c,
  0x6c,   0x5f,   0x32,   0x39,   0x2f,   0x4d,   0x61,   0x74,   0x4d,   0x75,   0x6c,   0x5f,
  0x31,   0x00,   0x00,   0x00,   0x02,   0x00,   0x00,   0x00,   0x01,   0x00,   0x00,   0x00,
  0x80,   0x00,   0x00,   0x00,   0x5a,   0x38,   0xff,   0xff,   0x00,   0x00,   0x00,   0x01,
  0x18,   0x00,   0x00,   0x00,   0x20,   0x00,   0x00,   0x00,   0x40,   0x00,   0x00,   0x00,
  0x18,   0x01,   0x00,   0x00,   0x00,   0x00,   0x00,   0x09,   0x60,   0x00,   0x00,   0x00,
  0x02,   0x00,   0x00,   0x00,   0xff,   0xff,   0xff,   0xff,   0x20,   0x00,   0x00,   0x00,
  0xa4,   0x27,   0xff,   0xff,   0x08,   0x00,   0x00,   0x00,   0x14,   0x00,   0x00,   0x00,
  0x01,   0x00,   0x00,   0x00,   0x15,   0x00,   0x00,   0x00,   0x00,   0x00,   0x00,   0x00,
  0x00,   0x00,   0x00,   0x00,   0x01,   0x00,   0x00,   0x00,   0x23,   0xf9,   0xcc,   0x3b,
  0x26,   0x00,   0x00,   0x00,   0x73,   0x65,   0x71,   0x75,   0x65,   0x6e,   0x74,   0x69,
  0x61,   0x6c,   0x5f,   0x31,   0x2f,   0x6c,   0x73,   0x74,   0x6d,   0x5f,   0x31,   0x2f,
  0x6c,   0x73,   0x74,   0x6d,   0x5f,   0x63,   0x65,   0x6c,   0x6c,   0x5f,   0x32,   0x37,
  0x2f,   0x6d,   0x75,   0x6c,   0x5f,   0x32,   0x00,   0x00,   0x02,   0x00,   0x00,   0x00,
  0x01,   0x00,   0x00,   0x00,   0x20,   0x00,   0x00,   0x00,   0xe2,   0x38,   0xff,   0xff,
  0x00,   0x00,   0x00,   0x01,   0x18,   0x00,   0x00,   0x00,   0x20,   0x00,   0x00,   0x00,
  0x40,   0x00,   0x00,   0x00,   0x17,   0x01,   0x00,   0x00,   0x00,   0x00,   0x00,   0x09,
  0x60,   0x00,   0x00,   0x00,   0x02,   0x00,   0x00,   0x00,   0xff,   0xff,   0xff,   0xff,
  0x20,   0x00,   0x00,   0x00,   0x2c,   0x28,   0xff,   0xff,   0x08,   0x00,   0x00,   0x00,
  0x14,   0x00,   0x00,   0x00,   0x01,   0x00,   0x00,   0x00,   0x00,   0x00,   0x00,   0x00,
  0x00,   0x00,   0x00,   0x00,   0x00,   0x00,   0x00,   0x00,   0x01,   0x00,   0x00,   0x00,
  0x00,   0x00,   0x00,   0x3c,   0x27,   0x00,   0x00,   0x00,   0x73,   0x65,   0x71,   0x75,
  0x65,   0x6e,   0x74,   0x69,   0x61,   0x6c,   0x5f,   0x31,   0x2f,   0x6c,   0x73,   0x74,
  0x6d,   0x5f,   0x31,   0x2f,   0x6c,   0x73,   0x74,   0x6d,   0x5f,   0x63,   0x65,   0x6c,
  0x6c,   0x5f,   0x32,   0x37,   0x2f,   0x54,   0x61,   0x6e,   0x68,   0x5f,   0x31,   0x00,
  0x02,   0x00,   0x00,   0x00,   0x01,   0x00,   0x00,   0x00,   0x20,   0x00,   0x00,   0x00,
  0x6a,   0x39,   0xff,   0xff,   0x00,   0x00,   0x00,   0x01,   0x18,   0x00,   0x00,   0x00,
  0x20,   0x00,   0x00,   0x00,   0x40,   0x00,   0x00,   0x00,   0x16,   0x01,   0x00,   0x00,
  0x00,   0x00,   0x00,   0x09,   0x60,   0x00,   0x00,   0x00,   0x02,   0x00,   0x00,   0x00,
  0xff,   0xff,   0xff,   0xff,   0x20,   0x00,   0x00,   0x00,   0xb4,   0x28,   0xff,   0xff,
  0x08,   0x00,   0x00,   0x00,   0x14,   0x00,   0x00,   0x00,   0x01,   0x00,   0x00,   0x00,
  0x2b,   0x00,   0x00,   0x00,   0x00,   0x00,   0x00,   0x00,   0x00,   0x00,   0x00,   0x00,
  0x01,   0x00,   0x00,   0x00,   0x0b,   0xce,   0xce,   0x3c,   0x26,   0x00,   0x00,   0x00,
  0x73,   0x65,   0x71,   0x75,   0x65,   0x6e,   0x74,   0x69,   0x61,   0x6c,   0x5f,   0x31,
  0x2f,   0x6c,   0x73,   0x74,   0x6d,   0x5f,   0x31,   0x2f,   0x6c,   0x73,   0x74,   0x6d,
  0x5f,   0x63,   0x65,   0x6c,   0x6c,   0x5f,   0x32,   0x37,   0x2f,   0x61,   0x64,   0x64,
  0x5f,   0x31,   0x00,   0x00,   0x02,   0x00,   0x00,   0x00,   0x01,   0x00,   0x00,   0x00,
  0x20,   0x00,   0x00,   0x00,   0xf2,   0x39,   0xff,   0xff,   0x00,   0x00,   0x00,   0x01,
  0x18,   0x00,   0x00,   0x00,   0x20,   0x00,   0x00,   0x00,   0x40,   0x00,   0x00,   0x00,
  0x15,   0x01,   0x00,   0x00,   0x00,   0x00,   0x00,   0x09,   0x60,   0x00,   0x00,   0x00,
  0x02,   0x00,   0x00,   0x00,   0xff,   0xff,   0xff,   0xff,   0x20,   0x00,   0x00,   0x00,
  0x3c,   0x29,   0xff,   0xff,   0x08,   0x00,   0x00,   0x00,   0x14,   0x00,   0x00,   0x00,
  0x01,   0x00,   0x00,   0x00,   0x09,   0x00,   0x00,   0x00,   0x00,   0x00,   0x00,   0x00,
  0x00,   0x00,   0x00,   0x00,   0x01,   0x00,   0x00,   0x00,   0x19,   0x66,   0x59,   0x3b,
  0x26,   0x00,   0x00,   0x00,   0x73,   0x65,   0x71,   0x75,   0x65,   0x6e,   0x74,   0x69,
  0x61,   0x6c,   0x5f,   0x31,   0x2f,   0x6c,   0x73,   0x74,   0x6d,   0x5f,   0x31,   0x2f,
  0x6c,   0x73,   0x74,   0x6d,   0x5f,   0x63,   0x65,   0x6c,   0x6c,   0x5f,   0x32,   0x37,
  0x2f,   0x6d,   0x75,   0x6c,   0x5f,   0x31,   0x00,   0x00,   0x02,   0x00,   0x00,   0x00,
  0x01,   0x00,   0x00,   0x00,   0x20,   0x00,   0x00,   0x00,   0x7a,   0x3a,   0xff,   0xff,
  0x00,   0x00,   0x00,   0x01,   0x18,   0x00,   0x00,   0x00,   0x20,   0x00,   0x00,   0x00,
  0x40,   0x00,   0x00,   0x00,   0x14,   0x01,   0x00,   0x00,   0x00,   0x00,   0x00,   0x09,
  0x60,   0x00,   0x00,   0x00,   0x02,   0x00,   0x00,   0x00,   0xff,   0xff,   0xff,   0xff,
  0x20,   0x00,   0x00,   0x00,   0xc4,   0x29,   0xff,   0xff,   0x08,   0x00,   0x00,   0x00,
  0x14,   0x00,   0x00,   0x00,   0x01,   0x00,   0x00,   0x00,   0x00,   0x00,   0x00,   0x00,
  0x00,   0x00,   0x00,   0x00,   0x00,   0x00,   0x00,   0x00,   0x01,   0x00,   0x00,   0x00,
  0x00,   0x00,   0x00,   0x3c,   0x25,   0x00,   0x00,   0x00,   0x73,   0x65,   0x71,   0x75,
  0x65,   0x6e,   0x74,   0x69,   0x61,   0x6c,   0x5f,   0x31,   0x2f,   0x6c,   0x73,   0x74,
  0x6d,   0x5f,   0x31,   0x2f,   0x6c,   0x73,   0x74,   0x6d,   0x5f,   0x63,   0x65,   0x6c,
  0x6c,   0x5f,   0x32,   0x37,   0x2f,   0x54,   0x61,   0x6e,   0x68,   0x00,   0x00,   0x00,
  0x02,   0x00,   0x00,   0x00,   0x01,   0x00,   0x00,   0x00,   0x20,   0x00,   0x00,   0x00,
  0x02,   0x3b,   0xff,   0xff,   0x00,   0x00,   0x00,   0x01,   0x18,   0x00,   0x00,   0x00,
  0x20,   0x00,   0x00,   0x00,   0x3c,   0x00,   0x00,   0x00,   0x13,   0x01,   0x00,   0x00,
  0x00,   0x00,   0x00,   0x09,   0x60,   0x00,   0x00,   0x00,   0x02,   0x00,   0x00,   0x00,
  0xff,   0xff,   0xff,   0xff,   0x20,   0x00,   0x00,   0x00,   0x4c,   0x2a,   0xff,   0xff,
  0x08,   0x00,   0x00,   0x00,   0x10,   0x00,   0x00,   0x00,   0x01,   0x00,   0x00,   0x00,
  0x80,   0xff,   0xff,   0xff,   0xff,   0xff,   0xff,   0xff,   0x01,   0x00,   0x00,   0x00,
  0x00,   0x00,   0x80,   0x3b,   0x2a,   0x00,   0x00,   0x00,   0x73,   0x65,   0x71,   0x75,
  0x65,   0x6e,   0x74,   0x69,   0x61,   0x6c,   0x5f,   0x31,   0x2f,   0x6c,   0x73,   0x74,
  0x6d,   0x5f,   0x31,   0x2f,   0x6c,   0x73,   0x74,   0x6d,   0x5f,   0x63,   0x65,   0x6c,
  0x6c,   0x5f,   0x32,   0x37,   0x2f,   0x53,   0x69,   0x67,   0x6d,   0x6f,   0x69,   0x64,
  0x5f,   0x32,   0x00,   0x00,   0x02,   0x00,   0x00,   0x00,   0x01,   0x00,   0x00,   0x00,
  0x20,   0x00,   0x00,   0x00,   0x8a,   0x3b,   0xff,   0xff,   0x00,   0x00,   0x00,   0x01,
  0x18,   0x00,   0x00,   0x00,   0x20,   0x00,   0x00,   0x00,   0x40,   0x00,   0x00,   0x00,
  0x12,   0x01,   0x00,   0x00,   0x00,   0x00,   0x00,   0x09,   0x60,   0x00,   0x00,   0x00,
  0x02,   0x00,   0x00,   0x00,   0xff,   0xff,   0xff,   0xff,   0x20,   0x00,   0x00,   0x00,
  0xd4,   0x2a,   0xff,   0xff,   0x08,   0x00,   0x00,   0x00,   0x14,   0x00,   0x00,   0x00,
  0x01,   0x00,   0x00,   0x00,   0x2b,   0x00,   0x00,   0x00,   0x00,   0x00,   0x00,   0x00,
  0x00,   0x00,   0x00,   0x00,   0x01,   0x00,   0x00,   0x00,   0x0b,   0xce,   0xce,   0x3c,
  0x24,   0x00,   0x00,   0x00,   0x73,   0x65,   0x71,   0x75,   0x65,   0x6e,   0x74,   0x69,
  0x61,   0x6c,   0x5f,   0x31,   0x2f,   0x6c,   0x73,   0x74,   0x6d,   0x5f,   0x31,   0x2f,
  0x6c,   0x73,   0x74,   0x6d,   0x5f,   0x63,   0x65,   0x6c,   0x6c,   0x5f,   0x32,   0x37,
  0x2f,   0x6d,   0x75,   0x6c,   0x00,   0x00,   0x00,   0x00,   0x02,   0x00,   0x00,   0x00,
  0x01,   0x00,   0x00,   0x00,   0x20,   0x00,   0x00,   0x00,   0x12,   0x3c,   0xff,   0xff,
  0x00,   0x00,   0x00,   0x01,   0x18,   0x00,   0x00,   0x00,   0x20,   0x00,   0x00,   0x00,
  0x3c,   0x00,   0x00,   0x00,   0x11,   0x01,   0x00,   0x00,   0x00,   0x00,   0x00,   0x09,
  0x60,   0x00,   0x00,   0x00,   0x02,   0x00,   0x00,   0x00,   0xff,   0xff,   0xff,   0xff,
  0x20,   0x00,   0x00,   0x00,   0x5c,   0x2b,   0xff,   0xff,   0x08,   0x00,   0x00,   0x00,
  0x10,   0x00,   0x00,   0x00,   0x01,   0x00,   0x00,   0x00,   0x80,   0xff,   0xff,   0xff,
  0xff,   0xff,   0xff,   0xff,   0x01,   0x00,   0x00,   0x00,   0x00,   0x00,   0x80,   0x3b,
  0x2a,   0x00,   0x00,   0x00,   0x73,   0x65,   0x71,   0x75,   0x65,   0x6e,   0x74,   0x69,
  0x61,   0x6c,   0x5f,   0x31,   0x2f,   0x6c,   0x73,   0x74,   0x6d,   0x5f,   0x31,   0x2f,
  0x6c,   0x73,   0x74,   0x6d,   0x5f,   0x63,   0x65,   0x6c,   0x6c,   0x5f,   0x32,   0x37,
  0x2f,   0x53,   0x69,   0x67,   0x6d,   0x6f,   0x69,   0x64,   0x5f,   0x31,   0x00,   0x00,
  0x02,   0x00,   0x00,   0x00,   0x01,   0x00,   0x00,   0x00,   0x20,   0x00,   0x00,   0x00,
  0x9a,   0x3c,   0xff,   0xff,   0x00,   0x00,   0x00,   0x01,   0x18,   0x00,   0x00,   0x00,
  0x20,   0x00,   0x00,   0x00,   0x3c,   0x00,   0x00,   0x00,   0x10,   0x01,   0x00,   0x00,
  0x00,   0x00,   0x00,   0x09,   0x60,   0x00,   0x00,   0x00,   0x02,   0x00,   0x00,   0x00,
  0xff,   0xff,   0xff,   0xff,   0x20,   0x00,   0x00,   0x00,   0xe4,   0x2b,   0xff,   0xff,
  0x08,   0x00,   0x00,   0x00,   0x10,   0x00,   0x00,   0x00,   0x01,   0x00,   0x00,   0x00,
  0x80,   0xff,   0xff,   0xff,   0xff,   0xff,   0xff,   0xff,   0x01,   0x00,   0x00,   0x00,
  0x00,   0x00,   0x80,   0x3b,   0x28,   0x00,   0x00,   0x00,   0x73,   0x65,   0x71,   0x75,
  0x65,   0x6e,   0x74,   0x69,   0x61,   0x6c,   0x5f,   0x31,   0x2f,   0x6c,   0x73,   0x74,
  0x6d,   0x5f,   0x31,   0x2f,   0x6c,   0x73,   0x74,   0x6d,   0x5f,   0x63,   0x65,   0x6c,
  0x6c,   0x5f,   0x32,   0x37,   0x2f,   0x53,   0x69,   0x67,   0x6d,   0x6f,   0x69,   0x64,
  0x00,   0x00,   0x00,   0x00,   0x02,   0x00,   0x00,   0x00,   0x01,   0x00,   0x00,   0x00,
  0x20,   0x00,   0x00,   0x00,   0x22,   0x3d,   0xff,   0xff,   0x00,   0x00,   0x00,   0x01,
  0x18,   0x00,   0x00,   0x00,   0x20,   0x00,   0x00,   0x00,   0x40,   0x00,   0x00,   0x00,
  0x0f,   0x01,   0x00,   0x00,   0x00,   0x00,   0x00,   0x09,   0xd8,   0x00,   0x00,   0x00,
  0x02,   0x00,   0x00,   0x00,   0xff,   0xff,   0xff,   0xff,   0x20,   0x00,   0x00,   0x00,
  0x6c,   0x2c,   0xff,   0xff,   0x08,   0x00,   0x00,   0x00,   0x14,   0x00,   0x00,   0x00,
  0x01,   0x00,   0x00,   0x00,   0xde,   0xff,   0xff,   0xff,   0xff,   0xff,   0xff,   0xff,
  0x00,   0x00,   0x00,   0x00,   0x01,   0x00,   0x00,   0x00,   0xb2,   0x9e,   0xde,   0x3c,
  0x9f,   0x00,   0x00,   0x00,   0x73,   0x65,   0x71,   0x75,   0x65,   0x6e,   0x74,   0x69,
  0x61,   0x6c,   0x5f,   0x31,   0x2f,   0x6c,   0x73,   0x74,   0x6d,   0x5f,   0x31,   0x2f,
  0x6c,   0x73,   0x74,   0x6d,   0x5f,   0x63,   0x65,   0x6c,   0x6c,   0x5f,   0x32,   0x37,
  0x2f,   0x73,   0x70,   0x6c,   0x69,   0x74,   0x3b,   0x73,   0x65,   0x71,   0x75,   0x65,
  0x6e,   0x74,   0x69,   0x61,   0x6c,   0x5f,   0x31,   0x2f,   0x6c,   0x73,   0x74,   0x6d,
  0x5f,   0x31,   0x2f,   0x6c,   0x73,   0x74,   0x6d,   0x5f,   0x63,   0x65,   0x6c,   0x6c,
  0x5f,   0x32,   0x37,   0x2f,   0x73,   0x70,   0x6c,   0x69,   0x74,   0x31,   0x3b,   0x73,
  0x65,   0x71,   0x75,   0x65,   0x6e,   0x74,   0x69,   0x61,   0x6c,   0x5f,   0x31,   0x2f,
  0x6c,   0x73,   0x74,   0x6d,   0x5f,   0x31,   0x2f,   0x6c,   0x73,   0x74,   0x6d,   0x5f,
  0x63,   0x65,   0x6c,   0x6c,   0x5f,   0x32,   0x37,   0x2f,   0x73,   0x70,   0x6c,   0x69,
  0x74,   0x32,   0x3b,   0x73,   0x65,   0x71,   0x75,   0x65,   0x6e,   0x74,   0x69,   0x61,
  0x6c,   0x5f,   0x31,   0x2f,   0x6c,   0x73,   0x74,   0x6d,   0x5f,   0x31,   0x2f,   0x6c,
  0x73,   0x74,   0x6d,   0x5f,   0x63,   0x65,   0x6c,   0x6c,   0x5f,   0x32,   0x37,   0x2f,
  0x73,   0x70,   0x6c,   0x69,   0x74,   0x33,   0x33,   0x00,   0x02,   0x00,   0x00,   0x00,
  0x01,   0x00,   0x00,   0x00,   0x20,   0x00,   0x00,   0x00,   0x22,   0x3e,   0xff,   0xff,
  0x00,   0x00,   0x00,   0x01,   0x18,   0x00,   0x00,   0x00,   0x20,   0x00,   0x00,   0x00,
  0x40,   0x00,   0x00,   0x00,   0x0e,   0x01,   0x00,   0x00,   0x00,   0x00,   0x00,   0x09,
  0xd8,   0x00,   0x00,   0x00,   0x02,   0x00,   0x00,   0x00,   0xff,   0xff,   0xff,   0xff,
  0x20,   0x00,   0x00,   0x00,   0x6c,   0x2d,   0xff,   0xff,   0x08,   0x00,   0x00,   0x00,
  0x14,   0x00,   0x00,   0x00,   0x01,   0x00,   0x00,   0x00,   0xde,   0xff,   0xff,   0xff,
  0xff,   0xff,   0xff,   0xff,   0x00,   0x00,   0x00,   0x00,   0x01,   0x00,   0x00,   0x00,
  0xb2,   0x9e,   0xde,   0x3c,   0x9f,   0x00,   0x00,   0x00,   0x73,   0x65,   0x71,   0x75,
  0x65,   0x6e,   0x74,   0x69,   0x61,   0x6c,   0x5f,   0x31,   0x2f,   0x6c,   0x73,   0x74,
  0x6d,   0x5f,   0x31,   0x2f,   0x6c,   0x73,   0x74,   0x6d,   0x5f,   0x63,   0x65,   0x6c,
  0x6c,   0x5f,   0x32,   0x37,   0x2f,   0x73,   0x70,   0x6c,   0x69,   0x74,   0x3b,   0x73,
  0x65,   0x71,   0x75,   0x65,   0x6e,   0x74,   0x69,   0x61,   0x6c,   0x5f,   0x31,   0x2f,
  0x6c,   0x73,   0x74,   0x6d,   0x5f,   0x31,   0x2f,   0x6c,   0x73,   0x74,   0x6d,   0x5f,
  0x63,   0x65,   0x6c,   0x6c,   0x5f,   0x32,   0x37,   0x2f,   0x73,   0x70,   0x6c,   0x69,
  0x74,   0x31,   0x3b,   0x73,   0x65,   0x71,   0x75,   0x65,   0x6e,   0x74,   0x69,   0x61,
  0x6c,   0x5f,   0x31,   0x2f,   0x6c,   0x73,   0x74,   0x6d,   0x5f,   0x31,   0x2f,   0x6c,
  0x73,   0x74,   0x6d,   0x5f,   0x63,   0x65,   0x6c,   0x6c,   0x5f,   0x32,   0x37,   0x2f,
  0x73,   0x70,   0x6c,   0x69,   0x74,   0x32,   0x3b,   0x73,   0x65,   0x71,   0x75,   0x65,
  0x6e,   0x74,   0x69,   0x61,   0x6c,   0x5f,   0x31,   0x2f,   0x6c,   0x73,   0x74,   0x6d,
  0x5f,   0x31,   0x2f,   0x6c,   0x73,   0x74,   0x6d,   0x5f,   0x63,   0x65,   0x6c,   0x6c,
  0x5f,   0x32,   0x37,   0x2f,   0x73,   0x70,   0x6c,   0x69,   0x74,   0x33,   0x32,   0x00,
  0x02,   0x00,   0x00,   0x00,   0x01,   0x00,   0x00,   0x00,   0x20,   0x00,   0x00,   0x00,
  0x22,   0x3f,   0xff,   0xff,   0x00,   0x00,   0x00,   0x01,   0x18,   0x00,   0x00,   0x00,
  0x20,   0x00,   0x00,   0x00,   0x40,   0x00,   0x00,   0x00,   0x0d,   0x01,   0x00,   0x00,
  0x00,   0x00,   0x00,   0x09,   0xd8,   0x00,   0x00,   0x00,   0x02,   0x00,   0x00,   0x00,
  0xff,   0xff,   0xff,   0xff,   0x20,   0x00,   0x00,   0x00,   0x6c,   0x2e,   0xff,   0xff,
  0x08,   0x00,   0x00,   0x00,   0x14,   0x00,   0x00,   0x00,   0x01,   0x00,   0x00,   0x00,
  0xde,   0xff,   0xff,   0xff,   0xff,   0xff,   0xff,   0xff,   0x00,   0x00,   0x00,   0x00,
  0x01,   0x00,   0x00,   0x00,   0xb2,   0x9e,   0xde,   0x3c,   0x9f,   0x00,   0x00,   0x00,
  0x73,   0x65,   0x71,   0x75,   0x65,   0x6e,   0x74,   0x69,   0x61,   0x6c,   0x5f,   0x31,
  0x2f,   0x6c,   0x73,   0x74,   0x6d,   0x5f,   0x31,   0x2f,   0x6c,   0x73,   0x74,   0x6d,
  0x5f,   0x63,   0x65,   0x6c,   0x6c,   0x5f,   0x32,   0x37,   0x2f,   0x73,   0x70,   0x6c,
  0x69,   0x74,   0x3b,   0x73,   0x65,   0x71,   0x75,   0x65,   0x6e,   0x74,   0x69,   0x61,
  0x6c,   0x5f,   0x31,   0x2f,   0x6c,   0x73,   0x74,   0x6d,   0x5f,   0x31,   0x2f,   0x6c,
  0x73,   0x74,   0x6d,   0x5f,   0x63,   0x65,   0x6c,   0x6c,   0x5f,   0x32,   0x37,   0x2f,
  0x73,   0x70,   0x6c,   0x69,   0x74,   0x31,   0x3b,   0x73,   0x65,   0x71,   0x75,   0x65,
  0x6e,   0x74,   0x69,   0x61,   0x6c,   0x5f,   0x31,   0x2f,   0x6c,   0x73,   0x74,   0x6d,
  0x5f,   0x31,   0x2f,   0x6c,   0x73,   0x74,   0x6d,   0x5f,   0x63,   0x65,   0x6c,   0x6c,
  0x5f,   0x32,   0x37,   0x2f,   0x73,   0x70,   0x6c,   0x69,   0x74,   0x32,   0x3b,   0x73,
  0x65,   0x71,   0x75,   0x65,   0x6e,   0x74,   0x69,   0x61,   0x6c,   0x5f,   0x31,   0x2f,
  0x6c,   0x73,   0x74,   0x6d,   0x5f,   0x31,   0x2f,   0x6c,   0x73,   0x74,   0x6d,   0x5f,
  0x63,   0x65,   0x6c,   0x6c,   0x5f,   0x32,   0x37,   0x2f,   0x73,   0x70,   0x6c,   0x69,
  0x74,   0x33,   0x31,   0x00,   0x02,   0x00,   0x00,   0x00,   0x01,   0x00,   0x00,   0x00,
  0x20,   0x00,   0x00,   0x00,   0x22,   0x40,   0xff,   0xff,   0x00,   0x00,   0x00,   0x01,
  0x18,   0x00,   0x00,   0x00,   0x20,   0x00,   0x00,   0x00,   0x40,   0x00,   0x00,   0x00,
  0x0c,   0x01,   0x00,   0x00,   0x00,   0x00,   0x00,   0x09,   0xd8,   0x00,   0x00,   0x00,
  0x02,   0x00,   0x00,   0x00,   0xff,   0xff,   0xff,   0xff,   0x20,   0x00,   0x00,   0x00,
  0x6c,   0x2f,   0xff,   0xff,   0x08,   0x00,   0x00,   0x00,   0x14,   0x00,   0x00,   0x00,
  0x01,   0x00,   0x00,   0x00,   0xde,   0xff,   0xff,   0xff,   0xff,   0xff,   0xff,   0xff,
  0x00,   0x00,   0x00,   0x00,   0x01,   0x00,   0x00,   0x00,   0xb2,   0x9e,   0xde,   0x3c,
  0x9e,   0x00,   0x00,   0x00,   0x73,   0x65,   0x71,   0x75,   0x65,   0x6e,   0x74,   0x69,
  0x61,   0x6c,   0x5f,   0x31,   0x2f,   0x6c,   0x73,   0x74,   0x6d,   0x5f,   0x31,   0x2f,
  0x6c,   0x73,   0x74,   0x6d,   0x5f,   0x63,   0x65,   0x6c,   0x6c,   0x5f,   0x32,   0x37,
  0x2f,   0x73,   0x70,   0x6c,   0x69,   0x74,   0x3b,   0x73,   0x65,   0x71,   0x75,   0x65,
  0x6e,   0x74,   0x69,   0x61,   0x6c,   0x5f,   0x31,   0x2f,   0x6c,   0x73,   0x74,   0x6d,
  0x5f,   0x31,   0x2f,   0x6c,   0x73,   0x74,   0x6d,   0x5f,   0x63,   0x65,   0x6c,   0x6c,
  0x5f,   0x32,   0x37,   0x2f,   0x73,   0x70,   0x6c,   0x69,   0x74,   0x31,   0x3b,   0x73,
  0x65,   0x71,   0x75,   0x65,   0x6e,   0x74,   0x69,   0x61,   0x6c,   0x5f,   0x31,   0x2f,
  0x6c,   0x73,   0x74,   0x6d,   0x5f,   0x31,   0x2f,   0x6c,   0x73,   0x74,   0x6d,   0x5f,
  0x63,   0x65,   0x6c,   0x6c,   0x5f,   0x32,   0x37,   0x2f,   0x73,   0x70,   0x6c,   0x69,
  0x74,   0x32,   0x3b,   0x73,   0x65,   0x71,   0x75,   0x65,   0x6e,   0x74,   0x69,   0x61,
  0x6c,   0x5f,   0x31,   0x2f,   0x6c,   0x73,   0x74,   0x6d,   0x5f,   0x31,   0x2f,   0x6c,
  0x73,   0x74,   0x6d,   0x5f,   0x63,   0x65,   0x6c,   0x6c,   0x5f,   0x32,   0x37,   0x2f,
  0x73,   0x70,   0x6c,   0x69,   0x74,   0x33,   0x00,   0x00,   0x02,   0x00,   0x00,   0x00,
  0x01,   0x00,   0x00,   0x00,   0x20,   0x00,   0x00,   0x00,   0x22,   0x41,   0xff,   0xff,
  0x00,   0x00,   0x00,   0x01,   0x18,   0x00,   0x00,   0x00,   0x20,   0x00,   0x00,   0x00,
  0x3c,   0x00,   0x00,   0x00,   0x0b,   0x01,   0x00,   0x00,   0x00,   0x00,   0x00,   0x09,
  0x60,   0x00,   0x00,   0x00,   0x02,   0x00,   0x00,   0x00,   0xff,   0xff,   0xff,   0xff,
  0x80,   0x00,   0x00,   0x00,   0x6c,   0x30,   0xff,   0xff,   0x08,   0x00,   0x00,   0x00,
  0x10,   0x00,   0x00,   0x00,   0x01,   0x00,   0x00,   0x00,   0xde,   0xff,   0xff,   0xff,
  0xff,   0xff,   0xff,   0xff,   0x01,   0x00,   0x00,   0x00,   0xb2,   0x9e,   0xde,   0x3c,
  0x28,   0x00,   0x00,   0x00,   0x73,   0x65,   0x71,   0x75,   0x65,   0x6e,   0x74,   0x69,
  0x61,   0x6c,   0x5f,   0x31,   0x2f,   0x6c,   0x73,   0x74,   0x6d,   0x5f,   0x31,   0x2f,
  0x6c,   0x73,   0x74,   0x6d,   0x5f,   0x63,   0x65,   0x6c,   0x6c,   0x5f,   0x32,   0x37,
  0x2f,   0x42,   0x69,   0x61,   0x73,   0x41,   0x64,   0x64,   0x00,   0x00,   0x00,   0x00,
  0x02,   0x00,   0x00,   0x00,   0x01,   0x00,   0x00,   0x00,   0x80,   0x00,   0x00,   0x00,
  0xaa,   0x41,   0xff,   0xff,   0x00,   0x00,   0x00,   0x01,   0x18,   0x00,   0x00,   0x00,
  0x20,   0x00,   0x00,   0x00,   0x40,   0x00,   0x00,   0x00,   0x0a,   0x01,   0x00,   0x00,
  0x00,   0x00,   0x00,   0x09,   0x60,   0x00,   0x00,   0x00,   0x02,   0x00,   0x00,   0x00,
  0xff,   0xff,   0xff,   0xff,   0x80,   0x00,   0x00,   0x00,   0xf4,   0x30,   0xff,   0xff,
  0x08,   0x00,   0x00,   0x00,   0x14,   0x00,   0x00,   0x00,   0x01,   0x00,   0x00,   0x00,
  0xde,   0xff,   0xff,   0xff,   0xff,   0xff,   0xff,   0xff,   0x00,   0x00,   0x00,   0x00,
  0x01,   0x00,   0x00,   0x00,   0xb2,   0x9e,   0xde,   0x3c,   0x24,   0x00,   0x00,   0x00,
  0x73,   0x65,   0x71,   0x75,   0x65,   0x6e,   0x74,   0x69,   0x61,   0x6c,   0x5f,   0x31,
  0x2f,   0x6c,   0x73,   0x74,   0x6d,   0x5f,   0x31,   0x2f,   0x6c,   0x73,   0x74,   0x6d,
  0x5f,   0x63,   0x65,   0x6c,   0x6c,   0x5f,   0x32,   0x37,   0x2f,   0x41,   0x64,   0x64,
  0x00,   0x00,   0x00,   0x00,   0x02,   0x00,   0x00,   0x00,   0x01,   0x00,   0x00,   0x00,
  0x80,   0x00,   0x00,   0x00,   0x32,   0x42,   0xff,   0xff,   0x00,   0x00,   0x00,   0x01,
  0x18,   0x00,   0x00,   0x00,   0x20,   0x00,   0x00,   0x00,   0x3c,   0x00,   0x00,   0x00,
  0x09,   0x01,   0x00,   0x00,   0x00,   0x00,   0x00,   0x09,   0x60,   0x00,   0x00,   0x00,
  0x02,   0x00,   0x00,   0x00,   0xff,   0xff,   0xff,   0xff,   0x80,   0x00,   0x00,   0x00,
  0x7c,   0x31,   0xff,   0xff,   0x08,   0x00,   0x00,   0x00,   0x10,   0x00,   0x00,   0x00,
  0x01,   0x00,   0x00,   0x00,   0x04,   0x00,   0x00,   0x00,   0x00,   0x00,   0x00,   0x00,
  0x01,   0x00,   0x00,   0x00,   0x84,   0xed,   0x74,   0x3c,   0x29,   0x00,   0x00,   0x00,
  0x73,   0x65,   0x71,   0x75,   0x65,   0x6e,   0x74,   0x69,   0x61,   0x6c,   0x5f,   0x31,
  0x2f,   0x6c,   0x73,   0x74,   0x6d,   0x5f,   0x31,   0x2f,   0x6c,   0x73,   0x74,   0x6d,
  0x5f,   0x63,   0x65,   0x6c,   0x6c,   0x5f,   0x32,   0x37,   0x2f,   0x4d,   0x61,   0x74,
  0x4d,   0x75,   0x6c,   0x5f,   0x31,   0x00,   0x00,   0x00,   0x02,   0x00,   0x00,   0x00,
  0x01,   0x00,   0x00,   0x00,   0x80,   0x00,   0x00,   0x00,   0xba,   0x42,   0xff,   0xff,
  0x00,   0x00,   0x00,   0x01,   0x18,   0x00,   0x00,   0x00,   0x20,   0x00,   0x00,   0x00,
  0x40,   0x00,   0x00,   0x00,   0x08,   0x01,   0x00,   0x00,   0x00,   0x00,   0x00,   0x09,
  0x60,   0x00,   0x00,   0x00,   0x02,   0x00,   0x00,   0x00,   0xff,   0xff,   0xff,   0xff,
  0x20,   0x00,   0x00,   0x00,   0x04,   0x32,   0xff,   0xff,   0x08,   0x00,   0x00,   0x00,
  0x14,   0x00,   0x00,   0x00,   0x01,   0x00,   0x00,   0x00,   0x15,   0x00,   0x00,   0x00,
  0x00,   0x00,   0x00,   0x00,   0x00,   0x00,   0x00,   0x00,   0x01,   0x00,   0x00,   0x00,
  0x79,   0x4f,   0xcc,   0x3b,   0x26,   0x00,   0x00,   0x00,   0x73,   0x65,   0x71,   0x75,
  0x65,   0x6e,   0x74,   0x69,   0x61,   0x6c,   0x5f,   0x31,   0x2f,   0x6c,   0x73,   0x74,
  0x6d,   0x5f,   0x31,   0x2f,   0x6c,   0x73,   0x74,   0x6d,   0x5f,   0x63,   0x65,   0x6c,
  0x6c,   0x5f,   0x32,   0x35,   0x2f,   0x6d,   0x75,   0x6c,   0x5f,   0x32,   0x00,   0x00,
  0x02,   0x00,   0x00,   0x00,   0x01,   0x00,   0x00,   0x00,   0x20,   0x00,   0x00,   0x00,
  0x42,   0x43,   0xff,   0xff,   0x00,   0x00,   0x00,   0x01,   0x18,   0x00,   0x00,   0x00,
  0x20,   0x00,   0x00,   0x00,   0x40,   0x00,   0x00,   0x00,   0x07,   0x01,   0x00,   0x00,
  0x00,   0x00,   0x00,   0x09,   0x60,   0x00,   0x00,   0x00,   0x02,   0x00,   0x00,   0x00,
  0xff,   0xff,   0xff,   0xff,   0x20,   0x00,   0x00,   0x00,   0x8c,   0x32,   0xff,   0xff,
  0x08,   0x00,   0x00,   0x00,   0x14,   0x00,   0x00,   0x00,   0x01,   0x00,   0x00,   0x00,
  0x00,   0x00,   0x00,   0x00,   0x00,   0x00,   0x00,   0x00,   0x00,   0x00,   0x00,   0x00,
  0x01,   0x00,   0x00,   0x00,   0x00,   0x00,   0x00,   0x3c,   0x27,   0x00,   0x00,   0x00,
  0x73,   0x65,   0x71,   0x75,   0x65,   0x6e,   0x74,   0x69,   0x61,   0x6c,   0x5f,   0x31,
  0x2f,   0x6c,   0x73,   0x74,   0x6d,   0x5f,   0x31,   0x2f,   0x6c,   0x73,   0x74,   0x6d,
  0x5f,   0x63,   0x65,   0x6c,   0x6c,   0x5f,   0x32,   0x35,   0x2f,   0x54,   0x61,   0x6e,
  0x68,   0x5f,   0x31,   0x00,   0x02,   0x00,   0x00,   0x00,   0x01,   0x00,   0x00,   0x00,
  0x20,   0x00,   0x00,   0x00,   0xca,   0x43,   0xff,   0xff,   0x00,   0x00,   0x00,   0x01,
  0x18,   0x00,   0x00,   0x00,   0x20,   0x00,   0x00,   0x00,   0x40,   0x00,   0x00,   0x00,
  0x06,   0x01,   0x00,   0x00,   0x00,   0x00,   0x00,   0x09,   0x60,   0x00,   0x00,   0x00,
  0x02,   0x00,   0x00,   0x00,   0xff,   0xff,   0xff,   0xff,   0x20,   0x00,   0x00,   0x00,
  0x14,   0x33,   0xff,   0xff,   0x08,   0x00,   0x00,   0x00,   0x14,   0x00,   0x00,   0x00,
  0x01,   0x00,   0x00,   0x00,   0x29,   0x00,   0x00,   0x00,   0x00,   0x00,   0x00,   0x00,
  0x00,   0x00,   0x00,   0x00,   0x01,   0x00,   0x00,   0x00,   0x6e,   0x9c,   0xc3,   0x3c,
  0x26,   0x00,   0x00,   0x00,   0x73,   0x65,   0x71,   0x75,   0x65,   0x6e,   0x74,   0x69,
  0x61,   0x6c,   0x5f,   0x31,   0x2f,   0x6c,   0x73,   0x74,   0x6d,   0x5f,   0x31,   0x2f,
  0x6c,   0x73,   0x74,   0x6d,   0x5f,   0x63,   0x65,   0x6c,   0x6c,   0x5f,   0x32,   0x35,
  0x2f,   0x61,   0x64,   0x64,   0x5f,   0x31,   0x00,   0x00,   0x02,   0x00,   0x00,   0x00,
  0x01,   0x00,   0x00,   0x00,   0x20,   0x00,   0x00,   0x00,   0x52,   0x44,   0xff,   0xff,
  0x00,   0x00,   0x00,   0x01,   0x18,   0x00,   0x00,   0x00,   0x20,   0x00,   0x00,   0x00,
  0x40,   0x00,   0x00,   0x00,   0x05,   0x01,   0x00,   0x00,   0x00,   0x00,   0x00,   0x09,
  0x60,   0x00,   0x00,   0x00,   0x02,   0x00,   0x00,   0x00,   0xff,   0xff,   0xff,   0xff,
  0x20,   0x00,   0x00,   0x00,   0x9c,   0x33,   0xff,   0xff,   0x08,   0x00,   0x00,   0x00,
  0x14,   0x00,   0x00,   0x00,   0x01,   0x00,   0x00,   0x00,   0x09,   0x00,   0x00,   0x00,
  0x00,   0x00,   0x00,   0x00,   0x00,   0x00,   0x00,   0x00,   0x01,   0x00,   0x00,   0x00,
  0x65,   0xf8,   0x57,   0x3b,   0x26,   0x00,   0x00,   0x00,   0x73,   0x65,   0x71,   0x75,
  0x65,   0x6e,   0x74,   0x69,   0x61,   0x6c,   0x5f,   0x31,   0x2f,   0x6c,   0x73,   0x74,
  0x6d,   0x5f,   0x31,   0x2f,   0x6c,   0x73,   0x74,   0x6d,   0x5f,   0x63,   0x65,   0x6c,
  0x6c,   0x5f,   0x32,   0x35,   0x2f,   0x6d,   0x75,   0x6c,   0x5f,   0x31,   0x00,   0x00,
  0x02,   0x00,   0x00,   0x00,   0x01,   0x00,   0x00,   0x00,   0x20,   0x00,   0x00,   0x00,
  0xda,   0x44,   0xff,   0xff,   0x00,   0x00,   0x00,   0x01,   0x18,   0x00,   0x00,   0x00,
  0x20,   0x00,   0x00,   0x00,   0x40,   0x00,   0x00,   0x00,   0x04,   0x01,   0x00,   0x00,
  0x00,   0x00,   0x00,   0x09,   0x60,   0x00,   0x00,   0x00,   0x02,   0x00,   0x00,   0x00,
  0xff,   0xff,   0xff,   0xff,   0x20,   0x00,   0x00,   0x00,   0x24,   0x34,   0xff,   0xff,
  0x08,   0x00,   0x00,   0x00,   0x14,   0x00,   0x00,   0x00,   0x01,   0x00,   0x00,   0x00,
  0x00,   0x00,   0x00,   0x00,   0x00,   0x00,   0x00,   0x00,   0x00,   0x00,   0x00,   0x00,
  0x01,   0x00,   0x00,   0x00,   0x00,   0x00,   0x00,   0x3c,   0x25,   0x00,   0x00,   0x00,
  0x73,   0x65,   0x71,   0x75,   0x65,   0x6e,   0x74,   0x69,   0x61,   0x6c,   0x5f,   0x31,
  0x2f,   0x6c,   0x73,   0x74,   0x6d,   0x5f,   0x31,   0x2f,   0x6c,   0x73,   0x74,   0x6d,
  0x5f,   0x63,   0x65,   0x6c,   0x6c,   0x5f,   0x32,   0x35,   0x2f,   0x54,   0x61,   0x6e,
  0x68,   0x00,   0x00,   0x00,   0x02,   0x00,   0x00,   0x00,   0x01,   0x00,   0x00,   0x00,
  0x20,   0x00,   0x00,   0x00,   0x62,   0x45,   0xff,   0xff,   0x00,   0x00,   0x00,   0x01,
  0x18,   0x00,   0x00,   0x00,   0x20,   0x00,   0x00,   0x00,   0x3c,   0x00,   0x00,   0x00,
  0x03,   0x01,   0x00,   0x00,   0x00,   0x00,   0x00,   0x09,   0x60,   0x00,   0x00,   0x00,
  0x02,   0x00,   0x00,   0x00,   0xff,   0xff,   0xff,   0xff,   0x20,   0x00,   0x00,   0x00,
  0xac,   0x34,   0xff,   0xff,   0x08,   0x00,   0x00,   0x00,   0x10,   0x00,   0x00,   0x00,
  0x01,   0x00,   0x00,   0x00,   0x80,   0xff,   0xff,   0xff,   0xff,   0xff,   0xff,   0xff,
  0x01,   0x00,   0x00,   0x00,   0x00,   0x00,   0x80,   0x3b,   0x2a,   0x00,   0x00,   0x00,
  0x73,   0x65,   0x71,   0x75,   0x65,   0x6e,   0x74,   0x69,   0x61,   0x6c,   0x5f,   0x31,
  0x2f,   0x6c,   0x73,   0x74,   0x6d,   0x5f,   0x31,   0x2f,   0x6c,   0x73,   0x74,   0x6d,
  0x5f,   0x63,   0x65,   0x6c,   0x6c,   0x5f,   0x32,   0x35,   0x2f,   0x53,   0x69,   0x67,
  0x6d,   0x6f,   0x69,   0x64,   0x5f,   0x32,   0x00,   0x00,   0x02,   0x00,   0x00,   0x00,
  0x01,   0x00,   0x00,   0x00,   0x20,   0x00,   0x00,   0x00,   0xea,   0x45,   0xff,   0xff,
  0x00,   0x00,   0x00,   0x01,   0x18,   0x00,   0x00,   0x00,   0x20,   0x00,   0x00,   0x00,
  0x40,   0x00,   0x00,   0x00,   0x02,   0x01,   0x00,   0x00,   0x00,   0x00,   0x00,   0x09,
  0x60,   0x00,   0x00,   0x00,   0x02,   0x00,   0x00,   0x00,   0xff,   0xff,   0xff,   0xff,
  0x20,   0x00,   0x00,   0x00,   0x34,   0x35,   0xff,   0xff,   0x08,   0x00,   0x00,   0x00,
  0x14,   0x00,   0x00,   0x00,   0x01,   0x00,   0x00,   0x00,   0x29,   0x00,   0x00,   0x00,
  0x00,   0x00,   0x00,   0x00,   0x00,   0x00,   0x00,   0x00,   0x01,   0x00,   0x00,   0x00,
  0x6e,   0x9c,   0xc3,   0x3c,   0x24,   0x00,   0x00,   0x00,   0x73,   0x65,   0x71,   0x75,
  0x65,   0x6e,   0x74,   0x69,   0x61,   0x6c,   0x5f,   0x31,   0x2f,   0x6c,   0x73,   0x74,
  0x6d,   0x5f,   0x31,   0x2f,   0x6c,   0x73,   0x74,   0x6d,   0x5f,   0x63,   0x65,   0x6c,
  0x6c,   0x5f,   0x32,   0x35,   0x2f,   0x6d,   0x75,   0x6c,   0x00,   0x00,   0x00,   0x00,
  0x02,   0x00,   0x00,   0x00,   0x01,   0x00,   0x00,   0x00,   0x20,   0x00,   0x00,   0x00,
  0x72,   0x46,   0xff,   0xff,   0x00,   0x00,   0x00,   0x01,   0x18,   0x00,   0x00,   0x00,
  0x20,   0x00,   0x00,   0x00,   0x3c,   0x00,   0x00,   0x00,   0x01,   0x01,   0x00,   0x00,
  0x00,   0x00,   0x00,   0x09,   0x60,   0x00,   0x00,   0x00,   0x02,   0x00,   0x00,   0x00,
  0xff,   0xff,   0xff,   0xff,   0x20,   0x00,   0x00,   0x00,   0xbc,   0x35,   0xff,   0xff,
  0x08,   0x00,   0x00,   0x00,   0x10,   0x00,   0x00,   0x00,   0x01,   0x00,   0x00,   0x00,
  0x80,   0xff,   0xff,   0xff,   0xff,   0xff,   0xff,   0xff,   0x01,   0x00,   0x00,   0x00,
  0x00,   0x00,   0x80,   0x3b,   0x2a,   0x00,   0x00,   0x00,   0x73,   0x65,   0x71,   0x75,
  0x65,   0x6e,   0x74,   0x69,   0x61,   0x6c,   0x5f,   0x31,   0x2f,   0x6c,   0x73,   0x74,
  0x6d,   0x5f,   0x31,   0x2f,   0x6c,   0x73,   0x74,   0x6d,   0x5f,   0x63,   0x65,   0x6c,
  0x6c,   0x5f,   0x32,   0x35,   0x2f,   0x53,   0x69,   0x67,   0x6d,   0x6f,   0x69,   0x64,
  0x5f,   0x31,   0x00,   0x00,   0x02,   0x00,   0x00,   0x00,   0x01,   0x00,   0x00,   0x00,
  0x20,   0x00,   0x00,   0x00,   0xfa,   0x46,   0xff,   0xff,   0x00,   0x00,   0x00,   0x01,
  0x18,   0x00,   0x00,   0x00,   0x20,   0x00,   0x00,   0x00,   0x3c,   0x00,   0x00,   0x00,
  0x00,   0x01,   0x00,   0x00,   0x00,   0x00,   0x00,   0x09,   0x60,   0x00,   0x00,   0x00,
  0x02,   0x00,   0x00,   0x00,   0xff,   0xff,   0xff,   0xff,   0x20,   0x00,   0x00,   0x00,
  0x44,   0x36,   0xff,   0xff,   0x08,   0x00,   0x00,   0x00,   0x10,   0x00,   0x00,   0x00,
  0x01,   0x00,   0x00,   0x00,   0x80,   0xff,   0xff,   0xff,   0xff,   0xff,   0xff,   0xff,
  0x01,   0x00,   0x00,   0x00,   0x00,   0x00,   0x80,   0x3b,   0x28,   0x00,   0x00,   0x00,
  0x73,   0x65,   0x71,   0x75,   0x65,   0x6e,   0x74,   0x69,   0x61,   0x6c,   0x5f,   0x31,
  0x2f,   0x6c,   0x73,   0x74,   0x6d,   0x5f,   0x31,   0x2f,   0x6c,   0x73,   0x74,   0x6d,
  0x5f,   0x63,   0x65,   0x6c,   0x6c,   0x5f,   0x32,   0x35,   0x2f,   0x53,   0x69,   0x67,
  0x6d,   0x6f,   0x69,   0x64,   0x00,   0x00,   0x00,   0x00,   0x02,   0x00,   0x00,   0x00,
  0x01,   0x00,   0x00,   0x00,   0x20,   0x00,   0x00,   0x00,   0x82,   0x47,   0xff,   0xff,
  0x00,   0x00,   0x00,   0x01,   0x18,   0x00,   0x00,   0x00,   0x20,   0x00,   0x00,   0x00,
  0x40,   0x00,   0x00,   0x00,   0xff,   0x00,   0x00,   0x00,   0x00,   0x00,   0x00,   0x09,
  0xd8,   0x00,   0x00,   0x00,   0x02,   0x00,   0x00,   0x00,   0xff,   0xff,   0xff,   0xff,
  0x20,   0x00,   0x00,   0x00,   0xcc,   0x36,   0xff,   0xff,   0x08,   0x00,   0x00,   0x00,
  0x14,   0x00,   0x00,   0x00,   0x01,   0x00,   0x00,   0x00,   0xde,   0xff,   0xff,   0xff,
  0xff,   0xff,   0xff,   0xff,   0x00,   0x00,   0x00,   0x00,   0x01,   0x00,   0x00,   0x00,
  0x49,   0x47,   0xdd,   0x3c,   0x9f,   0x00,   0x00,   0x00,   0x73,   0x65,   0x71,   0x75,
  0x65,   0x6e,   0x74,   0x69,   0x61,   0x6c,   0x5f,   0x31,   0x2f,   0x6c,   0x73,   0x74,
  0x6d,   0x5f,   0x31,   0x2f,   0x6c,   0x73,   0x74,   0x6d,   0x5f,   0x63,   0x65,   0x6c,
  0x6c,   0x5f,   0x32,   0x35,   0x2f,   0x73,   0x70,   0x6c,   0x69,   0x74,   0x3b,   0x73,
  0x65,   0x71,   0x75,   0x65,   0x6e,   0x74,   0x69,   0x61,   0x6c,   0x5f,   0x31,   0x2f,
  0x6c,   0x73,   0x74,   0x6d,   0x5f,   0x31,   0x2f,   0x6c,   0x73,   0x74,   0x6d,   0x5f,
  0x63,   0x65,   0x6c,   0x6c,   0x5f,   0x32,   0x35,   0x2f,   0x73,   0x70,   0x6c,   0x69,
  0x74,   0x31,   0x3b,   0x73,   0x65,   0x71,   0x75,   0x65,   0x6e,   0x74,   0x69,   0x61,
  0x6c,   0x5f,   0x31,   0x2f,   0x6c,   0x73,   0x74,   0x6d,   0x5f,   0x31,   0x2f,   0x6c,
  0x73,   0x74,   0x6d,   0x5f,   0x63,   0x65,   0x6c,   0x6c,   0x5f,   0x32,   0x35,   0x2f,
  0x73,   0x70,   0x6c,   0x69,   0x74,   0x32,   0x3b,   0x73,   0x65,   0x71,   0x75,   0x65,
  0x6e,   0x74,   0x69,   0x61,   0x6c,   0x5f,   0x31,   0x2f,   0x6c,   0x73,   0x74,   0x6d,
  0x5f,   0x31,   0x2f,   0x6c,   0x73,   0x74,   0x6d,   0x5f,   0x63,   0x65,   0x6c,   0x6c,
  0x5f,   0x32,   0x35,   0x2f,   0x73,   0x70,   0x6c,   0x69,   0x74,   0x33,   0x33,   0x00,
  0x02,   0x00,   0x00,   0x00,   0x01,   0x00,   0x00,   0x00,   0x20,   0x00,   0x00,   0x00,
  0x82,   0x48,   0xff,   0xff,   0x00,   0x00,   0x00,   0x01,   0x18,   0x00,   0x00,   0x00,
  0x20,   0x00,   0x00,   0x00,   0x40,   0x00,   0x00,   0x00,   0xfe,   0x00,   0x00,   0x00,
  0x00,   0x00,   0x00,   0x09,   0xd8,   0x00,   0x00,   0x00,   0x02,   0x00,   0x00,   0x00,
  0xff,   0xff,   0xff,   0xff,   0x20,   0x00,   0x00,   0x00,   0xcc,   0x37,   0xff,   0xff,
  0x08,   0x00,   0x00,   0x00,   0x14,   0x00,   0x00,   0x00,   0x01,   0x00,   0x00,   0x00,
  0xde,   0xff,   0xff,   0xff,   0xff,   0xff,   0xff,   0xff,   0x00,   0x00,   0x00,   0x00,
  0x01,   0x00,   0x00,   0x00,   0x49,   0x47,   0xdd,   0x3c,   0x9f,   0x00,   0x00,   0x00,
  0x73,   0x65,   0x71,   0x75,   0x65,   0x6e,   0x74,   0x69,   0x61,   0x6c,   0x5f,   0x31,
  0x2f,   0x6c,   0x73,   0x74,   0x6d,   0x5f,   0x31,   0x2f,   0x6c,   0x73,   0x74,   0x6d,
  0x5f,   0x63,   0x65,   0x6c,   0x6c,   0x5f,   0x32,   0x35,   0x2f,   0x73,   0x70,   0x6c,
  0x69,   0x74,   0x3b,   0x73,   0x65,   0x71,   0x75,   0x65,   0x6e,   0x74,   0x69,   0x61,
  0x6c,   0x5f,   0x31,   0x2f,   0x6c,   0x73,   0x74,   0x6d,   0x5f,   0x31,   0x2f,   0x6c,
  0x73,   0x74,   0x6d,   0x5f,   0x63,   0x65,   0x6c,   0x6c,   0x5f,   0x32,   0x35,   0x2f,
  0x73,   0x70,   0x6c,   0x69,   0x74,   0x31,   0x3b,   0x73,   0x65,   0x71,   0x75,   0x65,
  0x6e,   0x74,   0x69,   0x61,   0x6c,   0x5f,   0x31,   0x2f,   0x6c,   0x73,   0x74,   0x6d,
  0x5f,   0x31,   0x2f,   0x6c,   0x73,   0x74,   0x6d,   0x5f,   0x63,   0x65,   0x6c,   0x6c,
  0x5f,   0x32,   0x35,   0x2f,   0x73,   0x70,   0x6c,   0x69,   0x74,   0x32,   0x3b,   0x73,
  0x65,   0x71,   0x75,   0x65,   0x6e,   0x74,   0x69,   0x61,   0x6c,   0x5f,   0x31,   0x2f,
  0x6c,   0x73,   0x74,   0x6d,   0x5f,   0x31,   0x2f,   0x6c,   0x73,   0x74,   0x6d,   0x5f,
  0x63,   0x65,   0x6c,   0x6c,   0x5f,   0x32,   0x35,   0x2f,   0x73,   0x70,   0x6c,   0x69,
  0x74,   0x33,   0x32,   0x00,   0x02,   0x00,   0x00,   0x00,   0x01,   0x00,   0x00,   0x00,
  0x20,   0x00,   0x00,   0x00,   0x82,   0x49,   0xff,   0xff,   0x00,   0x00,   0x00,   0x01,
  0x18,   0x00,   0x00,   0x00,   0x20,   0x00,   0x00,   0x00,   0x40,   0x00,   0x00,   0x00,
  0xfd,   0x00,   0x00,   0x00,   0x00,   0x00,   0x00,   0x09,   0xd8,   0x00,   0x00,   0x00,
  0x02,   0x00,   0x00,   0x00,   0xff,   0xff,   0xff,   0xff,   0x20,   0x00,   0x00,   0x00,
  0xcc,   0x38,   0xff,   0xff,   0x08,   0x00,   0x00,   0x00,   0x14,   0x00,   0x00,   0x00,
  0x01,   0x00,   0x00,   0x00,   0xde,   0xff,   0xff,   0xff,   0xff,   0xff,   0xff,   0xff,
  0x00,   0x00,   0x00,   0x00,   0x01,   0x00,   0x00,   0x00,   0x49,   0x47,   0xdd,   0x3c,
  0x9f,   0x00,   0x00,   0x00,   0x73,   0x65,   0x71,   0x75,   0x65,   0x6e,   0x74,   0x69,
  0x61,   0x6c,   0x5f,   0x31,   0x2f,   0x6c,   0x73,   0x74,   0x6d,   0x5f,   0x31,   0x2f,
  0x6c,   0x73,   0x74,   0x6d,   0x5f,   0x63,   0x65,   0x6c,   0x6c,   0x5f,   0x32,   0x35,
  0x2f,   0x73,   0x70,   0x6c,   0x69,   0x74,   0x3b,   0x73,   0x65,   0x71,   0x75,   0x65,
  0x6e,   0x74,   0x69,   0x61,   0x6c,   0x5f,   0x31,   0x2f,   0x6c,   0x73,   0x74,   0x6d,
  0x5f,   0x31,   0x2f,   0x6c,   0x73,   0x74,   0x6d,   0x5f,   0x63,   0x65,   0x6c,   0x6c,
  0x5f,   0x32,   0x35,   0x2f,   0x73,   0x70,   0x6c,   0x69,   0x74,   0x31,   0x3b,   0x73,
  0x65,   0x71,   0x75,   0x65,   0x6e,   0x74,   0x69,   0x61,   0x6c,   0x5f,   0x31,   0x2f,
  0x6c,   0x73,   0x74,   0x6d,   0x5f,   0x31,   0x2f,   0x6c,   0x73,   0x74,   0x6d,   0x5f,
  0x63,   0x65,   0x6c,   0x6c,   0x5f,   0x32,   0x35,   0x2f,   0x73,   0x70,   0x6c,   0x69,
  0x74,   0x32,   0x3b,   0x73,   0x65,   0x71,   0x75,   0x65,   0x6e,   0x74,   0x69,   0x61,
  0x6c,   0x5f,   0x31,   0x2f,   0x6c,   0x73,   0x74,   0x6d,   0x5f,   0x31,   0x2f,   0x6c,
  0x73,   0x74,   0x6d,   0x5f,   0x63,   0x65,   0x6c,   0x6c,   0x5f,   0x32,   0x35,   0x2f,
  0x73,   0x70,   0x6c,   0x69,   0x74,   0x33,   0x31,   0x00,   0x02,   0x00,   0x00,   0x00,
  0x01,   0x00,   0x00,   0x00,   0x20,   0x00,   0x00,   0x00,   0x82,   0x4a,   0xff,   0xff,
  0x00,   0x00,   0x00,   0x01,   0x18,   0x00,   0x00,   0x00,   0x20,   0x00,   0x00,   0x00,
  0x40,   0x00,   0x00,   0x00,   0xfc,   0x00,   0x00,   0x00,   0x00,   0x00,   0x00,   0x09,
  0xd8,   0x00,   0x00,   0x00,   0x02,   0x00,   0x00,   0x00,   0xff,   0xff,   0xff,   0xff,
  0x20,   0x00,   0x00,   0x00,   0xcc,   0x39,   0xff,   0xff,   0x08,   0x00,   0x00,   0x00,
  0x14,   0x00,   0x00,   0x00,   0x01,   0x00,   0x00,   0x00,   0xde,   0xff,   0xff,   0xff,
  0xff,   0xff,   0xff,   0xff,   0x00,   0x00,   0x00,   0x00,   0x01,   0x00,   0x00,   0x00,
  0x49,   0x47,   0xdd,   0x3c,   0x9e,   0x00,   0x00,   0x00,   0x73,   0x65,   0x71,   0x75,
  0x65,   0x6e,   0x74,   0x69,   0x61,   0x6c,   0x5f,   0x31,   0x2f,   0x6c,   0x73,   0x74,
  0x6d,   0x5f,   0x31,   0x2f,   0x6c,   0x73,   0x74,   0x6d,   0x5f,   0x63,   0x65,   0x6c,
  0x6c,   0x5f,   0x32,   0x35,   0x2f,   0x73,   0x70,   0x6c,   0x69,   0x74,   0x3b,   0x73,
  0x65,   0x71,   0x75,   0x65,   0x6e,   0x74,   0x69,   0x61,   0x6c,   0x5f,   0x31,   0x2f,
  0x6c,   0x73,   0x74,   0x6d,   0x5f,   0x31,   0x2f,   0x6c,   0x73,   0x74,   0x6d,   0x5f,
  0x63,   0x65,   0x6c,   0x6c,   0x5f,   0x32,   0x35,   0x2f,   0x73,   0x70,   0x6c,   0x69,
  0x74,   0x31,   0x3b,   0x73,   0x65,   0x71,   0x75,   0x65,   0x6e,   0x74,   0x69,   0x61,
  0x6c,   0x5f,   0x31,   0x2f,   0x6c,   0x73,   0x74,   0x6d,   0x5f,   0x31,   0x2f,   0x6c,
  0x73,   0x74,   0x6d,   0x5f,   0x63,   0x65,   0x6c,   0x6c,   0x5f,   0x32,   0x35,   0x2f,
  0x73,   0x70,   0x6c,   0x69,   0x74,   0x32,   0x3b,   0x73,   0x65,   0x71,   0x75,   0x65,
  0x6e,   0x74,   0x69,   0x61,   0x6c,   0x5f,   0x31,   0x2f,   0x6c,   0x73,   0x74,   0x6d,
  0x5f,   0x31,   0x2f,   0x6c,   0x73,   0x74,   0x6d,   0x5f,   0x63,   0x65,   0x6c,   0x6c,
  0x5f,   0x32,   0x35,   0x2f,   0x73,   0x70,   0x6c,   0x69,   0x74,   0x33,   0x00,   0x00,
  0x02,   0x00,   0x00,   0x00,   0x01,   0x00,   0x00,   0x00,   0x20,   0x00,   0x00,   0x00,
  0x82,   0x4b,   0xff,   0xff,   0x00,   0x00,   0x00,   0x01,   0x18,   0x00,   0x00,   0x00,
  0x20,   0x00,   0x00,   0x00,   0x3c,   0x00,   0x00,   0x00,   0xfb,   0x00,   0x00,   0x00,
  0x00,   0x00,   0x00,   0x09,   0x60,   0x00,   0x00,   0x00,   0x02,   0x00,   0x00,   0x00,
  0xff,   0xff,   0xff,   0xff,   0x80,   0x00,   0x00,   0x00,   0xcc,   0x3a,   0xff,   0xff,
  0x08,   0x00,   0x00,   0x00,   0x10,   0x00,   0x00,   0x00,   0x01,   0x00,   0x00,   0x00,
  0xde,   0xff,   0xff,   0xff,   0xff,   0xff,   0xff,   0xff,   0x01,   0x00,   0x00,   0x00,
  0x49,   0x47,   0xdd,   0x3c,   0x28,   0x00,   0x00,   0x00,   0x73,   0x65,   0x71,   0x75,
  0x65,   0x6e,   0x74,   0x69,   0x61,   0x6c,   0x5f,   0x31,   0x2f,   0x6c,   0x73,   0x74,
  0x6d,   0x5f,   0x31,   0x2f,   0x6c,   0x73,   0x74,   0x6d,   0x5f,   0x63,   0x65,   0x6c,
  0x6c,   0x5f,   0x32,   0x35,   0x2f,   0x42,   0x69,   0x61,   0x73,   0x41,   0x64,   0x64,
  0x00,   0x00,   0x00,   0x00,   0x02,   0x00,   0x00,   0x00,   0x01,   0x00,   0x00,   0x00,
  0x80,   0x00,   0x00,   0x00,   0x0a,   0x4c,   0xff,   0xff,   0x00,   0x00,   0x00,   0x01,
  0x18,   0x00,   0x00,   0x00,   0x20,   0x00,   0x00,   0x00,   0x40,   0x00,   0x00,   0x00,
  0xfa,   0x00,   0x00,   0x00,   0x00,   0x00,   0x00,   0x09,   0x60,   0x00,   0x00,   0x00,
  0x02,   0x00,   0x00,   0x00,   0xff,   0xff,   0xff,   0xff,   0x80,   0x00,   0x00,   0x00,
  0x54,   0x3b,   0xff,   0xff,   0x08,   0x00,   0x00,   0x00,   0x14,   0x00,   0x00,   0x00,
  0x01,   0x00,   0x00,   0x00,   0xde,   0xff,   0xff,   0xff,   0xff,   0xff,   0xff,   0xff,
  0x00,   0x00,   0x00,   0x00,   0x01,   0x00,   0x00,   0x00,   0x49,   0x47,   0xdd,   0x3c,
  0x24,   0x00,   0x00,   0x00,   0x73,   0x65,   0x71,   0x75,   0x65,   0x6e,   0x74,   0x69,
  0x61,   0x6c,   0x5f,   0x31,   0x2f,   0x6c,   0x73,   0x74,   0x6d,   0x5f,   0x31,   0x2f,
  0x6c,   0x73,   0x74,   0x6d,   0x5f,   0x63,   0x65,   0x6c,   0x6c,   0x5f,   0x32,   0x35,
  0x2f,   0x41,   0x64,   0x64,   0x00,   0x00,   0x00,   0x00,   0x02,   0x00,   0x00,   0x00,
  0x01,   0x00,   0x00,   0x00,   0x80,   0x00,   0x00,   0x00,   0x92,   0x4c,   0xff,   0xff,
  0x00,   0x00,   0x00,   0x01,   0x18,   0x00,   0x00,   0x00,   0x20,   0x00,   0x00,   0x00,
  0x3c,   0x00,   0x00,   0x00,   0xf9,   0x00,   0x00,   0x00,   0x00,   0x00,   0x00,   0x09,
  0x60,   0x00,   0x00,   0x00,   0x02,   0x00,   0x00,   0x00,   0xff,   0xff,   0xff,   0xff,
  0x80,   0x00,   0x00,   0x00,   0xdc,   0x3b,   0xff,   0xff,   0x08,   0x00,   0x00,   0x00,
  0x10,   0x00,   0x00,   0x00,   0x01,   0x00,   0x00,   0x00,   0x04,   0x00,   0x00,   0x00,
  0x00,   0x00,   0x00,   0x00,   0x01,   0x00,   0x00,   0x00,   0x59,   0x3f,   0x72,   0x3c,
  0x29,   0x00,   0x00,   0x00,   0x73,   0x65,   0x71,   0x75,   0x65,   0x6e,   0x74,   0x69,
  0x61,   0x6c,   0x5f,   0x31,   0x2f,   0x6c,   0x73,   0x74,   0x6d,   0x5f,   0x31,   0x2f,
  0x6c,   0x73,   0x74,   0x6d,   0x5f,   0x63,   0x65,   0x6c,   0x6c,   0x5f,   0x32,   0x35,
  0x2f,   0x4d,   0x61,   0x74,   0x4d,   0x75,   0x6c,   0x5f,   0x31,   0x00,   0x00,   0x00,
  0x02,   0x00,   0x00,   0x00,   0x01,   0x00,   0x00,   0x00,   0x80,   0x00,   0x00,   0x00,
  0x1a,   0x4d,   0xff,   0xff,   0x00,   0x00,   0x00,   0x01,   0x18,   0x00,   0x00,   0x00,
  0x20,   0x00,   0x00,   0x00,   0x40,   0x00,   0x00,   0x00,   0xf8,   0x00,   0x00,   0x00,
  0x00,   0x00,   0x00,   0x09,   0x60,   0x00,   0x00,   0x00,   0x02,   0x00,   0x00,   0x00,
  0xff,   0xff,   0xff,   0xff,   0x20,   0x00,   0x00,   0x00,   0x64,   0x3c,   0xff,   0xff,
  0x08,   0x00,   0x00,   0x00,   0x14,   0x00,   0x00,   0x00,   0x01,   0x00,   0x00,   0x00,
  0x16,   0x00,   0x00,   0x00,   0x00,   0x00,   0x00,   0x00,   0x00,   0x00,   0x00,   0x00,
  0x01,   0x00,   0x00,   0x00,   0x23,   0x05,   0xcb,   0x3b,   0x26,   0x00,   0x00,   0x00,
  0x73,   0x65,   0x71,   0x75,   0x65,   0x6e,   0x74,   0x69,   0x61,   0x6c,   0x5f,   0x31,
  0x2f,   0x6c,   0x73,   0x74,   0x6d,   0x5f,   0x31,   0x2f,   0x6c,   0x73,   0x74,   0x6d,
  0x5f,   0x63,   0x65,   0x6c,   0x6c,   0x5f,   0x32,   0x33,   0x2f,   0x6d,   0x75,   0x6c,
  0x5f,   0x32,   0x00,   0x00,   0x02,   0x00,   0x00,   0x00,   0x01,   0x00,   0x00,   0x00,
  0x20,   0x00,   0x00,   0x00,   0xa2,   0x4d,   0xff,   0xff,   0x00,   0x00,   0x00,   0x01,
  0x18,   0x00,   0x00,   0x00,   0x20,   0x00,   0x00,   0x00,   0x40,   0x00,   0x00,   0x00,
  0xf7,   0x00,   0x00,   0x00,   0x00,   0x00,   0x00,   0x09,   0x60,   0x00,   0x00,   0x00,
  0x02,   0x00,   0x00,   0x00,   0xff,   0xff,   0xff,   0xff,   0x20,   0x00,   0x00,   0x00,
  0xec,   0x3c,   0xff,   0xff,   0x08,   0x00,   0x00,   0x00,   0x14,   0x00,   0x00,   0x00,
  0x01,   0x00,   0x00,   0x00,   0x00,   0x00,   0x00,   0x00,   0x00,   0x00,   0x00,   0x00,
  0x00,   0x00,   0x00,   0x00,   0x01,   0x00,   0x00,   0x00,   0x00,   0x00,   0x00,   0x3c,
  0x27,   0x00,   0x00,   0x00,   0x73,   0x65,   0x71,   0x75,   0x65,   0x6e,   0x74,   0x69,
  0x61,   0x6c,   0x5f,   0x31,   0x2f,   0x6c,   0x73,   0x74,   0x6d,   0x5f,   0x31,   0x2f,
  0x6c,   0x73,   0x74,   0x6d,   0x5f,   0x63,   0x65,   0x6c,   0x6c,   0x5f,   0x32,   0x33,
  0x2f,   0x54,   0x61,   0x6e,   0x68,   0x5f,   0x31,   0x00,   0x02,   0x00,   0x00,   0x00,
  0x01,   0x00,   0x00,   0x00,   0x20,   0x00,   0x00,   0x00,   0x2a,   0x4e,   0xff,   0xff,
  0x00,   0x00,   0x00,   0x01,   0x18,   0x00,   0x00,   0x00,   0x20,   0x00,   0x00,   0x00,
  0x40,   0x00,   0x00,   0x00,   0xf6,   0x00,   0x00,   0x00,   0x00,   0x00,   0x00,   0x09,
  0x60,   0x00,   0x00,   0x00,   0x02,   0x00,   0x00,   0x00,   0xff,   0xff,   0xff,   0xff,
  0x20,   0x00,   0x00,   0x00,   0x74,   0x3d,   0xff,   0xff,   0x08,   0x00,   0x00,   0x00,
  0x14,   0x00,   0x00,   0x00,   0x01,   0x00,   0x00,   0x00,   0x27,   0x00,   0x00,   0x00,
  0x00,   0x00,   0x00,   0x00,   0x00,   0x00,   0x00,   0x00,   0x01,   0x00,   0x00,   0x00,
  0x50,   0x75,   0xb8,   0x3c,   0x26,   0x00,   0x00,   0x00,   0x73,   0x65,   0x71,   0x75,
  0x65,   0x6e,   0x74,   0x69,   0x61,   0x6c,   0x5f,   0x31,   0x2f,   0x6c,   0x73,   0x74,
  0x6d,   0x5f,   0x31,   0x2f,   0x6c,   0x73,   0x74,   0x6d,   0x5f,   0x63,   0x65,   0x6c,
  0x6c,   0x5f,   0x32,   0x33,   0x2f,   0x61,   0x64,   0x64,   0x5f,   0x31,   0x00,   0x00,
  0x02,   0x00,   0x00,   0x00,   0x01,   0x00,   0x00,   0x00,   0x20,   0x00,   0x00,   0x00,
  0xb2,   0x4e,   0xff,   0xff,   0x00,   0x00,   0x00,   0x01,   0x18,   0x00,   0x00,   0x00,
  0x20,   0x00,   0x00,   0x00,   0x40,   0x00,   0x00,   0x00,   0xf5,   0x00,   0x00,   0x00,
  0x00,   0x00,   0x00,   0x09,   0x60,   0x00,   0x00,   0x00,   0x02,   0x00,   0x00,   0x00,
  0xff,   0xff,   0xff,   0xff,   0x20,   0x00,   0x00,   0x00,   0xfc,   0x3d,   0xff,   0xff,
  0x08,   0x00,   0x00,   0x00,   0x14,   0x00,   0x00,   0x00,   0x01,   0x00,   0x00,   0x00,
  0x09,   0x00,   0x00,   0x00,   0x00,   0x00,   0x00,   0x00,   0x00,   0x00,   0x00,   0x00,
  0x01,   0x00,   0x00,   0x00,   0x14,   0xb6,   0x57,   0x3b,   0x26,   0x00,   0x00,   0x00,
  0x73,   0x65,   0x71,   0x75,   0x65,   0x6e,   0x74,   0x69,   0x61,   0x6c,   0x5f,   0x31,
  0x2f,   0x6c,   0x73,   0x74,   0x6d,   0x5f,   0x31,   0x2f,   0x6c,   0x73,   0x74,   0x6d,
  0x5f,   0x63,   0x65,   0x6c,   0x6c,   0x5f,   0x32,   0x33,   0x2f,   0x6d,   0x75,   0x6c,
  0x5f,   0x31,   0x00,   0x00,   0x02,   0x00,   0x00,   0x00,   0x01,   0x00,   0x00,   0x00,
  0x20,   0x00,   0x00,   0x00,   0x3a,   0x4f,   0xff,   0xff,   0x00,   0x00,   0x00,   0x01,
  0x18,   0x00,   0x00,   0x00,   0x20,   0x00,   0x00,   0x00,   0x40,   0x00,   0x00,   0x00,
  0xf4,   0x00,   0x00,   0x00,   0x00,   0x00,   0x00,   0x09,   0x60,   0x00,   0x00,   0x00,
  0x02,   0x00,   0x00,   0x00,   0xff,   0xff,   0xff,   0xff,   0x20,   0x00,   0x00,   0x00,
  0x84,   0x3e,   0xff,   0xff,   0x08,   0x00,   0x00,   0x00,   0x14,   0x00,   0x00,   0x00,
  0x01,   0x00,   0x00,   0x00,   0x00,   0x00,   0x00,   0x00,   0x00,   0x00,   0x00,   0x00,
  0x00,   0x00,   0x00,   0x00,   0x01,   0x00,   0x00,   0x00,   0x00,   0x00,   0x00,   0x3c,
  0x25,   0x00,   0x00,   0x00,   0x73,   0x65,   0x71,   0x75,   0x65,   0x6e,   0x74,   0x69,
  0x61,   0x6c,   0x5f,   0x31,   0x2f,   0x6c,   0x73,   0x74,   0x6d,   0x5f,   0x31,   0x2f,
  0x6c,   0x73,   0x74,   0x6d,   0x5f,   0x63,   0x65,   0x6c,   0x6c,   0x5f,   0x32,   0x33,
  0x2f,   0x54,   0x61,   0x6e,   0x68,   0x00,   0x00,   0x00,   0x02,   0x00,   0x00,   0x00,
  0x01,   0x00,   0x00,   0x00,   0x20,   0x00,   0x00,   0x00,   0xc2,   0x4f,   0xff,   0xff,
  0x00,   0x00,   0x00,   0x01,   0x18,   0x00,   0x00,   0x00,   0x20,   0x00,   0x00,   0x00,
  0x3c,   0x00,   0x00,   0x00,   0xf3,   0x00,   0x00,   0x00,   0x00,   0x00,   0x00,   0x09,
  0x60,   0x00,   0x00,   0x00,   0x02,   0x00,   0x00,   0x00,   0xff,   0xff,   0xff,   0xff,
  0x20,   0x00,   0x00,   0x00,   0x0c,   0x3f,   0xff,   0xff,   0x08,   0x00,   0x00,   0x00,
  0x10,   0x00,   0x00,   0x00,   0x01,   0x00,   0x00,   0x00,   0x80,   0xff,   0xff,   0xff,
  0xff,   0xff,   0xff,   0xff,   0x01,   0x00,   0x00,   0x00,   0x00,   0x00,   0x80,   0x3b,
  0x2a,   0x00,   0x00,   0x00,   0x73,   0x65,   0x71,   0x75,   0x65,   0x6e,   0x74,   0x69,
  0x61,   0x6c,   0x5f,   0x31,   0x2f,   0x6c,   0x73,   0x74,   0x6d,   0x5f,   0x31,   0x2f,
  0x6c,   0x73,   0x74,   0x6d,   0x5f,   0x63,   0x65,   0x6c,   0x6c,   0x5f,   0x32,   0x33,
  0x2f,   0x53,   0x69,   0x67,   0x6d,   0x6f,   0x69,   0x64,   0x5f,   0x32,   0x00,   0x00,
  0x02,   0x00,   0x00,   0x00,   0x01,   0x00,   0x00,   0x00,   0x20,   0x00,   0x00,   0x00,
  0x4a,   0x50,   0xff,   0xff,   0x00,   0x00,   0x00,   0x01,   0x18,   0x00,   0x00,   0x00,
  0x20,   0x00,   0x00,   0x00,   0x40,   0x00,   0x00,   0x00,   0xf2,   0x00,   0x00,   0x00,
  0x00,   0x00,   0x00,   0x09,   0x60,   0x00,   0x00,   0x00,   0x02,   0x00,   0x00,   0x00,
  0xff,   0xff,   0xff,   0xff,   0x20,   0x00,   0x00,   0x00,   0x94,   0x3f,   0xff,   0xff,
  0x08,   0x00,   0x00,   0x00,   0x14,   0x00,   0x00,   0x00,   0x01,   0x00,   0x00,   0x00,
  0x27,   0x00,   0x00,   0x00,   0x00,   0x00,   0x00,   0x00,   0x00,   0x00,   0x00,   0x00,
  0x01,   0x00,   0x00,   0x00,   0x50,   0x75,   0xb8,   0x3c,   0x24,   0x00,   0x00,   0x00,
  0x73,   0x65,   0x71,   0x75,   0x65,   0x6e,   0x74,   0x69,   0x61,   0x6c,   0x5f,   0x31,
  0x2f,   0x6c,   0x73,   0x74,   0x6d,   0x5f,   0x31,   0x2f,   0x6c,   0x73,   0x74,   0x6d,
  0x5f,   0x63,   0x65,   0x6c,   0x6c,   0x5f,   0x32,   0x33,   0x2f,   0x6d,   0x75,   0x6c,
  0x00,   0x00,   0x00,   0x00,   0x02,   0x00,   0x00,   0x00,   0x01,   0x00,   0x00,   0x00,
  0x20,   0x00,   0x00,   0x00,   0xd2,   0x50,   0xff,   0xff,   0x00,   0x00,   0x00,   0x01,
  0x18,   0x00,   0x00,   0x00,   0x20,   0x00,   0x00,   0x00,   0x3c,   0x00,   0x00,   0x00,
  0xf1,   0x00,   0x00,   0x00,   0x00,   0x00,   0x00,   0x09,   0x60,   0x00,   0x00,   0x00,
  0x02,   0x00,   0x00,   0x00,   0xff,   0xff,   0xff,   0xff,   0x20,   0x00,   0x00,   0x00,
  0x1c,   0x40,   0xff,   0xff,   0x08,   0x00,   0x00,   0x00,   0x10,   0x00,   0x00,   0x00,
  0x01,   0x00,   0x00,   0x00,   0x80,   0xff,   0xff,   0xff,   0xff,   0xff,   0xff,   0xff,
  0x01,   0x00,   0x00,   0x00,   0x00,   0x00,   0x80,   0x3b,   0x2a,   0x00,   0x00,   0x00,
  0x73,   0x65,   0x71,   0x75,   0x65,   0x6e,   0x74,   0x69,   0x61,   0x6c,   0x5f,   0x31,
  0x2f,   0x6c,   0x73,   0x74,   0x6d,   0x5f,   0x31,   0x2f,   0x6c,   0x73,   0x74,   0x6d,
  0x5f,   0x63,   0x65,   0x6c,   0x6c,   0x5f,   0x32,   0x33,   0x2f,   0x53,   0x69,   0x67,
  0x6d,   0x6f,   0x69,   0x64,   0x5f,   0x31,   0x00,   0x00,   0x02,   0x00,   0x00,   0x00,
  0x01,   0x00,   0x00,   0x00,   0x20,   0x00,   0x00,   0x00,   0x5a,   0x51,   0xff,   0xff,
  0x00,   0x00,   0x00,   0x01,   0x18,   0x00,   0x00,   0x00,   0x20,   0x00,   0x00,   0x00,
  0x3c,   0x00,   0x00,   0x00,   0xf0,   0x00,   0x00,   0x00,   0x00,   0x00,   0x00,   0x09,
  0x60,   0x00,   0x00,   0x00,   0x02,   0x00,   0x00,   0x00,   0xff,   0xff,   0xff,   0xff,
  0x20,   0x00,   0x00,   0x00,   0xa4,   0x40,   0xff,   0xff,   0x08,   0x00,   0x00,   0x00,
  0x10,   0x00,   0x00,   0x00,   0x01,   0x00,   0x00,   0x00,   0x80,   0xff,   0xff,   0xff,
  0xff,   0xff,   0xff,   0xff,   0x01,   0x00,   0x00,   0x00,   0x00,   0x00,   0x80,   0x3b,
  0x28,   0x00,   0x00,   0x00,   0x73,   0x65,   0x71,   0x75,   0x65,   0x6e,   0x74,   0x69,
  0x61,   0x6c,   0x5f,   0x31,   0x2f,   0x6c,   0x73,   0x74,   0x6d,   0x5f,   0x31,   0x2f,
  0x6c,   0x73,   0x74,   0x6d,   0x5f,   0x63,   0x65,   0x6c,   0x6c,   0x5f,   0x32,   0x33,
  0x2f,   0x53,   0x69,   0x67,   0x6d,   0x6f,   0x69,   0x64,   0x00,   0x00,   0x00,   0x00,
  0x02,   0x00,   0x00,   0x00,   0x01,   0x00,   0x00,   0x00,   0x20,   0x00,   0x00,   0x00,
  0xe2,   0x51,   0xff,   0xff,   0x00,   0x00,   0x00,   0x01,   0x18,   0x00,   0x00,   0x00,
  0x20,   0x00,   0x00,   0x00,   0x40,   0x00,   0x00,   0x00,   0xef,   0x00,   0x00,   0x00,
  0x00,   0x00,   0x00,   0x09,   0xd8,   0x00,   0x00,   0x00,   0x02,   0x00,   0x00,   0x00,
  0xff,   0xff,   0xff,   0xff,   0x20,   0x00,   0x00,   0x00,   0x2c,   0x41,   0xff,   0xff,
  0x08,   0x00,   0x00,   0x00,   0x14,   0x00,   0x00,   0x00,   0x01,   0x00,   0x00,   0x00,
  0xde,   0xff,   0xff,   0xff,   0xff,   0xff,   0xff,   0xff,   0x00,   0x00,   0x00,   0x00,
  0x01,   0x00,   0x00,   0x00,   0x1f,   0x8f,   0xdb,   0x3c,   0x9f,   0x00,   0x00,   0x00,
  0x73,   0x65,   0x71,   0x75,   0x65,   0x6e,   0x74,   0x69,   0x61,   0x6c,   0x5f,   0x31,
  0x2f,   0x6c,   0x73,   0x74,   0x6d,   0x5f,   0x31,   0x2f,   0x6c,   0x73,   0x74,   0x6d,
  0x5f,   0x63,   0x65,   0x6c,   0x6c,   0x5f,   0x32,   0x33,   0x2f,   0x73,   0x70,   0x6c,
  0x69,   0x74,   0x3b,   0x73,   0x65,   0x71,   0x75,   0x65,   0x6e,   0x74,   0x69,   0x61,
  0x6c,   0x5f,   0x31,   0x2f,   0x6c,   0x73,   0x74,   0x6d,   0x5f,   0x31,   0x2f,   0x6c,
  0x73,   0x74,   0x6d,   0x5f,   0x63,   0x65,   0x6c,   0x6c,   0x5f,   0x32,   0x33,   0x2f,
  0x73,   0x70,   0x6c,   0x69,   0x74,   0x31,   0x3b,   0x73,   0x65,   0x71,   0x75,   0x65,
  0x6e,   0x74,   0x69,   0x61,   0x6c,   0x5f,   0x31,   0x2f,   0x6c,   0x73,   0x74,   0x6d,
  0x5f,   0x31,   0x2f,   0x6c,   0x73,   0x74,   0x6d,   0x5f,   0x63,   0x65,   0x6c,   0x6c,
  0x5f,   0x32,   0x33,   0x2f,   0x73,   0x70,   0x6c,   0x69,   0x74,   0x32,   0x3b,   0x73,
  0x65,   0x71,   0x75,   0x65,   0x6e,   0x74,   0x69,   0x61,   0x6c,   0x5f,   0x31,   0x2f,
  0x6c,   0x73,   0x74,   0x6d,   0x5f,   0x31,   0x2f,   0x6c,   0x73,   0x74,   0x6d,   0x5f,
  0x63,   0x65,   0x6c,   0x6c,   0x5f,   0x32,   0x33,   0x2f,   0x73,   0x70,   0x6c,   0x69,
  0x74,   0x33,   0x33,   0x00,   0x02,   0x00,   0x00,   0x00,   0x01,   0x00,   0x00,   0x00,
  0x20,   0x00,   0x00,   0x00,   0xe2,   0x52,   0xff,   0xff,   0x00,   0x00,   0x00,   0x01,
  0x18,   0x00,   0x00,   0x00,   0x20,   0x00,   0x00,   0x00,   0x40,   0x00,   0x00,   0x00,
  0xee,   0x00,   0x00,   0x00,   0x00,   0x00,   0x00,   0x09,   0xd8,   0x00,   0x00,   0x00,
  0x02,   0x00,   0x00,   0x00,   0xff,   0xff,   0xff,   0xff,   0x20,   0x00,   0x00,   0x00,
  0x2c,   0x42,   0xff,   0xff,   0x08,   0x00,   0x00,   0x00,   0x14,   0x00,   0x00,   0x00,
  0x01,   0x00,   0x00,   0x00,   0xde,   0xff,   0xff,   0xff,   0xff,   0xff,   0xff,   0xff,
  0x00,   0x00,   0x00,   0x00,   0x01,   0x00,   0x00,   0x00,   0x1f,   0x8f,   0xdb,   0x3c,
  0x9f,   0x00,   0x00,   0x00,   0x73,   0x65,   0x71,   0x75,   0x65,   0x6e,   0x74,   0x69,
  0x61,   0x6c,   0x5f,   0x31,   0x2f,   0x6c,   0x73,   0x74,   0x6d,   0x5f,   0x31,   0x2f,
  0x6c,   0x73,   0x74,   0x6d,   0x5f,   0x63,   0x65,   0x6c,   0x6c,   0x5f,   0x32,   0x33,
  0x2f,   0x73,   0x70,   0x6c,   0x69,   0x74,   0x3b,   0x73,   0x65,   0x71,   0x75,   0x65,
  0x6e,   0x74,   0x69,   0x61,   0x6c,   0x5f,   0x31,   0x2f,   0x6c,   0x73,   0x74,   0x6d,
  0x5f,   0x31,   0x2f,   0x6c,   0x73,   0x74,   0x6d,   0x5f,   0x63,   0x65,   0x6c,   0x6c,
  0x5f,   0x32,   0x33,   0x2f,   0x73,   0x70,   0x6c,   0x69,   0x74,   0x31,   0x3b,   0x73,
  0x65,   0x71,   0x75,   0x65,   0x6e,   0x74,   0x69,   0x61,   0x6c,   0x5f,   0x31,   0x2f,
  0x6c,   0x73,   0x74,   0x6d,   0x5f,   0x31,   0x2f,   0x6c,   0x73,   0x74,   0x6d,   0x5f,
  0x63,   0x65,   0x6c,   0x6c,   0x5f,   0x32,   0x33,   0x2f,   0x73,   0x70,   0x6c,   0x69,
  0x74,   0x32,   0x3b,   0x73,   0x65,   0x71,   0x75,   0x65,   0x6e,   0x74,   0x69,   0x61,
  0x6c,   0x5f,   0x31,   0x2f,   0x6c,   0x73,   0x74,   0x6d,   0x5f,   0x31,   0x2f,   0x6c,
  0x73,   0x74,   0x6d,   0x5f,   0x63,   0x65,   0x6c,   0x6c,   0x5f,   0x32,   0x33,   0x2f,
  0x73,   0x70,   0x6c,   0x69,   0x74,   0x33,   0x32,   0x00,   0x02,   0x00,   0x00,   0x00,
  0x01,   0x00,   0x00,   0x00,   0x20,   0x00,   0x00,   0x00,   0xe2,   0x53,   0xff,   0xff,
  0x00,   0x00,   0x00,   0x01,   0x18,   0x00,   0x00,   0x00,   0x20,   0x00,   0x00,   0x00,
  0x40,   0x00,   0x00,   0x00,   0xed,   0x00,   0x00,   0x00,   0x00,   0x00,   0x00,   0x09,
  0xd8,   0x00,   0x00,   0x00,   0x02,   0x00,   0x00,   0x00,   0xff,   0xff,   0xff,   0xff,
  0x20,   0x00,   0x00,   0x00,   0x2c,   0x43,   0xff,   0xff,   0x08,   0x00,   0x00,   0x00,
  0x14,   0x00,   0x00,   0x00,   0x01,   0x00,   0x00,   0x00,   0xde,   0xff,   0xff,   0xff,
  0xff,   0xff,   0xff,   0xff,   0x00,   0x00,   0x00,   0x00,   0x01,   0x00,   0x00,   0x00,
  0x1f,   0x8f,   0xdb,   0x3c,   0x9f,   0x00,   0x00,   0x00,   0x73,   0x65,   0x71,   0x75,
  0x65,   0x6e,   0x74,   0x69,   0x61,   0x6c,   0x5f,   0x31,   0x2f,   0x6c,   0x73,   0x74,
  0x6d,   0x5f,   0x31,   0x2f,   0x6c,   0x73,   0x74,   0x6d,   0x5f,   0x63,   0x65,   0x6c,
  0x6c,   0x5f,   0x32,   0x33,   0x2f,   0x73,   0x70,   0x6c,   0x69,   0x74,   0x3b,   0x73,
  0x65,   0x71,   0x75,   0x65,   0x6e,   0x74,   0x69,   0x61,   0x6c,   0x5f,   0x31,   0x2f,
  0x6c,   0x73,   0x74,   0x6d,   0x5f,   0x31,   0x2f,   0x6c,   0x73,   0x74,   0x6d,   0x5f,
  0x63,   0x65,   0x6c,   0x6c,   0x5f,   0x32,   0x33,   0x2f,   0x73,   0x70,   0x6c,   0x69,
  0x74,   0x31,   0x3b,   0x73,   0x65,   0x71,   0x75,   0x65,   0x6e,   0x74,   0x69,   0x61,
  0x6c,   0x5f,   0x31,   0x2f,   0x6c,   0x73,   0x74,   0x6d,   0x5f,   0x31,   0x2f,   0x6c,
  0x73,   0x74,   0x6d,   0x5f,   0x63,   0x65,   0x6c,   0x6c,   0x5f,   0x32,   0x33,   0x2f,
  0x73,   0x70,   0x6c,   0x69,   0x74,   0x32,   0x3b,   0x73,   0x65,   0x71,   0x75,   0x65,
  0x6e,   0x74,   0x69,   0x61,   0x6c,   0x5f,   0x31,   0x2f,   0x6c,   0x73,   0x74,   0x6d,
  0x5f,   0x31,   0x2f,   0x6c,   0x73,   0x74,   0x6d,   0x5f,   0x63,   0x65,   0x6c,   0x6c,
  0x5f,   0x32,   0x33,   0x2f,   0x73,   0x70,   0x6c,   0x69,   0x74,   0x33,   0x31,   0x00,
  0x02,   0x00,   0x00,   0x00,   0x01,   0x00,   0x00,   0x00,   0x20,   0x00,   0x00,   0x00,
  0xe2,   0x54,   0xff,   0xff,   0x00,   0x00,   0x00,   0x01,   0x18,   0x00,   0x00,   0x00,
  0x20,   0x00,   0x00,   0x00,   0x40,   0x00,   0x00,   0x00,   0xec,   0x00,   0x00,   0x00,
  0x00,   0x00,   0x00,   0x09,   0xd8,   0x00,   0x00,   0x00,   0x02,   0x00,   0x00,   0x00,
  0xff,   0xff,   0xff,   0xff,   0x20,   0x00,   0x00,   0x00,   0x2c,   0x44,   0xff,   0xff,
  0x08,   0x00,   0x00,   0x00,   0x14,   0x00,   0x00,   0x00,   0x01,   0x00,   0x00,   0x00,
  0xde,   0xff,   0xff,   0xff,   0xff,   0xff,   0xff,   0xff,   0x00,   0x00,   0x00,   0x00,
  0x01,   0x00,   0x00,   0x00,   0x1f,   0x8f,   0xdb,   0x3c,   0x9e,   0x00,   0x00,   0x00,
  0x73,   0x65,   0x71,   0x75,   0x65,   0x6e,   0x74,   0x69,   0x61,   0x6c,   0x5f,   0x31,
  0x2f,   0x6c,   0x73,   0x74,   0x6d,   0x5f,   0x31,   0x2f,   0x6c,   0x73,   0x74,   0x6d,
  0x5f,   0x63,   0x65,   0x6c,   0x6c,   0x5f,   0x32,   0x33,   0x2f,   0x73,   0x70,   0x6c,
  0x69,   0x74,   0x3b,   0x73,   0x65,   0x71,   0x75,   0x65,   0x6e,   0x74,   0x69,   0x61,
  0x6c,   0x5f,   0x31,   0x2f,   0x6c,   0x73,   0x74,   0x6d,   0x5f,   0x31,   0x2f,   0x6c,
  0x73,   0x74,   0x6d,   0x5f,   0x63,   0x65,   0x6c,   0x6c,   0x5f,   0x32,   0x33,   0x2f,
  0x73,   0x70,   0x6c,   0x69,   0x74,   0x31,   0x3b,   0x73,   0x65,   0x71,   0x75,   0x65,
  0x6e,   0x74,   0x69,   0x61,   0x6c,   0x5f,   0x31,   0x2f,   0x6c,   0x73,   0x74,   0x6d,
  0x5f,   0x31,   0x2f,   0x6c,   0x73,   0x74,   0x6d,   0x5f,   0x63,   0x65,   0x6c,   0x6c,
  0x5f,   0x32,   0x33,   0x2f,   0x73,   0x70,   0x6c,   0x69,   0x74,   0x32,   0x3b,   0x73,
  0x65,   0x71,   0x75,   0x65,   0x6e,   0x74,   0x69,   0x61,   0x6c,   0x5f,   0x31,   0x2f,
  0x6c,   0x73,   0x74,   0x6d,   0x5f,   0x31,   0x2f,   0x6c,   0x73,   0x74,   0x6d,   0x5f,
  0x63,   0x65,   0x6c,   0x6c,   0x5f,   0x32,   0x33,   0x2f,   0x73,   0x70,   0x6c,   0x69,
  0x74,   0x33,   0x00,   0x00,   0x02,   0x00,   0x00,   0x00,   0x01,   0x00,   0x00,   0x00,
  0x20,   0x00,   0x00,   0x00,   0xe2,   0x55,   0xff,   0xff,   0x00,   0x00,   0x00,   0x01,
  0x18,   0x00,   0x00,   0x00,   0x20,   0x00,   0x00,   0x00,   0x3c,   0x00,   0x00,   0x00,
  0xeb,   0x00,   0x00,   0x00,   0x00,   0x00,   0x00,   0x09,   0x60,   0x00,   0x00,   0x00,
  0x02,   0x00,   0x00,   0x00,   0xff,   0xff,   0xff,   0xff,   0x80,   0x00,   0x00,   0x00,
  0x2c,   0x45,   0xff,   0xff,   0x08,   0x00,   0x00,   0x00,   0x10,   0x00,   0x00,   0x00,
  0x01,   0x00,   0x00,   0x00,   0xde,   0xff,   0xff,   0xff,   0xff,   0xff,   0xff,   0xff,
  0x01,   0x00,   0x00,   0x00,   0x1f,   0x8f,   0xdb,   0x3c,   0x28,   0x00,   0x00,   0x00,
  0x73,   0x65,   0x71,   0x75,   0x65,   0x6e,   0x74,   0x69,   0x61,   0x6c,   0x5f,   0x31,
  0x2f,   0x6c,   0x73,   0x74,   0x6d,   0x5f,   0x31,   0x2f,   0x6c,   0x73,   0x74,   0x6d,
  0x5f,   0x63,   0x65,   0x6c,   0x6c,   0x5f,   0x32,   0x33,   0x2f,   0x42,   0x69,   0x61,
  0x73,   0x41,   0x64,   0x64,   0x00,   0x00,   0x00,   0x00,   0x02,   0x00,   0x00,   0x00,
  0x01,   0x00,   0x00,   0x00,   0x80,   0x00,   0x00,   0x00,   0x6a,   0x56,   0xff,   0xff,
  0x00,   0x00,   0x00,   0x01,   0x18,   0x00,   0x00,   0x00,   0x20,   0x00,   0x00,   0x00,
  0x40,   0x00,   0x00,   0x00,   0xea,   0x00,   0x00,   0x00,   0x00,   0x00,   0x00,   0x09,
  0x60,   0x00,   0x00,   0x00,   0x02,   0x00,   0x00,   0x00,   0xff,   0xff,   0xff,   0xff,
  0x80,   0x00,   0x00,   0x00,   0xb4,   0x45,   0xff,   0xff,   0x08,   0x00,   0x00,   0x00,
  0x14,   0x00,   0x00,   0x00,   0x01,   0x00,   0x00,   0x00,   0xde,   0xff,   0xff,   0xff,
  0xff,   0xff,   0xff,   0xff,   0x00,   0x00,   0x00,   0x00,   0x01,   0x00,   0x00,   0x00,
  0x1f,   0x8f,   0xdb,   0x3c,   0x24,   0x00,   0x00,   0x00,   0x73,   0x65,   0x71,   0x75,
  0x65,   0x6e,   0x74,   0x69,   0x61,   0x6c,   0x5f,   0x31,   0x2f,   0x6c,   0x73,   0x74,
  0x6d,   0x5f,   0x31,   0x2f,   0x6c,   0x73,   0x74,   0x6d,   0x5f,   0x63,   0x65,   0x6c,
  0x6c,   0x5f,   0x32,   0x33,   0x2f,   0x41,   0x64,   0x64,   0x00,   0x00,   0x00,   0x00,
  0x02,   0x00,   0x00,   0x00,   0x01,   0x00,   0x00,   0x00,   0x80,   0x00,   0x00,   0x00,
  0xf2,   0x56,   0xff,   0xff,   0x00,   0x00,   0x00,   0x01,   0x18,   0x00,   0x00,   0x00,
  0x20,   0x00,   0x00,   0x00,   0x3c,   0x00,   0x00,   0x00,   0xe9,   0x00,   0x00,   0x00,
  0x00,   0x00,   0x00,   0x09,   0x60,   0x00,   0x00,   0x00,   0x02,   0x00,   0x00,   0x00,
  0xff,   0xff,   0xff,   0xff,   0x80,   0x00,   0x00,   0x00,   0x3c,   0x46,   0xff,   0xff,
  0x08,   0x00,   0x00,   0x00,   0x10,   0x00,   0x00,   0x00,   0x01,   0x00,   0x00,   0x00,
  0x04,   0x00,   0x00,   0x00,   0x00,   0x00,   0x00,   0x00,   0x01,   0x00,   0x00,   0x00,
  0x91,   0x24,   0x6f,   0x3c,   0x29,   0x00,   0x00,   0x00,   0x73,   0x65,   0x71,   0x75,
  0x65,   0x6e,   0x74,   0x69,   0x61,   0x6c,   0x5f,   0x31,   0x2f,   0x6c,   0x73,   0x74,
  0x6d,   0x5f,   0x31,   0x2f,   0x6c,   0x73,   0x74,   0x6d,   0x5f,   0x63,   0x65,   0x6c,
  0x6c,   0x5f,   0x32,   0x33,   0x2f,   0x4d,   0x61,   0x74,   0x4d,   0x75,   0x6c,   0x5f,
  0x31,   0x00,   0x00,   0x00,   0x02,   0x00,   0x00,   0x00,   0x01,   0x00,   0x00,   0x00,
  0x80,   0x00,   0x00,   0x00,   0x7a,   0x57,   0xff,   0xff,   0x00,   0x00,   0x00,   0x01,
  0x18,   0x00,   0x00,   0x00,   0x20,   0x00,   0x00,   0x00,   0x40,   0x00,   0x00,   0x00,
  0xe8,   0x00,   0x00,   0x00,   0x00,   0x00,   0x00,   0x09,   0x60,   0x00,   0x00,   0x00,
  0x02,   0x00,   0x00,   0x00,   0xff,   0xff,   0xff,   0xff,   0x20,   0x00,   0x00,   0x00,
  0xc4,   0x46,   0xff,   0xff,   0x08,   0x00,   0x00,   0x00,   0x14,   0x00,   0x00,   0x00,
  0x01,   0x00,   0x00,   0x00,   0x17,   0x00,   0x00,   0x00,   0x00,   0x00,   0x00,   0x00,
  0x00,   0x00,   0x00,   0x00,   0x01,   0x00,   0x00,   0x00,   0xdb,   0xf4,   0xc8,   0x3b,
  0x26,   0x00,   0x00,   0x00,   0x73,   0x65,   0x71,   0x75,   0x65,   0x6e,   0x74,   0x69,
  0x61,   0x6c,   0x5f,   0x31,   0x2f,   0x6c,   0x73,   0x74,   0x6d,   0x5f,   0x31,   0x2f,
  0x6c,   0x73,   0x74,   0x6d,   0x5f,   0x63,   0x65,   0x6c,   0x6c,   0x5f,   0x32,   0x31,
  0x2f,   0x6d,   0x75,   0x6c,   0x5f,   0x32,   0x00,   0x00,   0x02,   0x00,   0x00,   0x00,
  0x01,   0x00,   0x00,   0x00,   0x20,   0x00,   0x00,   0x00,   0x02,   0x58,   0xff,   0xff,
  0x00,   0x00,   0x00,   0x01,   0x18,   0x00,   0x00,   0x00,   0x20,   0x00,   0x00,   0x00,
  0x40,   0x00,   0x00,   0x00,   0xe7,   0x00,   0x00,   0x00,   0x00,   0x00,   0x00,   0x09,
  0x60,   0x00,   0x00,   0x00,   0x02,   0x00,   0x00,   0x00,   0xff,   0xff,   0xff,   0xff,
  0x20,   0x00,   0x00,   0x00,   0x4c,   0x47,   0xff,   0xff,   0x08,   0x00,   0x00,   0x00,
  0x14,   0x00,   0x00,   0x00,   0x01,   0x00,   0x00,   0x00,   0x00,   0x00,   0x00,   0x00,
  0x00,   0x00,   0x00,   0x00,   0x00,   0x00,   0x00,   0x00,   0x01,   0x00,   0x00,   0x00,
  0x00,   0x00,   0x00,   0x3c,   0x27,   0x00,   0x00,   0x00,   0x73,   0x65,   0x71,   0x75,
  0x65,   0x6e,   0x74,   0x69,   0x61,   0x6c,   0x5f,   0x31,   0x2f,   0x6c,   0x73,   0x74,
  0x6d,   0x5f,   0x31,   0x2f,   0x6c,   0x73,   0x74,   0x6d,   0x5f,   0x63,   0x65,   0x6c,
  0x6c,   0x5f,   0x32,   0x31,   0x2f,   0x54,   0x61,   0x6e,   0x68,   0x5f,   0x31,   0x00,
  0x02,   0x00,   0x00,   0x00,   0x01,   0x00,   0x00,   0x00,   0x20,   0x00,   0x00,   0x00,
  0x8a,   0x58,   0xff,   0xff,   0x00,   0x00,   0x00,   0x01,   0x18,   0x00,   0x00,   0x00,
  0x20,   0x00,   0x00,   0x00,   0x40,   0x00,   0x00,   0x00,   0xe6,   0x00,   0x00,   0x00,
  0x00,   0x00,   0x00,   0x09,   0x60,   0x00,   0x00,   0x00,   0x02,   0x00,   0x00,   0x00,
  0xff,   0xff,   0xff,   0xff,   0x20,   0x00,   0x00,   0x00,   0xd4,   0x47,   0xff,   0xff,
  0x08,   0x00,   0x00,   0x00,   0x14,   0x00,   0x00,   0x00,   0x01,   0x00,   0x00,   0x00,
  0x25,   0x00,   0x00,   0x00,   0x00,   0x00,   0x00,   0x00,   0x00,   0x00,   0x00,   0x00,
  0x01,   0x00,   0x00,   0x00,   0xea,   0x83,   0xac,   0x3c,   0x26,   0x00,   0x00,   0x00,
  0x73,   0x65,   0x71,   0x75,   0x65,   0x6e,   0x74,   0x69,   0x61,   0x6c,   0x5f,   0x31,
  0x2f,   0x6c,   0x73,   0x74,   0x6d,   0x5f,   0x31,   0x2f,   0x6c,   0x73,   0x74,   0x6d,
  0x5f,   0x63,   0x65,   0x6c,   0x6c,   0x5f,   0x32,   0x31,   0x2f,   0x61,   0x64,   0x64,
  0x5f,   0x31,   0x00,   0x00,   0x02,   0x00,   0x00,   0x00,   0x01,   0x00,   0x00,   0x00,
  0x20,   0x00,   0x00,   0x00,   0x12,   0x59,   0xff,   0xff,   0x00,   0x00,   0x00,   0x01,
  0x18,   0x00,   0x00,   0x00,   0x20,   0x00,   0x00,   0x00,   0x40,   0x00,   0x00,   0x00,
  0xe5,   0x00,   0x00,   0x00,   0x00,   0x00,   0x00,   0x09,   0x60,   0x00,   0x00,   0x00,
  0x02,   0x00,   0x00,   0x00,   0xff,   0xff,   0xff,   0xff,   0x20,   0x00,   0x00,   0x00,
  0x5c,   0x48,   0xff,   0xff,   0x08,   0x00,   0x00,   0x00,   0x14,   0x00,   0x00,   0x00,
  0x01,   0x00,   0x00,   0x00,   0x07,   0x00,   0x00,   0x00,   0x00,   0x00,   0x00,   0x00,
  0x00,   0x00,   0x00,   0x00,   0x01,   0x00,   0x00,   0x00,   0x05,   0xb9,   0x59,   0x3b,
  0x26,   0x00,   0x00,   0x00,   0x73,   0x65,   0x71,   0x75,   0x65,   0x6e,   0x74,   0x69,
  0x61,   0x6c,   0x5f,   0x31,   0x2f,   0x6c,   0x73,   0x74,   0x6d,   0x5f,   0x31,   0x2f,
  0x6c,   0x73,   0x74,   0x6d,   0x5f,   0x63,   0x65,   0x6c,   0x6c,   0x5f,   0x32,   0x31,
  0x2f,   0x6d,   0x75,   0x6c,   0x5f,   0x31,   0x00,   0x00,   0x02,   0x00,   0x00,   0x00,
  0x01,   0x00,   0x00,   0x00,   0x20,   0x00,   0x00,   0x00,   0x9a,   0x59,   0xff,   0xff,
  0x00,   0x00,   0x00,   0x01,   0x18,   0x00,   0x00,   0x00,   0x20,   0x00,   0x00,   0x00,
  0x40,   0x00,   0x00,   0x00,   0xe4,   0x00,   0x00,   0x00,   0x00,   0x00,   0x00,   0x09,
  0x60,   0x00,   0x00,   0x00,   0x02,   0x00,   0x00,   0x00,   0xff,   0xff,   0xff,   0xff,
  0x20,   0x00,   0x00,   0x00,   0xe4,   0x48,   0xff,   0xff,   0x08,   0x00,   0x00,   0x00,
  0x14,   0x00,   0x00,   0x00,   0x01,   0x00,   0x00,   0x00,   0x00,   0x00,   0x00,   0x00,
  0x00,   0x00,   0x00,   0x00,   0x00,   0x00,   0x00,   0x00,   0x01,   0x00,   0x00,   0x00,
  0x00,   0x00,   0x00,   0x3c,   0x25,   0x00,   0x00,   0x00,   0x73,   0x65,   0x71,   0x75,
  0x65,   0x6e,   0x74,   0x69,   0x61,   0x6c,   0x5f,   0x31,   0x2f,   0x6c,   0x73,   0x74,
  0x6d,   0x5f,   0x31,   0x2f,   0x6c,   0x73,   0x74,   0x6d,   0x5f,   0x63,   0x65,   0x6c,
  0x6c,   0x5f,   0x32,   0x31,   0x2f,   0x54,   0x61,   0x6e,   0x68,   0x00,   0x00,   0x00,
  0x02,   0x00,   0x00,   0x00,   0x01,   0x00,   0x00,   0x00,   0x20,   0x00,   0x00,   0x00,
  0x22,   0x5a,   0xff,   0xff,   0x00,   0x00,   0x00,   0x01,   0x18,   0x00,   0x00,   0x00,
  0x20,   0x00,   0x00,   0x00,   0x3c,   0x00,   0x00,   0x00,   0xe3,   0x00,   0x00,   0x00,
  0x00,   0x00,   0x00,   0x09,   0x60,   0x00,   0x00,   0x00,   0x02,   0x00,   0x00,   0x00,
  0xff,   0xff,   0xff,   0xff,   0x20,   0x00,   0x00,   0x00,   0x6c,   0x49,   0xff,   0xff,
  0x08,   0x00,   0x00,   0x00,   0x10,   0x00,   0x00,   0x00,   0x01,   0x00,   0x00,   0x00,
  0x80,   0xff,   0xff,   0xff,   0xff,   0xff,   0xff,   0xff,   0x01,   0x00,   0x00,   0x00,
  0x00,   0x00,   0x80,   0x3b,   0x2a,   0x00,   0x00,   0x00,   0x73,   0x65,   0x71,   0x75,
  0x65,   0x6e,   0x74,   0x69,   0x61,   0x6c,   0x5f,   0x31,   0x2f,   0x6c,   0x73,   0x74,
  0x6d,   0x5f,   0x31,   0x2f,   0x6c,   0x73,   0x74,   0x6d,   0x5f,   0x63,   0x65,   0x6c,
  0x6c,   0x5f,   0x32,   0x31,   0x2f,   0x53,   0x69,   0x67,   0x6d,   0x6f,   0x69,   0x64,
  0x5f,   0x32,   0x00,   0x00,   0x02,   0x00,   0x00,   0x00,   0x01,   0x00,   0x00,   0x00,
  0x20,   0x00,   0x00,   0x00,   0xaa,   0x5a,   0xff,   0xff,   0x00,   0x00,   0x00,   0x01,
  0x18,   0x00,   0x00,   0x00,   0x20,   0x00,   0x00,   0x00,   0x40,   0x00,   0x00,   0x00,
  0xe2,   0x00,   0x00,   0x00,   0x00,   0x00,   0x00,   0x09,   0x60,   0x00,   0x00,   0x00,
  0x02,   0x00,   0x00,   0x00,   0xff,   0xff,   0xff,   0xff,   0x20,   0x00,   0x00,   0x00,
  0xf4,   0x49,   0xff,   0xff,   0x08,   0x00,   0x00,   0x00,   0x14,   0x00,   0x00,   0x00,
  0x01,   0x00,   0x00,   0x00,   0x25,   0x00,   0x00,   0x00,   0x00,   0x00,   0x00,   0x00,
  0x00,   0x00,   0x00,   0x00,   0x01,   0x00,   0x00,   0x00,   0xea,   0x83,   0xac,   0x3c,
  0x24,   0x00,   0x00,   0x00,   0x73,   0x65,   0x71,   0x75,   0x65,   0x6e,   0x74,   0x69,
  0x61,   0x6c,   0x5f,   0x31,   0x2f,   0x6c,   0x73,   0x74,   0x6d,   0x5f,   0x31,   0x2f,
  0x6c,   0x73,   0x74,   0x6d,   0x5f,   0x63,   0x65,   0x6c,   0x6c,   0x5f,   0x32,   0x31,
  0x2f,   0x6d,   0x75,   0x6c,   0x00,   0x00,   0x00,   0x00,   0x02,   0x00,   0x00,   0x00,
  0x01,   0x00,   0x00,   0x00,   0x20,   0x00,   0x00,   0x00,   0x32,   0x5b,   0xff,   0xff,
  0x00,   0x00,   0x00,   0x01,   0x18,   0x00,   0x00,   0x00,   0x20,   0x00,   0x00,   0x00,
  0x3c,   0x00,   0x00,   0x00,   0xe1,   0x00,   0x00,   0x00,   0x00,   0x00,   0x00,   0x09,
  0x60,   0x00,   0x00,   0x00,   0x02,   0x00,   0x00,   0x00,   0xff,   0xff,   0xff,   0xff,
  0x20,   0x00,   0x00,   0x00,   0x7c,   0x4a,   0xff,   0xff,   0x08,   0x00,   0x00,   0x00,
  0x10,   0x00,   0x00,   0x00,   0x01,   0x00,   0x00,   0x00,   0x80,   0xff,   0xff,   0xff,
  0xff,   0xff,   0xff,   0xff,   0x01,   0x00,   0x00,   0x00,   0x00,   0x00,   0x80,   0x3b,
  0x2a,   0x00,   0x00,   0x00,   0x73,   0x65,   0x71,   0x75,   0x65,   0x6e,   0x74,   0x69,
  0x61,   0x6c,   0x5f,   0x31,   0x2f,   0x6c,   0x73,   0x74,   0x6d,   0x5f,   0x31,   0x2f,
  0x6c,   0x73,   0x74,   0x6d,   0x5f,   0x63,   0x65,   0x6c,   0x6c,   0x5f,   0x32,   0x31,
  0x2f,   0x53,   0x69,   0x67,   0x6d,   0x6f,   0x69,   0x64,   0x5f,   0x31,   0x00,   0x00,
  0x02,   0x00,   0x00,   0x00,   0x01,   0x00,   0x00,   0x00,   0x20,   0x00,   0x00,   0x00,
  0xba,   0x5b,   0xff,   0xff,   0x00,   0x00,   0x00,   0x01,   0x18,   0x00,   0x00,   0x00,
  0x20,   0x00,   0x00,   0x00,   0x3c,   0x00,   0x00,   0x00,   0xe0,   0x00,   0x00,   0x00,
  0x00,   0x00,   0x00,   0x09,   0x60,   0x00,   0x00,   0x00,   0x02,   0x00,   0x00,   0x00,
  0xff,   0xff,   0xff,   0xff,   0x20,   0x00,   0x00,   0x00,   0x04,   0x4b,   0xff,   0xff,
  0x08,   0x00,   0x00,   0x00,   0x10,   0x00,   0x00,   0x00,   0x01,   0x00,   0x00,   0x00,
  0x80,   0xff,   0xff,   0xff,   0xff,   0xff,   0xff,   0xff,   0x01,   0x00,   0x00,   0x00,
  0x00,   0x00,   0x80,   0x3b,   0x28,   0x00,   0x00,   0x00,   0x73,   0x65,   0x71,   0x75,
  0x65,   0x6e,   0x74,   0x69,   0x61,   0x6c,   0x5f,   0x31,   0x2f,   0x6c,   0x73,   0x74,
  0x6d,   0x5f,   0x31,   0x2f,   0x6c,   0x73,   0x74,   0x6d,   0x5f,   0x63,   0x65,   0x6c,
  0x6c,   0x5f,   0x32,   0x31,   0x2f,   0x53,   0x69,   0x67,   0x6d,   0x6f,   0x69,   0x64,
  0x00,   0x00,   0x00,   0x00,   0x02,   0x00,   0x00,   0x00,   0x01,   0x00,   0x00,   0x00,
  0x20,   0x00,   0x00,   0x00,   0x42,   0x5c,   0xff,   0xff,   0x00,   0x00,   0x00,   0x01,
  0x18,   0x00,   0x00,   0x00,   0x20,   0x00,   0x00,   0x00,   0x40,   0x00,   0x00,   0x00,
  0xdf,   0x00,   0x00,   0x00,   0x00,   0x00,   0x00,   0x09,   0xd8,   0x00,   0x00,   0x00,
  0x02,   0x00,   0x00,   0x00,   0xff,   0xff,   0xff,   0xff,   0x20,   0x00,   0x00,   0x00,
  0x8c,   0x4b,   0xff,   0xff,   0x08,   0x00,   0x00,   0x00,   0x14,   0x00,   0x00,   0x00,
  0x01,   0x00,   0x00,   0x00,   0xdd,   0xff,   0xff,   0xff,   0xff,   0xff,   0xff,   0xff,
  0x00,   0x00,   0x00,   0x00,   0x01,   0x00,   0x00,   0x00,   0x5b,   0x3e,   0xd9,   0x3c,
  0x9f,   0x00,   0x00,   0x00,   0x73,   0x65,   0x71,   0x75,   0x65,   0x6e,   0x74,   0x69,
  0x61,   0x6c,   0x5f,   0x31,   0x2f,   0x6c,   0x73,   0x74,   0x6d,   0x5f,   0x31,   0x2f,
  0x6c,   0x73,   0x74,   0x6d,   0x5f,   0x63,   0x65,   0x6c,   0x6c,   0x5f,   0x32,   0x31,
  0x2f,   0x73,   0x70,   0x6c,   0x69,   0x74,   0x3b,   0x73,   0x65,   0x71,   0x75,   0x65,
  0x6e,   0x74,   0x69,   0x61,   0x6c,   0x5f,   0x31,   0x2f,   0x6c,   0x73,   0x74,   0x6d,
  0x5f,   0x31,   0x2f,   0x6c,   0x73,   0x74,   0x6d,   0x5f,   0x63,   0x65,   0x6c,   0x6c,
  0x5f,   0x32,   0x31,   0x2f,   0x73,   0x70,   0x6c,   0x69,   0x74,   0x31,   0x3b,   0x73,
  0x65,   0x71,   0x75,   0x65,   0x6e,   0x74,   0x69,   0x61,   0x6c,   0x5f,   0x31,   0x2f,
  0x6c,   0x73,   0x74,   0x6d,   0x5f,   0x31,   0x2f,   0x6c,   0x73,   0x74,   0x6d,   0x5f,
  0x63,   0x65,   0x6c,   0x6c,   0x5f,   0x32,   0x31,   0x2f,   0x73,   0x70,   0x6c,   0x69,
  0x74,   0x32,   0x3b,   0x73,   0x65,   0x71,   0x75,   0x65,   0x6e,   0x74,   0x69,   0x61,
  0x6c,   0x5f,   0x31,   0x2f,   0x6c,   0x73,   0x74,   0x6d,   0x5f,   0x31,   0x2f,   0x6c,
  0x73,   0x74,   0x6d,   0x5f,   0x63,   0x65,   0x6c,   0x6c,   0x5f,   0x32,   0x31,   0x2f,
  0x73,   0x70,   0x6c,   0x69,   0x74,   0x33,   0x33,   0x00,   0x02,   0x00,   0x00,   0x00,
  0x01,   0x00,   0x00,   0x00,   0x20,   0x00,   0x00,   0x00,   0x42,   0x5d,   0xff,   0xff,
  0x00,   0x00,   0x00,   0x01,   0x18,   0x00,   0x00,   0x00,   0x20,   0x00,   0x00,   0x00,
  0x40,   0x00,   0x00,   0x00,   0xde,   0x00,   0x00,   0x00,   0x00,   0x00,   0x00,   0x09,
  0xd8,   0x00,   0x00,   0x00,   0x02,   0x00,   0x00,   0x00,   0xff,   0xff,   0xff,   0xff,
  0x20,   0x00,   0x00,   0x00,   0x8c,   0x4c,   0xff,   0xff,   0x08,   0x00,   0x00,   0x00,
  0x14,   0x00,   0x00,   0x00,   0x01,   0x00,   0x00,   0x00,   0xdd,   0xff,   0xff,   0xff,
  0xff,   0xff,   0xff,   0xff,   0x00,   0x00,   0x00,   0x00,   0x01,   0x00,   0x00,   0x00,
  0x5b,   0x3e,   0xd9,   0x3c,   0x9f,   0x00,   0x00,   0x00,   0x73,   0x65,   0x71,   0x75,
  0x65,   0x6e,   0x74,   0x69,   0x61,   0x6c,   0x5f,   0x31,   0x2f,   0x6c,   0x73,   0x74,
  0x6d,   0x5f,   0x31,   0x2f,   0x6c,   0x73,   0x74,   0x6d,   0x5f,   0x63,   0x65,   0x6c,
  0x6c,   0x5f,   0x32,   0x31,   0x2f,   0x73,   0x70,   0x6c,   0x69,   0x74,   0x3b,   0x73,
  0x65,   0x71,   0x75,   0x65,   0x6e,   0x74,   0x69,   0x61,   0x6c,   0x5f,   0x31,   0x2f,
  0x6c,   0x73,   0x74,   0x6d,   0x5f,   0x31,   0x2f,   0x6c,   0x73,   0x74,   0x6d,   0x5f,
  0x63,   0x65,   0x6c,   0x6c,   0x5f,   0x32,   0x31,   0x2f,   0x73,   0x70,   0x6c,   0x69,
  0x74,   0x31,   0x3b,   0x73,   0x65,   0x71,   0x75,   0x65,   0x6e,   0x74,   0x69,   0x61,
  0x6c,   0x5f,   0x31,   0x2f,   0x6c,   0x73,   0x74,   0x6d,   0x5f,   0x31,   0x2f,   0x6c,
  0x73,   0x74,   0x6d,   0x5f,   0x63,   0x65,   0x6c,   0x6c,   0x5f,   0x32,   0x31,   0x2f,
  0x73,   0x70,   0x6c,   0x69,   0x74,   0x32,   0x3b,   0x73,   0x65,   0x71,   0x75,   0x65,
  0x6e,   0x74,   0x69,   0x61,   0x6c,   0x5f,   0x31,   0x2f,   0x6c,   0x73,   0x74,   0x6d,
  0x5f,   0x31,   0x2f,   0x6c,   0x73,   0x74,   0x6d,   0x5f,   0x63,   0x65,   0x6c,   0x6c,
  0x5f,   0x32,   0x31,   0x2f,   0x73,   0x70,   0x6c,   0x69,   0x74,   0x33,   0x32,   0x00,
  0x02,   0x00,   0x00,   0x00,   0x01,   0x00,   0x00,   0x00,   0x20,   0x00,   0x00,   0x00,
  0x42,   0x5e,   0xff,   0xff,   0x00,   0x00,   0x00,   0x01,   0x18,   0x00,   0x00,   0x00,
  0x20,   0x00,   0x00,   0x00,   0x40,   0x00,   0x00,   0x00,   0xdd,   0x00,   0x00,   0x00,
  0x00,   0x00,   0x00,   0x09,   0xd8,   0x00,   0x00,   0x00,   0x02,   0x00,   0x00,   0x00,
  0xff,   0xff,   0xff,   0xff,   0x20,   0x00,   0x00,   0x00,   0x8c,   0x4d,   0xff,   0xff,
  0x08,   0x00,   0x00,   0x00,   0x14,   0x00,   0x00,   0x00,   0x01,   0x00,   0x00,   0x00,
  0xdd,   0xff,   0xff,   0xff,   0xff,   0xff,   0xff,   0xff,   0x00,   0x00,   0x00,   0x00,
  0x01,   0x00,   0x00,   0x00,   0x5b,   0x3e,   0xd9,   0x3c,   0x9f,   0x00,   0x00,   0x00,
  0x73,   0x65,   0x71,   0x75,   0x65,   0x6e,   0x74,   0x69,   0x61,   0x6c,   0x5f,   0x31,
  0x2f,   0x6c,   0x73,   0x74,   0x6d,   0x5f,   0x31,   0x2f,   0x6c,   0x73,   0x74,   0x6d,
  0x5f,   0x63,   0x65,   0x6c,   0x6c,   0x5f,   0x32,   0x31,   0x2f,   0x73,   0x70,   0x6c,
  0x69,   0x74,   0x3b,   0x73,   0x65,   0x71,   0x75,   0x65,   0x6e,   0x74,   0x69,   0x61,
  0x6c,   0x5f,   0x31,   0x2f,   0x6c,   0x73,   0x74,   0x6d,   0x5f,   0x31,   0x2f,   0x6c,
  0x73,   0x74,   0x6d,   0x5f,   0x63,   0x65,   0x6c,   0x6c,   0x5f,   0x32,   0x31,   0x2f,
  0x73,   0x70,   0x6c,   0x69,   0x74,   0x31,   0x3b,   0x73,   0x65,   0x71,   0x75,   0x65,
  0x6e,   0x74,   0x69,   0x61,   0x6c,   0x5f,   0x31,   0x2f,   0x6c,   0x73,   0x74,   0x6d,
  0x5f,   0x31,   0x2f,   0x6c,   0x73,   0x74,   0x6d,   0x5f,   0x63,   0x65,   0x6c,   0x6c,
  0x5f,   0x32,   0x31,   0x2f,   0x73,   0x70,   0x6c,   0x69,   0x74,   0x32,   0x3b,   0x73,
  0x65,   0x71,   0x75,   0x65,   0x6e,   0x74,   0x69,   0x61,   0x6c,   0x5f,   0x31,   0x2f,
  0x6c,   0x73,   0x74,   0x6d,   0x5f,   0x31,   0x2f,   0x6c,   0x73,   0x74,   0x6d,   0x5f,
  0x63,   0x65,   0x6c,   0x6c,   0x5f,   0x32,   0x31,   0x2f,   0x73,   0x70,   0x6c,   0x69,
  0x74,   0x33,   0x31,   0x00,   0x02,   0x00,   0x00,   0x00,   0x01,   0x00,   0x00,   0x00,
  0x20,   0x00,   0x00,   0x00,   0x42,   0x5f,   0xff,   0xff,   0x00,   0x00,   0x00,   0x01,
  0x18,   0x00,   0x00,   0x00,   0x20,   0x00,   0x00,   0x00,   0x40,   0x00,   0x00,   0x00,
  0xdc,   0x00,   0x00,   0x00,   0x00,   0x00,   0x00,   0x09,   0xd8,   0x00,   0x00,   0x00,
  0x02,   0x00,   0x00,   0x00,   0xff,   0xff,   0xff,   0xff,   0x20,   0x00,   0x00,   0x00,
  0x8c,   0x4e,   0xff,   0xff,   0x08,   0x00,   0x00,   0x00,   0x14,   0x00,   0x00,   0x00,
  0x01,   0x00,   0x00,   0x00,   0xdd,   0xff,   0xff,   0xff,   0xff,   0xff,   0xff,   0xff,
  0x00,   0x00,   0x00,   0x00,   0x01,   0x00,   0x00,   0x00,   0x5b,   0x3e,   0xd9,   0x3c,
  0x9e,   0x00,   0x00,   0x00,   0x73,   0x65,   0x71,   0x75,   0x65,   0x6e,   0x74,   0x69,
  0x61,   0x6c,   0x5f,   0x31,   0x2f,   0x6c,   0x73,   0x74,   0x6d,   0x5f,   0x31,   0x2f,
  0x6c,   0x73,   0x74,   0x6d,   0x5f,   0x63,   0x65,   0x6c,   0x6c,   0x5f,   0x32,   0x31,
  0x2f,   0x73,   0x70,   0x6c,   0x69,   0x74,   0x3b,   0x73,   0x65,   0x71,   0x75,   0x65,
  0x6e,   0x74,   0x69,   0x61,   0x6c,   0x5f,   0x31,   0x2f,   0x6c,   0x73,   0x74,   0x6d,
  0x5f,   0x31,   0x2f,   0x6c,   0x73,   0x74,   0x6d,   0x5f,   0x63,   0x65,   0x6c,   0x6c,
  0x5f,   0x32,   0x31,   0x2f,   0x73,   0x70,   0x6c,   0x69,   0x74,   0x31,   0x3b,   0x73,
  0x65,   0x71,   0x75,   0x65,   0x6e,   0x74,   0x69,   0x61,   0x6c,   0x5f,   0x31,   0x2f,
  0x6c,   0x73,   0x74,   0x6d,   0x5f,   0x31,   0x2f,   0x6c,   0x73,   0x74,   0x6d,   0x5f,
  0x63,   0x65,   0x6c,   0x6c,   0x5f,   0x32,   0x31,   0x2f,   0x73,   0x70,   0x6c,   0x69,
  0x74,   0x32,   0x3b,   0x73,   0x65,   0x71,   0x75,   0x65,   0x6e,   0x74,   0x69,   0x61,
  0x6c,   0x5f,   0x31,   0x2f,   0x6c,   0x73,   0x74,   0x6d,   0x5f,   0x31,   0x2f,   0x6c,
  0x73,   0x74,   0x6d,   0x5f,   0x63,   0x65,   0x6c,   0x6c,   0x5f,   0x32,   0x31,   0x2f,
  0x73,   0x70,   0x6c,   0x69,   0x74,   0x33,   0x00,   0x00,   0x02,   0x00,   0x00,   0x00,
  0x01,   0x00,   0x00,   0x00,   0x20,   0x00,   0x00,   0x00,   0x42,   0x60,   0xff,   0xff,
  0x00,   0x00,   0x00,   0x01,   0x18,   0x00,   0x00,   0x00,   0x20,   0x00,   0x00,   0x00,
  0x3c,   0x00,   0x00,   0x00,   0xdb,   0x00,   0x00,   0x00,   0x00,   0x00,   0x00,   0x09,
  0x60,   0x00,   0x00,   0x00,   0x02,   0x00,   0x00,   0x00,   0xff,   0xff,   0xff,   0xff,
  0x80,   0x00,   0x00,   0x00,   0x8c,   0x4f,   0xff,   0xff,   0x08,   0x00,   0x00,   0x00,
  0x10,   0x00,   0x00,   0x00,   0x01,   0x00,   0x00,   0x00,   0xdd,   0xff,   0xff,   0xff,
  0xff,   0xff,   0xff,   0xff,   0x01,   0x00,   0x00,   0x00,   0x5b,   0x3e,   0xd9,   0x3c,
  0x28,   0x00,   0x00,   0x00,   0x73,   0x65,   0x71,   0x75,   0x65,   0x6e,   0x74,   0x69,
  0x61,   0x6c,   0x5f,   0x31,   0x2f,   0x6c,   0x73,   0x74,   0x6d,   0x5f,   0x31,   0x2f,
  0x6c,   0x73,   0x74,   0x6d,   0x5f,   0x63,   0x65,   0x6c,   0x6c,   0x5f,   0x32,   0x31,
  0x2f,   0x42,   0x69,   0x61,   0x73,   0x41,   0x64,   0x64,   0x00,   0x00,   0x00,   0x00,
  0x02,   0x00,   0x00,   0x00,   0x01,   0x00,   0x00,   0x00,   0x80,   0x00,   0x00,   0x00,
  0xca,   0x60,   0xff,   0xff,   0x00,   0x00,   0x00,   0x01,   0x18,   0x00,   0x00,   0x00,
  0x20,   0x00,   0x00,   0x00,   0x40,   0x00,   0x00,   0x00,   0xda,   0x00,   0x00,   0x00,
  0x00,   0x00,   0x00,   0x09,   0x60,   0x00,   0x00,   0x00,   0x02,   0x00,   0x00,   0x00,
  0xff,   0xff,   0xff,   0xff,   0x80,   0x00,   0x00,   0x00,   0x14,   0x50,   0xff,   0xff,
  0x08,   0x00,   0x00,   0x00,   0x14,   0x00,   0x00,   0x00,   0x01,   0x00,   0x00,   0x00,
  0xdd,   0xff,   0xff,   0xff,   0xff,   0xff,   0xff,   0xff,   0x00,   0x00,   0x00,   0x00,
  0x01,   0x00,   0x00,   0x00,   0x5b,   0x3e,   0xd9,   0x3c,   0x24,   0x00,   0x00,   0x00,
  0x73,   0x65,   0x71,   0x75,   0x65,   0x6e,   0x74,   0x69,   0x61,   0x6c,   0x5f,   0x31,
  0x2f,   0x6c,   0x73,   0x74,   0x6d,   0x5f,   0x31,   0x2f,   0x6c,   0x73,   0x74,   0x6d,
  0x5f,   0x63,   0x65,   0x6c,   0x6c,   0x5f,   0x32,   0x31,   0x2f,   0x41,   0x64,   0x64,
  0x00,   0x00,   0x00,   0x00,   0x02,   0x00,   0x00,   0x00,   0x01,   0x00,   0x00,   0x00,
  0x80,   0x00,   0x00,   0x00,   0x52,   0x61,   0xff,   0xff,   0x00,   0x00,   0x00,   0x01,
  0x18,   0x00,   0x00,   0x00,   0x20,   0x00,   0x00,   0x00,   0x3c,   0x00,   0x00,   0x00,
  0xd9,   0x00,   0x00,   0x00,   0x00,   0x00,   0x00,   0x09,   0x60,   0x00,   0x00,   0x00,
  0x02,   0x00,   0x00,   0x00,   0xff,   0xff,   0xff,   0xff,   0x80,   0x00,   0x00,   0x00,
  0x9c,   0x50,   0xff,   0xff,   0x08,   0x00,   0x00,   0x00,   0x10,   0x00,   0x00,   0x00,
  0x01,   0x00,   0x00,   0x00,   0x04,   0x00,   0x00,   0x00,   0x00,   0x00,   0x00,   0x00,
  0x01,   0x00,   0x00,   0x00,   0x62,   0x52,   0x6b,   0x3c,   0x29,   0x00,   0x00,   0x00,
  0x73,   0x65,   0x71,   0x75,   0x65,   0x6e,   0x74,   0x69,   0x61,   0x6c,   0x5f,   0x31,
  0x2f,   0x6c,   0x73,   0x74,   0x6d,   0x5f,   0x31,   0x2f,   0x6c,   0x73,   0x74,   0x6d,
  0x5f,   0x63,   0x65,   0x6c,   0x6c,   0x5f,   0x32,   0x31,   0x2f,   0x4d,   0x61,   0x74,
  0x4d,   0x75,   0x6c,   0x5f,   0x31,   0x00,   0x00,   0x00,   0x02,   0x00,   0x00,   0x00,
  0x01,   0x00,   0x00,   0x00,   0x80,   0x00,   0x00,   0x00,   0xda,   0x61,   0xff,   0xff,
  0x00,   0x00,   0x00,   0x01,   0x18,   0x00,   0x00,   0x00,   0x20,   0x00,   0x00,   0x00,
  0x40,   0x00,   0x00,   0x00,   0xd8,   0x00,   0x00,   0x00,   0x00,   0x00,   0x00,   0x09,
  0x60,   0x00,   0x00,   0x00,   0x02,   0x00,   0x00,   0x00,   0xff,   0xff,   0xff,   0xff,
  0x20,   0x00,   0x00,   0x00,   0x24,   0x51,   0xff,   0xff,   0x08,   0x00,   0x00,   0x00,
  0x14,   0x00,   0x00,   0x00,   0x01,   0x00,   0x00,   0x00,   0x18,   0x00,   0x00,   0x00,
  0x00,   0x00,   0x00,   0x00,   0x00,   0x00,   0x00,   0x00,   0x01,   0x00,   0x00,   0x00,
  0x7e,   0xde,   0xc6,   0x3b,   0x26,   0x00,   0x00,   0x00,   0x73,   0x65,   0x71,   0x75,
  0x65,   0x6e,   0x74,   0x69,   0x61,   0x6c,   0x5f,   0x31,   0x2f,   0x6c,   0x73,   0x74,
  0x6d,   0x5f,   0x31,   0x2f,   0x6c,   0x73,   0x74,   0x6d,   0x5f,   0x63,   0x65,   0x6c,
  0x6c,   0x5f,   0x31,   0x39,   0x2f,   0x6d,   0x75,   0x6c,   0x5f,   0x32,   0x00,   0x00,
  0x02,   0x00,   0x00,   0x00,   0x01,   0x00,   0x00,   0x00,   0x20,   0x00,   0x00,   0x00,
  0x62,   0x62,   0xff,   0xff,   0x00,   0x00,   0x00,   0x01,   0x18,   0x00,   0x00,   0x00,
  0x20,   0x00,   0x00,   0x00,   0x40,   0x00,   0x00,   0x00,   0xd7,   0x00,   0x00,   0x00,
  0x00,   0x00,   0x00,   0x09,   0x60,   0x00,   0x00,   0x00,   0x02,   0x00,   0x00,   0x00,
  0xff,   0xff,   0xff,   0xff,   0x20,   0x00,   0x00,   0x00,   0xac,   0x51,   0xff,   0xff,
  0x08,   0x00,   0x00,   0x00,   0x14,   0x00,   0x00,   0x00,   0x01,   0x00,   0x00,   0x00,
  0x00,   0x00,   0x00,   0x00,   0x00,   0x00,   0x00,   0x00,   0x00,   0x00,   0x00,   0x00,
  0x01,   0x00,   0x00,   0x00,   0x00,   0x00,   0x00,   0x3c,   0x27,   0x00,   0x00,   0x00,
  0x73,   0x65,   0x71,   0x75,   0x65,   0x6e,   0x74,   0x69,   0x61,   0x6c,   0x5f,   0x31,
  0x2f,   0x6c,   0x73,   0x74,   0x6d,   0x5f,   0x31,   0x2f,   0x6c,   0x73,   0x74,   0x6d,
  0x5f,   0x63,   0x65,   0x6c,   0x6c,   0x5f,   0x31,   0x39,   0x2f,   0x54,   0x61,   0x6e,
  0x68,   0x5f,   0x31,   0x00,   0x02,   0x00,   0x00,   0x00,   0x01,   0x00,   0x00,   0x00,
  0x20,   0x00,   0x00,   0x00,   0xea,   0x62,   0xff,   0xff,   0x00,   0x00,   0x00,   0x01,
  0x18,   0x00,   0x00,   0x00,   0x20,   0x00,   0x00,   0x00,   0x40,   0x00,   0x00,   0x00,
  0xd6,   0x00,   0x00,   0x00,   0x00,   0x00,   0x00,   0x09,   0x60,   0x00,   0x00,   0x00,
  0x02,   0x00,   0x00,   0x00,   0xff,   0xff,   0xff,   0xff,   0x20,   0x00,   0x00,   0x00,
  0x34,   0x52,   0xff,   0xff,   0x08,   0x00,   0x00,   0x00,   0x14,   0x00,   0x00,   0x00,
  0x01,   0x00,   0x00,   0x00,   0x24,   0x00,   0x00,   0x00,   0x00,   0x00,   0x00,   0x00,
  0x00,   0x00,   0x00,   0x00,   0x01,   0x00,   0x00,   0x00,   0xc8,   0x47,   0x9f,   0x3c,
  0x26,   0x00,   0x00,   0x00,   0x73,   0x65,   0x71,   0x75,   0x65,   0x6e,   0x74,   0x69,
  0x61,   0x6c,   0x5f,   0x31,   0x2f,   0x6c,   0x73,   0x74,   0x6d,   0x5f,   0x31,   0x2f,
  0x6c,   0x73,   0x74,   0x6d,   0x5f,   0x63,   0x65,   0x6c,   0x6c,   0x5f,   0x31,   0x39,
  0x2f,   0x61,   0x64,   0x64,   0x5f,   0x31,   0x00,   0x00,   0x02,   0x00,   0x00,   0x00,
  0x01,   0x00,   0x00,   0x00,   0x20,   0x00,   0x00,   0x00,   0x72,   0x63,   0xff,   0xff,
  0x00,   0x00,   0x00,   0x01,   0x18,   0x00,   0x00,   0x00,   0x20,   0x00,   0x00,   0x00,
  0x40,   0x00,   0x00,   0x00,   0xd5,   0x00,   0x00,   0x00,   0x00,   0x00,   0x00,   0x09,
  0x60,   0x00,   0x00,   0x00,   0x02,   0x00,   0x00,   0x00,   0xff,   0xff,   0xff,   0xff,
  0x20,   0x00,   0x00,   0x00,   0xbc,   0x52,   0xff,   0xff,   0x08,   0x00,   0x00,   0x00,
  0x14,   0x00,   0x00,   0x00,   0x01,   0x00,   0x00,   0x00,   0x05,   0x00,   0x00,   0x00,
  0x00,   0x00,   0x00,   0x00,   0x00,   0x00,   0x00,   0x00,   0x01,   0x00,   0x00,   0x00,
  0x5b,   0x59,   0x5c,   0x3b,   0x26,   0x00,   0x00,   0x00,   0x73,   0x65,   0x71,   0x75,
  0x65,   0x6e,   0x74,   0x69,   0x61,   0x6c,   0x5f,   0x31,   0x2f,   0x6c,   0x73,   0x74,
  0x6d,   0x5f,   0x31,   0x2f,   0x6c,   0x73,   0x74,   0x6d,   0x5f,   0x63,   0x65,   0x6c,
  0x6c,   0x5f,   0x31,   0x39,   0x2f,   0x6d,   0x75,   0x6c,   0x5f,   0x31,   0x00,   0x00,
  0x02,   0x00,   0x00,   0x00,   0x01,   0x00,   0x00,   0x00,   0x20,   0x00,   0x00,   0x00,
  0xfa,   0x63,   0xff,   0xff,   0x00,   0x00,   0x00,   0x01,   0x18,   0x00,   0x00,   0x00,
  0x20,   0x00,   0x00,   0x00,   0x40,   0x00,   0x00,   0x00,   0xd4,   0x00,   0x00,   0x00,
  0x00,   0x00,   0x00,   0x09,   0x60,   0x00,   0x00,   0x00,   0x02,   0x00,   0x00,   0x00,
  0xff,   0xff,   0xff,   0xff,   0x20,   0x00,   0x00,   0x00,   0x44,   0x53,   0xff,   0xff,
  0x08,   0x00,   0x00,   0x00,   0x14,   0x00,   0x00,   0x00,   0x01,   0x00,   0x00,   0x00,
  0x00,   0x00,   0x00,   0x00,   0x00,   0x00,   0x00,   0x00,   0x00,   0x00,   0x00,   0x00,
  0x01,   0x00,   0x00,   0x00,   0x00,   0x00,   0x00,   0x3c,   0x25,   0x00,   0x00,   0x00,
  0x73,   0x65,   0x71,   0x75,   0x65,   0x6e,   0x74,   0x69,   0x61,   0x6c,   0x5f,   0x31,
  0x2f,   0x6c,   0x73,   0x74,   0x6d,   0x5f,   0x31,   0x2f,   0x6c,   0x73,   0x74,   0x6d,
  0x5f,   0x63,   0x65,   0x6c,   0x6c,   0x5f,   0x31,   0x39,   0x2f,   0x54,   0x61,   0x6e,
  0x68,   0x00,   0x00,   0x00,   0x02,   0x00,   0x00,   0x00,   0x01,   0x00,   0x00,   0x00,
  0x20,   0x00,   0x00,   0x00,   0x82,   0x64,   0xff,   0xff,   0x00,   0x00,   0x00,   0x01,
  0x18,   0x00,   0x00,   0x00,   0x20,   0x00,   0x00,   0x00,   0x3c,   0x00,   0x00,   0x00,
  0xd3,   0x00,   0x00,   0x00,   0x00,   0x00,   0x00,   0x09,   0x60,   0x00,   0x00,   0x00,
  0x02,   0x00,   0x00,   0x00,   0xff,   0xff,   0xff,   0xff,   0x20,   0x00,   0x00,   0x00,
  0xcc,   0x53,   0xff,   0xff,   0x08,   0x00,   0x00,   0x00,   0x10,   0x00,   0x00,   0x00,
  0x01,   0x00,   0x00,   0x00,   0x80,   0xff,   0xff,   0xff,   0xff,   0xff,   0xff,   0xff,
  0x01,   0x00,   0x00,   0x00,   0x00,   0x00,   0x80,   0x3b,   0x2a,   0x00,   0x00,   0x00,
  0x73,   0x65,   0x71,   0x75,   0x65,   0x6e,   0x74,   0x69,   0x61,   0x6c,   0x5f,   0x31,
  0x2f,   0x6c,   0x73,   0x74,   0x6d,   0x5f,   0x31,   0x2f,   0x6c,   0x73,   0x74,   0x6d,
  0x5f,   0x63,   0x65,   0x6c,   0x6c,   0x5f,   0x31,   0x39,   0x2f,   0x53,   0x69,   0x67,
  0x6d,   0x6f,   0x69,   0x64,   0x5f,   0x32,   0x00,   0x00,   0x02,   0x00,   0x00,   0x00,
  0x01,   0x00,   0x00,   0x00,   0x20,   0x00,   0x00,   0x00,   0x0a,   0x65,   0xff,   0xff,
  0x00,   0x00,   0x00,   0x01,   0x18,   0x00,   0x00,   0x00,   0x20,   0x00,   0x00,   0x00,
  0x40,   0x00,   0x00,   0x00,   0xd2,   0x00,   0x00,   0x00,   0x00,   0x00,   0x00,   0x09,
  0x60,   0x00,   0x00,   0x00,   0x02,   0x00,   0x00,   0x00,   0xff,   0xff,   0xff,   0xff,
  0x20,   0x00,   0x00,   0x00,   0x54,   0x54,   0xff,   0xff,   0x08,   0x00,   0x00,   0x00,
  0x14,   0x00,   0x00,   0x00,   0x01,   0x00,   0x00,   0x00,   0x24,   0x00,   0x00,   0x00,
  0x00,   0x00,   0x00,   0x00,   0x00,   0x00,   0x00,   0x00,   0x01,   0x00,   0x00,   0x00,
  0xc8,   0x47,   0x9f,   0x3c,   0x24,   0x00,   0x00,   0x00,   0x73,   0x65,   0x71,   0x75,
  0x65,   0x6e,   0x74,   0x69,   0x61,   0x6c,   0x5f,   0x31,   0x2f,   0x6c,   0x73,   0x74,
  0x6d,   0x5f,   0x31,   0x2f,   0x6c,   0x73,   0x74,   0x6d,   0x5f,   0x63,   0x65,   0x6c,
  0x6c,   0x5f,   0x31,   0x39,   0x2f,   0x6d,   0x75,   0x6c,   0x00,   0x00,   0x00,   0x00,
  0x02,   0x00,   0x00,   0x00,   0x01,   0x00,   0x00,   0x00,   0x20,   0x00,   0x00,   0x00,
  0x92,   0x65,   0xff,   0xff,   0x00,   0x00,   0x00,   0x01,   0x18,   0x00,   0x00,   0x00,
  0x20,   0x00,   0x00,   0x00,   0x3c,   0x00,   0x00,   0x00,   0xd1,   0x00,   0x00,   0x00,
  0x00,   0x00,   0x00,   0x09,   0x60,   0x00,   0x00,   0x00,   0x02,   0x00,   0x00,   0x00,
  0xff,   0xff,   0xff,   0xff,   0x20,   0x00,   0x00,   0x00,   0xdc,   0x54,   0xff,   0xff,
  0x08,   0x00,   0x00,   0x00,   0x10,   0x00,   0x00,   0x00,   0x01,   0x00,   0x00,   0x00,
  0x80,   0xff,   0xff,   0xff,   0xff,   0xff,   0xff,   0xff,   0x01,   0x00,   0x00,   0x00,
  0x00,   0x00,   0x80,   0x3b,   0x2a,   0x00,   0x00,   0x00,   0x73,   0x65,   0x71,   0x75,
  0x65,   0x6e,   0x74,   0x69,   0x61,   0x6c,   0x5f,   0x31,   0x2f,   0x6c,   0x73,   0x74,
  0x6d,   0x5f,   0x31,   0x2f,   0x6c,   0x73,   0x74,   0x6d,   0x5f,   0x63,   0x65,   0x6c,
  0x6c,   0x5f,   0x31,   0x39,   0x2f,   0x53,   0x69,   0x67,   0x6d,   0x6f,   0x69,   0x64,
  0x5f,   0x31,   0x00,   0x00,   0x02,   0x00,   0x00,   0x00,   0x01,   0x00,   0x00,   0x00,
  0x20,   0x00,   0x00,   0x00,   0x1a,   0x66,   0xff,   0xff,   0x00,   0x00,   0x00,   0x01,
  0x18,   0x00,   0x00,   0x00,   0x20,   0x00,   0x00,   0x00,   0x3c,   0x00,   0x00,   0x00,
  0xd0,   0x00,   0x00,   0x00,   0x00,   0x00,   0x00,   0x09,   0x60,   0x00,   0x00,   0x00,
  0x02,   0x00,   0x00,   0x00,   0xff,   0xff,   0xff,   0xff,   0x20,   0x00,   0x00,   0x00,
  0x64,   0x55,   0xff,   0xff,   0x08,   0x00,   0x00,   0x00,   0x10,   0x00,   0x00,   0x00,
  0x01,   0x00,   0x00,   0x00,   0x80,   0xff,   0xff,   0xff,   0xff,   0xff,   0xff,   0xff,
  0x01,   0x00,   0x00,   0x00,   0x00,   0x00,   0x80,   0x3b,   0x28,   0x00,   0x00,   0x00,
  0x73,   0x65,   0x71,   0x75,   0x65,   0x6e,   0x74,   0x69,   0x61,   0x6c,   0x5f,   0x31,
  0x2f,   0x6c,   0x73,   0x74,   0x6d,   0x5f,   0x31,   0x2f,   0x6c,   0x73,   0x74,   0x6d,
  0x5f,   0x63,   0x65,   0x6c,   0x6c,   0x5f,   0x31,   0x39,   0x2f,   0x53,   0x69,   0x67,
  0x6d,   0x6f,   0x69,   0x64,   0x00,   0x00,   0x00,   0x00,   0x02,   0x00,   0x00,   0x00,
  0x01,   0x00,   0x00,   0x00,   0x20,   0x00,   0x00,   0x00,   0xa2,   0x66,   0xff,   0xff,
  0x00,   0x00,   0x00,   0x01,   0x18,   0x00,   0x00,   0x00,   0x20,   0x00,   0x00,   0x00,
  0x40,   0x00,   0x00,   0x00,   0xcf,   0x00,   0x00,   0x00,   0x00,   0x00,   0x00,   0x09,
  0xd8,   0x00,   0x00,   0x00,   0x02,   0x00,   0x00,   0x00,   0xff,   0xff,   0xff,   0xff,
  0x20,   0x00,   0x00,   0x00,   0xec,   0x55,   0xff,   0xff,   0x08,   0x00,   0x00,   0x00,
  0x14,   0x00,   0x00,   0x00,   0x01,   0x00,   0x00,   0x00,   0xdd,   0xff,   0xff,   0xff,
  0xff,   0xff,   0xff,   0xff,   0x00,   0x00,   0x00,   0x00,   0x01,   0x00,   0x00,   0x00,
  0x8d,   0x45,   0xd6,   0x3c,   0x9f,   0x00,   0x00,   0x00,   0x73,   0x65,   0x71,   0x75,
  0x65,   0x6e,   0x74,   0x69,   0x61,   0x6c,   0x5f,   0x31,   0x2f,   0x6c,   0x73,   0x74,
  0x6d,   0x5f,   0x31,   0x2f,   0x6c,   0x73,   0x74,   0x6d,   0x5f,   0x63,   0x65,   0x6c,
  0x6c,   0x5f,   0x31,   0x39,   0x2f,   0x73,   0x70,   0x6c,   0x69,   0x74,   0x3b,   0x73,
  0x65,   0x71,   0x75,   0x65,   0x6e,   0x74,   0x69,   0x61,   0x6c,   0x5f,   0x31,   0x2f,
  0x6c,   0x73,   0x74,   0x6d,   0x5f,   0x31,   0x2f,   0x6c,   0x73,   0x74,   0x6d,   0x5f,
  0x63,   0x65,   0x6c,   0x6c,   0x5f,   0x31,   0x39,   0x2f,   0x73,   0x70,   0x6c,   0x69,
  0x74,   0x31,   0x3b,   0x73,   0x65,   0x71,   0x75,   0x65,   0x6e,   0x74,   0x69,   0x61,
  0x6c,   0x5f,   0x31,   0x2f,   0x6c,   0x73,   0x74,   0x6d,   0x5f,   0x31,   0x2f,   0x6c,
  0x73,   0x74,   0x6d,   0x5f,   0x63,   0x65,   0x6c,   0x6c,   0x5f,   0x31,   0x39,   0x2f,
  0x73,   0x70,   0x6c,   0x69,   0x74,   0x32,   0x3b,   0x73,   0x65,   0x71,   0x75,   0x65,
  0x6e,   0x74,   0x69,   0x61,   0x6c,   0x5f,   0x31,   0x2f,   0x6c,   0x73,   0x74,   0x6d,
  0x5f,   0x31,   0x2f,   0x6c,   0x73,   0x74,   0x6d,   0x5f,   0x63,   0x65,   0x6c,   0x6c,
  0x5f,   0x31,   0x39,   0x2f,   0x73,   0x70,   0x6c,   0x69,   0x74,   0x33,   0x33,   0x00,
  0x02,   0x00,   0x00,   0x00,   0x01,   0x00,   0x00,   0x00,   0x20,   0x00,   0x00,   0x00,
  0xa2,   0x67,   0xff,   0xff,   0x00,   0x00,   0x00,   0x01,   0x18,   0x00,   0x00,   0x00,
  0x20,   0x00,   0x00,   0x00,   0x40,   0x00,   0x00,   0x00,   0xce,   0x00,   0x00,   0x00,
  0x00,   0x00,   0x00,   0x09,   0xd8,   0x00,   0x00,   0x00,   0x02,   0x00,   0x00,   0x00,
  0xff,   0xff,   0xff,   0xff,   0x20,   0x00,   0x00,   0x00,   0xec,   0x56,   0xff,   0xff,
  0x08,   0x00,   0x00,   0x00,   0x14,   0x00,   0x00,   0x00,   0x01,   0x00,   0x00,   0x00,
  0xdd,   0xff,   0xff,   0xff,   0xff,   0xff,   0xff,   0xff,   0x00,   0x00,   0x00,   0x00,
  0x01,   0x00,   0x00,   0x00,   0x8d,   0x45,   0xd6,   0x3c,   0x9f,   0x00,   0x00,   0x00,
  0x73,   0x65,   0x71,   0x75,   0x65,   0x6e,   0x74,   0x69,   0x61,   0x6c,   0x5f,   0x31,
  0x2f,   0x6c,   0x73,   0x74,   0x6d,   0x5f,   0x31,   0x2f,   0x6c,   0x73,   0x74,   0x6d,
  0x5f,   0x63,   0x65,   0x6c,   0x6c,   0x5f,   0x31,   0x39,   0x2f,   0x73,   0x70,   0x6c,
  0x69,   0x74,   0x3b,   0x73,   0x65,   0x71,   0x75,   0x65,   0x6e,   0x74,   0x69,   0x61,
  0x6c,   0x5f,   0x31,   0x2f,   0x6c,   0x73,   0x74,   0x6d,   0x5f,   0x31,   0x2f,   0x6c,
  0x73,   0x74,   0x6d,   0x5f,   0x63,   0x65,   0x6c,   0x6c,   0x5f,   0x31,   0x39,   0x2f,
  0x73,   0x70,   0x6c,   0x69,   0x74,   0x31,   0x3b,   0x73,   0x65,   0x71,   0x75,   0x65,
  0x6e,   0x74,   0x69,   0x61,   0x6c,   0x5f,   0x31,   0x2f,   0x6c,   0x73,   0x74,   0x6d,
  0x5f,   0x31,   0x2f,   0x6c,   0x73,   0x74,   0x6d,   0x5f,   0x63,   0x65,   0x6c,   0x6c,
  0x5f,   0x31,   0x39,   0x2f,   0x73,   0x70,   0x6c,   0x69,   0x74,   0x32,   0x3b,   0x73,
  0x65,   0x71,   0x75,   0x65,   0x6e,   0x74,   0x69,   0x61,   0x6c,   0x5f,   0x31,   0x2f,
  0x6c,   0x73,   0x74,   0x6d,   0x5f,   0x31,   0x2f,   0x6c,   0x73,   0x74,   0x6d,   0x5f,
  0x63,   0x65,   0x6c,   0x6c,   0x5f,   0x31,   0x39,   0x2f,   0x73,   0x70,   0x6c,   0x69,
  0x74,   0x33,   0x32,   0x00,   0x02,   0x00,   0x00,   0x00,   0x01,   0x00,   0x00,   0x00,
  0x20,   0x00,   0x00,   0x00,   0xa2,   0x68,   0xff,   0xff,   0x00,   0x00,   0x00,   0x01,
  0x18,   0x00,   0x00,   0x00,   0x20,   0x00,   0x00,   0x00,   0x40,   0x00,   0x00,   0x00,
  0xcd,   0x00,   0x00,   0x00,   0x00,   0x00,   0x00,   0x09,   0xd8,   0x00,   0x00,   0x00,
  0x02,   0x00,   0x00,   0x00,   0xff,   0xff,   0xff,   0xff,   0x20,   0x00,   0x00,   0x00,
  0xec,   0x57,   0xff,   0xff,   0x08,   0x00,   0x00,   0x00,   0x14,   0x00,   0x00,   0x00,
  0x01,   0x00,   0x00,   0x00,   0xdd,   0xff,   0xff,   0xff,   0xff,   0xff,   0xff,   0xff,
  0x00,   0x00,   0x00,   0x00,   0x01,   0x00,   0x00,   0x00,   0x8d,   0x45,   0xd6,   0x3c,
  0x9f,   0x00,   0x00,   0x00,   0x73,   0x65,   0x71,   0x75,   0x65,   0x6e,   0x74,   0x69,
  0x61,   0x6c,   0x5f,   0x31,   0x2f,   0x6c,   0x73,   0x74,   0x6d,   0x5f,   0x31,   0x2f,
  0x6c,   0x73,   0x74,   0x6d,   0x5f,   0x63,   0x65,   0x6c,   0x6c,   0x5f,   0x31,   0x39,
  0x2f,   0x73,   0x70,   0x6c,   0x69,   0x74,   0x3b,   0x73,   0x65,   0x71,   0x75,   0x65,
  0x6e,   0x74,   0x69,   0x61,   0x6c,   0x5f,   0x31,   0x2f,   0x6c,   0x73,   0x74,   0x6d,
  0x5f,   0x31,   0x2f,   0x6c,   0x73,   0x74,   0x6d,   0x5f,   0x63,   0x65,   0x6c,   0x6c,
  0x5f,   0x31,   0x39,   0x2f,   0x73,   0x70,   0x6c,   0x69,   0x74,   0x31,   0x3b,   0x73,
  0x65,   0x71,   0x75,   0x65,   0x6e,   0x74,   0x69,   0x61,   0x6c,   0x5f,   0x31,   0x2f,
  0x6c,   0x73,   0x74,   0x6d,   0x5f,   0x31,   0x2f,   0x6c,   0x73,   0x74,   0x6d,   0x5f,
  0x63,   0x65,   0x6c,   0x6c,   0x5f,   0x31,   0x39,   0x2f,   0x73,   0x70,   0x6c,   0x69,
  0x74,   0x32,   0x3b,   0x73,   0x65,   0x71,   0x75,   0x65,   0x6e,   0x74,   0x69,   0x61,
  0x6c,   0x5f,   0x31,   0x2f,   0x6c,   0x73,   0x74,   0x6d,   0x5f,   0x31,   0x2f,   0x6c,
  0x73,   0x74,   0x6d,   0x5f,   0x63,   0x65,   0x6c,   0x6c,   0x5f,   0x31,   0x39,   0x2f,
  0x73,   0x70,   0x6c,   0x69,   0x74,   0x33,   0x31,   0x00,   0x02,   0x00,   0x00,   0x00,
  0x01,   0x00,   0x00,   0x00,   0x20,   0x00,   0x00,   0x00,   0xa2,   0x69,   0xff,   0xff,
  0x00,   0x00,   0x00,   0x01,   0x18,   0x00,   0x00,   0x00,   0x20,   0x00,   0x00,   0x00,
  0x40,   0x00,   0x00,   0x00,   0xcc,   0x00,   0x00,   0x00,   0x00,   0x00,   0x00,   0x09,
  0xd8,   0x00,   0x00,   0x00,   0x02,   0x00,   0x00,   0x00,   0xff,   0xff,   0xff,   0xff,
  0x20,   0x00,   0x00,   0x00,   0xec,   0x58,   0xff,   0xff,   0x08,   0x00,   0x00,   0x00,
  0x14,   0x00,   0x00,   0x00,   0x01,   0x00,   0x00,   0x00,   0xdd,   0xff,   0xff,   0xff,
  0xff,   0xff,   0xff,   0xff,   0x00,   0x00,   0x00,   0x00,   0x01,   0x00,   0x00,   0x00,
  0x8d,   0x45,   0xd6,   0x3c,   0x9e,   0x00,   0x00,   0x00,   0x73,   0x65,   0x71,   0x75,
  0x65,   0x6e,   0x74,   0x69,   0x61,   0x6c,   0x5f,   0x31,   0x2f,   0x6c,   0x73,   0x74,
  0x6d,   0x5f,   0x31,   0x2f,   0x6c,   0x73,   0x74,   0x6d,   0x5f,   0x63,   0x65,   0x6c,
  0x6c,   0x5f,   0x31,   0x39,   0x2f,   0x73,   0x70,   0x6c,   0x69,   0x74,   0x3b,   0x73,
  0x65,   0x71,   0x75,   0x65,   0x6e,   0x74,   0x69,   0x61,   0x6c,   0x5f,   0x31,   0x2f,
  0x6c,   0x73,   0x74,   0x6d,   0x5f,   0x31,   0x2f,   0x6c,   0x73,   0x74,   0x6d,   0x5f,
  0x63,   0x65,   0x6c,   0x6c,   0x5f,   0x31,   0x39,   0x2f,   0x73,   0x70,   0x6c,   0x69,
  0x74,   0x31,   0x3b,   0x73,   0x65,   0x71,   0x75,   0x65,   0x6e,   0x74,   0x69,   0x61,
  0x6c,   0x5f,   0x31,   0x2f,   0x6c,   0x73,   0x74,   0x6d,   0x5f,   0x31,   0x2f,   0x6c,
  0x73,   0x74,   0x6d,   0x5f,   0x63,   0x65,   0x6c,   0x6c,   0x5f,   0x31,   0x39,   0x2f,
  0x73,   0x70,   0x6c,   0x69,   0x74,   0x32,   0x3b,   0x73,   0x65,   0x71,   0x75,   0x65,
  0x6e,   0x74,   0x69,   0x61,   0x6c,   0x5f,   0x31,   0x2f,   0x6c,   0x73,   0x74,   0x6d,
  0x5f,   0x31,   0x2f,   0x6c,   0x73,   0x74,   0x6d,   0x5f,   0x63,   0x65,   0x6c,   0x6c,
  0x5f,   0x31,   0x39,   0x2f,   0x73,   0x70,   0x6c,   0x69,   0x74,   0x33,   0x00,   0x00,
  0x02,   0x00,   0x00,   0x00,   0x01,   0x00,   0x00,   0x00,   0x20,   0x00,   0x00,   0x00,
  0xa2,   0x6a,   0xff,   0xff,   0x00,   0x00,   0x00,   0x01,   0x18,   0x00,   0x00,   0x00,
  0x20,   0x00,   0x00,   0x00,   0x3c,   0x00,   0x00,   0x00,   0xcb,   0x00,   0x00,   0x00,
  0x00,   0x00,   0x00,   0x09,   0x60,   0x00,   0x00,   0x00,   0x02,   0x00,   0x00,   0x00,
  0xff,   0xff,   0xff,   0xff,   0x80,   0x00,   0x00,   0x00,   0xec,   0x59,   0xff,   0xff,
  0x08,   0x00,   0x00,   0x00,   0x10,   0x00,   0x00,   0x00,   0x01,   0x00,   0x00,   0x00,
  0xdd,   0xff,   0xff,   0xff,   0xff,   0xff,   0xff,   0xff,   0x01,   0x00,   0x00,   0x00,
  0x8d,   0x45,   0xd6,   0x3c,   0x28,   0x00,   0x00,   0x00,   0x73,   0x65,   0x71,   0x75,
  0x65,   0x6e,   0x74,   0x69,   0x61,   0x6c,   0x5f,   0x31,   0x2f,   0x6c,   0x73,   0x74,
  0x6d,   0x5f,   0x31,   0x2f,   0x6c,   0x73,   0x74,   0x6d,   0x5f,   0x63,   0x65,   0x6c,
  0x6c,   0x5f,   0x31,   0x39,   0x2f,   0x42,   0x69,   0x61,   0x73,   0x41,   0x64,   0x64,
  0x00,   0x00,   0x00,   0x00,   0x02,   0x00,   0x00,   0x00,   0x01,   0x00,   0x00,   0x00,
  0x80,   0x00,   0x00,   0x00,   0x2a,   0x6b,   0xff,   0xff,   0x00,   0x00,   0x00,   0x01,
  0x18,   0x00,   0x00,   0x00,   0x20,   0x00,   0x00,   0x00,   0x40,   0x00,   0x00,   0x00,
  0xca,   0x00,   0x00,   0x00,   0x00,   0x00,   0x00,   0x09,   0x60,   0x00,   0x00,   0x00,
  0x02,   0x00,   0x00,   0x00,   0xff,   0xff,   0xff,   0xff,   0x80,   0x00,   0x00,   0x00,
  0x74,   0x5a,   0xff,   0xff,   0x08,   0x00,   0x00,   0x00,   0x14,   0x00,   0x00,   0x00,
  0x01,   0x00,   0x00,   0x00,   0xdd,   0xff,   0xff,   0xff,   0xff,   0xff,   0xff,   0xff,
  0x00,   0x00,   0x00,   0x00,   0x01,   0x00,   0x00,   0x00,   0x8d,   0x45,   0xd6,   0x3c,
  0x24,   0x00,   0x00,   0x00,   0x73,   0x65,   0x71,   0x75,   0x65,   0x6e,   0x74,   0x69,
  0x61,   0x6c,   0x5f,   0x31,   0x2f,   0x6c,   0x73,   0x74,   0x6d,   0x5f,   0x31,   0x2f,
  0x6c,   0x73,   0x74,   0x6d,   0x5f,   0x63,   0x65,   0x6c,   0x6c,   0x5f,   0x31,   0x39,
  0x2f,   0x41,   0x64,   0x64,   0x00,   0x00,   0x00,   0x00,   0x02,   0x00,   0x00,   0x00,
  0x01,   0x00,   0x00,   0x00,   0x80,   0x00,   0x00,   0x00,   0xb2,   0x6b,   0xff,   0xff,
  0x00,   0x00,   0x00,   0x01,   0x18,   0x00,   0x00,   0x00,   0x20,   0x00,   0x00,   0x00,
  0x3c,   0x00,   0x00,   0x00,   0xc9,   0x00,   0x00,   0x00,   0x00,   0x00,   0x00,   0x09,
  0x60,   0x00,   0x00,   0x00,   0x02,   0x00,   0x00,   0x00,   0xff,   0xff,   0xff,   0xff,
  0x80,   0x00,   0x00,   0x00,   0xfc,   0x5a,   0xff,   0xff,   0x08,   0x00,   0x00,   0x00,
  0x10,   0x00,   0x00,   0x00,   0x01,   0x00,   0x00,   0x00,   0x03,   0x00,   0x00,   0x00,
  0x00,   0x00,   0x00,   0x00,   0x01,   0x00,   0x00,   0x00,   0x06,   0xd5,   0x66,   0x3c,
  0x29,   0x00,   0x00,   0x00,   0x73,   0x65,   0x71,   0x75,   0x65,   0x6e,   0x74,   0x69,
  0x61,   0x6c,   0x5f,   0x31,   0x2f,   0x6c,   0x73,   0x74,   0x6d,   0x5f,   0x31,   0x2f,
  0x6c,   0x73,   0x74,   0x6d,   0x5f,   0x63,   0x65,   0x6c,   0x6c,   0x5f,   0x31,   0x39,
  0x2f,   0x4d,   0x61,   0x74,   0x4d,   0x75,   0x6c,   0x5f,   0x31,   0x00,   0x00,   0x00,
  0x02,   0x00,   0x00,   0x00,   0x01,   0x00,   0x00,   0x00,   0x80,   0x00,   0x00,   0x00,
  0x3a,   0x6c,   0xff,   0xff,   0x00,   0x00,   0x00,   0x01,   0x18,   0x00,   0x00,   0x00,
  0x20,   0x00,   0x00,   0x00,   0x40,   0x00,   0x00,   0x00,   0xc8,   0x00,   0x00,   0x00,
  0x00,   0x00,   0x00,   0x09,   0x60,   0x00,   0x00,   0x00,   0x02,   0x00,   0x00,   0x00,
  0xff,   0xff,   0xff,   0xff,   0x20,   0x00,   0x00,   0x00,   0x84,   0x5b,   0xff,   0xff,
  0x08,   0x00,   0x00,   0x00,   0x14,   0x00,   0x00,   0x00,   0x01,   0x00,   0x00,   0x00,
  0x19,   0x00,   0x00,   0x00,   0x00,   0x00,   0x00,   0x00,   0x00,   0x00,   0x00,   0x00,
  0x01,   0x00,   0x00,   0x00,   0xec,   0xb9,   0xc4,   0x3b,   0x26,   0x00,   0x00,   0x00,
  0x73,   0x65,   0x71,   0x75,   0x65,   0x6e,   0x74,   0x69,   0x61,   0x6c,   0x5f,   0x31,
  0x2f,   0x6c,   0x73,   0x74,   0x6d,   0x5f,   0x31,   0x2f,   0x6c,   0x73,   0x74,   0x6d,
  0x5f,   0x63,   0x65,   0x6c,   0x6c,   0x5f,   0x31,   0x37,   0x2f,   0x6d,   0x75,   0x6c,
  0x5f,   0x32,   0x00,   0x00,   0x02,   0x00,   0x00,   0x00,   0x01,   0x00,   0x00,   0x00,
  0x20,   0x00,   0x00,   0x00,   0xc2,   0x6c,   0xff,   0xff,   0x00,   0x00,   0x00,   0x01,
  0x18,   0x00,   0x00,   0x00,   0x20,   0x00,   0x00,   0x00,   0x40,   0x00,   0x00,   0x00,
  0xc7,   0x00,   0x00,   0x00,   0x00,   0x00,   0x00,   0x09,   0x60,   0x00,   0x00,   0x00,
  0x02,   0x00,   0x00,   0x00,   0xff,   0xff,   0xff,   0xff,   0x20,   0x00,   0x00,   0x00,
  0x0c,   0x5c,   0xff,   0xff,   0x08,   0x00,   0x00,   0x00,   0x14,   0x00,   0x00,   0x00,
  0x01,   0x00,   0x00,   0x00,   0x00,   0x00,   0x00,   0x00,   0x00,   0x00,   0x00,   0x00,
  0x00,   0x00,   0x00,   0x00,   0x01,   0x00,   0x00,   0x00,   0x00,   0x00,   0x00,   0x3c,
  0x27,   0x00,   0x00,   0x00,   0x73,   0x65,   0x71,   0x75,   0x65,   0x6e,   0x74,   0x69,
  0x61,   0x6c,   0x5f,   0x31,   0x2f,   0x6c,   0x73,   0x74,   0x6d,   0x5f,   0x31,   0x2f,
  0x6c,   0x73,   0x74,   0x6d,   0x5f,   0x63,   0x65,   0x6c,   0x6c,   0x5f,   0x31,   0x37,
  0x2f,   0x54,   0x61,   0x6e,   0x68,   0x5f,   0x31,   0x00,   0x02,   0x00,   0x00,   0x00,
  0x01,   0x00,   0x00,   0x00,   0x20,   0x00,   0x00,   0x00,   0x4a,   0x6d,   0xff,   0xff,
  0x00,   0x00,   0x00,   0x01,   0x18,   0x00,   0x00,   0x00,   0x20,   0x00,   0x00,   0x00,
  0x40,   0x00,   0x00,   0x00,   0xc6,   0x00,   0x00,   0x00,   0x00,   0x00,   0x00,   0x09,
  0x60,   0x00,   0x00,   0x00,   0x02,   0x00,   0x00,   0x00,   0xff,   0xff,   0xff,   0xff,
  0x20,   0x00,   0x00,   0x00,   0x94,   0x5c,   0xff,   0xff,   0x08,   0x00,   0x00,   0x00,
  0x14,   0x00,   0x00,   0x00,   0x01,   0x00,   0x00,   0x00,   0x22,   0x00,   0x00,   0x00,
  0x00,   0x00,   0x00,   0x00,   0x00,   0x00,   0x00,   0x00,   0x01,   0x00,   0x00,   0x00,
  0xf2,   0x2c,   0x91,   0x3c,   0x26,   0x00,   0x00,   0x00,   0x73,   0x65,   0x71,   0x75,
  0x65,   0x6e,   0x74,   0x69,   0x61,   0x6c,   0x5f,   0x31,   0x2f,   0x6c,   0x73,   0x74,
  0x6d,   0x5f,   0x31,   0x2f,   0x6c,   0x73,   0x74,   0x6d,   0x5f,   0x63,   0x65,   0x6c,
  0x6c,   0x5f,   0x31,   0x37,   0x2f,   0x61,   0x64,   0x64,   0x5f,   0x31,   0x00,   0x00,
  0x02,   0x00,   0x00,   0x00,   0x01,   0x00,   0x00,   0x00,   0x20,   0x00,   0x00,   0x00,
  0xd2,   0x6d,   0xff,   0xff,   0x00,   0x00,   0x00,   0x01,   0x18,   0x00,   0x00,   0x00,
  0x20,   0x00,   0x00,   0x00,   0x40,   0x00,   0x00,   0x00,   0xc5,   0x00,   0x00,   0x00,
  0x00,   0x00,   0x00,   0x09,   0x60,   0x00,   0x00,   0x00,   0x02,   0x00,   0x00,   0x00,
  0xff,   0xff,   0xff,   0xff,   0x20,   0x00,   0x00,   0x00,   0x1c,   0x5d,   0xff,   0xff,
  0x08,   0x00,   0x00,   0x00,   0x14,   0x00,   0x00,   0x00,   0x01,   0x00,   0x00,   0x00,
  0x0a,   0x00,   0x00,   0x00,   0x00,   0x00,   0x00,   0x00,   0x00,   0x00,   0x00,   0x00,
  0x01,   0x00,   0x00,   0x00,   0xdf,   0x40,   0x54,   0x3b,   0x26,   0x00,   0x00,   0x00,
  0x73,   0x65,   0x71,   0x75,   0x65,   0x6e,   0x74,   0x69,   0x61,   0x6c,   0x5f,   0x31,
  0x2f,   0x6c,   0x73,   0x74,   0x6d,   0x5f,   0x31,   0x2f,   0x6c,   0x73,   0x74,   0x6d,
  0x5f,   0x63,   0x65,   0x6c,   0x6c,   0x5f,   0x31,   0x37,   0x2f,   0x6d,   0x75,   0x6c,
  0x5f,   0x31,   0x00,   0x00,   0x02,   0x00,   0x00,   0x00,   0x01,   0x00,   0x00,   0x00,
  0x20,   0x00,   0x00,   0x00,   0x5a,   0x6e,   0xff,   0xff,   0x00,   0x00,   0x00,   0x01,
  0x18,   0x00,   0x00,   0x00,   0x20,   0x00,   0x00,   0x00,   0x40,   0x00,   0x00,   0x00,
  0xc4,   0x00,   0x00,   0x00,   0x00,   0x00,   0x00,   0x09,   0x60,   0x00,   0x00,   0x00,
  0x02,   0x00,   0x00,   0x00,   0xff,   0xff,   0xff,   0xff,   0x20,   0x00,   0x00,   0x00,
  0xa4,   0x5d,   0xff,   0xff,   0x08,   0x00,   0x00,   0x00,   0x14,   0x00,   0x00,   0x00,
  0x01,   0x00,   0x00,   0x00,   0x00,   0x00,   0x00,   0x00,   0x00,   0x00,   0x00,   0x00,
  0x00,   0x00,   0x00,   0x00,   0x01,   0x00,   0x00,   0x00,   0x00,   0x00,   0x00,   0x3c,
  0x25,   0x00,   0x00,   0x00,   0x73,   0x65,   0x71,   0x75,   0x65,   0x6e,   0x74,   0x69,
  0x61,   0x6c,   0x5f,   0x31,   0x2f,   0x6c,   0x73,   0x74,   0x6d,   0x5f,   0x31,   0x2f,
  0x6c,   0x73,   0x74,   0x6d,   0x5f,   0x63,   0x65,   0x6c,   0x6c,   0x5f,   0x31,   0x37,
  0x2f,   0x54,   0x61,   0x6e,   0x68,   0x00,   0x00,   0x00,   0x02,   0x00,   0x00,   0x00,
  0x01,   0x00,   0x00,   0x00,   0x20,   0x00,   0x00,   0x00,   0xe2,   0x6e,   0xff,   0xff,
  0x00,   0x00,   0x00,   0x01,   0x18,   0x00,   0x00,   0x00,   0x20,   0x00,   0x00,   0x00,
  0x3c,   0x00,   0x00,   0x00,   0xc3,   0x00,   0x00,   0x00,   0x00,   0x00,   0x00,   0x09,
  0x60,   0x00,   0x00,   0x00,   0x02,   0x00,   0x00,   0x00,   0xff,   0xff,   0xff,   0xff,
  0x20,   0x00,   0x00,   0x00,   0x2c,   0x5e,   0xff,   0xff,   0x08,   0x00,   0x00,   0x00,
  0x10,   0x00,   0x00,   0x00,   0x01,   0x00,   0x00,   0x00,   0x80,   0xff,   0xff,   0xff,
  0xff,   0xff,   0xff,   0xff,   0x01,   0x00,   0x00,   0x00,   0x00,   0x00,   0x80,   0x3b,
  0x2a,   0x00,   0x00,   0x00,   0x73,   0x65,   0x71,   0x75,   0x65,   0x6e,   0x74,   0x69,
  0x61,   0x6c,   0x5f,   0x31,   0x2f,   0x6c,   0x73,   0x74,   0x6d,   0x5f,   0x31,   0x2f,
  0x6c,   0x73,   0x74,   0x6d,   0x5f,   0x63,   0x65,   0x6c,   0x6c,   0x5f,   0x31,   0x37,
  0x2f,   0x53,   0x69,   0x67,   0x6d,   0x6f,   0x69,   0x64,   0x5f,   0x32,   0x00,   0x00,
  0x02,   0x00,   0x00,   0x00,   0x01,   0x00,   0x00,   0x00,   0x20,   0x00,   0x00,   0x00,
  0x6a,   0x6f,   0xff,   0xff,   0x00,   0x00,   0x00,   0x01,   0x18,   0x00,   0x00,   0x00,
  0x20,   0x00,   0x00,   0x00,   0x40,   0x00,   0x00,   0x00,   0xc2,   0x00,   0x00,   0x00,
  0x00,   0x00,   0x00,   0x09,   0x60,   0x00,   0x00,   0x00,   0x02,   0x00,   0x00,   0x00,
  0xff,   0xff,   0xff,   0xff,   0x20,   0x00,   0x00,   0x00,   0xb4,   0x5e,   0xff,   0xff,
  0x08,   0x00,   0x00,   0x00,   0x14,   0x00,   0x00,   0x00,   0x01,   0x00,   0x00,   0x00,
  0x22,   0x00,   0x00,   0x00,   0x00,   0x00,   0x00,   0x00,   0x00,   0x00,   0x00,   0x00,
  0x01,   0x00,   0x00,   0x00,   0xf2,   0x2c,   0x91,   0x3c,   0x24,   0x00,   0x00,   0x00,
  0x73,   0x65,   0x71,   0x75,   0x65,   0x6e,   0x74,   0x69,   0x61,   0x6c,   0x5f,   0x31,
  0x2f,   0x6c,   0x73,   0x74,   0x6d,   0x5f,   0x31,   0x2f,   0x6c,   0x73,   0x74,   0x6d,
  0x5f,   0x63,   0x65,   0x6c,   0x6c,   0x5f,   0x31,   0x37,   0x2f,   0x6d,   0x75,   0x6c,
  0x00,   0x00,   0x00,   0x00,   0x02,   0x00,   0x00,   0x00,   0x01,   0x00,   0x00,   0x00,
  0x20,   0x00,   0x00,   0x00,   0xf2,   0x6f,   0xff,   0xff,   0x00,   0x00,   0x00,   0x01,
  0x18,   0x00,   0x00,   0x00,   0x20,   0x00,   0x00,   0x00,   0x3c,   0x00,   0x00,   0x00,
  0xc1,   0x00,   0x00,   0x00,   0x00,   0x00,   0x00,   0x09,   0x60,   0x00,   0x00,   0x00,
  0x02,   0x00,   0x00,   0x00,   0xff,   0xff,   0xff,   0xff,   0x20,   0x00,   0x00,   0x00,
  0x3c,   0x5f,   0xff,   0xff,   0x08,   0x00,   0x00,   0x00,   0x10,   0x00,   0x00,   0x00,
  0x01,   0x00,   0x00,   0x00,   0x80,   0xff,   0xff,   0xff,   0xff,   0xff,   0xff,   0xff,
  0x01,   0x00,   0x00,   0x00,   0x00,   0x00,   0x80,   0x3b,   0x2a,   0x00,   0x00,   0x00,
  0x73,   0x65,   0x71,   0x75,   0x65,   0x6e,   0x74,   0x69,   0x61,   0x6c,   0x5f,   0x31,
  0x2f,   0x6c,   0x73,   0x74,   0x6d,   0x5f,   0x31,   0x2f,   0x6c,   0x73,   0x74,   0x6d,
  0x5f,   0x63,   0x65,   0x6c,   0x6c,   0x5f,   0x31,   0x37,   0x2f,   0x53,   0x69,   0x67,
  0x6d,   0x6f,   0x69,   0x64,   0x5f,   0x31,   0x00,   0x00,   0x02,   0x00,   0x00,   0x00,
  0x01,   0x00,   0x00,   0x00,   0x20,   0x00,   0x00,   0x00,   0x7a,   0x70,   0xff,   0xff,
  0x00,   0x00,   0x00,   0x01,   0x18,   0x00,   0x00,   0x00,   0x20,   0x00,   0x00,   0x00,
  0x3c,   0x00,   0x00,   0x00,   0xc0,   0x00,   0x00,   0x00,   0x00,   0x00,   0x00,   0x09,
  0x60,   0x00,   0x00,   0x00,   0x02,   0x00,   0x00,   0x00,   0xff,   0xff,   0xff,   0xff,
  0x20,   0x00,   0x00,   0x00,   0xc4,   0x5f,   0xff,   0xff,   0x08,   0x00,   0x00,   0x00,
  0x10,   0x00,   0x00,   0x00,   0x01,   0x00,   0x00,   0x00,   0x80,   0xff,   0xff,   0xff,
  0xff,   0xff,   0xff,   0xff,   0x01,   0x00,   0x00,   0x00,   0x00,   0x00,   0x80,   0x3b,
  0x28,   0x00,   0x00,   0x00,   0x73,   0x65,   0x71,   0x75,   0x65,   0x6e,   0x74,   0x69,
  0x61,   0x6c,   0x5f,   0x31,   0x2f,   0x6c,   0x73,   0x74,   0x6d,   0x5f,   0x31,   0x2f,
  0x6c,   0x73,   0x74,   0x6d,   0x5f,   0x63,   0x65,   0x6c,   0x6c,   0x5f,   0x31,   0x37,
  0x2f,   0x53,   0x69,   0x67,   0x6d,   0x6f,   0x69,   0x64,   0x00,   0x00,   0x00,   0x00,
  0x02,   0x00,   0x00,   0x00,   0x01,   0x00,   0x00,   0x00,   0x20,   0x00,   0x00,   0x00,
  0x02,   0x71,   0xff,   0xff,   0x00,   0x00,   0x00,   0x01,   0x18,   0x00,   0x00,   0x00,
  0x20,   0x00,   0x00,   0x00,   0x40,   0x00,   0x00,   0x00,   0xbf,   0x00,   0x00,   0x00,
  0x00,   0x00,   0x00,   0x09,   0xd8,   0x00,   0x00,   0x00,   0x02,   0x00,   0x00,   0x00,
  0xff,   0xff,   0xff,   0xff,   0x20,   0x00,   0x00,   0x00,   0x4c,   0x60,   0xff,   0xff,
  0x08,   0x00,   0x00,   0x00,   0x14,   0x00,   0x00,   0x00,   0x01,   0x00,   0x00,   0x00,
  0xdd,   0xff,   0xff,   0xff,   0xff,   0xff,   0xff,   0xff,   0x00,   0x00,   0x00,   0x00,
  0x01,   0x00,   0x00,   0x00,   0xaf,   0x7f,   0xd3,   0x3c,   0x9f,   0x00,   0x00,   0x00,
  0x73,   0x65,   0x71,   0x75,   0x65,   0x6e,   0x74,   0x69,   0x61,   0x6c,   0x5f,   0x31,
  0x2f,   0x6c,   0x73,   0x74,   0x6d,   0x5f,   0x31,   0x2f,   0x6c,   0x73,   0x74,   0x6d,
  0x5f,   0x63,   0x65,   0x6c,   0x6c,   0x5f,   0x31,   0x37,   0x2f,   0x73,   0x70,   0x6c,
  0x69,   0x74,   0x3b,   0x73,   0x65,   0x71,   0x75,   0x65,   0x6e,   0x74,   0x69,   0x61,
  0x6c,   0x5f,   0x31,   0x2f,   0x6c,   0x73,   0x74,   0x6d,   0x5f,   0x31,   0x2f,   0x6c,
  0x73,   0x74,   0x6d,   0x5f,   0x63,   0x65,   0x6c,   0x6c,   0x5f,   0x31,   0x37,   0x2f,
  0x73,   0x70,   0x6c,   0x69,   0x74,   0x31,   0x3b,   0x73,   0x65,   0x71,   0x75,   0x65,
  0x6e,   0x74,   0x69,   0x61,   0x6c,   0x5f,   0x31,   0x2f,   0x6c,   0x73,   0x74,   0x6d,
  0x5f,   0x31,   0x2f,   0x6c,   0x73,   0x74,   0x6d,   0x5f,   0x63,   0x65,   0x6c,   0x6c,
  0x5f,   0x31,   0x37,   0x2f,   0x73,   0x70,   0x6c,   0x69,   0x74,   0x32,   0x3b,   0x73,
  0x65,   0x71,   0x75,   0x65,   0x6e,   0x74,   0x69,   0x61,   0x6c,   0x5f,   0x31,   0x2f,
  0x6c,   0x73,   0x74,   0x6d,   0x5f,   0x31,   0x2f,   0x6c,   0x73,   0x74,   0x6d,   0x5f,
  0x63,   0x65,   0x6c,   0x6c,   0x5f,   0x31,   0x37,   0x2f,   0x73,   0x70,   0x6c,   0x69,
  0x74,   0x33,   0x33,   0x00,   0x02,   0x00,   0x00,   0x00,   0x01,   0x00,   0x00,   0x00,
  0x20,   0x00,   0x00,   0x00,   0x02,   0x72,   0xff,   0xff,   0x00,   0x00,   0x00,   0x01,
  0x18,   0x00,   0x00,   0x00,   0x20,   0x00,   0x00,   0x00,   0x40,   0x00,   0x00,   0x00,
  0xbe,   0x00,   0x00,   0x00,   0x00,   0x00,   0x00,   0x09,   0xd8,   0x00,   0x00,   0x00,
  0x02,   0x00,   0x00,   0x00,   0xff,   0xff,   0xff,   0xff,   0x20,   0x00,   0x00,   0x00,
  0x4c,   0x61,   0xff,   0xff,   0x08,   0x00,   0x00,   0x00,   0x14,   0x00,   0x00,   0x00,
  0x01,   0x00,   0x00,   0x00,   0xdd,   0xff,   0xff,   0xff,   0xff,   0xff,   0xff,   0xff,
  0x00,   0x00,   0x00,   0x00,   0x01,   0x00,   0x00,   0x00,   0xaf,   0x7f,   0xd3,   0x3c,
  0x9f,   0x00,   0x00,   0x00,   0x73,   0x65,   0x71,   0x75,   0x65,   0x6e,   0x74,   0x69,
  0x61,   0x6c,   0x5f,   0x31,   0x2f,   0x6c,   0x73,   0x74,   0x6d,   0x5f,   0x31,   0x2f,
  0x6c,   0x73,   0x74,   0x6d,   0x5f,   0x63,   0x65,   0x6c,   0x6c,   0x5f,   0x31,   0x37,
  0x2f,   0x73,   0x70,   0x6c,   0x69,   0x74,   0x3b,   0x73,   0x65,   0x71,   0x75,   0x65,
  0x6e,   0x74,   0x69,   0x61,   0x6c,   0x5f,   0x31,   0x2f,   0x6c,   0x73,   0x74,   0x6d,
  0x5f,   0x31,   0x2f,   0x6c,   0x73,   0x74,   0x6d,   0x5f,   0x63,   0x65,   0x6c,   0x6c,
  0x5f,   0x31,   0x37,   0x2f,   0x73,   0x70,   0x6c,   0x69,   0x74,   0x31,   0x3b,   0x73,
  0x65,   0x71,   0x75,   0x65,   0x6e,   0x74,   0x69,   0x61,   0x6c,   0x5f,   0x31,   0x2f,
  0x6c,   0x73,   0x74,   0x6d,   0x5f,   0x31,   0x2f,   0x6c,   0x73,   0x74,   0x6d,   0x5f,
  0x63,   0x65,   0x6c,   0x6c,   0x5f,   0x31,   0x37,   0x2f,   0x73,   0x70,   0x6c,   0x69,
  0x74,   0x32,   0x3b,   0x73,   0x65,   0x71,   0x75,   0x65,   0x6e,   0x74,   0x69,   0x61,
  0x6c,   0x5f,   0x31,   0x2f,   0x6c,   0x73,   0x74,   0x6d,   0x5f,   0x31,   0x2f,   0x6c,
  0x73,   0x74,   0x6d,   0x5f,   0x63,   0x65,   0x6c,   0x6c,   0x5f,   0x31,   0x37,   0x2f,
  0x73,   0x70,   0x6c,   0x69,   0x74,   0x33,   0x32,   0x00,   0x02,   0x00,   0x00,   0x00,
  0x01,   0x00,   0x00,   0x00,   0x20,   0x00,   0x00,   0x00,   0x02,   0x73,   0xff,   0xff,
  0x00,   0x00,   0x00,   0x01,   0x18,   0x00,   0x00,   0x00,   0x20,   0x00,   0x00,   0x00,
  0x40,   0x00,   0x00,   0x00,   0xbd,   0x00,   0x00,   0x00,   0x00,   0x00,   0x00,   0x09,
  0xd8,   0x00,   0x00,   0x00,   0x02,   0x00,   0x00,   0x00,   0xff,   0xff,   0xff,   0xff,
  0x20,   0x00,   0x00,   0x00,   0x4c,   0x62,   0xff,   0xff,   0x08,   0x00,   0x00,   0x00,
  0x14,   0x00,   0x00,   0x00,   0x01,   0x00,   0x00,   0x00,   0xdd,   0xff,   0xff,   0xff,
  0xff,   0xff,   0xff,   0xff,   0x00,   0x00,   0x00,   0x00,   0x01,   0x00,   0x00,   0x00,
  0xaf,   0x7f,   0xd3,   0x3c,   0x9f,   0x00,   0x00,   0x00,   0x73,   0x65,   0x71,   0x75,
  0x65,   0x6e,   0x74,   0x69,   0x61,   0x6c,   0x5f,   0x31,   0x2f,   0x6c,   0x73,   0x74,
  0x6d,   0x5f,   0x31,   0x2f,   0x6c,   0x73,   0x74,   0x6d,   0x5f,   0x63,   0x65,   0x6c,
  0x6c,   0x5f,   0x31,   0x37,   0x2f,   0x73,   0x70,   0x6c,   0x69,   0x74,   0x3b,   0x73,
  0x65,   0x71,   0x75,   0x65,   0x6e,   0x74,   0x69,   0x61,   0x6c,   0x5f,   0x31,   0x2f,
  0x6c,   0x73,   0x74,   0x6d,   0x5f,   0x31,   0x2f,   0x6c,   0x73,   0x74,   0x6d,   0x5f,
  0x63,   0x65,   0x6c,   0x6c,   0x5f,   0x31,   0x37,   0x2f,   0x73,   0x70,   0x6c,   0x69,
  0x74,   0x31,   0x3b,   0x73,   0x65,   0x71,   0x75,   0x65,   0x6e,   0x74,   0x69,   0x61,
  0x6c,   0x5f,   0x31,   0x2f,   0x6c,   0x73,   0x74,   0x6d,   0x5f,   0x31,   0x2f,   0x6c,
  0x73,   0x74,   0x6d,   0x5f,   0x63,   0x65,   0x6c,   0x6c,   0x5f,   0x31,   0x37,   0x2f,
  0x73,   0x70,   0x6c,   0x69,   0x74,   0x32,   0x3b,   0x73,   0x65,   0x71,   0x75,   0x65,
  0x6e,   0x74,   0x69,   0x61,   0x6c,   0x5f,   0x31,   0x2f,   0x6c,   0x73,   0x74,   0x6d,
  0x5f,   0x31,   0x2f,   0x6c,   0x73,   0x74,   0x6d,   0x5f,   0x63,   0x65,   0x6c,   0x6c,
  0x5f,   0x31,   0x37,   0x2f,   0x73,   0x70,   0x6c,   0x69,   0x74,   0x33,   0x31,   0x00,
  0x02,   0x00,   0x00,   0x00,   0x01,   0x00,   0x00,   0x00,   0x20,   0x00,   0x00,   0x00,
  0x02,   0x74,   0xff,   0xff,   0x00,   0x00,   0x00,   0x01,   0x18,   0x00,   0x00,   0x00,
  0x20,   0x00,   0x00,   0x00,   0x40,   0x00,   0x00,   0x00,   0xbc,   0x00,   0x00,   0x00,
  0x00,   0x00,   0x00,   0x09,   0xd8,   0x00,   0x00,   0x00,   0x02,   0x00,   0x00,   0x00,
  0xff,   0xff,   0xff,   0xff,   0x20,   0x00,   0x00,   0x00,   0x4c,   0x63,   0xff,   0xff,
  0x08,   0x00,   0x00,   0x00,   0x14,   0x00,   0x00,   0x00,   0x01,   0x00,   0x00,   0x00,
  0xdd,   0xff,   0xff,   0xff,   0xff,   0xff,   0xff,   0xff,   0x00,   0x00,   0x00,   0x00,
  0x01,   0x00,   0x00,   0x00,   0xaf,   0x7f,   0xd3,   0x3c,   0x9e,   0x00,   0x00,   0x00,
  0x73,   0x65,   0x71,   0x75,   0x65,   0x6e,   0x74,   0x69,   0x61,   0x6c,   0x5f,   0x31,
  0x2f,   0x6c,   0x73,   0x74,   0x6d,   0x5f,   0x31,   0x2f,   0x6c,   0x73,   0x74,   0x6d,
  0x5f,   0x63,   0x65,   0x6c,   0x6c,   0x5f,   0x31,   0x37,   0x2f,   0x73,   0x70,   0x6c,
  0x69,   0x74,   0x3b,   0x73,   0x65,   0x71,   0x75,   0x65,   0x6e,   0x74,   0x69,   0x61,
  0x6c,   0x5f,   0x31,   0x2f,   0x6c,   0x73,   0x74,   0x6d,   0x5f,   0x31,   0x2f,   0x6c,
  0x73,   0x74,   0x6d,   0x5f,   0x63,   0x65,   0x6c,   0x6c,   0x5f,   0x31,   0x37,   0x2f,
  0x73,   0x70,   0x6c,   0x69,   0x74,   0x31,   0x3b,   0x73,   0x65,   0x71,   0x75,   0x65,
  0x6e,   0x74,   0x69,   0x61,   0x6c,   0x5f,   0x31,   0x2f,   0x6c,   0x73,   0x74,   0x6d,
  0x5f,   0x31,   0x2f,   0x6c,   0x73,   0x74,   0x6d,   0x5f,   0x63,   0x65,   0x6c,   0x6c,
  0x5f,   0x31,   0x37,   0x2f,   0x73,   0x70,   0x6c,   0x69,   0x74,   0x32,   0x3b,   0x73,
  0x65,   0x71,   0x75,   0x65,   0x6e,   0x74,   0x69,   0x61,   0x6c,   0x5f,   0x31,   0x2f,
  0x6c,   0x73,   0x74,   0x6d,   0x5f,   0x31,   0x2f,   0x6c,   0x73,   0x74,   0x6d,   0x5f,
  0x63,   0x65,   0x6c,   0x6c,   0x5f,   0x31,   0x37,   0x2f,   0x73,   0x70,   0x6c,   0x69,
  0x74,   0x33,   0x00,   0x00,   0x02,   0x00,   0x00,   0x00,   0x01,   0x00,   0x00,   0x00,
  0x20,   0x00,   0x00,   0x00,   0x02,   0x75,   0xff,   0xff,   0x00,   0x00,   0x00,   0x01,
  0x18,   0x00,   0x00,   0x00,   0x20,   0x00,   0x00,   0x00,   0x3c,   0x00,   0x00,   0x00,
  0xbb,   0x00,   0x00,   0x00,   0x00,   0x00,   0x00,   0x09,   0x60,   0x00,   0x00,   0x00,
  0x02,   0x00,   0x00,   0x00,   0xff,   0xff,   0xff,   0xff,   0x80,   0x00,   0x00,   0x00,
  0x4c,   0x64,   0xff,   0xff,   0x08,   0x00,   0x00,   0x00,   0x10,   0x00,   0x00,   0x00,
  0x01,   0x00,   0x00,   0x00,   0xdd,   0xff,   0xff,   0xff,   0xff,   0xff,   0xff,   0xff,
  0x01,   0x00,   0x00,   0x00,   0xaf,   0x7f,   0xd3,   0x3c,   0x28,   0x00,   0x00,   0x00,
  0x73,   0x65,   0x71,   0x75,   0x65,   0x6e,   0x74,   0x69,   0x61,   0x6c,   0x5f,   0x31,
  0x2f,   0x6c,   0x73,   0x74,   0x6d,   0x5f,   0x31,   0x2f,   0x6c,   0x73,   0x74,   0x6d,
  0x5f,   0x63,   0x65,   0x6c,   0x6c,   0x5f,   0x31,   0x37,   0x2f,   0x42,   0x69,   0x61,
  0x73,   0x41,   0x64,   0x64,   0x00,   0x00,   0x00,   0x00,   0x02,   0x00,   0x00,   0x00,
  0x01,   0x00,   0x00,   0x00,   0x80,   0x00,   0x00,   0x00,   0x8a,   0x75,   0xff,   0xff,
  0x00,   0x00,   0x00,   0x01,   0x18,   0x00,   0x00,   0x00,   0x20,   0x00,   0x00,   0x00,
  0x40,   0x00,   0x00,   0x00,   0xba,   0x00,   0x00,   0x00,   0x00,   0x00,   0x00,   0x09,
  0x60,   0x00,   0x00,   0x00,   0x02,   0x00,   0x00,   0x00,   0xff,   0xff,   0xff,   0xff,
  0x80,   0x00,   0x00,   0x00,   0xd4,   0x64,   0xff,   0xff,   0x08,   0x00,   0x00,   0x00,
  0x14,   0x00,   0x00,   0x00,   0x01,   0x00,   0x00,   0x00,   0xdd,   0xff,   0xff,   0xff,
  0xff,   0xff,   0xff,   0xff,   0x00,   0x00,   0x00,   0x00,   0x01,   0x00,   0x00,   0x00,
  0xaf,   0x7f,   0xd3,   0x3c,   0x24,   0x00,   0x00,   0x00,   0x73,   0x65,   0x71,   0x75,
  0x65,   0x6e,   0x74,   0x69,   0x61,   0x6c,   0x5f,   0x31,   0x2f,   0x6c,   0x73,   0x74,
  0x6d,   0x5f,   0x31,   0x2f,   0x6c,   0x73,   0x74,   0x6d,   0x5f,   0x63,   0x65,   0x6c,
  0x6c,   0x5f,   0x31,   0x37,   0x2f,   0x41,   0x64,   0x64,   0x00,   0x00,   0x00,   0x00,
  0x02,   0x00,   0x00,   0x00,   0x01,   0x00,   0x00,   0x00,   0x80,   0x00,   0x00,   0x00,
  0x12,   0x76,   0xff,   0xff,   0x00,   0x00,   0x00,   0x01,   0x18,   0x00,   0x00,   0x00,
  0x20,   0x00,   0x00,   0x00,   0x3c,   0x00,   0x00,   0x00,   0xb9,   0x00,   0x00,   0x00,
  0x00,   0x00,   0x00,   0x09,   0x60,   0x00,   0x00,   0x00,   0x02,   0x00,   0x00,   0x00,
  0xff,   0xff,   0xff,   0xff,   0x80,   0x00,   0x00,   0x00,   0x5c,   0x65,   0xff,   0xff,
  0x08,   0x00,   0x00,   0x00,   0x10,   0x00,   0x00,   0x00,   0x01,   0x00,   0x00,   0x00,
  0x04,   0x00,   0x00,   0x00,   0x00,   0x00,   0x00,   0x00,   0x01,   0x00,   0x00,   0x00,
  0x7b,   0xda,   0x60,   0x3c,   0x29,   0x00,   0x00,   0x00,   0x73,   0x65,   0x71,   0x75,
  0x65,   0x6e,   0x74,   0x69,   0x61,   0x6c,   0x5f,   0x31,   0x2f,   0x6c,   0x73,   0x74,
  0x6d,   0x5f,   0x31,   0x2f,   0x6c,   0x73,   0x74,   0x6d,   0x5f,   0x63,   0x65,   0x6c,
  0x6c,   0x5f,   0x31,   0x37,   0x2f,   0x4d,   0x61,   0x74,   0x4d,   0x75,   0x6c,   0x5f,
  0x31,   0x00,   0x00,   0x00,   0x02,   0x00,   0x00,   0x00,   0x01,   0x00,   0x00,   0x00,
  0x80,   0x00,   0x00,   0x00,   0x9a,   0x76,   0xff,   0xff,   0x00,   0x00,   0x00,   0x01,
  0x18,   0x00,   0x00,   0x00,   0x20,   0x00,   0x00,   0x00,   0x40,   0x00,   0x00,   0x00,
  0xb8,   0x00,   0x00,   0x00,   0x00,   0x00,   0x00,   0x09,   0x60,   0x00,   0x00,   0x00,
  0x02,   0x00,   0x00,   0x00,   0xff,   0xff,   0xff,   0xff,   0x20,   0x00,   0x00,   0x00,
  0xe4,   0x65,   0xff,   0xff,   0x08,   0x00,   0x00,   0x00,   0x14,   0x00,   0x00,   0x00,
  0x01,   0x00,   0x00,   0x00,   0x1c,   0x00,   0x00,   0x00,   0x00,   0x00,   0x00,   0x00,
  0x00,   0x00,   0x00,   0x00,   0x01,   0x00,   0x00,   0x00,   0x7d,   0x2c,   0xc0,   0x3b,
  0x26,   0x00,   0x00,   0x00,   0x73,   0x65,   0x71,   0x75,   0x65,   0x6e,   0x74,   0x69,
  0x61,   0x6c,   0x5f,   0x31,   0x2f,   0x6c,   0x73,   0x74,   0x6d,   0x5f,   0x31,   0x2f,
  0x6c,   0x73,   0x74,   0x6d,   0x5f,   0x63,   0x65,   0x6c,   0x6c,   0x5f,   0x31,   0x35,
  0x2f,   0x6d,   0x75,   0x6c,   0x5f,   0x32,   0x00,   0x00,   0x02,   0x00,   0x00,   0x00,
  0x01,   0x00,   0x00,   0x00,   0x20,   0x00,   0x00,   0x00,   0x22,   0x77,   0xff,   0xff,
  0x00,   0x00,   0x00,   0x01,   0x18,   0x00,   0x00,   0x00,   0x20,   0x00,   0x00,   0x00,
  0x40,   0x00,   0x00,   0x00,   0xb7,   0x00,   0x00,   0x00,   0x00,   0x00,   0x00,   0x09,
  0x60,   0x00,   0x00,   0x00,   0x02,   0x00,   0x00,   0x00,   0xff,   0xff,   0xff,   0xff,
  0x20,   0x00,   0x00,   0x00,   0x6c,   0x66,   0xff,   0xff,   0x08,   0x00,   0x00,   0x00,
  0x14,   0x00,   0x00,   0x00,   0x01,   0x00,   0x00,   0x00,   0x00,   0x00,   0x00,   0x00,
  0x00,   0x00,   0x00,   0x00,   0x00,   0x00,   0x00,   0x00,   0x01,   0x00,   0x00,   0x00,
  0x00,   0x00,   0x00,   0x3c,   0x27,   0x00,   0x00,   0x00,   0x73,   0x65,   0x71,   0x75,
  0x65,   0x6e,   0x74,   0x69,   0x61,   0x6c,   0x5f,   0x31,   0x2f,   0x6c,   0x73,   0x74,
  0x6d,   0x5f,   0x31,   0x2f,   0x6c,   0x73,   0x74,   0x6d,   0x5f,   0x63,   0x65,   0x6c,
  0x6c,   0x5f,   0x31,   0x35,   0x2f,   0x54,   0x61,   0x6e,   0x68,   0x5f,   0x31,   0x00,
  0x02,   0x00,   0x00,   0x00,   0x01,   0x00,   0x00,   0x00,   0x20,   0x00,   0x00,   0x00,
  0xaa,   0x77,   0xff,   0xff,   0x00,   0x00,   0x00,   0x01,   0x18,   0x00,   0x00,   0x00,
  0x20,   0x00,   0x00,   0x00,   0x40,   0x00,   0x00,   0x00,   0xb6,   0x00,   0x00,   0x00,
  0x00,   0x00,   0x00,   0x09,   0x60,   0x00,   0x00,   0x00,   0x02,   0x00,   0x00,   0x00,
  0xff,   0xff,   0xff,   0xff,   0x20,   0x00,   0x00,   0x00,   0xf4,   0x66,   0xff,   0xff,
  0x08,   0x00,   0x00,   0x00,   0x14,   0x00,   0x00,   0x00,   0x01,   0x00,   0x00,   0x00,
  0x1e,   0x00,   0x00,   0x00,   0x00,   0x00,   0x00,   0x00,   0x00,   0x00,   0x00,   0x00,
  0x01,   0x00,   0x00,   0x00,   0x0e,   0x02,   0x85,   0x3c,   0x26,   0x00,   0x00,   0x00,
  0x73,   0x65,   0x71,   0x75,   0x65,   0x6e,   0x74,   0x69,   0x61,   0x6c,   0x5f,   0x31,
  0x2f,   0x6c,   0x73,   0x74,   0x6d,   0x5f,   0x31,   0x2f,   0x6c,   0x73,   0x74,   0x6d,
  0x5f,   0x63,   0x65,   0x6c,   0x6c,   0x5f,   0x31,   0x35,   0x2f,   0x61,   0x64,   0x64,
  0x5f,   0x31,   0x00,   0x00,   0x02,   0x00,   0x00,   0x00,   0x01,   0x00,   0x00,   0x00,
  0x20,   0x00,   0x00,   0x00,   0x32,   0x78,   0xff,   0xff,   0x00,   0x00,   0x00,   0x01,
  0x18,   0x00,   0x00,   0x00,   0x20,   0x00,   0x00,   0x00,   0x40,   0x00,   0x00,   0x00,
  0xb5,   0x00,   0x00,   0x00,   0x00,   0x00,   0x00,   0x09,   0x60,   0x00,   0x00,   0x00,
  0x02,   0x00,   0x00,   0x00,   0xff,   0xff,   0xff,   0xff,   0x20,   0x00,   0x00,   0x00,
  0x7c,   0x67,   0xff,   0xff,   0x08,   0x00,   0x00,   0x00,   0x14,   0x00,   0x00,   0x00,
  0x01,   0x00,   0x00,   0x00,   0x0a,   0x00,   0x00,   0x00,   0x00,   0x00,   0x00,   0x00,
  0x00,   0x00,   0x00,   0x00,   0x01,   0x00,   0x00,   0x00,   0x22,   0xaa,   0x51,   0x3b,
  0x26,   0x00,   0x00,   0x00,   0x73,   0x65,   0x71,   0x75,   0x65,   0x6e,   0x74,   0x69,
  0x61,   0x6c,   0x5f,   0x31,   0x2f,   0x6c,   0x73,   0x74,   0x6d,   0x5f,   0x31,   0x2f,
  0x6c,   0x73,   0x74,   0x6d,   0x5f,   0x63,   0x65,   0x6c,   0x6c,   0x5f,   0x31,   0x35,
  0x2f,   0x6d,   0x75,   0x6c,   0x5f,   0x31,   0x00,   0x00,   0x02,   0x00,   0x00,   0x00,
  0x01,   0x00,   0x00,   0x00,   0x20,   0x00,   0x00,   0x00,   0xba,   0x78,   0xff,   0xff,
  0x00,   0x00,   0x00,   0x01,   0x18,   0x00,   0x00,   0x00,   0x20,   0x00,   0x00,   0x00,
  0x40,   0x00,   0x00,   0x00,   0xb4,   0x00,   0x00,   0x00,   0x00,   0x00,   0x00,   0x09,
  0x60,   0x00,   0x00,   0x00,   0x02,   0x00,   0x00,   0x00,   0xff,   0xff,   0xff,   0xff,
  0x20,   0x00,   0x00,   0x00,   0x04,   0x68,   0xff,   0xff,   0x08,   0x00,   0x00,   0x00,
  0x14,   0x00,   0x00,   0x00,   0x01,   0x00,   0x00,   0x00,   0x00,   0x00,   0x00,   0x00,
  0x00,   0x00,   0x00,   0x00,   0x00,   0x00,   0x00,   0x00,   0x01,   0x00,   0x00,   0x00,
  0x00,   0x00,   0x00,   0x3c,   0x25,   0x00,   0x00,   0x00,   0x73,   0x65,   0x71,   0x75,
  0x65,   0x6e,   0x74,   0x69,   0x61,   0x6c,   0x5f,   0x31,   0x2f,   0x6c,   0x73,   0x74,
  0x6d,   0x5f,   0x31,   0x2f,   0x6c,   0x73,   0x74,   0x6d,   0x5f,   0x63,   0x65,   0x6c,
  0x6c,   0x5f,   0x31,   0x35,   0x2f,   0x54,   0x61,   0x6e,   0x68,   0x00,   0x00,   0x00,
  0x02,   0x00,   0x00,   0x00,   0x01,   0x00,   0x00,   0x00,   0x20,   0x00,   0x00,   0x00,
  0x42,   0x79,   0xff,   0xff,   0x00,   0x00,   0x00,   0x01,   0x18,   0x00,   0x00,   0x00,
  0x20,   0x00,   0x00,   0x00,   0x3c,   0x00,   0x00,   0x00,   0xb3,   0x00,   0x00,   0x00,
  0x00,   0x00,   0x00,   0x09,   0x60,   0x00,   0x00,   0x00,   0x02,   0x00,   0x00,   0x00,
  0xff,   0xff,   0xff,   0xff,   0x20,   0x00,   0x00,   0x00,   0x8c,   0x68,   0xff,   0xff,
  0x08,   0x00,   0x00,   0x00,   0x10,   0x00,   0x00,   0x00,   0x01,   0x00,   0x00,   0x00,
  0x80,   0xff,   0xff,   0xff,   0xff,   0xff,   0xff,   0xff,   0x01,   0x00,   0x00,   0x00,
  0x00,   0x00,   0x80,   0x3b,   0x2a,   0x00,   0x00,   0x00,   0x73,   0x65,   0x71,   0x75,
  0x65,   0x6e,   0x74,   0x69,   0x61,   0x6c,   0x5f,   0x31,   0x2f,   0x6c,   0x73,   0x74,
  0x6d,   0x5f,   0x31,   0x2f,   0x6c,   0x73,   0x74,   0x6d,   0x5f,   0x63,   0x65,   0x6c,
  0x6c,   0x5f,   0x31,   0x35,   0x2f,   0x53,   0x69,   0x67,   0x6d,   0x6f,   0x69,   0x64,
  0x5f,   0x32,   0x00,   0x00,   0x02,   0x00,   0x00,   0x00,   0x01,   0x00,   0x00,   0x00,
  0x20,   0x00,   0x00,   0x00,   0xca,   0x79,   0xff,   0xff,   0x00,   0x00,   0x00,   0x01,
  0x18,   0x00,   0x00,   0x00,   0x20,   0x00,   0x00,   0x00,   0x40,   0x00,   0x00,   0x00,
  0xb2,   0x00,   0x00,   0x00,   0x00,   0x00,   0x00,   0x09,   0x60,   0x00,   0x00,   0x00,
  0x02,   0x00,   0x00,   0x00,   0xff,   0xff,   0xff,   0xff,   0x20,   0x00,   0x00,   0x00,
  0x14,   0x69,   0xff,   0xff,   0x08,   0x00,   0x00,   0x00,   0x14,   0x00,   0x00,   0x00,
  0x01,   0x00,   0x00,   0x00,   0x1e,   0x00,   0x00,   0x00,   0x00,   0x00,   0x00,   0x00,
  0x00,   0x00,   0x00,   0x00,   0x01,   0x00,   0x00,   0x00,   0x0e,   0x02,   0x85,   0x3c,
  0x24,   0x00,   0x00,   0x00,   0x73,   0x65,   0x71,   0x75,   0x65,   0x6e,   0x74,   0x69,
  0x61,   0x6c,   0x5f,   0x31,   0x2f,   0x6c,   0x73,   0x74,   0x6d,   0x5f,   0x31,   0x2f,
  0x6c,   0x73,   0x74,   0x6d,   0x5f,   0x63,   0x65,   0x6c,   0x6c,   0x5f,   0x31,   0x35,
  0x2f,   0x6d,   0x75,   0x6c,   0x00,   0x00,   0x00,   0x00,   0x02,   0x00,   0x00,   0x00,
  0x01,   0x00,   0x00,   0x00,   0x20,   0x00,   0x00,   0x00,   0x52,   0x7a,   0xff,   0xff,
  0x00,   0x00,   0x00,   0x01,   0x18,   0x00,   0x00,   0x00,   0x20,   0x00,   0x00,   0x00,
  0x3c,   0x00,   0x00,   0x00,   0xb1,   0x00,   0x00,   0x00,   0x00,   0x00,   0x00,   0x09,
  0x60,   0x00,   0x00,   0x00,   0x02,   0x00,   0x00,   0x00,   0xff,   0xff,   0xff,   0xff,
  0x20,   0x00,   0x00,   0x00,   0x9c,   0x69,   0xff,   0xff,   0x08,   0x00,   0x00,   0x00,
  0x10,   0x00,   0x00,   0x00,   0x01,   0x00,   0x00,   0x00,   0x80,   0xff,   0xff,   0xff,
  0xff,   0xff,   0xff,   0xff,   0x01,   0x00,   0x00,   0x00,   0x00,   0x00,   0x80,   0x3b,
  0x2a,   0x00,   0x00,   0x00,   0x73,   0x65,   0x71,   0x75,   0x65,   0x6e,   0x74,   0x69,
  0x61,   0x6c,   0x5f,   0x31,   0x2f,   0x6c,   0x73,   0x74,   0x6d,   0x5f,   0x31,   0x2f,
  0x6c,   0x73,   0x74,   0x6d,   0x5f,   0x63,   0x65,   0x6c,   0x6c,   0x5f,   0x31,   0x35,
  0x2f,   0x53,   0x69,   0x67,   0x6d,   0x6f,   0x69,   0x64,   0x5f,   0x31,   0x00,   0x00,
  0x02,   0x00,   0x00,   0x00,   0x01,   0x00,   0x00,   0x00,   0x20,   0x00,   0x00,   0x00,
  0xda,   0x7a,   0xff,   0xff,   0x00,   0x00,   0x00,   0x01,   0x18,   0x00,   0x00,   0x00,
  0x20,   0x00,   0x00,   0x00,   0x3c,   0x00,   0x00,   0x00,   0xb0,   0x00,   0x00,   0x00,
  0x00,   0x00,   0x00,   0x09,   0x60,   0x00,   0x00,   0x00,   0x02,   0x00,   0x00,   0x00,
  0xff,   0xff,   0xff,   0xff,   0x20,   0x00,   0x00,   0x00,   0x24,   0x6a,   0xff,   0xff,
  0x08,   0x00,   0x00,   0x00,   0x10,   0x00,   0x00,   0x00,   0x01,   0x00,   0x00,   0x00,
  0x80,   0xff,   0xff,   0xff,   0xff,   0xff,   0xff,   0xff,   0x01,   0x00,   0x00,   0x00,
  0x00,   0x00,   0x80,   0x3b,   0x28,   0x00,   0x00,   0x00,   0x73,   0x65,   0x71,   0x75,
  0x65,   0x6e,   0x74,   0x69,   0x61,   0x6c,   0x5f,   0x31,   0x2f,   0x6c,   0x73,   0x74,
  0x6d,   0x5f,   0x31,   0x2f,   0x6c,   0x73,   0x74,   0x6d,   0x5f,   0x63,   0x65,   0x6c,
  0x6c,   0x5f,   0x31,   0x35,   0x2f,   0x53,   0x69,   0x67,   0x6d,   0x6f,   0x69,   0x64,
  0x00,   0x00,   0x00,   0x00,   0x02,   0x00,   0x00,   0x00,   0x01,   0x00,   0x00,   0x00,
  0x20,   0x00,   0x00,   0x00,   0x62,   0x7b,   0xff,   0xff,   0x00,   0x00,   0x00,   0x01,
  0x18,   0x00,   0x00,   0x00,   0x20,   0x00,   0x00,   0x00,   0x40,   0x00,   0x00,   0x00,
  0xaf,   0x00,   0x00,   0x00,   0x00,   0x00,   0x00,   0x09,   0xd8,   0x00,   0x00,   0x00,
  0x02,   0x00,   0x00,   0x00,   0xff,   0xff,   0xff,   0xff,   0x20,   0x00,   0x00,   0x00,
  0xac,   0x6a,   0xff,   0xff,   0x08,   0x00,   0x00,   0x00,   0x14,   0x00,   0x00,   0x00,
  0x01,   0x00,   0x00,   0x00,   0xdd,   0xff,   0xff,   0xff,   0xff,   0xff,   0xff,   0xff,
  0x00,   0x00,   0x00,   0x00,   0x01,   0x00,   0x00,   0x00,   0x5d,   0x69,   0xd2,   0x3c,
  0x9f,   0x00,   0x00,   0x00,   0x73,   0x65,   0x71,   0x75,   0x65,   0x6e,   0x74,   0x69,
  0x61,   0x6c,   0x5f,   0x31,   0x2f,   0x6c,   0x73,   0x74,   0x6d,   0x5f,   0x31,   0x2f,
  0x6c,   0x73,   0x74,   0x6d,   0x5f,   0x63,   0x65,   0x6c,   0x6c,   0x5f,   0x31,   0x35,
  0x2f,   0x73,   0x70,   0x6c,   0x69,   0x74,   0x3b,   0x73,   0x65,   0x71,   0x75,   0x65,
  0x6e,   0x74,   0x69,   0x61,   0x6c,   0x5f,   0x31,   0x2f,   0x6c,   0x73,   0x74,   0x6d,
  0x5f,   0x31,   0x2f,   0x6c,   0x73,   0x74,   0x6d,   0x5f,   0x63,   0x65,   0x6c,   0x6c,
  0x5f,   0x31,   0x35,   0x2f,   0x73,   0x70,   0x6c,   0x69,   0x74,   0x31,   0x3b,   0x73,
  0x65,   0x71,   0x75,   0x65,   0x6e,   0x74,   0x69,   0x61,   0x6c,   0x5f,   0x31,   0x2f,
  0x6c,   0x73,   0x74,   0x6d,   0x5f,   0x31,   0x2f,   0x6c,   0x73,   0x74,   0x6d,   0x5f,
  0x63,   0x65,   0x6c,   0x6c,   0x5f,   0x31,   0x35,   0x2f,   0x73,   0x70,   0x6c,   0x69,
  0x74,   0x32,   0x3b,   0x73,   0x65,   0x71,   0x75,   0x65,   0x6e,   0x74,   0x69,   0x61,
  0x6c,   0x5f,   0x31,   0x2f,   0x6c,   0x73,   0x74,   0x6d,   0x5f,   0x31,   0x2f,   0x6c,
  0x73,   0x74,   0x6d,   0x5f,   0x63,   0x65,   0x6c,   0x6c,   0x5f,   0x31,   0x35,   0x2f,
  0x73,   0x70,   0x6c,   0x69,   0x74,   0x33,   0x33,   0x00,   0x02,   0x00,   0x00,   0x00,
  0x01,   0x00,   0x00,   0x00,   0x20,   0x00,   0x00,   0x00,   0x62,   0x7c,   0xff,   0xff,
  0x00,   0x00,   0x00,   0x01,   0x18,   0x00,   0x00,   0x00,   0x20,   0x00,   0x00,   0x00,
  0x40,   0x00,   0x00,   0x00,   0xae,   0x00,   0x00,   0x00,   0x00,   0x00,   0x00,   0x09,
  0xd8,   0x00,   0x00,   0x00,   0x02,   0x00,   0x00,   0x00,   0xff,   0xff,   0xff,   0xff,
  0x20,   0x00,   0x00,   0x00,   0xac,   0x6b,   0xff,   0xff,   0x08,   0x00,   0x00,   0x00,
  0x14,   0x00,   0x00,   0x00,   0x01,   0x00,   0x00,   0x00,   0xdd,   0xff,   0xff,   0xff,
  0xff,   0xff,   0xff,   0xff,   0x00,   0x00,   0x00,   0x00,   0x01,   0x00,   0x00,   0x00,
  0x5d,   0x69,   0xd2,   0x3c,   0x9f,   0x00,   0x00,   0x00,   0x73,   0x65,   0x71,   0x75,
  0x65,   0x6e,   0x74,   0x69,   0x61,   0x6c,   0x5f,   0x31,   0x2f,   0x6c,   0x73,   0x74,
  0x6d,   0x5f,   0x31,   0x2f,   0x6c,   0x73,   0x74,   0x6d,   0x5f,   0x63,   0x65,   0x6c,
  0x6c,   0x5f,   0x31,   0x35,   0x2f,   0x73,   0x70,   0x6c,   0x69,   0x74,   0x3b,   0x73,
  0x65,   0x71,   0x75,   0x65,   0x6e,   0x74,   0x69,   0x61,   0x6c,   0x5f,   0x31,   0x2f,
  0x6c,   0x73,   0x74,   0x6d,   0x5f,   0x31,   0x2f,   0x6c,   0x73,   0x74,   0x6d,   0x5f,
  0x63,   0x65,   0x6c,   0x6c,   0x5f,   0x31,   0x35,   0x2f,   0x73,   0x70,   0x6c,   0x69,
  0x74,   0x31,   0x3b,   0x73,   0x65,   0x71,   0x75,   0x65,   0x6e,   0x74,   0x69,   0x61,
  0x6c,   0x5f,   0x31,   0x2f,   0x6c,   0x73,   0x74,   0x6d,   0x5f,   0x31,   0x2f,   0x6c,
  0x73,   0x74,   0x6d,   0x5f,   0x63,   0x65,   0x6c,   0x6c,   0x5f,   0x31,   0x35,   0x2f,
  0x73,   0x70,   0x6c,   0x69,   0x74,   0x32,   0x3b,   0x73,   0x65,   0x71,   0x75,   0x65,
  0x6e,   0x74,   0x69,   0x61,   0x6c,   0x5f,   0x31,   0x2f,   0x6c,   0x73,   0x74,   0x6d,
  0x5f,   0x31,   0x2f,   0x6c,   0x73,   0x74,   0x6d,   0x5f,   0x63,   0x65,   0x6c,   0x6c,
  0x5f,   0x31,   0x35,   0x2f,   0x73,   0x70,   0x6c,   0x69,   0x74,   0x33,   0x32,   0x00,
  0x02,   0x00,   0x00,   0x00,   0x01,   0x00,   0x00,   0x00,   0x20,   0x00,   0x00,   0x00,
  0x62,   0x7d,   0xff,   0xff,   0x00,   0x00,   0x00,   0x01,   0x18,   0x00,   0x00,   0x00,
  0x20,   0x00,   0x00,   0x00,   0x40,   0x00,   0x00,   0x00,   0xad,   0x00,   0x00,   0x00,
  0x00,   0x00,   0x00,   0x09,   0xd8,   0x00,   0x00,   0x00,   0x02,   0x00,   0x00,   0x00,
  0xff,   0xff,   0xff,   0xff,   0x20,   0x00,   0x00,   0x00,   0xac,   0x6c,   0xff,   0xff,
  0x08,   0x00,   0x00,   0x00,   0x14,   0x00,   0x00,   0x00,   0x01,   0x00,   0x00,   0x00,
  0xdd,   0xff,   0xff,   0xff,   0xff,   0xff,   0xff,   0xff,   0x00,   0x00,   0x00,   0x00,
  0x01,   0x00,   0x00,   0x00,   0x5d,   0x69,   0xd2,   0x3c,   0x9f,   0x00,   0x00,   0x00,
  0x73,   0x65,   0x71,   0x75,   0x65,   0x6e,   0x74,   0x69,   0x61,   0x6c,   0x5f,   0x31,
  0x2f,   0x6c,   0x73,   0x74,   0x6d,   0x5f,   0x31,   0x2f,   0x6c,   0x73,   0x74,   0x6d,
  0x5f,   0x63,   0x65,   0x6c,   0x6c,   0x5f,   0x31,   0x35,   0x2f,   0x73,   0x70,   0x6c,
  0x69,   0x74,   0x3b,   0x73,   0x65,   0x71,   0x75,   0x65,   0x6e,   0x74,   0x69,   0x61,
  0x6c,   0x5f,   0x31,   0x2f,   0x6c,   0x73,   0x74,   0x6d,   0x5f,   0x31,   0x2f,   0x6c,
  0x73,   0x74,   0x6d,   0x5f,   0x63,   0x65,   0x6c,   0x6c,   0x5f,   0x31,   0x35,   0x2f,
  0x73,   0x70,   0x6c,   0x69,   0x74,   0x31,   0x3b,   0x73,   0x65,   0x71,   0x75,   0x65,
  0x6e,   0x74,   0x69,   0x61,   0x6c,   0x5f,   0x31,   0x2f,   0x6c,   0x73,   0x74,   0x6d,
  0x5f,   0x31,   0x2f,   0x6c,   0x73,   0x74,   0x6d,   0x5f,   0x63,   0x65,   0x6c,   0x6c,
  0x5f,   0x31,   0x35,   0x2f,   0x73,   0x70,   0x6c,   0x69,   0x74,   0x32,   0x3b,   0x73,
  0x65,   0x71,   0x75,   0x65,   0x6e,   0x74,   0x69,   0x61,   0x6c,   0x5f,   0x31,   0x2f,
  0x6c,   0x73,   0x74,   0x6d,   0x5f,   0x31,   0x2f,   0x6c,   0x73,   0x74,   0x6d,   0x5f,
  0x63,   0x65,   0x6c,   0x6c,   0x5f,   0x31,   0x35,   0x2f,   0x73,   0x70,   0x6c,   0x69,
  0x74,   0x33,   0x31,   0x00,   0x02,   0x00,   0x00,   0x00,   0x01,   0x00,   0x00,   0x00,
  0x20,   0x00,   0x00,   0x00,   0x62,   0x7e,   0xff,   0xff,   0x00,   0x00,   0x00,   0x01,
  0x18,   0x00,   0x00,   0x00,   0x20,   0x00,   0x00,   0x00,   0x40,   0x00,   0x00,   0x00,
  0xac,   0x00,   0x00,   0x00,   0x00,   0x00,   0x00,   0x09,   0xd8,   0x00,   0x00,   0x00,
  0x02,   0x00,   0x00,   0x00,   0xff,   0xff,   0xff,   0xff,   0x20,   0x00,   0x00,   0x00,
  0xac,   0x6d,   0xff,   0xff,   0x08,   0x00,   0x00,   0x00,   0x14,   0x00,   0x00,   0x00,
  0x01,   0x00,   0x00,   0x00,   0xdd,   0xff,   0xff,   0xff,   0xff,   0xff,   0xff,   0xff,
  0x00,   0x00,   0x00,   0x00,   0x01,   0x00,   0x00,   0x00,   0x5d,   0x69,   0xd2,   0x3c,
  0x9e,   0x00,   0x00,   0x00,   0x73,   0x65,   0x71,   0x75,   0x65,   0x6e,   0x74,   0x69,
  0x61,   0x6c,   0x5f,   0x31,   0x2f,   0x6c,   0x73,   0x74,   0x6d,   0x5f,   0x31,   0x2f,
  0x6c,   0x73,   0x74,   0x6d,   0x5f,   0x63,   0x65,   0x6c,   0x6c,   0x5f,   0x31,   0x35,
  0x2f,   0x73,   0x70,   0x6c,   0x69,   0x74,   0x3b,   0x73,   0x65,   0x71,   0x75,   0x65,
  0x6e,   0x74,   0x69,   0x61,   0x6c,   0x5f,   0x31,   0x2f,   0x6c,   0x73,   0x74,   0x6d,
  0x5f,   0x31,   0x2f,   0x6c,   0x73,   0x74,   0x6d,   0x5f,   0x63,   0x65,   0x6c,   0x6c,
  0x5f,   0x31,   0x35,   0x2f,   0x73,   0x70,   0x6c,   0x69,   0x74,   0x31,   0x3b,   0x73,
  0x65,   0x71,   0x75,   0x65,   0x6e,   0x74,   0x69,   0x61,   0x6c,   0x5f,   0x31,   0x2f,
  0x6c,   0x73,   0x74,   0x6d,   0x5f,   0x31,   0x2f,   0x6c,   0x73,   0x74,   0x6d,   0x5f,
  0x63,   0x65,   0x6c,   0x6c,   0x5f,   0x31,   0x35,   0x2f,   0x73,   0x70,   0x6c,   0x69,
  0x74,   0x32,   0x3b,   0x73,   0x65,   0x71,   0x75,   0x65,   0x6e,   0x74,   0x69,   0x61,
  0x6c,   0x5f,   0x31,   0x2f,   0x6c,   0x73,   0x74,   0x6d,   0x5f,   0x31,   0x2f,   0x6c,
  0x73,   0x74,   0x6d,   0x5f,   0x63,   0x65,   0x6c,   0x6c,   0x5f,   0x31,   0x35,   0x2f,
  0x73,   0x70,   0x6c,   0x69,   0x74,   0x33,   0x00,   0x00,   0x02,   0x00,   0x00,   0x00,
  0x01,   0x00,   0x00,   0x00,   0x20,   0x00,   0x00,   0x00,   0x62,   0x7f,   0xff,   0xff,
  0x00,   0x00,   0x00,   0x01,   0x18,   0x00,   0x00,   0x00,   0x20,   0x00,   0x00,   0x00,
  0x3c,   0x00,   0x00,   0x00,   0xab,   0x00,   0x00,   0x00,   0x00,   0x00,   0x00,   0x09,
  0x60,   0x00,   0x00,   0x00,   0x02,   0x00,   0x00,   0x00,   0xff,   0xff,   0xff,   0xff,
  0x80,   0x00,   0x00,   0x00,   0xac,   0x6e,   0xff,   0xff,   0x08,   0x00,   0x00,   0x00,
  0x10,   0x00,   0x00,   0x00,   0x01,   0x00,   0x00,   0x00,   0xdd,   0xff,   0xff,   0xff,
  0xff,   0xff,   0xff,   0xff,   0x01,   0x00,   0x00,   0x00,   0x5d,   0x69,   0xd2,   0x3c,
  0x28,   0x00,   0x00,   0x00,   0x73,   0x65,   0x71,   0x75,   0x65,   0x6e,   0x74,   0x69,
  0x61,   0x6c,   0x5f,   0x31,   0x2f,   0x6c,   0x73,   0x74,   0x6d,   0x5f,   0x31,   0x2f,
  0x6c,   0x73,   0x74,   0x6d,   0x5f,   0x63,   0x65,   0x6c,   0x6c,   0x5f,   0x31,   0x35,
  0x2f,   0x42,   0x69,   0x61,   0x73,   0x41,   0x64,   0x64,   0x00,   0x00,   0x00,   0x00,
  0x02,   0x00,   0x00,   0x00,   0x01,   0x00,   0x00,   0x00,   0x80,   0x00,   0x00,   0x00,
  0xea,   0x7f,   0xff,   0xff,   0x00,   0x00,   0x00,   0x01,   0x18,   0x00,   0x00,   0x00,
  0x20,   0x00,   0x00,   0x00,   0x40,   0x00,   0x00,   0x00,   0xaa,   0x00,   0x00,   0x00,
  0x00,   0x00,   0x00,   0x09,   0x60,   0x00,   0x00,   0x00,   0x02,   0x00,   0x00,   0x00,
  0xff,   0xff,   0xff,   0xff,   0x80,   0x00,   0x00,   0x00,   0x34,   0x6f,   0xff,   0xff,
  0x08,   0x00,   0x00,   0x00,   0x14,   0x00,   0x00,   0x00,   0x01,   0x00,   0x00,   0x00,
  0xdd,   0xff,   0xff,   0xff,   0xff,   0xff,   0xff,   0xff,   0x00,   0x00,   0x00,   0x00,
  0x01,   0x00,   0x00,   0x00,   0x5d,   0x69,   0xd2,   0x3c,   0x24,   0x00,   0x00,   0x00,
  0x73,   0x65,   0x71,   0x75,   0x65,   0x6e,   0x74,   0x69,   0x61,   0x6c,   0x5f,   0x31,
  0x2f,   0x6c,   0x73,   0x74,   0x6d,   0x5f,   0x31,   0x2f,   0x6c,   0x73,   0x74,   0x6d,
  0x5f,   0x63,   0x65,   0x6c,   0x6c,   0x5f,   0x31,   0x35,   0x2f,   0x41,   0x64,   0x64,
  0x00,   0x00,   0x00,   0x00,   0x02,   0x00,   0x00,   0x00,   0x01,   0x00,   0x00,   0x00,
  0x80,   0x00,   0x00,   0x00,   0x72,   0x80,   0xff,   0xff,   0x00,   0x00,   0x00,   0x01,
  0x18,   0x00,   0x00,   0x00,   0x20,   0x00,   0x00,   0x00,   0x3c,   0x00,   0x00,   0x00,
  0xa9,   0x00,   0x00,   0x00,   0x00,   0x00,   0x00,   0x09,   0x60,   0x00,   0x00,   0x00,
  0x02,   0x00,   0x00,   0x00,   0xff,   0xff,   0xff,   0xff,   0x80,   0x00,   0x00,   0x00,
  0xbc,   0x6f,   0xff,   0xff,   0x08,   0x00,   0x00,   0x00,   0x10,   0x00,   0x00,   0x00,
  0x01,   0x00,   0x00,   0x00,   0x03,   0x00,   0x00,   0x00,   0x00,   0x00,   0x00,   0x00,
  0x01,   0x00,   0x00,   0x00,   0xc7,   0x90,   0x58,   0x3c,   0x29,   0x00,   0x00,   0x00,
  0x73,   0x65,   0x71,   0x75,   0x65,   0x6e,   0x74,   0x69,   0x61,   0x6c,   0x5f,   0x31,
  0x2f,   0x6c,   0x73,   0x74,   0x6d,   0x5f,   0x31,   0x2f,   0x6c,   0x73,   0x74,   0x6d,
  0x5f,   0x63,   0x65,   0x6c,   0x6c,   0x5f,   0x31,   0x35,   0x2f,   0x4d,   0x61,   0x74,
  0x4d,   0x75,   0x6c,   0x5f,   0x31,   0x00,   0x00,   0x00,   0x02,   0x00,   0x00,   0x00,
  0x01,   0x00,   0x00,   0x00,   0x80,   0x00,   0x00,   0x00,   0xfa,   0x80,   0xff,   0xff,
  0x00,   0x00,   0x00,   0x01,   0x18,   0x00,   0x00,   0x00,   0x20,   0x00,   0x00,   0x00,
  0x40,   0x00,   0x00,   0x00,   0xa8,   0x00,   0x00,   0x00,   0x00,   0x00,   0x00,   0x09,
  0x60,   0x00,   0x00,   0x00,   0x02,   0x00,   0x00,   0x00,   0xff,   0xff,   0xff,   0xff,
  0x20,   0x00,   0x00,   0x00,   0x44,   0x70,   0xff,   0xff,   0x08,   0x00,   0x00,   0x00,
  0x14,   0x00,   0x00,   0x00,   0x01,   0x00,   0x00,   0x00,   0x1f,   0x00,   0x00,   0x00,
  0x00,   0x00,   0x00,   0x00,   0x00,   0x00,   0x00,   0x00,   0x01,   0x00,   0x00,   0x00,
  0x6b,   0x9f,   0xb9,   0x3b,   0x26,   0x00,   0x00,   0x00,   0x73,   0x65,   0x71,   0x75,
  0x65,   0x6e,   0x74,   0x69,   0x61,   0x6c,   0x5f,   0x31,   0x2f,   0x6c,   0x73,   0x74,
  0x6d,   0x5f,   0x31,   0x2f,   0x6c,   0x73,   0x74,   0x6d,   0x5f,   0x63,   0x65,   0x6c,
  0x6c,   0x5f,   0x31,   0x33,   0x2f,   0x6d,   0x75,   0x6c,   0x5f,   0x32,   0x00,   0x00,
  0x02,   0x00,   0x00,   0x00,   0x01,   0x00,   0x00,   0x00,   0x20,   0x00,   0x00,   0x00,
  0x82,   0x81,   0xff,   0xff,   0x00,   0x00,   0x00,   0x01,   0x18,   0x00,   0x00,   0x00,
  0x20,   0x00,   0x00,   0x00,   0x40,   0x00,   0x00,   0x00,   0xa7,   0x00,   0x00,   0x00,
  0x00,   0x00,   0x00,   0x09,   0x60,   0x00,   0x00,   0x00,   0x02,   0x00,   0x00,   0x00,
  0xff,   0xff,   0xff,   0xff,   0x20,   0x00,   0x00,   0x00,   0xcc,   0x70,   0xff,   0xff,
  0x08,   0x00,   0x00,   0x00,   0x14,   0x00,   0x00,   0x00,   0x01,   0x00,   0x00,   0x00,
  0x00,   0x00,   0x00,   0x00,   0x00,   0x00,   0x00,   0x00,   0x00,   0x00,   0x00,   0x00,
  0x01,   0x00,   0x00,   0x00,   0x00,   0x00,   0x00,   0x3c,   0x27,   0x00,   0x00,   0x00,
  0x73,   0x65,   0x71,   0x75,   0x65,   0x6e,   0x74,   0x69,   0x61,   0x6c,   0x5f,   0x31,
  0x2f,   0x6c,   0x73,   0x74,   0x6d,   0x5f,   0x31,   0x2f,   0x6c,   0x73,   0x74,   0x6d,
  0x5f,   0x63,   0x65,   0x6c,   0x6c,   0x5f,   0x31,   0x33,   0x2f,   0x54,   0x61,   0x6e,
  0x68,   0x5f,   0x31,   0x00,   0x02,   0x00,   0x00,   0x00,   0x01,   0x00,   0x00,   0x00,
  0x20,   0x00,   0x00,   0x00,   0x0a,   0x82,   0xff,   0xff,   0x00,   0x00,   0x00,   0x01,
  0x18,   0x00,   0x00,   0x00,   0x20,   0x00,   0x00,   0x00,   0x40,   0x00,   0x00,   0x00,
  0xa6,   0x00,   0x00,   0x00,   0x00,   0x00,   0x00,   0x09,   0x60,   0x00,   0x00,   0x00,
  0x02,   0x00,   0x00,   0x00,   0xff,   0xff,   0xff,   0xff,   0x20,   0x00,   0x00,   0x00,
  0x54,   0x71,   0xff,   0xff,   0x08,   0x00,   0x00,   0x00,   0x14,   0x00,   0x00,   0x00,
  0x01,   0x00,   0x00,   0x00,   0x18,   0x00,   0x00,   0x00,   0x00,   0x00,   0x00,   0x00,
  0x00,   0x00,   0x00,   0x00,   0x01,   0x00,   0x00,   0x00,   0x03,   0xf3,   0x71,   0x3c,
  0x26,   0x00,   0x00,   0x00,   0x73,   0x65,   0x71,   0x75,   0x65,   0x6e,   0x74,   0x69,
  0x61,   0x6c,   0x5f,   0x31,   0x2f,   0x6c,   0x73,   0x74,   0x6d,   0x5f,   0x31,   0x2f,
  0x6c,   0x73,   0x74,   0x6d,   0x5f,   0x63,   0x65,   0x6c,   0x6c,   0x5f,   0x31,   0x33,
  0x2f,   0x61,   0x64,   0x64,   0x5f,   0x31,   0x00,   0x00,   0x02,   0x00,   0x00,   0x00,
  0x01,   0x00,   0x00,   0x00,   0x20,   0x00,   0x00,   0x00,   0x92,   0x82,   0xff,   0xff,
  0x00,   0x00,   0x00,   0x01,   0x18,   0x00,   0x00,   0x00,   0x20,   0x00,   0x00,   0x00,
  0x40,   0x00,   0x00,   0x00,   0xa5,   0x00,   0x00,   0x00,   0x00,   0x00,   0x00,   0x09,
  0x60,   0x00,   0x00,   0x00,   0x02,   0x00,   0x00,   0x00,   0xff,   0xff,   0xff,   0xff,
  0x20,   0x00,   0x00,   0x00,   0xdc,   0x71,   0xff,   0xff,   0x08,   0x00,   0x00,   0x00,
  0x14,   0x00,   0x00,   0x00,   0x01,   0x00,   0x00,   0x00,   0x0a,   0x00,   0x00,   0x00,
  0x00,   0x00,   0x00,   0x00,   0x00,   0x00,   0x00,   0x00,   0x01,   0x00,   0x00,   0x00,
  0xd4,   0x3a,   0x51,   0x3b,   0x26,   0x00,   0x00,   0x00,   0x73,   0x65,   0x71,   0x75,
  0x65,   0x6e,   0x74,   0x69,   0x61,   0x6c,   0x5f,   0x31,   0x2f,   0x6c,   0x73,   0x74,
  0x6d,   0x5f,   0x31,   0x2f,   0x6c,   0x73,   0x74,   0x6d,   0x5f,   0x63,   0x65,   0x6c,
  0x6c,   0x5f,   0x31,   0x33,   0x2f,   0x6d,   0x75,   0x6c,   0x5f,   0x31,   0x00,   0x00,
  0x02,   0x00,   0x00,   0x00,   0x01,   0x00,   0x00,   0x00,   0x20,   0x00,   0x00,   0x00,
  0x1a,   0x83,   0xff,   0xff,   0x00,   0x00,   0x00,   0x01,   0x18,   0x00,   0x00,   0x00,
  0x20,   0x00,   0x00,   0x00,   0x40,   0x00,   0x00,   0x00,   0xa4,   0x00,   0x00,   0x00,
  0x00,   0x00,   0x00,   0x09,   0x60,   0x00,   0x00,   0x00,   0x02,   0x00,   0x00,   0x00,
  0xff,   0xff,   0xff,   0xff,   0x20,   0x00,   0x00,   0x00,   0x64,   0x72,   0xff,   0xff,
  0x08,   0x00,   0x00,   0x00,   0x14,   0x00,   0x00,   0x00,   0x01,   0x00,   0x00,   0x00,
  0x00,   0x00,   0x00,   0x00,   0x00,   0x00,   0x00,   0x00,   0x00,   0x00,   0x00,   0x00,
  0x01,   0x00,   0x00,   0x00,   0x00,   0x00,   0x00,   0x3c,   0x25,   0x00,   0x00,   0x00,
  0x73,   0x65,   0x71,   0x75,   0x65,   0x6e,   0x74,   0x69,   0x61,   0x6c,   0x5f,   0x31,
  0x2f,   0x6c,   0x73,   0x74,   0x6d,   0x5f,   0x31,   0x2f,   0x6c,   0x73,   0x74,   0x6d,
  0x5f,   0x63,   0x65,   0x6c,   0x6c,   0x5f,   0x31,   0x33,   0x2f,   0x54,   0x61,   0x6e,
  0x68,   0x00,   0x00,   0x00,   0x02,   0x00,   0x00,   0x00,   0x01,   0x00,   0x00,   0x00,
  0x20,   0x00,   0x00,   0x00,   0xa2,   0x83,   0xff,   0xff,   0x00,   0x00,   0x00,   0x01,
  0x18,   0x00,   0x00,   0x00,   0x20,   0x00,   0x00,   0x00,   0x3c,   0x00,   0x00,   0x00,
  0xa3,   0x00,   0x00,   0x00,   0x00,   0x00,   0x00,   0x09,   0x60,   0x00,   0x00,   0x00,
  0x02,   0x00,   0x00,   0x00,   0xff,   0xff,   0xff,   0xff,   0x20,   0x00,   0x00,   0x00,
  0xec,   0x72,   0xff,   0xff,   0x08,   0x00,   0x00,   0x00,   0x10,   0x00,   0x00,   0x00,
  0x01,   0x00,   0x00,   0x00,   0x80,   0xff,   0xff,   0xff,   0xff,   0xff,   0xff,   0xff,
  0x01,   0x00,   0x00,   0x00,   0x00,   0x00,   0x80,   0x3b,   0x2a,   0x00,   0x00,   0x00,
  0x73,   0x65,   0x71,   0x75,   0x65,   0x6e,   0x74,   0x69,   0x61,   0x6c,   0x5f,   0x31,
  0x2f,   0x6c,   0x73,   0x74,   0x6d,   0x5f,   0x31,   0x2f,   0x6c,   0x73,   0x74,   0x6d,
  0x5f,   0x63,   0x65,   0x6c,   0x6c,   0x5f,   0x31,   0x33,   0x2f,   0x53,   0x69,   0x67,
  0x6d,   0x6f,   0x69,   0x64,   0x5f,   0x32,   0x00,   0x00,   0x02,   0x00,   0x00,   0x00,
  0x01,   0x00,   0x00,   0x00,   0x20,   0x00,   0x00,   0x00,   0x2a,   0x84,   0xff,   0xff,
  0x00,   0x00,   0x00,   0x01,   0x18,   0x00,   0x00,   0x00,   0x20,   0x00,   0x00,   0x00,
  0x40,   0x00,   0x00,   0x00,   0xa2,   0x00,   0x00,   0x00,   0x00,   0x00,   0x00,   0x09,
  0x60,   0x00,   0x00,   0x00,   0x02,   0x00,   0x00,   0x00,   0xff,   0xff,   0xff,   0xff,
  0x20,   0x00,   0x00,   0x00,   0x74,   0x73,   0xff,   0xff,   0x08,   0x00,   0x00,   0x00,
  0x14,   0x00,   0x00,   0x00,   0x01,   0x00,   0x00,   0x00,   0x18,   0x00,   0x00,   0x00,
  0x00,   0x00,   0x00,   0x00,   0x00,   0x00,   0x00,   0x00,   0x01,   0x00,   0x00,   0x00,
  0x03,   0xf3,   0x71,   0x3c,   0x24,   0x00,   0x00,   0x00,   0x73,   0x65,   0x71,   0x75,
  0x65,   0x6e,   0x74,   0x69,   0x61,   0x6c,   0x5f,   0x31,   0x2f,   0x6c,   0x73,   0x74,
  0x6d,   0x5f,   0x31,   0x2f,   0x6c,   0x73,   0x74,   0x6d,   0x5f,   0x63,   0x65,   0x6c,
  0x6c,   0x5f,   0x31,   0x33,   0x2f,   0x6d,   0x75,   0x6c,   0x00,   0x00,   0x00,   0x00,
  0x02,   0x00,   0x00,   0x00,   0x01,   0x00,   0x00,   0x00,   0x20,   0x00,   0x00,   0x00,
  0xb2,   0x84,   0xff,   0xff,   0x00,   0x00,   0x00,   0x01,   0x18,   0x00,   0x00,   0x00,
  0x20,   0x00,   0x00,   0x00,   0x3c,   0x00,   0x00,   0x00,   0xa1,   0x00,   0x00,   0x00,
  0x00,   0x00,   0x00,   0x09,   0x60,   0x00,   0x00,   0x00,   0x02,   0x00,   0x00,   0x00,
  0xff,   0xff,   0xff,   0xff,   0x20,   0x00,   0x00,   0x00,   0xfc,   0x73,   0xff,   0xff,
  0x08,   0x00,   0x00,   0x00,   0x10,   0x00,   0x00,   0x00,   0x01,   0x00,   0x00,   0x00,
  0x80,   0xff,   0xff,   0xff,   0xff,   0xff,   0xff,   0xff,   0x01,   0x00,   0x00,   0x00,
  0x00,   0x00,   0x80,   0x3b,   0x2a,   0x00,   0x00,   0x00,   0x73,   0x65,   0x71,   0x75,
  0x65,   0x6e,   0x74,   0x69,   0x61,   0x6c,   0x5f,   0x31,   0x2f,   0x6c,   0x73,   0x74,
  0x6d,   0x5f,   0x31,   0x2f,   0x6c,   0x73,   0x74,   0x6d,   0x5f,   0x63,   0x65,   0x6c,
  0x6c,   0x5f,   0x31,   0x33,   0x2f,   0x53,   0x69,   0x67,   0x6d,   0x6f,   0x69,   0x64,
  0x5f,   0x31,   0x00,   0x00,   0x02,   0x00,   0x00,   0x00,   0x01,   0x00,   0x00,   0x00,
  0x20,   0x00,   0x00,   0x00,   0x3a,   0x85,   0xff,   0xff,   0x00,   0x00,   0x00,   0x01,
  0x18,   0x00,   0x00,   0x00,   0x20,   0x00,   0x00,   0x00,   0x3c,   0x00,   0x00,   0x00,
  0xa0,   0x00,   0x00,   0x00,   0x00,   0x00,   0x00,   0x09,   0x60,   0x00,   0x00,   0x00,
  0x02,   0x00,   0x00,   0x00,   0xff,   0xff,   0xff,   0xff,   0x20,   0x00,   0x00,   0x00,
  0x84,   0x74,   0xff,   0xff,   0x08,   0x00,   0x00,   0x00,   0x10,   0x00,   0x00,   0x00,
  0x01,   0x00,   0x00,   0x00,   0x80,   0xff,   0xff,   0xff,   0xff,   0xff,   0xff,   0xff,
  0x01,   0x00,   0x00,   0x00,   0x00,   0x00,   0x80,   0x3b,   0x28,   0x00,   0x00,   0x00,
  0x73,   0x65,   0x71,   0x75,   0x65,   0x6e,   0x74,   0x69,   0x61,   0x6c,   0x5f,   0x31,
  0x2f,   0x6c,   0x73,   0x74,   0x6d,   0x5f,   0x31,   0x2f,   0x6c,   0x73,   0x74,   0x6d,
  0x5f,   0x63,   0x65,   0x6c,   0x6c,   0x5f,   0x31,   0x33,   0x2f,   0x53,   0x69,   0x67,
  0x6d,   0x6f,   0x69,   0x64,   0x00,   0x00,   0x00,   0x00,   0x02,   0x00,   0x00,   0x00,
  0x01,   0x00,   0x00,   0x00,   0x20,   0x00,   0x00,   0x00,   0xc2,   0x85,   0xff,   0xff,
  0x00,   0x00,   0x00,   0x01,   0x18,   0x00,   0x00,   0x00,   0x20,   0x00,   0x00,   0x00,
  0x40,   0x00,   0x00,   0x00,   0x9f,   0x00,   0x00,   0x00,   0x00,   0x00,   0x00,   0x09,
  0xd8,   0x00,   0x00,   0x00,   0x02,   0x00,   0x00,   0x00,   0xff,   0xff,   0xff,   0xff,
  0x20,   0x00,   0x00,   0x00,   0x0c,   0x75,   0xff,   0xff,   0x08,   0x00,   0x00,   0x00,
  0x14,   0x00,   0x00,   0x00,   0x01,   0x00,   0x00,   0x00,   0xdc,   0xff,   0xff,   0xff,
  0xff,   0xff,   0xff,   0xff,   0x00,   0x00,   0x00,   0x00,   0x01,   0x00,   0x00,   0x00,
  0x3b,   0xd3,   0xcd,   0x3c,   0x9f,   0x00,   0x00,   0x00,   0x73,   0x65,   0x71,   0x75,
  0x65,   0x6e,   0x74,   0x69,   0x61,   0x6c,   0x5f,   0x31,   0x2f,   0x6c,   0x73,   0x74,
  0x6d,   0x5f,   0x31,   0x2f,   0x6c,   0x73,   0x74,   0x6d,   0x5f,   0x63,   0x65,   0x6c,
  0x6c,   0x5f,   0x31,   0x33,   0x2f,   0x73,   0x70,   0x6c,   0x69,   0x74,   0x3b,   0x73,
  0x65,   0x71,   0x75,   0x65,   0x6e,   0x74,   0x69,   0x61,   0x6c,   0x5f,   0x31,   0x2f,
  0x6c,   0x73,   0x74,   0x6d,   0x5f,   0x31,   0x2f,   0x6c,   0x73,   0x74,   0x6d,   0x5f,
  0x63,   0x65,   0x6c,   0x6c,   0x5f,   0x31,   0x33,   0x2f,   0x73,   0x70,   0x6c,   0x69,
  0x74,   0x31,   0x3b,   0x73,   0x65,   0x71,   0x75,   0x65,   0x6e,   0x74,   0x69,   0x61,
  0x6c,   0x5f,   0x31,   0x2f,   0x6c,   0x73,   0x74,   0x6d,   0x5f,   0x31,   0x2f,   0x6c,
  0x73,   0x74,   0x6d,   0x5f,   0x63,   0x65,   0x6c,   0x6c,   0x5f,   0x31,   0x33,   0x2f,
  0x73,   0x70,   0x6c,   0x69,   0x74,   0x32,   0x3b,   0x73,   0x65,   0x71,   0x75,   0x65,
  0x6e,   0x74,   0x69,   0x61,   0x6c,   0x5f,   0x31,   0x2f,   0x6c,   0x73,   0x74,   0x6d,
  0x5f,   0x31,   0x2f,   0x6c,   0x73,   0x74,   0x6d,   0x5f,   0x63,   0x65,   0x6c,   0x6c,
  0x5f,   0x31,   0x33,   0x2f,   0x73,   0x70,   0x6c,   0x69,   0x74,   0x33,   0x33,   0x00,
  0x02,   0x00,   0x00,   0x00,   0x01,   0x00,   0x00,   0x00,   0x20,   0x00,   0x00,   0x00,
  0xc2,   0x86,   0xff,   0xff,   0x00,   0x00,   0x00,   0x01,   0x18,   0x00,   0x00,   0x00,
  0x20,   0x00,   0x00,   0x00,   0x40,   0x00,   0x00,   0x00,   0x9e,   0x00,   0x00,   0x00,
  0x00,   0x00,   0x00,   0x09,   0xd8,   0x00,   0x00,   0x00,   0x02,   0x00,   0x00,   0x00,
  0xff,   0xff,   0xff,   0xff,   0x20,   0x00,   0x00,   0x00,   0x0c,   0x76,   0xff,   0xff,
  0x08,   0x00,   0x00,   0x00,   0x14,   0x00,   0x00,   0x00,   0x01,   0x00,   0x00,   0x00,
  0xdc,   0xff,   0xff,   0xff,   0xff,   0xff,   0xff,   0xff,   0x00,   0x00,   0x00,   0x00,
  0x01,   0x00,   0x00,   0x00,   0x3b,   0xd3,   0xcd,   0x3c,   0x9f,   0x00,   0x00,   0x00,
  0x73,   0x65,   0x71,   0x75,   0x65,   0x6e,   0x74,   0x69,   0x61,   0x6c,   0x5f,   0x31,
  0x2f,   0x6c,   0x73,   0x74,   0x6d,   0x5f,   0x31,   0x2f,   0x6c,   0x73,   0x74,   0x6d,
  0x5f,   0x63,   0x65,   0x6c,   0x6c,   0x5f,   0x31,   0x33,   0x2f,   0x73,   0x70,   0x6c,
  0x69,   0x74,   0x3b,   0x73,   0x65,   0x71,   0x75,   0x65,   0x6e,   0x74,   0x69,   0x61,
  0x6c,   0x5f,   0x31,   0x2f,   0x6c,   0x73,   0x74,   0x6d,   0x5f,   0x31,   0x2f,   0x6c,
  0x73,   0x74,   0x6d,   0x5f,   0x63,   0x65,   0x6c,   0x6c,   0x5f,   0x31,   0x33,   0x2f,
  0x73,   0x70,   0x6c,   0x69,   0x74,   0x31,   0x3b,   0x73,   0x65,   0x71,   0x75,   0x65,
  0x6e,   0x74,   0x69,   0x61,   0x6c,   0x5f,   0x31,   0x2f,   0x6c,   0x73,   0x74,   0x6d,
  0x5f,   0x31,   0x2f,   0x6c,   0x73,   0x74,   0x6d,   0x5f,   0x63,   0x65,   0x6c,   0x6c,
  0x5f,   0x31,   0x33,   0x2f,   0x73,   0x70,   0x6c,   0x69,   0x74,   0x32,   0x3b,   0x73,
  0x65,   0x71,   0x75,   0x65,   0x6e,   0x74,   0x69,   0x61,   0x6c,   0x5f,   0x31,   0x2f,
  0x6c,   0x73,   0x74,   0x6d,   0x5f,   0x31,   0x2f,   0x6c,   0x73,   0x74,   0x6d,   0x5f,
  0x63,   0x65,   0x6c,   0x6c,   0x5f,   0x31,   0x33,   0x2f,   0x73,   0x70,   0x6c,   0x69,
  0x74,   0x33,   0x32,   0x00,   0x02,   0x00,   0x00,   0x00,   0x01,   0x00,   0x00,   0x00,
  0x20,   0x00,   0x00,   0x00,   0xc2,   0x87,   0xff,   0xff,   0x00,   0x00,   0x00,   0x01,
  0x18,   0x00,   0x00,   0x00,   0x20,   0x00,   0x00,   0x00,   0x40,   0x00,   0x00,   0x00,
  0x9d,   0x00,   0x00,   0x00,   0x00,   0x00,   0x00,   0x09,   0xd8,   0x00,   0x00,   0x00,
  0x02,   0x00,   0x00,   0x00,   0xff,   0xff,   0xff,   0xff,   0x20,   0x00,   0x00,   0x00,
  0x0c,   0x77,   0xff,   0xff,   0x08,   0x00,   0x00,   0x00,   0x14,   0x00,   0x00,   0x00,
  0x01,   0x00,   0x00,   0x00,   0xdc,   0xff,   0xff,   0xff,   0xff,   0xff,   0xff,   0xff,
  0x00,   0x00,   0x00,   0x00,   0x01,   0x00,   0x00,   0x00,   0x3b,   0xd3,   0xcd,   0x3c,
  0x9f,   0x00,   0x00,   0x00,   0x73,   0x65,   0x71,   0x75,   0x65,   0x6e,   0x74,   0x69,
  0x61,   0x6c,   0x5f,   0x31,   0x2f,   0x6c,   0x73,   0x74,   0x6d,   0x5f,   0x31,   0x2f,
  0x6c,   0x73,   0x74,   0x6d,   0x5f,   0x63,   0x65,   0x6c,   0x6c,   0x5f,   0x31,   0x33,
  0x2f,   0x73,   0x70,   0x6c,   0x69,   0x74,   0x3b,   0x73,   0x65,   0x71,   0x75,   0x65,
  0x6e,   0x74,   0x69,   0x61,   0x6c,   0x5f,   0x31,   0x2f,   0x6c,   0x73,   0x74,   0x6d,
  0x5f,   0x31,   0x2f,   0x6c,   0x73,   0x74,   0x6d,   0x5f,   0x63,   0x65,   0x6c,   0x6c,
  0x5f,   0x31,   0x33,   0x2f,   0x73,   0x70,   0x6c,   0x69,   0x74,   0x31,   0x3b,   0x73,
  0x65,   0x71,   0x75,   0x65,   0x6e,   0x74,   0x69,   0x61,   0x6c,   0x5f,   0x31,   0x2f,
  0x6c,   0x73,   0x74,   0x6d,   0x5f,   0x31,   0x2f,   0x6c,   0x73,   0x74,   0x6d,   0x5f,
  0x63,   0x65,   0x6c,   0x6c,   0x5f,   0x31,   0x33,   0x2f,   0x73,   0x70,   0x6c,   0x69,
  0x74,   0x32,   0x3b,   0x73,   0x65,   0x71,   0x75,   0x65,   0x6e,   0x74,   0x69,   0x61,
  0x6c,   0x5f,   0x31,   0x2f,   0x6c,   0x73,   0x74,   0x6d,   0x5f,   0x31,   0x2f,   0x6c,
  0x73,   0x74,   0x6d,   0x5f,   0x63,   0x65,   0x6c,   0x6c,   0x5f,   0x31,   0x33,   0x2f,
  0x73,   0x70,   0x6c,   0x69,   0x74,   0x33,   0x31,   0x00,   0x02,   0x00,   0x00,   0x00,
  0x01,   0x00,   0x00,   0x00,   0x20,   0x00,   0x00,   0x00,   0xc2,   0x88,   0xff,   0xff,
  0x00,   0x00,   0x00,   0x01,   0x18,   0x00,   0x00,   0x00,   0x20,   0x00,   0x00,   0x00,
  0x40,   0x00,   0x00,   0x00,   0x9c,   0x00,   0x00,   0x00,   0x00,   0x00,   0x00,   0x09,
  0xd8,   0x00,   0x00,   0x00,   0x02,   0x00,   0x00,   0x00,   0xff,   0xff,   0xff,   0xff,
  0x20,   0x00,   0x00,   0x00,   0x0c,   0x78,   0xff,   0xff,   0x08,   0x00,   0x00,   0x00,
  0x14,   0x00,   0x00,   0x00,   0x01,   0x00,   0x00,   0x00,   0xdc,   0xff,   0xff,   0xff,
  0xff,   0xff,   0xff,   0xff,   0x00,   0x00,   0x00,   0x00,   0x01,   0x00,   0x00,   0x00,
  0x3b,   0xd3,   0xcd,   0x3c,   0x9e,   0x00,   0x00,   0x00,   0x73,   0x65,   0x71,   0x75,
  0x65,   0x6e,   0x74,   0x69,   0x61,   0x6c,   0x5f,   0x31,   0x2f,   0x6c,   0x73,   0x74,
  0x6d,   0x5f,   0x31,   0x2f,   0x6c,   0x73,   0x74,   0x6d,   0x5f,   0x63,   0x65,   0x6c,
  0x6c,   0x5f,   0x31,   0x33,   0x2f,   0x73,   0x70,   0x6c,   0x69,   0x74,   0x3b,   0x73,
  0x65,   0x71,   0x75,   0x65,   0x6e,   0x74,   0x69,   0x61,   0x6c,   0x5f,   0x31,   0x2f,
  0x6c,   0x73,   0x74,   0x6d,   0x5f,   0x31,   0x2f,   0x6c,   0x73,   0x74,   0x6d,   0x5f,
  0x63,   0x65,   0x6c,   0x6c,   0x5f,   0x31,   0x33,   0x2f,   0x73,   0x70,   0x6c,   0x69,
  0x74,   0x31,   0x3b,   0x73,   0x65,   0x71,   0x75,   0x65,   0x6e,   0x74,   0x69,   0x61,
  0x6c,   0x5f,   0x31,   0x2f,   0x6c,   0x73,   0x74,   0x6d,   0x5f,   0x31,   0x2f,   0x6c,
  0x73,   0x74,   0x6d,   0x5f,   0x63,   0x65,   0x6c,   0x6c,   0x5f,   0x31,   0x33,   0x2f,
  0x73,   0x70,   0x6c,   0x69,   0x74,   0x32,   0x3b,   0x73,   0x65,   0x71,   0x75,   0x65,
  0x6e,   0x74,   0x69,   0x61,   0x6c,   0x5f,   0x31,   0x2f,   0x6c,   0x73,   0x74,   0x6d,
  0x5f,   0x31,   0x2f,   0x6c,   0x73,   0x74,   0x6d,   0x5f,   0x63,   0x65,   0x6c,   0x6c,
  0x5f,   0x31,   0x33,   0x2f,   0x73,   0x70,   0x6c,   0x69,   0x74,   0x33,   0x00,   0x00,
  0x02,   0x00,   0x00,   0x00,   0x01,   0x00,   0x00,   0x00,   0x20,   0x00,   0x00,   0x00,
  0xc2,   0x89,   0xff,   0xff,   0x00,   0x00,   0x00,   0x01,   0x18,   0x00,   0x00,   0x00,
  0x20,   0x00,   0x00,   0x00,   0x3c,   0x00,   0x00,   0x00,   0x9b,   0x00,   0x00,   0x00,
  0x00,   0x00,   0x00,   0x09,   0x60,   0x00,   0x00,   0x00,   0x02,   0x00,   0x00,   0x00,
  0xff,   0xff,   0xff,   0xff,   0x80,   0x00,   0x00,   0x00,   0x0c,   0x79,   0xff,   0xff,
  0x08,   0x00,   0x00,   0x00,   0x10,   0x00,   0x00,   0x00,   0x01,   0x00,   0x00,   0x00,
  0xdc,   0xff,   0xff,   0xff,   0xff,   0xff,   0xff,   0xff,   0x01,   0x00,   0x00,   0x00,
  0x3b,   0xd3,   0xcd,   0x3c,   0x28,   0x00,   0x00,   0x00,   0x73,   0x65,   0x71,   0x75,
  0x65,   0x6e,   0x74,   0x69,   0x61,   0x6c,   0x5f,   0x31,   0x2f,   0x6c,   0x73,   0x74,
  0x6d,   0x5f,   0x31,   0x2f,   0x6c,   0x73,   0x74,   0x6d,   0x5f,   0x63,   0x65,   0x6c,
  0x6c,   0x5f,   0x31,   0x33,   0x2f,   0x42,   0x69,   0x61,   0x73,   0x41,   0x64,   0x64,
  0x00,   0x00,   0x00,   0x00,   0x02,   0x00,   0x00,   0x00,   0x01,   0x00,   0x00,   0x00,
  0x80,   0x00,   0x00,   0x00,   0x4a,   0x8a,   0xff,   0xff,   0x00,   0x00,   0x00,   0x01,
  0x18,   0x00,   0x00,   0x00,   0x20,   0x00,   0x00,   0x00,   0x40,   0x00,   0x00,   0x00,
  0x9a,   0x00,   0x00,   0x00,   0x00,   0x00,   0x00,   0x09,   0x60,   0x00,   0x00,   0x00,
  0x02,   0x00,   0x00,   0x00,   0xff,   0xff,   0xff,   0xff,   0x80,   0x00,   0x00,   0x00,
  0x94,   0x79,   0xff,   0xff,   0x08,   0x00,   0x00,   0x00,   0x14,   0x00,   0x00,   0x00,
  0x01,   0x00,   0x00,   0x00,   0xdc,   0xff,   0xff,   0xff,   0xff,   0xff,   0xff,   0xff,
  0x00,   0x00,   0x00,   0x00,   0x01,   0x00,   0x00,   0x00,   0x3b,   0xd3,   0xcd,   0x3c,
  0x24,   0x00,   0x00,   0x00,   0x73,   0x65,   0x71,   0x75,   0x65,   0x6e,   0x74,   0x69,
  0x61,   0x6c,   0x5f,   0x31,   0x2f,   0x6c,   0x73,   0x74,   0x6d,   0x5f,   0x31,   0x2f,
  0x6c,   0x73,   0x74,   0x6d,   0x5f,   0x63,   0x65,   0x6c,   0x6c,   0x5f,   0x31,   0x33,
  0x2f,   0x41,   0x64,   0x64,   0x00,   0x00,   0x00,   0x00,   0x02,   0x00,   0x00,   0x00,
  0x01,   0x00,   0x00,   0x00,   0x80,   0x00,   0x00,   0x00,   0xd2,   0x8a,   0xff,   0xff,
  0x00,   0x00,   0x00,   0x01,   0x18,   0x00,   0x00,   0x00,   0x20,   0x00,   0x00,   0x00,
  0x3c,   0x00,   0x00,   0x00,   0x99,   0x00,   0x00,   0x00,   0x00,   0x00,   0x00,   0x09,
  0x60,   0x00,   0x00,   0x00,   0x02,   0x00,   0x00,   0x00,   0xff,   0xff,   0xff,   0xff,
  0x80,   0x00,   0x00,   0x00,   0x1c,   0x7a,   0xff,   0xff,   0x08,   0x00,   0x00,   0x00,
  0x10,   0x00,   0x00,   0x00,   0x01,   0x00,   0x00,   0x00,   0x03,   0x00,   0x00,   0x00,
  0x00,   0x00,   0x00,   0x00,   0x01,   0x00,   0x00,   0x00,   0x09,   0x4f,   0x4d,   0x3c,
  0x29,   0x00,   0x00,   0x00,   0x73,   0x65,   0x71,   0x75,   0x65,   0x6e,   0x74,   0x69,
  0x61,   0x6c,   0x5f,   0x31,   0x2f,   0x6c,   0x73,   0x74,   0x6d,   0x5f,   0x31,   0x2f,
  0x6c,   0x73,   0x74,   0x6d,   0x5f,   0x63,   0x65,   0x6c,   0x6c,   0x5f,   0x31,   0x33,
  0x2f,   0x4d,   0x61,   0x74,   0x4d,   0x75,   0x6c,   0x5f,   0x31,   0x00,   0x00,   0x00,
  0x02,   0x00,   0x00,   0x00,   0x01,   0x00,   0x00,   0x00,   0x80,   0x00,   0x00,   0x00,
  0x5a,   0x8b,   0xff,   0xff,   0x00,   0x00,   0x00,   0x01,   0x18,   0x00,   0x00,   0x00,
  0x20,   0x00,   0x00,   0x00,   0x40,   0x00,   0x00,   0x00,   0x98,   0x00,   0x00,   0x00,
  0x00,   0x00,   0x00,   0x09,   0x60,   0x00,   0x00,   0x00,   0x02,   0x00,   0x00,   0x00,
  0xff,   0xff,   0xff,   0xff,   0x20,   0x00,   0x00,   0x00,   0xa4,   0x7a,   0xff,   0xff,
  0x08,   0x00,   0x00,   0x00,   0x14,   0x00,   0x00,   0x00,   0x01,   0x00,   0x00,   0x00,
  0x20,   0x00,   0x00,   0x00,   0x00,   0x00,   0x00,   0x00,   0x00,   0x00,   0x00,   0x00,
  0x01,   0x00,   0x00,   0x00,   0xc5,   0xea,   0xb2,   0x3b,   0x26,   0x00,   0x00,   0x00,
  0x73,   0x65,   0x71,   0x75,   0x65,   0x6e,   0x74,   0x69,   0x61,   0x6c,   0x5f,   0x31,
  0x2f,   0x6c,   0x73,   0x74,   0x6d,   0x5f,   0x31,   0x2f,   0x6c,   0x73,   0x74,   0x6d,
  0x5f,   0x63,   0x65,   0x6c,   0x6c,   0x5f,   0x31,   0x31,   0x2f,   0x6d,   0x75,   0x6c,
  0x5f,   0x32,   0x00,   0x00,   0x02,   0x00,   0x00,   0x00,   0x01,   0x00,   0x00,   0x00,
  0x20,   0x00,   0x00,   0x00,   0xe2,   0x8b,   0xff,   0xff,   0x00,   0x00,   0x00,   0x01,
  0x18,   0x00,   0x00,   0x00,   0x20,   0x00,   0x00,   0x00,   0x40,   0x00,   0x00,   0x00,
  0x97,   0x00,   0x00,   0x00,   0x00,   0x00,   0x00,   0x09,   0x60,   0x00,   0x00,   0x00,
  0x02,   0x00,   0x00,   0x00,   0xff,   0xff,   0xff,   0xff,   0x20,   0x00,   0x00,   0x00,
  0x2c,   0x7b,   0xff,   0xff,   0x08,   0x00,   0x00,   0x00,   0x14,   0x00,   0x00,   0x00,
  0x01,   0x00,   0x00,   0x00,   0x00,   0x00,   0x00,   0x00,   0x00,   0x00,   0x00,   0x00,
  0x00,   0x00,   0x00,   0x00,   0x01,   0x00,   0x00,   0x00,   0x00,   0x00,   0x00,   0x3c,
  0x27,   0x00,   0x00,   0x00,   0x73,   0x65,   0x71,   0x75,   0x65,   0x6e,   0x74,   0x69,
  0x61,   0x6c,   0x5f,   0x31,   0x2f,   0x6c,   0x73,   0x74,   0x6d,   0x5f,   0x31,   0x2f,
  0x6c,   0x73,   0x74,   0x6d,   0x5f,   0x63,   0x65,   0x6c,   0x6c,   0x5f,   0x31,   0x31,
  0x2f,   0x54,   0x61,   0x6e,   0x68,   0x5f,   0x31,   0x00,   0x02,   0x00,   0x00,   0x00,
  0x01,   0x00,   0x00,   0x00,   0x20,   0x00,   0x00,   0x00,   0x6a,   0x8c,   0xff,   0xff,
  0x00,   0x00,   0x00,   0x01,   0x18,   0x00,   0x00,   0x00,   0x20,   0x00,   0x00,   0x00,
  0x40,   0x00,   0x00,   0x00,   0x96,   0x00,   0x00,   0x00,   0x00,   0x00,   0x00,   0x09,
  0x60,   0x00,   0x00,   0x00,   0x02,   0x00,   0x00,   0x00,   0xff,   0xff,   0xff,   0xff,
  0x20,   0x00,   0x00,   0x00,   0xb4,   0x7b,   0xff,   0xff,   0x08,   0x00,   0x00,   0x00,
  0x14,   0x00,   0x00,   0x00,   0x01,   0x00,   0x00,   0x00,   0x13,   0x00,   0x00,   0x00,
  0x00,   0x00,   0x00,   0x00,   0x00,   0x00,   0x00,   0x00,   0x01,   0x00,   0x00,   0x00,
  0x40,   0x4e,   0x58,   0x3c,   0x26,   0x00,   0x00,   0x00,   0x73,   0x65,   0x71,   0x75,
  0x65,   0x6e,   0x74,   0x69,   0x61,   0x6c,   0x5f,   0x31,   0x2f,   0x6c,   0x73,   0x74,
  0x6d,   0x5f,   0x31,   0x2f,   0x6c,   0x73,   0x74,   0x6d,   0x5f,   0x63,   0x65,   0x6c,
  0x6c,   0x5f,   0x31,   0x31,   0x2f,   0x61,   0x64,   0x64,   0x5f,   0x31,   0x00,   0x00,
  0x02,   0x00,   0x00,   0x00,   0x01,   0x00,   0x00,   0x00,   0x20,   0x00,   0x00,   0x00,
  0xf2,   0x8c,   0xff,   0xff,   0x00,   0x00,   0x00,   0x01,   0x18,   0x00,   0x00,   0x00,
  0x20,   0x00,   0x00,   0x00,   0x40,   0x00,   0x00,   0x00,   0x95,   0x00,   0x00,   0x00,
  0x00,   0x00,   0x00,   0x09,   0x60,   0x00,   0x00,   0x00,   0x02,   0x00,   0x00,   0x00,
  0xff,   0xff,   0xff,   0xff,   0x20,   0x00,   0x00,   0x00,   0x3c,   0x7c,   0xff,   0xff,
  0x08,   0x00,   0x00,   0x00,   0x14,   0x00,   0x00,   0x00,   0x01,   0x00,   0x00,   0x00,
  0x04,   0x00,   0x00,   0x00,   0x00,   0x00,   0x00,   0x00,   0x00,   0x00,   0x00,   0x00,
  0x01,   0x00,   0x00,   0x00,   0x78,   0x8a,   0x5c,   0x3b,   0x26,   0x00,   0x00,   0x00,
  0x73,   0x65,   0x71,   0x75,   0x65,   0x6e,   0x74,   0x69,   0x61,   0x6c,   0x5f,   0x31,
  0x2f,   0x6c,   0x73,   0x74,   0x6d,   0x5f,   0x31,   0x2f,   0x6c,   0x73,   0x74,   0x6d,
  0x5f,   0x63,   0x65,   0x6c,   0x6c,   0x5f,   0x31,   0x31,   0x2f,   0x6d,   0x75,   0x6c,
  0x5f,   0x31,   0x00,   0x00,   0x02,   0x00,   0x00,   0x00,   0x01,   0x00,   0x00,   0x00,
  0x20,   0x00,   0x00,   0x00,   0x7a,   0x8d,   0xff,   0xff,   0x00,   0x00,   0x00,   0x01,
  0x18,   0x00,   0x00,   0x00,   0x20,   0x00,   0x00,   0x00,   0x40,   0x00,   0x00,   0x00,
  0x94,   0x00,   0x00,   0x00,   0x00,   0x00,   0x00,   0x09,   0x60,   0x00,   0x00,   0x00,
  0x02,   0x00,   0x00,   0x00,   0xff,   0xff,   0xff,   0xff,   0x20,   0x00,   0x00,   0x00,
  0xc4,   0x7c,   0xff,   0xff,   0x08,   0x00,   0x00,   0x00,   0x14,   0x00,   0x00,   0x00,
  0x01,   0x00,   0x00,   0x00,   0x00,   0x00,   0x00,   0x00,   0x00,   0x00,   0x00,   0x00,
  0x00,   0x00,   0x00,   0x00,   0x01,   0x00,   0x00,   0x00,   0x00,   0x00,   0x00,   0x3c,
  0x25,   0x00,   0x00,   0x00,   0x73,   0x65,   0x71,   0x75,   0x65,   0x6e,   0x74,   0x69,
  0x61,   0x6c,   0x5f,   0x31,   0x2f,   0x6c,   0x73,   0x74,   0x6d,   0x5f,   0x31,   0x2f,
  0x6c,   0x73,   0x74,   0x6d,   0x5f,   0x63,   0x65,   0x6c,   0x6c,   0x5f,   0x31,   0x31,
  0x2f,   0x54,   0x61,   0x6e,   0x68,   0x00,   0x00,   0x00,   0x02,   0x00,   0x00,   0x00,
  0x01,   0x00,   0x00,   0x00,   0x20,   0x00,   0x00,   0x00,   0x02,   0x8e,   0xff,   0xff,
  0x00,   0x00,   0x00,   0x01,   0x18,   0x00,   0x00,   0x00,   0x20,   0x00,   0x00,   0x00,
  0x3c,   0x00,   0x00,   0x00,   0x93,   0x00,   0x00,   0x00,   0x00,   0x00,   0x00,   0x09,
  0x60,   0x00,   0x00,   0x00,   0x02,   0x00,   0x00,   0x00,   0xff,   0xff,   0xff,   0xff,
  0x20,   0x00,   0x00,   0x00,   0x4c,   0x7d,   0xff,   0xff,   0x08,   0x00,   0x00,   0x00,
  0x10,   0x00,   0x00,   0x00,   0x01,   0x00,   0x00,   0x00,   0x80,   0xff,   0xff,   0xff,
  0xff,   0xff,   0xff,   0xff,   0x01,   0x00,   0x00,   0x00,   0x00,   0x00,   0x80,   0x3b,
  0x2a,   0x00,   0x00,   0x00,   0x73,   0x65,   0x71,   0x75,   0x65,   0x6e,   0x74,   0x69,
  0x61,   0x6c,   0x5f,   0x31,   0x2f,   0x6c,   0x73,   0x74,   0x6d,   0x5f,   0x31,   0x2f,
  0x6c,   0x73,   0x74,   0x6d,   0x5f,   0x63,   0x65,   0x6c,   0x6c,   0x5f,   0x31,   0x31,
  0x2f,   0x53,   0x69,   0x67,   0x6d,   0x6f,   0x69,   0x64,   0x5f,   0x32,   0x00,   0x00,
  0x02,   0x00,   0x00,   0x00,   0x01,   0x00,   0x00,   0x00,   0x20,   0x00,   0x00,   0x00,
  0x8a,   0x8e,   0xff,   0xff,   0x00,   0x00,   0x00,   0x01,   0x18,   0x00,   0x00,   0x00,
  0x20,   0x00,   0x00,   0x00,   0x40,   0x00,   0x00,   0x00,   0x92,   0x00,   0x00,   0x00,
  0x00,   0x00,   0x00,   0x09,   0x60,   0x00,   0x00,   0x00,   0x02,   0x00,   0x00,   0x00,
  0xff,   0xff,   0xff,   0xff,   0x20,   0x00,   0x00,   0x00,   0xd4,   0x7d,   0xff,   0xff,
  0x08,   0x00,   0x00,   0x00,   0x14,   0x00,   0x00,   0x00,   0x01,   0x00,   0x00,   0x00,
  0x13,   0x00,   0x00,   0x00,   0x00,   0x00,   0x00,   0x00,   0x00,   0x00,   0x00,   0x00,
  0x01,   0x00,   0x00,   0x00,   0x40,   0x4e,   0x58,   0x3c,   0x24,   0x00,   0x00,   0x00,
  0x73,   0x65,   0x71,   0x75,   0x65,   0x6e,   0x74,   0x69,   0x61,   0x6c,   0x5f,   0x31,
  0x2f,   0x6c,   0x73,   0x74,   0x6d,   0x5f,   0x31,   0x2f,   0x6c,   0x73,   0x74,   0x6d,
  0x5f,   0x63,   0x65,   0x6c,   0x6c,   0x5f,   0x31,   0x31,   0x2f,   0x6d,   0x75,   0x6c,
  0x00,   0x00,   0x00,   0x00,   0x02,   0x00,   0x00,   0x00,   0x01,   0x00,   0x00,   0x00,
  0x20,   0x00,   0x00,   0x00,   0x12,   0x8f,   0xff,   0xff,   0x00,   0x00,   0x00,   0x01,
  0x18,   0x00,   0x00,   0x00,   0x20,   0x00,   0x00,   0x00,   0x3c,   0x00,   0x00,   0x00,
  0x91,   0x00,   0x00,   0x00,   0x00,   0x00,   0x00,   0x09,   0x60,   0x00,   0x00,   0x00,
  0x02,   0x00,   0x00,   0x00,   0xff,   0xff,   0xff,   0xff,   0x20,   0x00,   0x00,   0x00,
  0x5c,   0x7e,   0xff,   0xff,   0x08,   0x00,   0x00,   0x00,   0x10,   0x00,   0x00,   0x00,
  0x01,   0x00,   0x00,   0x00,   0x80,   0xff,   0xff,   0xff,   0xff,   0xff,   0xff,   0xff,
  0x01,   0x00,   0x00,   0x00,   0x00,   0x00,   0x80,   0x3b,   0x2a,   0x00,   0x00,   0x00,
  0x73,   0x65,   0x71,   0x75,   0x65,   0x6e,   0x74,   0x69,   0x61,   0x6c,   0x5f,   0x31,
  0x2f,   0x6c,   0x73,   0x74,   0x6d,   0x5f,   0x31,   0x2f,   0x6c,   0x73,   0x74,   0x6d,
  0x5f,   0x63,   0x65,   0x6c,   0x6c,   0x5f,   0x31,   0x31,   0x2f,   0x53,   0x69,   0x67,
  0x6d,   0x6f,   0x69,   0x64,   0x5f,   0x31,   0x00,   0x00,   0x02,   0x00,   0x00,   0x00,
  0x01,   0x00,   0x00,   0x00,   0x20,   0x00,   0x00,   0x00,   0x9a,   0x8f,   0xff,   0xff,
  0x00,   0x00,   0x00,   0x01,   0x18,   0x00,   0x00,   0x00,   0x20,   0x00,   0x00,   0x00,
  0x3c,   0x00,   0x00,   0x00,   0x90,   0x00,   0x00,   0x00,   0x00,   0x00,   0x00,   0x09,
  0x60,   0x00,   0x00,   0x00,   0x02,   0x00,   0x00,   0x00,   0xff,   0xff,   0xff,   0xff,
  0x20,   0x00,   0x00,   0x00,   0xe4,   0x7e,   0xff,   0xff,   0x08,   0x00,   0x00,   0x00,
  0x10,   0x00,   0x00,   0x00,   0x01,   0x00,   0x00,   0x00,   0x80,   0xff,   0xff,   0xff,
  0xff,   0xff,   0xff,   0xff,   0x01,   0x00,   0x00,   0x00,   0x00,   0x00,   0x80,   0x3b,
  0x28,   0x00,   0x00,   0x00,   0x73,   0x65,   0x71,   0x75,   0x65,   0x6e,   0x74,   0x69,
  0x61,   0x6c,   0x5f,   0x31,   0x2f,   0x6c,   0x73,   0x74,   0x6d,   0x5f,   0x31,   0x2f,
  0x6c,   0x73,   0x74,   0x6d,   0x5f,   0x63,   0x65,   0x6c,   0x6c,   0x5f,   0x31,   0x31,
  0x2f,   0x53,   0x69,   0x67,   0x6d,   0x6f,   0x69,   0x64,   0x00,   0x00,   0x00,   0x00,
  0x02,   0x00,   0x00,   0x00,   0x01,   0x00,   0x00,   0x00,   0x20,   0x00,   0x00,   0x00,
  0x22,   0x90,   0xff,   0xff,   0x00,   0x00,   0x00,   0x01,   0x18,   0x00,   0x00,   0x00,
  0x20,   0x00,   0x00,   0x00,   0x40,   0x00,   0x00,   0x00,   0x8f,   0x00,   0x00,   0x00,
  0x00,   0x00,   0x00,   0x09,   0xd8,   0x00,   0x00,   0x00,   0x02,   0x00,   0x00,   0x00,
  0xff,   0xff,   0xff,   0xff,   0x20,   0x00,   0x00,   0x00,   0x6c,   0x7f,   0xff,   0xff,
  0x08,   0x00,   0x00,   0x00,   0x14,   0x00,   0x00,   0x00,   0x01,   0x00,   0x00,   0x00,
  0xdb,   0xff,   0xff,   0xff,   0xff,   0xff,   0xff,   0xff,   0x00,   0x00,   0x00,   0x00,
  0x01,   0x00,   0x00,   0x00,   0x8b,   0x20,   0xc8,   0x3c,   0x9f,   0x00,   0x00,   0x00,
  0x73,   0x65,   0x71,   0x75,   0x65,   0x6e,   0x74,   0x69,   0x61,   0x6c,   0x5f,   0x31,
  0x2f,   0x6c,   0x73,   0x74,   0x6d,   0x5f,   0x31,   0x2f,   0x6c,   0x73,   0x74,   0x6d,
  0x5f,   0x63,   0x65,   0x6c,   0x6c,   0x5f,   0x31,   0x31,   0x2f,   0x73,   0x70,   0x6c,
  0x69,   0x74,   0x3b,   0x73,   0x65,   0x71,   0x75,   0x65,   0x6e,   0x74,   0x69,   0x61,
  0x6c,   0x5f,   0x31,   0x2f,   0x6c,   0x73,   0x74,   0x6d,   0x5f,   0x31,   0x2f,   0x6c,
  0x73,   0x74,   0x6d,   0x5f,   0x63,   0x65,   0x6c,   0x6c,   0x5f,   0x31,   0x31,   0x2f,
  0x73,   0x70,   0x6c,   0x69,   0x74,   0x31,   0x3b,   0x73,   0x65,   0x71,   0x75,   0x65,
  0x6e,   0x74,   0x69,   0x61,   0x6c,   0x5f,   0x31,   0x2f,   0x6c,   0x73,   0x74,   0x6d,
  0x5f,   0x31,   0x2f,   0x6c,   0x73,   0x74,   0x6d,   0x5f,   0x63,   0x65,   0x6c,   0x6c,
  0x5f,   0x31,   0x31,   0x2f,   0x73,   0x70,   0x6c,   0x69,   0x74,   0x32,   0x3b,   0x73,
  0x65,   0x71,   0x75,   0x65,   0x6e,   0x74,   0x69,   0x61,   0x6c,   0x5f,   0x31,   0x2f,
  0x6c,   0x73,   0x74,   0x6d,   0x5f,   0x31,   0x2f,   0x6c,   0x73,   0x74,   0x6d,   0x5f,
  0x63,   0x65,   0x6c,   0x6c,   0x5f,   0x31,   0x31,   0x2f,   0x73,   0x70,   0x6c,   0x69,
  0x74,   0x33,   0x33,   0x00,   0x02,   0x00,   0x00,   0x00,   0x01,   0x00,   0x00,   0x00,
  0x20,   0x00,   0x00,   0x00,   0x22,   0x91,   0xff,   0xff,   0x00,   0x00,   0x00,   0x01,
  0x18,   0x00,   0x00,   0x00,   0x20,   0x00,   0x00,   0x00,   0x40,   0x00,   0x00,   0x00,
  0x8e,   0x00,   0x00,   0x00,   0x00,   0x00,   0x00,   0x09,   0xd8,   0x00,   0x00,   0x00,
  0x02,   0x00,   0x00,   0x00,   0xff,   0xff,   0xff,   0xff,   0x20,   0x00,   0x00,   0x00,
  0x6c,   0x80,   0xff,   0xff,   0x08,   0x00,   0x00,   0x00,   0x14,   0x00,   0x00,   0x00,
  0x01,   0x00,   0x00,   0x00,   0xdb,   0xff,   0xff,   0xff,   0xff,   0xff,   0xff,   0xff,
  0x00,   0x00,   0x00,   0x00,   0x01,   0x00,   0x00,   0x00,   0x8b,   0x20,   0xc8,   0x3c,
  0x9f,   0x00,   0x00,   0x00,   0x73,   0x65,   0x71,   0x75,   0x65,   0x6e,   0x74,   0x69,
  0x61,   0x6c,   0x5f,   0x31,   0x2f,   0x6c,   0x73,   0x74,   0x6d,   0x5f,   0x31,   0x2f,
  0x6c,   0x73,   0x74,   0x6d,   0x5f,   0x63,   0x65,   0x6c,   0x6c,   0x5f,   0x31,   0x31,
  0x2f,   0x73,   0x70,   0x6c,   0x69,   0x74,   0x3b,   0x73,   0x65,   0x71,   0x75,   0x65,
  0x6e,   0x74,   0x69,   0x61,   0x6c,   0x5f,   0x31,   0x2f,   0x6c,   0x73,   0x74,   0x6d,
  0x5f,   0x31,   0x2f,   0x6c,   0x73,   0x74,   0x6d,   0x5f,   0x63,   0x65,   0x6c,   0x6c,
  0x5f,   0x31,   0x31,   0x2f,   0x73,   0x70,   0x6c,   0x69,   0x74,   0x31,   0x3b,   0x73,
  0x65,   0x71,   0x75,   0x65,   0x6e,   0x74,   0x69,   0x61,   0x6c,   0x5f,   0x31,   0x2f,
  0x6c,   0x73,   0x74,   0x6d,   0x5f,   0x31,   0x2f,   0x6c,   0x73,   0x74,   0x6d,   0x5f,
  0x63,   0x65,   0x6c,   0x6c,   0x5f,   0x31,   0x31,   0x2f,   0x73,   0x70,   0x6c,   0x69,
  0x74,   0x32,   0x3b,   0x73,   0x65,   0x71,   0x75,   0x65,   0x6e,   0x74,   0x69,   0x61,
  0x6c,   0x5f,   0x31,   0x2f,   0x6c,   0x73,   0x74,   0x6d,   0x5f,   0x31,   0x2f,   0x6c,
  0x73,   0x74,   0x6d,   0x5f,   0x63,   0x65,   0x6c,   0x6c,   0x5f,   0x31,   0x31,   0x2f,
  0x73,   0x70,   0x6c,   0x69,   0x74,   0x33,   0x32,   0x00,   0x02,   0x00,   0x00,   0x00,
  0x01,   0x00,   0x00,   0x00,   0x20,   0x00,   0x00,   0x00,   0x22,   0x92,   0xff,   0xff,
  0x00,   0x00,   0x00,   0x01,   0x18,   0x00,   0x00,   0x00,   0x20,   0x00,   0x00,   0x00,
  0x40,   0x00,   0x00,   0x00,   0x8d,   0x00,   0x00,   0x00,   0x00,   0x00,   0x00,   0x09,
  0xd8,   0x00,   0x00,   0x00,   0x02,   0x00,   0x00,   0x00,   0xff,   0xff,   0xff,   0xff,
  0x20,   0x00,   0x00,   0x00,   0x6c,   0x81,   0xff,   0xff,   0x08,   0x00,   0x00,   0x00,
  0x14,   0x00,   0x00,   0x00,   0x01,   0x00,   0x00,   0x00,   0xdb,   0xff,   0xff,   0xff,
  0xff,   0xff,   0xff,   0xff,   0x00,   0x00,   0x00,   0x00,   0x01,   0x00,   0x00,   0x00,
  0x8b,   0x20,   0xc8,   0x3c,   0x9f,   0x00,   0x00,   0x00,   0x73,   0x65,   0x71,   0x75,
  0x65,   0x6e,   0x74,   0x69,   0x61,   0x6c,   0x5f,   0x31,   0x2f,   0x6c,   0x73,   0x74,
  0x6d,   0x5f,   0x31,   0x2f,   0x6c,   0x73,   0x74,   0x6d,   0x5f,   0x63,   0x65,   0x6c,
  0x6c,   0x5f,   0x31,   0x31,   0x2f,   0x73,   0x70,   0x6c,   0x69,   0x74,   0x3b,   0x73,
  0x65,   0x71,   0x75,   0x65,   0x6e,   0x74,   0x69,   0x61,   0x6c,   0x5f,   0x31,   0x2f,
  0x6c,   0x73,   0x74,   0x6d,   0x5f,   0x31,   0x2f,   0x6c,   0x73,   0x74,   0x6d,   0x5f,
  0x63,   0x65,   0x6c,   0x6c,   0x5f,   0x31,   0x31,   0x2f,   0x73,   0x70,   0x6c,   0x69,
  0x74,   0x31,   0x3b,   0x73,   0x65,   0x71,   0x75,   0x65,   0x6e,   0x74,   0x69,   0x61,
  0x6c,   0x5f,   0x31,   0x2f,   0x6c,   0x73,   0x74,   0x6d,   0x5f,   0x31,   0x2f,   0x6c,
  0x73,   0x74,   0x6d,   0x5f,   0x63,   0x65,   0x6c,   0x6c,   0x5f,   0x31,   0x31,   0x2f,
  0x73,   0x70,   0x6c,   0x69,   0x74,   0x32,   0x3b,   0x73,   0x65,   0x71,   0x75,   0x65,
  0x6e,   0x74,   0x69,   0x61,   0x6c,   0x5f,   0x31,   0x2f,   0x6c,   0x73,   0x74,   0x6d,
  0x5f,   0x31,   0x2f,   0x6c,   0x73,   0x74,   0x6d,   0x5f,   0x63,   0x65,   0x6c,   0x6c,
  0x5f,   0x31,   0x31,   0x2f,   0x73,   0x70,   0x6c,   0x69,   0x74,   0x33,   0x31,   0x00,
  0x02,   0x00,   0x00,   0x00,   0x01,   0x00,   0x00,   0x00,   0x20,   0x00,   0x00,   0x00,
  0x22,   0x93,   0xff,   0xff,   0x00,   0x00,   0x00,   0x01,   0x18,   0x00,   0x00,   0x00,
  0x20,   0x00,   0x00,   0x00,   0x40,   0x00,   0x00,   0x00,   0x8c,   0x00,   0x00,   0x00,
  0x00,   0x00,   0x00,   0x09,   0xd8,   0x00,   0x00,   0x00,   0x02,   0x00,   0x00,   0x00,
  0xff,   0xff,   0xff,   0xff,   0x20,   0x00,   0x00,   0x00,   0x6c,   0x82,   0xff,   0xff,
  0x08,   0x00,   0x00,   0x00,   0x14,   0x00,   0x00,   0x00,   0x01,   0x00,   0x00,   0x00,
  0xdb,   0xff,   0xff,   0xff,   0xff,   0xff,   0xff,   0xff,   0x00,   0x00,   0x00,   0x00,
  0x01,   0x00,   0x00,   0x00,   0x8b,   0x20,   0xc8,   0x3c,   0x9e,   0x00,   0x00,   0x00,
  0x73,   0x65,   0x71,   0x75,   0x65,   0x6e,   0x74,   0x69,   0x61,   0x6c,   0x5f,   0x31,
  0x2f,   0x6c,   0x73,   0x74,   0x6d,   0x5f,   0x31,   0x2f,   0x6c,   0x73,   0x74,   0x6d,
  0x5f,   0x63,   0x65,   0x6c,   0x6c,   0x5f,   0x31,   0x31,   0x2f,   0x73,   0x70,   0x6c,
  0x69,   0x74,   0x3b,   0x73,   0x65,   0x71,   0x75,   0x65,   0x6e,   0x74,   0x69,   0x61,
  0x6c,   0x5f,   0x31,   0x2f,   0x6c,   0x73,   0x74,   0x6d,   0x5f,   0x31,   0x2f,   0x6c,
  0x73,   0x74,   0x6d,   0x5f,   0x63,   0x65,   0x6c,   0x6c,   0x5f,   0x31,   0x31,   0x2f,
  0x73,   0x70,   0x6c,   0x69,   0x74,   0x31,   0x3b,   0x73,   0x65,   0x71,   0x75,   0x65,
  0x6e,   0x74,   0x69,   0x61,   0x6c,   0x5f,   0x31,   0x2f,   0x6c,   0x73,   0x74,   0x6d,
  0x5f,   0x31,   0x2f,   0x6c,   0x73,   0x74,   0x6d,   0x5f,   0x63,   0x65,   0x6c,   0x6c,
  0x5f,   0x31,   0x31,   0x2f,   0x73,   0x70,   0x6c,   0x69,   0x74,   0x32,   0x3b,   0x73,
  0x65,   0x71,   0x75,   0x65,   0x6e,   0x74,   0x69,   0x61,   0x6c,   0x5f,   0x31,   0x2f,
  0x6c,   0x73,   0x74,   0x6d,   0x5f,   0x31,   0x2f,   0x6c,   0x73,   0x74,   0x6d,   0x5f,
  0x63,   0x65,   0x6c,   0x6c,   0x5f,   0x31,   0x31,   0x2f,   0x73,   0x70,   0x6c,   0x69,
  0x74,   0x33,   0x00,   0x00,   0x02,   0x00,   0x00,   0x00,   0x01,   0x00,   0x00,   0x00,
  0x20,   0x00,   0x00,   0x00,   0x22,   0x94,   0xff,   0xff,   0x00,   0x00,   0x00,   0x01,
  0x18,   0x00,   0x00,   0x00,   0x20,   0x00,   0x00,   0x00,   0x3c,   0x00,   0x00,   0x00,
  0x8b,   0x00,   0x00,   0x00,   0x00,   0x00,   0x00,   0x09,   0x60,   0x00,   0x00,   0x00,
  0x02,   0x00,   0x00,   0x00,   0xff,   0xff,   0xff,   0xff,   0x80,   0x00,   0x00,   0x00,
  0x6c,   0x83,   0xff,   0xff,   0x08,   0x00,   0x00,   0x00,   0x10,   0x00,   0x00,   0x00,
  0x01,   0x00,   0x00,   0x00,   0xdb,   0xff,   0xff,   0xff,   0xff,   0xff,   0xff,   0xff,
  0x01,   0x00,   0x00,   0x00,   0x8b,   0x20,   0xc8,   0x3c,   0x28,   0x00,   0x00,   0x00,
  0x73,   0x65,   0x71,   0x75,   0x65,   0x6e,   0x74,   0x69,   0x61,   0x6c,   0x5f,   0x31,
  0x2f,   0x6c,   0x73,   0x74,   0x6d,   0x5f,   0x31,   0x2f,   0x6c,   0x73,   0x74,   0x6d,
  0x5f,   0x63,   0x65,   0x6c,   0x6c,   0x5f,   0x31,   0x31,   0x2f,   0x42,   0x69,   0x61,
  0x73,   0x41,   0x64,   0x64,   0x00,   0x00,   0x00,   0x00,   0x02,   0x00,   0x00,   0x00,
  0x01,   0x00,   0x00,   0x00,   0x80,   0x00,   0x00,   0x00,   0xaa,   0x94,   0xff,   0xff,
  0x00,   0x00,   0x00,   0x01,   0x18,   0x00,   0x00,   0x00,   0x20,   0x00,   0x00,   0x00,
  0x40,   0x00,   0x00,   0x00,   0x8a,   0x00,   0x00,   0x00,   0x00,   0x00,   0x00,   0x09,
  0x60,   0x00,   0x00,   0x00,   0x02,   0x00,   0x00,   0x00,   0xff,   0xff,   0xff,   0xff,
  0x80,   0x00,   0x00,   0x00,   0xf4,   0x83,   0xff,   0xff,   0x08,   0x00,   0x00,   0x00,
  0x14,   0x00,   0x00,   0x00,   0x01,   0x00,   0x00,   0x00,   0xdb,   0xff,   0xff,   0xff,
  0xff,   0xff,   0xff,   0xff,   0x00,   0x00,   0x00,   0x00,   0x01,   0x00,   0x00,   0x00,
  0x8b,   0x20,   0xc8,   0x3c,   0x24,   0x00,   0x00,   0x00,   0x73,   0x65,   0x71,   0x75,
  0x65,   0x6e,   0x74,   0x69,   0x61,   0x6c,   0x5f,   0x31,   0x2f,   0x6c,   0x73,   0x74,
  0x6d,   0x5f,   0x31,   0x2f,   0x6c,   0x73,   0x74,   0x6d,   0x5f,   0x63,   0x65,   0x6c,
  0x6c,   0x5f,   0x31,   0x31,   0x2f,   0x41,   0x64,   0x64,   0x00,   0x00,   0x00,   0x00,
  0x02,   0x00,   0x00,   0x00,   0x01,   0x00,   0x00,   0x00,   0x80,   0x00,   0x00,   0x00,
  0x32,   0x95,   0xff,   0xff,   0x00,   0x00,   0x00,   0x01,   0x18,   0x00,   0x00,   0x00,
  0x20,   0x00,   0x00,   0x00,   0x3c,   0x00,   0x00,   0x00,   0x89,   0x00,   0x00,   0x00,
  0x00,   0x00,   0x00,   0x09,   0x60,   0x00,   0x00,   0x00,   0x02,   0x00,   0x00,   0x00,
  0xff,   0xff,   0xff,   0xff,   0x80,   0x00,   0x00,   0x00,   0x7c,   0x84,   0xff,   0xff,
  0x08,   0x00,   0x00,   0x00,   0x10,   0x00,   0x00,   0x00,   0x01,   0x00,   0x00,   0x00,
  0x02,   0x00,   0x00,   0x00,   0x00,   0x00,   0x00,   0x00,   0x01,   0x00,   0x00,   0x00,
  0x37,   0x3b,   0x3f,   0x3c,   0x29,   0x00,   0x00,   0x00,   0x73,   0x65,   0x71,   0x75,
  0x65,   0x6e,   0x74,   0x69,   0x61,   0x6c,   0x5f,   0x31,   0x2f,   0x6c,   0x73,   0x74,
  0x6d,   0x5f,   0x31,   0x2f,   0x6c,   0x73,   0x74,   0x6d,   0x5f,   0x63,   0x65,   0x6c,
  0x6c,   0x5f,   0x31,   0x31,   0x2f,   0x4d,   0x61,   0x74,   0x4d,   0x75,   0x6c,   0x5f,
  0x31,   0x00,   0x00,   0x00,   0x02,   0x00,   0x00,   0x00,   0x01,   0x00,   0x00,   0x00,
  0x80,   0x00,   0x00,   0x00,   0xba,   0x95,   0xff,   0xff,   0x00,   0x00,   0x00,   0x01,
  0x18,   0x00,   0x00,   0x00,   0x20,   0x00,   0x00,   0x00,   0x40,   0x00,   0x00,   0x00,
  0x88,   0x00,   0x00,   0x00,   0x00,   0x00,   0x00,   0x09,   0x60,   0x00,   0x00,   0x00,
  0x02,   0x00,   0x00,   0x00,   0xff,   0xff,   0xff,   0xff,   0x20,   0x00,   0x00,   0x00,
  0x04,   0x85,   0xff,   0xff,   0x08,   0x00,   0x00,   0x00,   0x14,   0x00,   0x00,   0x00,
  0x01,   0x00,   0x00,   0x00,   0x21,   0x00,   0x00,   0x00,   0x00,   0x00,   0x00,   0x00,
  0x00,   0x00,   0x00,   0x00,   0x01,   0x00,   0x00,   0x00,   0x28,   0xbe,   0xa9,   0x3b,
  0x25,   0x00,   0x00,   0x00,   0x73,   0x65,   0x71,   0x75,   0x65,   0x6e,   0x74,   0x69,
  0x61,   0x6c,   0x5f,   0x31,   0x2f,   0x6c,   0x73,   0x74,   0x6d,   0x5f,   0x31,   0x2f,
  0x6c,   0x73,   0x74,   0x6d,   0x5f,   0x63,   0x65,   0x6c,   0x6c,   0x5f,   0x39,   0x2f,
  0x6d,   0x75,   0x6c,   0x5f,   0x32,   0x00,   0x00,   0x00,   0x02,   0x00,   0x00,   0x00,
  0x01,   0x00,   0x00,   0x00,   0x20,   0x00,   0x00,   0x00,   0x42,   0x96,   0xff,   0xff,
  0x00,   0x00,   0x00,   0x01,   0x18,   0x00,   0x00,   0x00,   0x20,   0x00,   0x00,   0x00,
  0x40,   0x00,   0x00,   0x00,   0x87,   0x00,   0x00,   0x00,   0x00,   0x00,   0x00,   0x09,
  0x60,   0x00,   0x00,   0x00,   0x02,   0x00,   0x00,   0x00,   0xff,   0xff,   0xff,   0xff,
  0x20,   0x00,   0x00,   0x00,   0x8c,   0x85,   0xff,   0xff,   0x08,   0x00,   0x00,   0x00,
  0x14,   0x00,   0x00,   0x00,   0x01,   0x00,   0x00,   0x00,   0x00,   0x00,   0x00,   0x00,
  0x00,   0x00,   0x00,   0x00,   0x00,   0x00,   0x00,   0x00,   0x01,   0x00,   0x00,   0x00,
  0x00,   0x00,   0x00,   0x3c,   0x26,   0x00,   0x00,   0x00,   0x73,   0x65,   0x71,   0x75,
  0x65,   0x6e,   0x74,   0x69,   0x61,   0x6c,   0x5f,   0x31,   0x2f,   0x6c,   0x73,   0x74,
  0x6d,   0x5f,   0x31,   0x2f,   0x6c,   0x73,   0x74,   0x6d,   0x5f,   0x63,   0x65,   0x6c,
  0x6c,   0x5f,   0x39,   0x2f,   0x54,   0x61,   0x6e,   0x68,   0x5f,   0x31,   0x00,   0x00,
  0x02,   0x00,   0x00,   0x00,   0x01,   0x00,   0x00,   0x00,   0x20,   0x00,   0x00,   0x00,
  0xca,   0x96,   0xff,   0xff,   0x00,   0x00,   0x00,   0x01,   0x18,   0x00,   0x00,   0x00,
  0x20,   0x00,   0x00,   0x00,   0x40,   0x00,   0x00,   0x00,   0x86,   0x00,   0x00,   0x00,
  0x00,   0x00,   0x00,   0x09,   0x60,   0x00,   0x00,   0x00,   0x02,   0x00,   0x00,   0x00,
  0xff,   0xff,   0xff,   0xff,   0x20,   0x00,   0x00,   0x00,   0x14,   0x86,   0xff,   0xff,
  0x08,   0x00,   0x00,   0x00,   0x14,   0x00,   0x00,   0x00,   0x01,   0x00,   0x00,   0x00,
  0x0f,   0x00,   0x00,   0x00,   0x00,   0x00,   0x00,   0x00,   0x00,   0x00,   0x00,   0x00,
  0x01,   0x00,   0x00,   0x00,   0x4e,   0x12,   0x3a,   0x3c,   0x25,   0x00,   0x00,   0x00,
  0x73,   0x65,   0x71,   0x75,   0x65,   0x6e,   0x74,   0x69,   0x61,   0x6c,   0x5f,   0x31,
  0x2f,   0x6c,   0x73,   0x74,   0x6d,   0x5f,   0x31,   0x2f,   0x6c,   0x73,   0x74,   0x6d,
  0x5f,   0x63,   0x65,   0x6c,   0x6c,   0x5f,   0x39,   0x2f,   0x61,   0x64,   0x64,   0x5f,
  0x31,   0x00,   0x00,   0x00,   0x02,   0x00,   0x00,   0x00,   0x01,   0x00,   0x00,   0x00,
  0x20,   0x00,   0x00,   0x00,   0x52,   0x97,   0xff,   0xff,   0x00,   0x00,   0x00,   0x01,
  0x18,   0x00,   0x00,   0x00,   0x20,   0x00,   0x00,   0x00,   0x40,   0x00,   0x00,   0x00,
  0x85,   0x00,   0x00,   0x00,   0x00,   0x00,   0x00,   0x09,   0x60,   0x00,   0x00,   0x00,
  0x02,   0x00,   0x00,   0x00,   0xff,   0xff,   0xff,   0xff,   0x20,   0x00,   0x00,   0x00,
  0x9c,   0x86,   0xff,   0xff,   0x08,   0x00,   0x00,   0x00,   0x14,   0x00,   0x00,   0x00,
  0x01,   0x00,   0x00,   0x00,   0xfe,   0xff,   0xff,   0xff,   0xff,   0xff,   0xff,   0xff,
  0x00,   0x00,   0x00,   0x00,   0x01,   0x00,   0x00,   0x00,   0x8b,   0x1c,   0x67,   0x3b,
  0x25,   0x00,   0x00,   0x00,   0x73,   0x65,   0x71,   0x75,   0x65,   0x6e,   0x74,   0x69,
  0x61,   0x6c,   0x5f,   0x31,   0x2f,   0x6c,   0x73,   0x74,   0x6d,   0x5f,   0x31,   0x2f,
  0x6c,   0x73,   0x74,   0x6d,   0x5f,   0x63,   0x65,   0x6c,   0x6c,   0x5f,   0x39,   0x2f,
  0x6d,   0x75,   0x6c,   0x5f,   0x31,   0x00,   0x00,   0x00,   0x02,   0x00,   0x00,   0x00,
  0x01,   0x00,   0x00,   0x00,   0x20,   0x00,   0x00,   0x00,   0xda,   0x97,   0xff,   0xff,
  0x00,   0x00,   0x00,   0x01,   0x18,   0x00,   0x00,   0x00,   0x20,   0x00,   0x00,   0x00,
  0x40,   0x00,   0x00,   0x00,   0x84,   0x00,   0x00,   0x00,   0x00,   0x00,   0x00,   0x09,
  0x60,   0x00,   0x00,   0x00,   0x02,   0x00,   0x00,   0x00,   0xff,   0xff,   0xff,   0xff,
  0x20,   0x00,   0x00,   0x00,   0x24,   0x87,   0xff,   0xff,   0x08,   0x00,   0x00,   0x00,
  0x14,   0x00,   0x00,   0x00,   0x01,   0x00,   0x00,   0x00,   0x00,   0x00,   0x00,   0x00,
  0x00,   0x00,   0x00,   0x00,   0x00,   0x00,   0x00,   0x00,   0x01,   0x00,   0x00,   0x00,
  0x00,   0x00,   0x00,   0x3c,   0x24,   0x00,   0x00,   0x00,   0x73,   0x65,   0x71,   0x75,
  0x65,   0x6e,   0x74,   0x69,   0x61,   0x6c,   0x5f,   0x31,   0x2f,   0x6c,   0x73,   0x74,
  0x6d,   0x5f,   0x31,   0x2f,   0x6c,   0x73,   0x74,   0x6d,   0x5f,   0x63,   0x65,   0x6c,
  0x6c,   0x5f,   0x39,   0x2f,   0x54,   0x61,   0x6e,   0x68,   0x00,   0x00,   0x00,   0x00,
  0x02,   0x00,   0x00,   0x00,   0x01,   0x00,   0x00,   0x00,   0x20,   0x00,   0x00,   0x00,
  0x62,   0x98,   0xff,   0xff,   0x00,   0x00,   0x00,   0x01,   0x18,   0x00,   0x00,   0x00,
  0x20,   0x00,   0x00,   0x00,   0x3c,   0x00,   0x00,   0x00,   0x83,   0x00,   0x00,   0x00,
  0x00,   0x00,   0x00,   0x09,   0x60,   0x00,   0x00,   0x00,   0x02,   0x00,   0x00,   0x00,
  0xff,   0xff,   0xff,   0xff,   0x20,   0x00,   0x00,   0x00,   0xac,   0x87,   0xff,   0xff,
  0x08,   0x00,   0x00,   0x00,   0x10,   0x00,   0x00,   0x00,   0x01,   0x00,   0x00,   0x00,
  0x80,   0xff,   0xff,   0xff,   0xff,   0xff,   0xff,   0xff,   0x01,   0x00,   0x00,   0x00,
  0x00,   0x00,   0x80,   0x3b,   0x29,   0x00,   0x00,   0x00,   0x73,   0x65,   0x71,   0x75,
  0x65,   0x6e,   0x74,   0x69,   0x61,   0x6c,   0x5f,   0x31,   0x2f,   0x6c,   0x73,   0x74,
  0x6d,   0x5f,   0x31,   0x2f,   0x6c,   0x73,   0x74,   0x6d,   0x5f,   0x63,   0x65,   0x6c,
  0x6c,   0x5f,   0x39,   0x2f,   0x53,   0x69,   0x67,   0x6d,   0x6f,   0x69,   0x64,   0x5f,
  0x32,   0x00,   0x00,   0x00,   0x02,   0x00,   0x00,   0x00,   0x01,   0x00,   0x00,   0x00,
  0x20,   0x00,   0x00,   0x00,   0xea,   0x98,   0xff,   0xff,   0x00,   0x00,   0x00,   0x01,
  0x18,   0x00,   0x00,   0x00,   0x20,   0x00,   0x00,   0x00,   0x3c,   0x00,   0x00,   0x00,
  0x82,   0x00,   0x00,   0x00,   0x00,   0x00,   0x00,   0x09,   0x58,   0x00,   0x00,   0x00,
  0x02,   0x00,   0x00,   0x00,   0xff,   0xff,   0xff,   0xff,   0x20,   0x00,   0x00,   0x00,
  0x34,   0x88,   0xff,   0xff,   0x08,   0x00,   0x00,   0x00,   0x10,   0x00,   0x00,   0x00,
  0x01,   0x00,   0x00,   0x00,   0x0f,   0x00,   0x00,   0x00,   0x00,   0x00,   0x00,   0x00,
  0x01,   0x00,   0x00,   0x00,   0x4e,   0x12,   0x3a,   0x3c,   0x23,   0x00,   0x00,   0x00,
  0x73,   0x65,   0x71,   0x75,   0x65,   0x6e,   0x74,   0x69,   0x61,   0x6c,   0x5f,   0x31,
  0x2f,   0x6c,   0x73,   0x74,   0x6d,   0x5f,   0x31,   0x2f,   0x6c,   0x73,   0x74,   0x6d,
  0x5f,   0x63,   0x65,   0x6c,   0x6c,   0x5f,   0x39,   0x2f,   0x6d,   0x75,   0x6c,   0x00,
  0x02,   0x00,   0x00,   0x00,   0x01,   0x00,   0x00,   0x00,   0x20,   0x00,   0x00,   0x00,
  0x6a,   0x99,   0xff,   0xff,   0x00,   0x00,   0x00,   0x01,   0x18,   0x00,   0x00,   0x00,
  0x20,   0x00,   0x00,   0x00,   0x3c,   0x00,   0x00,   0x00,   0x81,   0x00,   0x00,   0x00,
  0x00,   0x00,   0x00,   0x09,   0x60,   0x00,   0x00,   0x00,   0x02,   0x00,   0x00,   0x00,
  0xff,   0xff,   0xff,   0xff,   0x20,   0x00,   0x00,   0x00,   0xb4,   0x88,   0xff,   0xff,
  0x08,   0x00,   0x00,   0x00,   0x10,   0x00,   0x00,   0x00,   0x01,   0x00,   0x00,   0x00,
  0x80,   0xff,   0xff,   0xff,   0xff,   0xff,   0xff,   0xff,   0x01,   0x00,   0x00,   0x00,
  0x00,   0x00,   0x80,   0x3b,   0x29,   0x00,   0x00,   0x00,   0x73,   0x65,   0x71,   0x75,
  0x65,   0x6e,   0x74,   0x69,   0x61,   0x6c,   0x5f,   0x31,   0x2f,   0x6c,   0x73,   0x74,
  0x6d,   0x5f,   0x31,   0x2f,   0x6c,   0x73,   0x74,   0x6d,   0x5f,   0x63,   0x65,   0x6c,
  0x6c,   0x5f,   0x39,   0x2f,   0x53,   0x69,   0x67,   0x6d,   0x6f,   0x69,   0x64,   0x5f,
  0x31,   0x00,   0x00,   0x00,   0x02,   0x00,   0x00,   0x00,   0x01,   0x00,   0x00,   0x00,
  0x20,   0x00,   0x00,   0x00,   0xf2,   0x99,   0xff,   0xff,   0x00,   0x00,   0x00,   0x01,
  0x18,   0x00,   0x00,   0x00,   0x20,   0x00,   0x00,   0x00,   0x40,   0x00,   0x00,   0x00,
  0x80,   0x00,   0x00,   0x00,   0x00,   0x00,   0x00,   0x09,   0x60,   0x00,   0x00,   0x00,
  0x02,   0x00,   0x00,   0x00,   0xff,   0xff,   0xff,   0xff,   0x20,   0x00,   0x00,   0x00,
  0x3c,   0x89,   0xff,   0xff,   0x08,   0x00,   0x00,   0x00,   0x14,   0x00,   0x00,   0x00,
  0x01,   0x00,   0x00,   0x00,   0x80,   0xff,   0xff,   0xff,   0xff,   0xff,   0xff,   0xff,
  0x00,   0x00,   0x00,   0x00,   0x01,   0x00,   0x00,   0x00,   0x00,   0x00,   0x80,   0x3b,
  0x27,   0x00,   0x00,   0x00,   0x73,   0x65,   0x71,   0x75,   0x65,   0x6e,   0x74,   0x69,
  0x61,   0x6c,   0x5f,   0x31,   0x2f,   0x6c,   0x73,   0x74,   0x6d,   0x5f,   0x31,   0x2f,
  0x6c,   0x73,   0x74,   0x6d,   0x5f,   0x63,   0x65,   0x6c,   0x6c,   0x5f,   0x39,   0x2f,
  0x53,   0x69,   0x67,   0x6d,   0x6f,   0x69,   0x64,   0x00,   0x02,   0x00,   0x00,   0x00,
  0x01,   0x00,   0x00,   0x00,   0x20,   0x00,   0x00,   0x00,   0x7a,   0x9a,   0xff,   0xff,
  0x00,   0x00,   0x00,   0x01,   0x18,   0x00,   0x00,   0x00,   0x20,   0x00,   0x00,   0x00,
  0x3c,   0x00,   0x00,   0x00,   0x7f,   0x00,   0x00,   0x00,   0x00,   0x00,   0x00,   0x09,
  0xd0,   0x00,   0x00,   0x00,   0x02,   0x00,   0x00,   0x00,   0xff,   0xff,   0xff,   0xff,
  0x20,   0x00,   0x00,   0x00,   0xc4,   0x89,   0xff,   0xff,   0x08,   0x00,   0x00,   0x00,
  0x10,   0x00,   0x00,   0x00,   0x01,   0x00,   0x00,   0x00,   0xd8,   0xff,   0xff,   0xff,
  0xff,   0xff,   0xff,   0xff,   0x01,   0x00,   0x00,   0x00,   0x08,   0xce,   0xc2,   0x3c,
  0x9b,   0x00,   0x00,   0x00,   0x73,   0x65,   0x71,   0x75,   0x65,   0x6e,   0x74,   0x69,
  0x61,   0x6c,   0x5f,   0x31,   0x2f,   0x6c,   0x73,   0x74,   0x6d,   0x5f,   0x31,   0x2f,
  0x6c,   0x73,   0x74,   0x6d,   0x5f,   0x63,   0x65,   0x6c,   0x6c,   0x5f,   0x39,   0x2f,
  0x73,   0x70,   0x6c,   0x69,   0x74,   0x3b,   0x73,   0x65,   0x71,   0x75,   0x65,   0x6e,
  0x74,   0x69,   0x61,   0x6c,   0x5f,   0x31,   0x2f,   0x6c,   0x73,   0x74,   0x6d,   0x5f,
  0x31,   0x2f,   0x6c,   0x73,   0x74,   0x6d,   0x5f,   0x63,   0x65,   0x6c,   0x6c,   0x5f,
  0x39,   0x2f,   0x73,   0x70,   0x6c,   0x69,   0x74,   0x31,   0x3b,   0x73,   0x65,   0x71,
  0x75,   0x65,   0x6e,   0x74,   0x69,   0x61,   0x6c,   0x5f,   0x31,   0x2f,   0x6c,   0x73,
  0x74,   0x6d,   0x5f,   0x31,   0x2f,   0x6c,   0x73,   0x74,   0x6d,   0x5f,   0x63,   0x65,
  0x6c,   0x6c,   0x5f,   0x39,   0x2f,   0x73,   0x70,   0x6c,   0x69,   0x74,   0x32,   0x3b,
  0x73,   0x65,   0x71,   0x75,   0x65,   0x6e,   0x74,   0x69,   0x61,   0x6c,   0x5f,   0x31,
  0x2f,   0x6c,   0x73,   0x74,   0x6d,   0x5f,   0x31,   0x2f,   0x6c,   0x73,   0x74,   0x6d,
  0x5f,   0x63,   0x65,   0x6c,   0x6c,   0x5f,   0x39,   0x2f,   0x73,   0x70,   0x6c,   0x69,
  0x74,   0x33,   0x33,   0x00,   0x02,   0x00,   0x00,   0x00,   0x01,   0x00,   0x00,   0x00,
  0x20,   0x00,   0x00,   0x00,   0x72,   0x9b,   0xff,   0xff,   0x00,   0x00,   0x00,   0x01,
  0x18,   0x00,   0x00,   0x00,   0x20,   0x00,   0x00,   0x00,   0x3c,   0x00,   0x00,   0x00,
  0x7e,   0x00,   0x00,   0x00,   0x00,   0x00,   0x00,   0x09,   0xd0,   0x00,   0x00,   0x00,
  0x02,   0x00,   0x00,   0x00,   0xff,   0xff,   0xff,   0xff,   0x20,   0x00,   0x00,   0x00,
  0xbc,   0x8a,   0xff,   0xff,   0x08,   0x00,   0x00,   0x00,   0x10,   0x00,   0x00,   0x00,
  0x01,   0x00,   0x00,   0x00,   0xd8,   0xff,   0xff,   0xff,   0xff,   0xff,   0xff,   0xff,
  0x01,   0x00,   0x00,   0x00,   0x08,   0xce,   0xc2,   0x3c,   0x9b,   0x00,   0x00,   0x00,
  0x73,   0x65,   0x71,   0x75,   0x65,   0x6e,   0x74,   0x69,   0x61,   0x6c,   0x5f,   0x31,
  0x2f,   0x6c,   0x73,   0x74,   0x6d,   0x5f,   0x31,   0x2f,   0x6c,   0x73,   0x74,   0x6d,
  0x5f,   0x63,   0x65,   0x6c,   0x6c,   0x5f,   0x39,   0x2f,   0x73,   0x70,   0x6c,   0x69,
  0x74,   0x3b,   0x73,   0x65,   0x71,   0x75,   0x65,   0x6e,   0x74,   0x69,   0x61,   0x6c,
  0x5f,   0x31,   0x2f,   0x6c,   0x73,   0x74,   0x6d,   0x5f,   0x31,   0x2f,   0x6c,   0x73,
  0x74,   0x6d,   0x5f,   0x63,   0x65,   0x6c,   0x6c,   0x5f,   0x39,   0x2f,   0x73,   0x70,
  0x6c,   0x69,   0x74,   0x31,   0x3b,   0x73,   0x65,   0x71,   0x75,   0x65,   0x6e,   0x74,
  0x69,   0x61,   0x6c,   0x5f,   0x31,   0x2f,   0x6c,   0x73,   0x74,   0x6d,   0x5f,   0x31,
  0x2f,   0x6c,   0x73,   0x74,   0x6d,   0x5f,   0x63,   0x65,   0x6c,   0x6c,   0x5f,   0x39,
  0x2f,   0x73,   0x70,   0x6c,   0x69,   0x74,   0x32,   0x3b,   0x73,   0x65,   0x71,   0x75,
  0x65,   0x6e,   0x74,   0x69,   0x61,   0x6c,   0x5f,   0x31,   0x2f,   0x6c,   0x73,   0x74,
  0x6d,   0x5f,   0x31,   0x2f,   0x6c,   0x73,   0x74,   0x6d,   0x5f,   0x63,   0x65,   0x6c,
  0x6c,   0x5f,   0x39,   0x2f,   0x73,   0x70,   0x6c,   0x69,   0x74,   0x33,   0x32,   0x00,
  0x02,   0x00,   0x00,   0x00,   0x01,   0x00,   0x00,   0x00,   0x20,   0x00,   0x00,   0x00,
  0x6a,   0x9c,   0xff,   0xff,   0x00,   0x00,   0x00,   0x01,   0x18,   0x00,   0x00,   0x00,
  0x20,   0x00,   0x00,   0x00,   0x3c,   0x00,   0x00,   0x00,   0x7d,   0x00,   0x00,   0x00,
  0x00,   0x00,   0x00,   0x09,   0xd0,   0x00,   0x00,   0x00,   0x02,   0x00,   0x00,   0x00,
  0xff,   0xff,   0xff,   0xff,   0x20,   0x00,   0x00,   0x00,   0xb4,   0x8b,   0xff,   0xff,
  0x08,   0x00,   0x00,   0x00,   0x10,   0x00,   0x00,   0x00,   0x01,   0x00,   0x00,   0x00,
  0xd8,   0xff,   0xff,   0xff,   0xff,   0xff,   0xff,   0xff,   0x01,   0x00,   0x00,   0x00,
  0x08,   0xce,   0xc2,   0x3c,   0x9b,   0x00,   0x00,   0x00,   0x73,   0x65,   0x71,   0x75,
  0x65,   0x6e,   0x74,   0x69,   0x61,   0x6c,   0x5f,   0x31,   0x2f,   0x6c,   0x73,   0x74,
  0x6d,   0x5f,   0x31,   0x2f,   0x6c,   0x73,   0x74,   0x6d,   0x5f,   0x63,   0x65,   0x6c,
  0x6c,   0x5f,   0x39,   0x2f,   0x73,   0x70,   0x6c,   0x69,   0x74,   0x3b,   0x73,   0x65,
  0x71,   0x75,   0x65,   0x6e,   0x74,   0x69,   0x61,   0x6c,   0x5f,   0x31,   0x2f,   0x6c,
  0x73,   0x74,   0x6d,   0x5f,   0x31,   0x2f,   0x6c,   0x73,   0x74,   0x6d,   0x5f,   0x63,
  0x65,   0x6c,   0x6c,   0x5f,   0x39,   0x2f,   0x73,   0x70,   0x6c,   0x69,   0x74,   0x31,
  0x3b,   0x73,   0x65,   0x71,   0x75,   0x65,   0x6e,   0x74,   0x69,   0x61,   0x6c,   0x5f,
  0x31,   0x2f,   0x6c,   0x73,   0x74,   0x6d,   0x5f,   0x31,   0x2f,   0x6c,   0x73,   0x74,
  0x6d,   0x5f,   0x63,   0x65,   0x6c,   0x6c,   0x5f,   0x39,   0x2f,   0x73,   0x70,   0x6c,
  0x69,   0x74,   0x32,   0x3b,   0x73,   0x65,   0x71,   0x75,   0x65,   0x6e,   0x74,   0x69,
  0x61,   0x6c,   0x5f,   0x31,   0x2f,   0x6c,   0x73,   0x74,   0x6d,   0x5f,   0x31,   0x2f,
  0x6c,   0x73,   0x74,   0x6d,   0x5f,   0x63,   0x65,   0x6c,   0x6c,   0x5f,   0x39,   0x2f,
  0x73,   0x70,   0x6c,   0x69,   0x74,   0x33,   0x31,   0x00,   0x02,   0x00,   0x00,   0x00,
  0x01,   0x00,   0x00,   0x00,   0x20,   0x00,   0x00,   0x00,   0x62,   0x9d,   0xff,   0xff,
  0x00,   0x00,   0x00,   0x01,   0x18,   0x00,   0x00,   0x00,   0x20,   0x00,   0x00,   0x00,
  0x3c,   0x00,   0x00,   0x00,   0x7c,   0x00,   0x00,   0x00,   0x00,   0x00,   0x00,   0x09,
  0xd0,   0x00,   0x00,   0x00,   0x02,   0x00,   0x00,   0x00,   0xff,   0xff,   0xff,   0xff,
  0x20,   0x00,   0x00,   0x00,   0xac,   0x8c,   0xff,   0xff,   0x08,   0x00,   0x00,   0x00,
  0x10,   0x00,   0x00,   0x00,   0x01,   0x00,   0x00,   0x00,   0xd8,   0xff,   0xff,   0xff,
  0xff,   0xff,   0xff,   0xff,   0x01,   0x00,   0x00,   0x00,   0x08,   0xce,   0xc2,   0x3c,
  0x9a,   0x00,   0x00,   0x00,   0x73,   0x65,   0x71,   0x75,   0x65,   0x6e,   0x74,   0x69,
  0x61,   0x6c,   0x5f,   0x31,   0x2f,   0x6c,   0x73,   0x74,   0x6d,   0x5f,   0x31,   0x2f,
  0x6c,   0x73,   0x74,   0x6d,   0x5f,   0x63,   0x65,   0x6c,   0x6c,   0x5f,   0x39,   0x2f,
  0x73,   0x70,   0x6c,   0x69,   0x74,   0x3b,   0x73,   0x65,   0x71,   0x75,   0x65,   0x6e,
  0x74,   0x69,   0x61,   0x6c,   0x5f,   0x31,   0x2f,   0x6c,   0x73,   0x74,   0x6d,   0x5f,
  0x31,   0x2f,   0x6c,   0x73,   0x74,   0x6d,   0x5f,   0x63,   0x65,   0x6c,   0x6c,   0x5f,
  0x39,   0x2f,   0x73,   0x70,   0x6c,   0x69,   0x74,   0x31,   0x3b,   0x73,   0x65,   0x71,
  0x75,   0x65,   0x6e,   0x74,   0x69,   0x61,   0x6c,   0x5f,   0x31,   0x2f,   0x6c,   0x73,
  0x74,   0x6d,   0x5f,   0x31,   0x2f,   0x6c,   0x73,   0x74,   0x6d,   0x5f,   0x63,   0x65,
  0x6c,   0x6c,   0x5f,   0x39,   0x2f,   0x73,   0x70,   0x6c,   0x69,   0x74,   0x32,   0x3b,
  0x73,   0x65,   0x71,   0x75,   0x65,   0x6e,   0x74,   0x69,   0x61,   0x6c,   0x5f,   0x31,
  0x2f,   0x6c,   0x73,   0x74,   0x6d,   0x5f,   0x31,   0x2f,   0x6c,   0x73,   0x74,   0x6d,
  0x5f,   0x63,   0x65,   0x6c,   0x6c,   0x5f,   0x39,   0x2f,   0x73,   0x70,   0x6c,   0x69,
  0x74,   0x33,   0x00,   0x00,   0x02,   0x00,   0x00,   0x00,   0x01,   0x00,   0x00,   0x00,
  0x20,   0x00,   0x00,   0x00,   0x5a,   0x9e,   0xff,   0xff,   0x00,   0x00,   0x00,   0x01,
  0x18,   0x00,   0x00,   0x00,   0x20,   0x00,   0x00,   0x00,   0x40,   0x00,   0x00,   0x00,
  0x7b,   0x00,   0x00,   0x00,   0x00,   0x00,   0x00,   0x09,   0x60,   0x00,   0x00,   0x00,
  0x02,   0x00,   0x00,   0x00,   0xff,   0xff,   0xff,   0xff,   0x80,   0x00,   0x00,   0x00,
  0xa4,   0x8d,   0xff,   0xff,   0x08,   0x00,   0x00,   0x00,   0x14,   0x00,   0x00,   0x00,
  0x01,   0x00,   0x00,   0x00,   0xd8,   0xff,   0xff,   0xff,   0xff,   0xff,   0xff,   0xff,
  0x00,   0x00,   0x00,   0x00,   0x01,   0x00,   0x00,   0x00,   0x08,   0xce,   0xc2,   0x3c,
  0x27,   0x00,   0x00,   0x00,   0x73,   0x65,   0x71,   0x75,   0x65,   0x6e,   0x74,   0x69,
  0x61,   0x6c,   0x5f,   0x31,   0x2f,   0x6c,   0x73,   0x74,   0x6d,   0x5f,   0x31,   0x2f,
  0x6c,   0x73,   0x74,   0x6d,   0x5f,   0x63,   0x65,   0x6c,   0x6c,   0x5f,   0x39,   0x2f,
  0x42,   0x69,   0x61,   0x73,   0x41,   0x64,   0x64,   0x00,   0x02,   0x00,   0x00,   0x00,
  0x01,   0x00,   0x00,   0x00,   0x80,   0x00,   0x00,   0x00,   0xe2,   0x9e,   0xff,   0xff,
  0x00,   0x00,   0x00,   0x01,   0x18,   0x00,   0x00,   0x00,   0x20,   0x00,   0x00,   0x00,
  0x3c,   0x00,   0x00,   0x00,   0x7a,   0x00,   0x00,   0x00,   0x00,   0x00,   0x00,   0x09,
  0x58,   0x00,   0x00,   0x00,   0x02,   0x00,   0x00,   0x00,   0xff,   0xff,   0xff,   0xff,
  0x80,   0x00,   0x00,   0x00,   0x2c,   0x8e,   0xff,   0xff,   0x08,   0x00,   0x00,   0x00,
  0x10,   0x00,   0x00,   0x00,   0x01,   0x00,   0x00,   0x00,   0xda,   0xff,   0xff,   0xff,
  0xff,   0xff,   0xff,   0xff,   0x01,   0x00,   0x00,   0x00,   0xd0,   0x69,   0xc5,   0x3c,
  0x23,   0x00,   0x00,   0x00,   0x73,   0x65,   0x71,   0x75,   0x65,   0x6e,   0x74,   0x69,
  0x61,   0x6c,   0x5f,   0x31,   0x2f,   0x6c,   0x73,   0x74,   0x6d,   0x5f,   0x31,   0x2f,
  0x6c,   0x73,   0x74,   0x6d,   0x5f,   0x63,   0x65,   0x6c,   0x6c,   0x5f,   0x39,   0x2f,
  0x41,   0x64,   0x64,   0x00,   0x02,   0x00,   0x00,   0x00,   0x01,   0x00,   0x00,   0x00,
  0x80,   0x00,   0x00,   0x00,   0x62,   0x9f,   0xff,   0xff,   0x00,   0x00,   0x00,   0x01,
  0x18,   0x00,   0x00,   0x00,   0x20,   0x00,   0x00,   0x00,   0x40,   0x00,   0x00,   0x00,
  0x79,   0x00,   0x00,   0x00,   0x00,   0x00,   0x00,   0x09,   0x60,   0x00,   0x00,   0x00,
  0x02,   0x00,   0x00,   0x00,   0xff,   0xff,   0xff,   0xff,   0x80,   0x00,   0x00,   0x00,
  0xac,   0x8e,   0xff,   0xff,   0x08,   0x00,   0x00,   0x00,   0x14,   0x00,   0x00,   0x00,
  0x01,   0x00,   0x00,   0x00,   0xe2,   0xff,   0xff,   0xff,   0xff,   0xff,   0xff,   0xff,
  0x00,   0x00,   0x00,   0x00,   0x01,   0x00,   0x00,   0x00,   0x64,   0xac,   0xb4,   0x3c,
  0x26,   0x00,   0x00,   0x00,   0x73,   0x65,   0x71,   0x75,   0x65,   0x6e,   0x74,   0x69,
  0x61,   0x6c,   0x5f,   0x31,   0x2f,   0x6c,   0x73,   0x74,   0x6d,   0x5f,   0x31,   0x2f,
  0x6c,   0x73,   0x74,   0x6d,   0x5f,   0x63,   0x65,   0x6c,   0x6c,   0x5f,   0x39,   0x2f,
  0x4d,   0x61,   0x74,   0x4d,   0x75,   0x6c,   0x00,   0x00,   0x02,   0x00,   0x00,   0x00,
  0x01,   0x00,   0x00,   0x00,   0x80,   0x00,   0x00,   0x00,   0xea,   0x9f,   0xff,   0xff,
  0x00,   0x00,   0x00,   0x01,   0x18,   0x00,   0x00,   0x00,   0x20,   0x00,   0x00,   0x00,
  0x3c,   0x00,   0x00,   0x00,   0x78,   0x00,   0x00,   0x00,   0x00,   0x00,   0x00,   0x09,
  0x60,   0x00,   0x00,   0x00,   0x02,   0x00,   0x00,   0x00,   0xff,   0xff,   0xff,   0xff,
  0x80,   0x00,   0x00,   0x00,   0x34,   0x8f,   0xff,   0xff,   0x08,   0x00,   0x00,   0x00,
  0x10,   0x00,   0x00,   0x00,   0x01,   0x00,   0x00,   0x00,   0xfb,   0xff,   0xff,   0xff,
  0xff,   0xff,   0xff,   0xff,   0x01,   0x00,   0x00,   0x00,   0xa8,   0xc2,   0x31,   0x3c,
  0x28,   0x00,   0x00,   0x00,   0x73,   0x65,   0x71,   0x75,   0x65,   0x6e,   0x74,   0x69,
  0x61,   0x6c,   0x5f,   0x31,   0x2f,   0x6c,   0x73,   0x74,   0x6d,   0x5f,   0x31,   0x2f,
  0x6c,   0x73,   0x74,   0x6d,   0x5f,   0x63,   0x65,   0x6c,   0x6c,   0x5f,   0x39,   0x2f,
  0x4d,   0x61,   0x74,   0x4d,   0x75,   0x6c,   0x5f,   0x31,   0x00,   0x00,   0x00,   0x00,
  0x02,   0x00,   0x00,   0x00,   0x01,   0x00,   0x00,   0x00,   0x80,   0x00,   0x00,   0x00,
  0x72,   0xa0,   0xff,   0xff,   0x00,   0x00,   0x00,   0x01,   0x18,   0x00,   0x00,   0x00,
  0x20,   0x00,   0x00,   0x00,   0x40,   0x00,   0x00,   0x00,   0x77,   0x00,   0x00,   0x00,
  0x00,   0x00,   0x00,   0x09,   0x60,   0x00,   0x00,   0x00,   0x02,   0x00,   0x00,   0x00,
  0xff,   0xff,   0xff,   0xff,   0x20,   0x00,   0x00,   0x00,   0xbc,   0x8f,   0xff,   0xff,
  0x08,   0x00,   0x00,   0x00,   0x14,   0x00,   0x00,   0x00,   0x01,   0x00,   0x00,   0x00,
  0x22,   0x00,   0x00,   0x00,   0x00,   0x00,   0x00,   0x00,   0x00,   0x00,   0x00,   0x00,
  0x01,   0x00,   0x00,   0x00,   0x04,   0xdc,   0x9a,   0x3b,   0x25,   0x00,   0x00,   0x00,
  0x73,   0x65,   0x71,   0x75,   0x65,   0x6e,   0x74,   0x69,   0x61,   0x6c,   0x5f,   0x31,
  0x2f,   0x6c,   0x73,   0x74,   0x6d,   0x5f,   0x31,   0x2f,   0x6c,   0x73,   0x74,   0x6d,
  0x5f,   0x63,   0x65,   0x6c,   0x6c,   0x5f,   0x37,   0x2f,   0x6d,   0x75,   0x6c,   0x5f,
  0x32,   0x00,   0x00,   0x00,   0x02,   0x00,   0x00,   0x00,   0x01,   0x00,   0x00,   0x00,
  0x20,   0x00,   0x00,   0x00,   0xfa,   0xa0,   0xff,   0xff,   0x00,   0x00,   0x00,   0x01,
  0x18,   0x00,   0x00,   0x00,   0x20,   0x00,   0x00,   0x00,   0x40,   0x00,   0x00,   0x00,
  0x76,   0x00,   0x00,   0x00,   0x00,   0x00,   0x00,   0x09,   0x60,   0x00,   0x00,   0x00,
  0x02,   0x00,   0x00,   0x00,   0xff,   0xff,   0xff,   0xff,   0x20,   0x00,   0x00,   0x00,
  0x44,   0x90,   0xff,   0xff,   0x08,   0x00,   0x00,   0x00,   0x14,   0x00,   0x00,   0x00,
  0x01,   0x00,   0x00,   0x00,   0x00,   0x00,   0x00,   0x00,   0x00,   0x00,   0x00,   0x00,
  0x00,   0x00,   0x00,   0x00,   0x01,   0x00,   0x00,   0x00,   0x00,   0x00,   0x00,   0x3c,
  0x26,   0x00,   0x00,   0x00,   0x73,   0x65,   0x71,   0x75,   0x65,   0x6e,   0x74,   0x69,
  0x61,   0x6c,   0x5f,   0x31,   0x2f,   0x6c,   0x73,   0x74,   0x6d,   0x5f,   0x31,   0x2f,
  0x6c,   0x73,   0x74,   0x6d,   0x5f,   0x63,   0x65,   0x6c,   0x6c,   0x5f,   0x37,   0x2f,
  0x54,   0x61,   0x6e,   0x68,   0x5f,   0x31,   0x00,   0x00,   0x02,   0x00,   0x00,   0x00,
  0x01,   0x00,   0x00,   0x00,   0x20,   0x00,   0x00,   0x00,   0x82,   0xa1,   0xff,   0xff,
  0x00,   0x00,   0x00,   0x01,   0x18,   0x00,   0x00,   0x00,   0x20,   0x00,   0x00,   0x00,
  0x40,   0x00,   0x00,   0x00,   0x75,   0x00,   0x00,   0x00,   0x00,   0x00,   0x00,   0x09,
  0x60,   0x00,   0x00,   0x00,   0x02,   0x00,   0x00,   0x00,   0xff,   0xff,   0xff,   0xff,
  0x20,   0x00,   0x00,   0x00,   0xcc,   0x90,   0xff,   0xff,   0x08,   0x00,   0x00,   0x00,
  0x14,   0x00,   0x00,   0x00,   0x01,   0x00,   0x00,   0x00,   0x10,   0x00,   0x00,   0x00,
  0x00,   0x00,   0x00,   0x00,   0x00,   0x00,   0x00,   0x00,   0x01,   0x00,   0x00,   0x00,
  0xc4,   0x1d,   0x14,   0x3c,   0x25,   0x00,   0x00,   0x00,   0x73,   0x65,   0x71,   0x75,
  0x65,   0x6e,   0x74,   0x69,   0x61,   0x6c,   0x5f,   0x31,   0x2f,   0x6c,   0x73,   0x74,
  0x6d,   0x5f,   0x31,   0x2f,   0x6c,   0x73,   0x74,   0x6d,   0x5f,   0x63,   0x65,   0x6c,
  0x6c,   0x5f,   0x37,   0x2f,   0x61,   0x64,   0x64,   0x5f,   0x31,   0x00,   0x00,   0x00,
  0x02,   0x00,   0x00,   0x00,   0x01,   0x00,   0x00,   0x00,   0x20,   0x00,   0x00,   0x00,
  0x0a,   0xa2,   0xff,   0xff,   0x00,   0x00,   0x00,   0x01,   0x18,   0x00,   0x00,   0x00,
  0x20,   0x00,   0x00,   0x00,   0x40,   0x00,   0x00,   0x00,   0x74,   0x00,   0x00,   0x00,
  0x00,   0x00,   0x00,   0x09,   0x60,   0x00,   0x00,   0x00,   0x02,   0x00,   0x00,   0x00,
  0xff,   0xff,   0xff,   0xff,   0x20,   0x00,   0x00,   0x00,   0x54,   0x91,   0xff,   0xff,
  0x08,   0x00,   0x00,   0x00,   0x14,   0x00,   0x00,   0x00,   0x01,   0x00,   0x00,   0x00,
  0xfe,   0xff,   0xff,   0xff,   0xff,   0xff,   0xff,   0xff,   0x00,   0x00,   0x00,   0x00,
  0x01,   0x00,   0x00,   0x00,   0x3c,   0x40,   0x6d,   0x3b,   0x25,   0x00,   0x00,   0x00,
  0x73,   0x65,   0x71,   0x75,   0x65,   0x6e,   0x74,   0x69,   0x61,   0x6c,   0x5f,   0x31,
  0x2f,   0x6c,   0x73,   0x74,   0x6d,   0x5f,   0x31,   0x2f,   0x6c,   0x73,   0x74,   0x6d,
  0x5f,   0x63,   0x65,   0x6c,   0x6c,   0x5f,   0x37,   0x2f,   0x6d,   0x75,   0x6c,   0x5f,
  0x31,   0x00,   0x00,   0x00,   0x02,   0x00,   0x00,   0x00,   0x01,   0x00,   0x00,   0x00,
  0x20,   0x00,   0x00,   0x00,   0x92,   0xa2,   0xff,   0xff,   0x00,   0x00,   0x00,   0x01,
  0x18,   0x00,   0x00,   0x00,   0x20,   0x00,   0x00,   0x00,   0x40,   0x00,   0x00,   0x00,
  0x73,   0x00,   0x00,   0x00,   0x00,   0x00,   0x00,   0x09,   0x60,   0x00,   0x00,   0x00,
  0x02,   0x00,   0x00,   0x00,   0xff,   0xff,   0xff,   0xff,   0x20,   0x00,   0x00,   0x00,
  0xdc,   0x91,   0xff,   0xff,   0x08,   0x00,   0x00,   0x00,   0x14,   0x00,   0x00,   0x00,
  0x01,   0x00,   0x00,   0x00,   0x00,   0x00,   0x00,   0x00,   0x00,   0x00,   0x00,   0x00,
  0x00,   0x00,   0x00,   0x00,   0x01,   0x00,   0x00,   0x00,   0x00,   0x00,   0x00,   0x3c,
  0x24,   0x00,   0x00,   0x00,   0x73,   0x65,   0x71,   0x75,   0x65,   0x6e,   0x74,   0x69,
  0x61,   0x6c,   0x5f,   0x31,   0x2f,   0x6c,   0x73,   0x74,   0x6d,   0x5f,   0x31,   0x2f,
  0x6c,   0x73,   0x74,   0x6d,   0x5f,   0x63,   0x65,   0x6c,   0x6c,   0x5f,   0x37,   0x2f,
  0x54,   0x61,   0x6e,   0x68,   0x00,   0x00,   0x00,   0x00,   0x02,   0x00,   0x00,   0x00,
  0x01,   0x00,   0x00,   0x00,   0x20,   0x00,   0x00,   0x00,   0x1a,   0xa3,   0xff,   0xff,
  0x00,   0x00,   0x00,   0x01,   0x18,   0x00,   0x00,   0x00,   0x20,   0x00,   0x00,   0x00,
  0x3c,   0x00,   0x00,   0x00,   0x72,   0x00,   0x00,   0x00,   0x00,   0x00,   0x00,   0x09,
  0x60,   0x00,   0x00,   0x00,   0x02,   0x00,   0x00,   0x00,   0xff,   0xff,   0xff,   0xff,
  0x20,   0x00,   0x00,   0x00,   0x64,   0x92,   0xff,   0xff,   0x08,   0x00,   0x00,   0x00,
  0x10,   0x00,   0x00,   0x00,   0x01,   0x00,   0x00,   0x00,   0x80,   0xff,   0xff,   0xff,
  0xff,   0xff,   0xff,   0xff,   0x01,   0x00,   0x00,   0x00,   0x00,   0x00,   0x80,   0x3b,
  0x29,   0x00,   0x00,   0x00,   0x73,   0x65,   0x71,   0x75,   0x65,   0x6e,   0x74,   0x69,
  0x61,   0x6c,   0x5f,   0x31,   0x2f,   0x6c,   0x73,   0x74,   0x6d,   0x5f,   0x31,   0x2f,
  0x6c,   0x73,   0x74,   0x6d,   0x5f,   0x63,   0x65,   0x6c,   0x6c,   0x5f,   0x37,   0x2f,
  0x53,   0x69,   0x67,   0x6d,   0x6f,   0x69,   0x64,   0x5f,   0x32,   0x00,   0x00,   0x00,
  0x02,   0x00,   0x00,   0x00,   0x01,   0x00,   0x00,   0x00,   0x20,   0x00,   0x00,   0x00,
  0xa2,   0xa3,   0xff,   0xff,   0x00,   0x00,   0x00,   0x01,   0x18,   0x00,   0x00,   0x00,
  0x20,   0x00,   0x00,   0x00,   0x3c,   0x00,   0x00,   0x00,   0x71,   0x00,   0x00,   0x00,
  0x00,   0x00,   0x00,   0x09,   0x58,   0x00,   0x00,   0x00,   0x02,   0x00,   0x00,   0x00,
  0xff,   0xff,   0xff,   0xff,   0x20,   0x00,   0x00,   0x00,   0xec,   0x92,   0xff,   0xff,
  0x08,   0x00,   0x00,   0x00,   0x10,   0x00,   0x00,   0x00,   0x01,   0x00,   0x00,   0x00,
  0x10,   0x00,   0x00,   0x00,   0x00,   0x00,   0x00,   0x00,   0x01,   0x00,   0x00,   0x00,
  0xc4,   0x1d,   0x14,   0x3c,   0x23,   0x00,   0x00,   0x00,   0x73,   0x65,   0x71,   0x75,
  0x65,   0x6e,   0x74,   0x69,   0x61,   0x6c,   0x5f,   0x31,   0x2f,   0x6c,   0x73,   0x74,
  0x6d,   0x5f,   0x31,   0x2f,   0x6c,   0x73,   0x74,   0x6d,   0x5f,   0x63,   0x65,   0x6c,
  0x6c,   0x5f,   0x37,   0x2f,   0x6d,   0x75,   0x6c,   0x00,   0x02,   0x00,   0x00,   0x00,
  0x01,   0x00,   0x00,   0x00,   0x20,   0x00,   0x00,   0x00,   0x22,   0xa4,   0xff,   0xff,
  0x00,   0x00,   0x00,   0x01,   0x18,   0x00,   0x00,   0x00,   0x20,   0x00,   0x00,   0x00,
  0x3c,   0x00,   0x00,   0x00,   0x70,   0x00,   0x00,   0x00,   0x00,   0x00,   0x00,   0x09,
  0x60,   0x00,   0x00,   0x00,   0x02,   0x00,   0x00,   0x00,   0xff,   0xff,   0xff,   0xff,
  0x20,   0x00,   0x00,   0x00,   0x6c,   0x93,   0xff,   0xff,   0x08,   0x00,   0x00,   0x00,
  0x10,   0x00,   0x00,   0x00,   0x01,   0x00,   0x00,   0x00,   0x80,   0xff,   0xff,   0xff,
  0xff,   0xff,   0xff,   0xff,   0x01,   0x00,   0x00,   0x00,   0x00,   0x00,   0x80,   0x3b,
  0x29,   0x00,   0x00,   0x00,   0x73,   0x65,   0x71,   0x75,   0x65,   0x6e,   0x74,   0x69,
  0x61,   0x6c,   0x5f,   0x31,   0x2f,   0x6c,   0x73,   0x74,   0x6d,   0x5f,   0x31,   0x2f,
  0x6c,   0x73,   0x74,   0x6d,   0x5f,   0x63,   0x65,   0x6c,   0x6c,   0x5f,   0x37,   0x2f,
  0x53,   0x69,   0x67,   0x6d,   0x6f,   0x69,   0x64,   0x5f,   0x31,   0x00,   0x00,   0x00,
  0x02,   0x00,   0x00,   0x00,   0x01,   0x00,   0x00,   0x00,   0x20,   0x00,   0x00,   0x00,
  0xaa,   0xa4,   0xff,   0xff,   0x00,   0x00,   0x00,   0x01,   0x18,   0x00,   0x00,   0x00,
  0x20,   0x00,   0x00,   0x00,   0x40,   0x00,   0x00,   0x00,   0x6f,   0x00,   0x00,   0x00,
  0x00,   0x00,   0x00,   0x09,   0x60,   0x00,   0x00,   0x00,   0x02,   0x00,   0x00,   0x00,
  0xff,   0xff,   0xff,   0xff,   0x20,   0x00,   0x00,   0x00,   0xf4,   0x93,   0xff,   0xff,
  0x08,   0x00,   0x00,   0x00,   0x14,   0x00,   0x00,   0x00,   0x01,   0x00,   0x00,   0x00,
  0x80,   0xff,   0xff,   0xff,   0xff,   0xff,   0xff,   0xff,   0x00,   0x00,   0x00,   0x00,
  0x01,   0x00,   0x00,   0x00,   0x00,   0x00,   0x80,   0x3b,   0x27,   0x00,   0x00,   0x00,
  0x73,   0x65,   0x71,   0x75,   0x65,   0x6e,   0x74,   0x69,   0x61,   0x6c,   0x5f,   0x31,
  0x2f,   0x6c,   0x73,   0x74,   0x6d,   0x5f,   0x31,   0x2f,   0x6c,   0x73,   0x74,   0x6d,
  0x5f,   0x63,   0x65,   0x6c,   0x6c,   0x5f,   0x37,   0x2f,   0x53,   0x69,   0x67,   0x6d,
  0x6f,   0x69,   0x64,   0x00,   0x02,   0x00,   0x00,   0x00,   0x01,   0x00,   0x00,   0x00,
  0x20,   0x00,   0x00,   0x00,   0x32,   0xa5,   0xff,   0xff,   0x00,   0x00,   0x00,   0x01,
  0x18,   0x00,   0x00,   0x00,   0x20,   0x00,   0x00,   0x00,   0x3c,   0x00,   0x00,   0x00,
  0x6e,   0x00,   0x00,   0x00,   0x00,   0x00,   0x00,   0x09,   0xd0,   0x00,   0x00,   0x00,
  0x02,   0x00,   0x00,   0x00,   0xff,   0xff,   0xff,   0xff,   0x20,   0x00,   0x00,   0x00,
  0x7c,   0x94,   0xff,   0xff,   0x08,   0x00,   0x00,   0x00,   0x10,   0x00,   0x00,   0x00,
  0x01,   0x00,   0x00,   0x00,   0xd6,   0xff,   0xff,   0xff,   0xff,   0xff,   0xff,   0xff,
  0x01,   0x00,   0x00,   0x00,   0xb3,   0xc6,   0xba,   0x3c,   0x9b,   0x00,   0x00,   0x00,
  0x73,   0x65,   0x71,   0x75,   0x65,   0x6e,   0x74,   0x69,   0x61,   0x6c,   0x5f,   0x31,
  0x2f,   0x6c,   0x73,   0x74,   0x6d,   0x5f,   0x31,   0x2f,   0x6c,   0x73,   0x74,   0x6d,
  0x5f,   0x63,   0x65,   0x6c,   0x6c,   0x5f,   0x37,   0x2f,   0x73,   0x70,   0x6c,   0x69,
  0x74,   0x3b,   0x73,   0x65,   0x71,   0x75,   0x65,   0x6e,   0x74,   0x69,   0x61,   0x6c,
  0x5f,   0x31,   0x2f,   0x6c,   0x73,   0x74,   0x6d,   0x5f,   0x31,   0x2f,   0x6c,   0x73,
  0x74,   0x6d,   0x5f,   0x63,   0x65,   0x6c,   0x6c,   0x5f,   0x37,   0x2f,   0x73,   0x70,
  0x6c,   0x69,   0x74,   0x31,   0x3b,   0x73,   0x65,   0x71,   0x75,   0x65,   0x6e,   0x74,
  0x69,   0x61,   0x6c,   0x5f,   0x31,   0x2f,   0x6c,   0x73,   0x74,   0x6d,   0x5f,   0x31,
  0x2f,   0x6c,   0x73,   0x74,   0x6d,   0x5f,   0x63,   0x65,   0x6c,   0x6c,   0x5f,   0x37,
  0x2f,   0x73,   0x70,   0x6c,   0x69,   0x74,   0x32,   0x3b,   0x73,   0x65,   0x71,   0x75,
  0x65,   0x6e,   0x74,   0x69,   0x61,   0x6c,   0x5f,   0x31,   0x2f,   0x6c,   0x73,   0x74,
  0x6d,   0x5f,   0x31,   0x2f,   0x6c,   0x73,   0x74,   0x6d,   0x5f,   0x63,   0x65,   0x6c,
  0x6c,   0x5f,   0x37,   0x2f,   0x73,   0x70,   0x6c,   0x69,   0x74,   0x33,   0x33,   0x00,
  0x02,   0x00,   0x00,   0x00,   0x01,   0x00,   0x00,   0x00,   0x20,   0x00,   0x00,   0x00,
  0x2a,   0xa6,   0xff,   0xff,   0x00,   0x00,   0x00,   0x01,   0x18,   0x00,   0x00,   0x00,
  0x20,   0x00,   0x00,   0x00,   0x3c,   0x00,   0x00,   0x00,   0x6d,   0x00,   0x00,   0x00,
  0x00,   0x00,   0x00,   0x09,   0xd0,   0x00,   0x00,   0x00,   0x02,   0x00,   0x00,   0x00,
  0xff,   0xff,   0xff,   0xff,   0x20,   0x00,   0x00,   0x00,   0x74,   0x95,   0xff,   0xff,
  0x08,   0x00,   0x00,   0x00,   0x10,   0x00,   0x00,   0x00,   0x01,   0x00,   0x00,   0x00,
  0xd6,   0xff,   0xff,   0xff,   0xff,   0xff,   0xff,   0xff,   0x01,   0x00,   0x00,   0x00,
  0xb3,   0xc6,   0xba,   0x3c,   0x9b,   0x00,   0x00,   0x00,   0x73,   0x65,   0x71,   0x75,
  0x65,   0x6e,   0x74,   0x69,   0x61,   0x6c,   0x5f,   0x31,   0x2f,   0x6c,   0x73,   0x74,
  0x6d,   0x5f,   0x31,   0x2f,   0x6c,   0x73,   0x74,   0x6d,   0x5f,   0x63,   0x65,   0x6c,
  0x6c,   0x5f,   0x37,   0x2f,   0x73,   0x70,   0x6c,   0x69,   0x74,   0x3b,   0x73,   0x65,
  0x71,   0x75,   0x65,   0x6e,   0x74,   0x69,   0x61,   0x6c,   0x5f,   0x31,   0x2f,   0x6c,
  0x73,   0x74,   0x6d,   0x5f,   0x31,   0x2f,   0x6c,   0x73,   0x74,   0x6d,   0x5f,   0x63,
  0x65,   0x6c,   0x6c,   0x5f,   0x37,   0x2f,   0x73,   0x70,   0x6c,   0x69,   0x74,   0x31,
  0x3b,   0x73,   0x65,   0x71,   0x75,   0x65,   0x6e,   0x74,   0x69,   0x61,   0x6c,   0x5f,
  0x31,   0x2f,   0x6c,   0x73,   0x74,   0x6d,   0x5f,   0x31,   0x2f,   0x6c,   0x73,   0x74,
  0x6d,   0x5f,   0x63,   0x65,   0x6c,   0x6c,   0x5f,   0x37,   0x2f,   0x73,   0x70,   0x6c,
  0x69,   0x74,   0x32,   0x3b,   0x73,   0x65,   0x71,   0x75,   0x65,   0x6e,   0x74,   0x69,
  0x61,   0x6c,   0x5f,   0x31,   0x2f,   0x6c,   0x73,   0x74,   0x6d,   0x5f,   0x31,   0x2f,
  0x6c,   0x73,   0x74,   0x6d,   0x5f,   0x63,   0x65,   0x6c,   0x6c,   0x5f,   0x37,   0x2f,
  0x73,   0x70,   0x6c,   0x69,   0x74,   0x33,   0x32,   0x00,   0x02,   0x00,   0x00,   0x00,
  0x01,   0x00,   0x00,   0x00,   0x20,   0x00,   0x00,   0x00,   0x22,   0xa7,   0xff,   0xff,
  0x00,   0x00,   0x00,   0x01,   0x18,   0x00,   0x00,   0x00,   0x20,   0x00,   0x00,   0x00,
  0x3c,   0x00,   0x00,   0x00,   0x6c,   0x00,   0x00,   0x00,   0x00,   0x00,   0x00,   0x09,
  0xd0,   0x00,   0x00,   0x00,   0x02,   0x00,   0x00,   0x00,   0xff,   0xff,   0xff,   0xff,
  0x20,   0x00,   0x00,   0x00,   0x6c,   0x96,   0xff,   0xff,   0x08,   0x00,   0x00,   0x00,
  0x10,   0x00,   0x00,   0x00,   0x01,   0x00,   0x00,   0x00,   0xd6,   0xff,   0xff,   0xff,
  0xff,   0xff,   0xff,   0xff,   0x01,   0x00,   0x00,   0x00,   0xb3,   0xc6,   0xba,   0x3c,
  0x9b,   0x00,   0x00,   0x00,   0x73,   0x65,   0x71,   0x75,   0x65,   0x6e,   0x74,   0x69,
  0x61,   0x6c,   0x5f,   0x31,   0x2f,   0x6c,   0x73,   0x74,   0x6d,   0x5f,   0x31,   0x2f,
  0x6c,   0x73,   0x74,   0x6d,   0x5f,   0x63,   0x65,   0x6c,   0x6c,   0x5f,   0x37,   0x2f,
  0x73,   0x70,   0x6c,   0x69,   0x74,   0x3b,   0x73,   0x65,   0x71,   0x75,   0x65,   0x6e,
  0x74,   0x69,   0x61,   0x6c,   0x5f,   0x31,   0x2f,   0x6c,   0x73,   0x74,   0x6d,   0x5f,
  0x31,   0x2f,   0x6c,   0x73,   0x74,   0x6d,   0x5f,   0x63,   0x65,   0x6c,   0x6c,   0x5f,
  0x37,   0x2f,   0x73,   0x70,   0x6c,   0x69,   0x74,   0x31,   0x3b,   0x73,   0x65,   0x71,
  0x75,   0x65,   0x6e,   0x74,   0x69,   0x61,   0x6c,   0x5f,   0x31,   0x2f,   0x6c,   0x73,
  0x74,   0x6d,   0x5f,   0x31,   0x2f,   0x6c,   0x73,   0x74,   0x6d,   0x5f,   0x63,   0x65,
  0x6c,   0x6c,   0x5f,   0x37,   0x2f,   0x73,   0x70,   0x6c,   0x69,   0x74,   0x32,   0x3b,
  0x73,   0x65,   0x71,   0x75,   0x65,   0x6e,   0x74,   0x69,   0x61,   0x6c,   0x5f,   0x31,
  0x2f,   0x6c,   0x73,   0x74,   0x6d,   0x5f,   0x31,   0x2f,   0x6c,   0x73,   0x74,   0x6d,
  0x5f,   0x63,   0x65,   0x6c,   0x6c,   0x5f,   0x37,   0x2f,   0x73,   0x70,   0x6c,   0x69,
  0x74,   0x33,   0x31,   0x00,   0x02,   0x00,   0x00,   0x00,   0x01,   0x00,   0x00,   0x00,
  0x20,   0x00,   0x00,   0x00,   0x1a,   0xa8,   0xff,   0xff,   0x00,   0x00,   0x00,   0x01,
  0x18,   0x00,   0x00,   0x00,   0x20,   0x00,   0x00,   0x00,   0x3c,   0x00,   0x00,   0x00,
  0x6b,   0x00,   0x00,   0x00,   0x00,   0x00,   0x00,   0x09,   0xd0,   0x00,   0x00,   0x00,
  0x02,   0x00,   0x00,   0x00,   0xff,   0xff,   0xff,   0xff,   0x20,   0x00,   0x00,   0x00,
  0x64,   0x97,   0xff,   0xff,   0x08,   0x00,   0x00,   0x00,   0x10,   0x00,   0x00,   0x00,
  0x01,   0x00,   0x00,   0x00,   0xd6,   0xff,   0xff,   0xff,   0xff,   0xff,   0xff,   0xff,
  0x01,   0x00,   0x00,   0x00,   0xb3,   0xc6,   0xba,   0x3c,   0x9a,   0x00,   0x00,   0x00,
  0x73,   0x65,   0x71,   0x75,   0x65,   0x6e,   0x74,   0x69,   0x61,   0x6c,   0x5f,   0x31,
  0x2f,   0x6c,   0x73,   0x74,   0x6d,   0x5f,   0x31,   0x2f,   0x6c,   0x73,   0x74,   0x6d,
  0x5f,   0x63,   0x65,   0x6c,   0x6c,   0x5f,   0x37,   0x2f,   0x73,   0x70,   0x6c,   0x69,
  0x74,   0x3b,   0x73,   0x65,   0x71,   0x75,   0x65,   0x6e,   0x74,   0x69,   0x61,   0x6c,
  0x5f,   0x31,   0x2f,   0x6c,   0x73,   0x74,   0x6d,   0x5f,   0x31,   0x2f,   0x6c,   0x73,
  0x74,   0x6d,   0x5f,   0x63,   0x65,   0x6c,   0x6c,   0x5f,   0x37,   0x2f,   0x73,   0x70,
  0x6c,   0x69,   0x74,   0x31,   0x3b,   0x73,   0x65,   0x71,   0x75,   0x65,   0x6e,   0x74,
  0x69,   0x61,   0x6c,   0x5f,   0x31,   0x2f,   0x6c,   0x73,   0x74,   0x6d,   0x5f,   0x31,
  0x2f,   0x6c,   0x73,   0x74,   0x6d,   0x5f,   0x63,   0x65,   0x6c,   0x6c,   0x5f,   0x37,
  0x2f,   0x73,   0x70,   0x6c,   0x69,   0x74,   0x32,   0x3b,   0x73,   0x65,   0x71,   0x75,
  0x65,   0x6e,   0x74,   0x69,   0x61,   0x6c,   0x5f,   0x31,   0x2f,   0x6c,   0x73,   0x74,
  0x6d,   0x5f,   0x31,   0x2f,   0x6c,   0x73,   0x74,   0x6d,   0x5f,   0x63,   0x65,   0x6c,
  0x6c,   0x5f,   0x37,   0x2f,   0x73,   0x70,   0x6c,   0x69,   0x74,   0x33,   0x00,   0x00,
  0x02,   0x00,   0x00,   0x00,   0x01,   0x00,   0x00,   0x00,   0x20,   0x00,   0x00,   0x00,
  0x12,   0xa9,   0xff,   0xff,   0x00,   0x00,   0x00,   0x01,   0x18,   0x00,   0x00,   0x00,
  0x20,   0x00,   0x00,   0x00,   0x40,   0x00,   0x00,   0x00,   0x6a,   0x00,   0x00,   0x00,
  0x00,   0x00,   0x00,   0x09,   0x60,   0x00,   0x00,   0x00,   0x02,   0x00,   0x00,   0x00,
  0xff,   0xff,   0xff,   0xff,   0x80,   0x00,   0x00,   0x00,   0x5c,   0x98,   0xff,   0xff,
  0x08,   0x00,   0x00,   0x00,   0x14,   0x00,   0x00,   0x00,   0x01,   0x00,   0x00,   0x00,
  0xd6,   0xff,   0xff,   0xff,   0xff,   0xff,   0xff,   0xff,   0x00,   0x00,   0x00,   0x00,
  0x01,   0x00,   0x00,   0x00,   0xb3,   0xc6,   0xba,   0x3c,   0x27,   0x00,   0x00,   0x00,
  0x73,   0x65,   0x71,   0x75,   0x65,   0x6e,   0x74,   0x69,   0x61,   0x6c,   0x5f,   0x31,
  0x2f,   0x6c,   0x73,   0x74,   0x6d,   0x5f,   0x31,   0x2f,   0x6c,   0x73,   0x74,   0x6d,
  0x5f,   0x63,   0x65,   0x6c,   0x6c,   0x5f,   0x37,   0x2f,   0x42,   0x69,   0x61,   0x73,
  0x41,   0x64,   0x64,   0x00,   0x02,   0x00,   0x00,   0x00,   0x01,   0x00,   0x00,   0x00,
  0x80,   0x00,   0x00,   0x00,   0x9a,   0xa9,   0xff,   0xff,   0x00,   0x00,   0x00,   0x01,
  0x18,   0x00,   0x00,   0x00,   0x20,   0x00,   0x00,   0x00,   0x3c,   0x00,   0x00,   0x00,
  0x69,   0x00,   0x00,   0x00,   0x00,   0x00,   0x00,   0x09,   0x58,   0x00,   0x00,   0x00,
  0x02,   0x00,   0x00,   0x00,   0xff,   0xff,   0xff,   0xff,   0x80,   0x00,   0x00,   0x00,
  0xe4,   0x98,   0xff,   0xff,   0x08,   0x00,   0x00,   0x00,   0x10,   0x00,   0x00,   0x00,
  0x01,   0x00,   0x00,   0x00,   0xd9,   0xff,   0xff,   0xff,   0xff,   0xff,   0xff,   0xff,
  0x01,   0x00,   0x00,   0x00,   0x40,   0xb1,   0xbe,   0x3c,   0x23,   0x00,   0x00,   0x00,
  0x73,   0x65,   0x71,   0x75,   0x65,   0x6e,   0x74,   0x69,   0x61,   0x6c,   0x5f,   0x31,
  0x2f,   0x6c,   0x73,   0x74,   0x6d,   0x5f,   0x31,   0x2f,   0x6c,   0x73,   0x74,   0x6d,
  0x5f,   0x63,   0x65,   0x6c,   0x6c,   0x5f,   0x37,   0x2f,   0x41,   0x64,   0x64,   0x00,
  0x02,   0x00,   0x00,   0x00,   0x01,   0x00,   0x00,   0x00,   0x80,   0x00,   0x00,   0x00,
  0x1a,   0xaa,   0xff,   0xff,   0x00,   0x00,   0x00,   0x01,   0x18,   0x00,   0x00,   0x00,
  0x20,   0x00,   0x00,   0x00,   0x40,   0x00,   0x00,   0x00,   0x68,   0x00,   0x00,   0x00,
  0x00,   0x00,   0x00,   0x09,   0x60,   0x00,   0x00,   0x00,   0x02,   0x00,   0x00,   0x00,
  0xff,   0xff,   0xff,   0xff,   0x80,   0x00,   0x00,   0x00,   0x64,   0x99,   0xff,   0xff,
  0x08,   0x00,   0x00,   0x00,   0x14,   0x00,   0x00,   0x00,   0x01,   0x00,   0x00,   0x00,
  0xe0,   0xff,   0xff,   0xff,   0xff,   0xff,   0xff,   0xff,   0x00,   0x00,   0x00,   0x00,
  0x01,   0x00,   0x00,   0x00,   0xa5,   0x9e,   0xb1,   0x3c,   0x26,   0x00,   0x00,   0x00,
  0x73,   0x65,   0x71,   0x75,   0x65,   0x6e,   0x74,   0x69,   0x61,   0x6c,   0x5f,   0x31,
  0x2f,   0x6c,   0x73,   0x74,   0x6d,   0x5f,   0x31,   0x2f,   0x6c,   0x73,   0x74,   0x6d,
  0x5f,   0x63,   0x65,   0x6c,   0x6c,   0x5f,   0x37,   0x2f,   0x4d,   0x61,   0x74,   0x4d,
  0x75,   0x6c,   0x00,   0x00,   0x02,   0x00,   0x00,   0x00,   0x01,   0x00,   0x00,   0x00,
  0x80,   0x00,   0x00,   0x00,   0xa2,   0xaa,   0xff,   0xff,   0x00,   0x00,   0x00,   0x01,
  0x18,   0x00,   0x00,   0x00,   0x20,   0x00,   0x00,   0x00,   0x3c,   0x00,   0x00,   0x00,
  0x67,   0x00,   0x00,   0x00,   0x00,   0x00,   0x00,   0x09,   0x60,   0x00,   0x00,   0x00,
  0x02,   0x00,   0x00,   0x00,   0xff,   0xff,   0xff,   0xff,   0x80,   0x00,   0x00,   0x00,
  0xec,   0x99,   0xff,   0xff,   0x08,   0x00,   0x00,   0x00,   0x10,   0x00,   0x00,   0x00,
  0x01,   0x00,   0x00,   0x00,   0xf6,   0xff,   0xff,   0xff,   0xff,   0xff,   0xff,   0xff,
  0x01,   0x00,   0x00,   0x00,   0xd7,   0x14,   0x18,   0x3c,   0x28,   0x00,   0x00,   0x00,
  0x73,   0x65,   0x71,   0x75,   0x65,   0x6e,   0x74,   0x69,   0x61,   0x6c,   0x5f,   0x31,
  0x2f,   0x6c,   0x73,   0x74,   0x6d,   0x5f,   0x31,   0x2f,   0x6c,   0x73,   0x74,   0x6d,
  0x5f,   0x63,   0x65,   0x6c,   0x6c,   0x5f,   0x37,   0x2f,   0x4d,   0x61,   0x74,   0x4d,
  0x75,   0x6c,   0x5f,   0x31,   0x00,   0x00,   0x00,   0x00,   0x02,   0x00,   0x00,   0x00,
  0x01,   0x00,   0x00,   0x00,   0x80,   0x00,   0x00,   0x00,   0x2a,   0xab,   0xff,   0xff,
  0x00,   0x00,   0x00,   0x01,   0x18,   0x00,   0x00,   0x00,   0x20,   0x00,   0x00,   0x00,
  0x40,   0x00,   0x00,   0x00,   0x66,   0x00,   0x00,   0x00,   0x00,   0x00,   0x00,   0x09,
  0x60,   0x00,   0x00,   0x00,   0x02,   0x00,   0x00,   0x00,   0xff,   0xff,   0xff,   0xff,
  0x20,   0x00,   0x00,   0x00,   0x74,   0x9a,   0xff,   0xff,   0x08,   0x00,   0x00,   0x00,
  0x14,   0x00,   0x00,   0x00,   0x01,   0x00,   0x00,   0x00,   0x1b,   0x00,   0x00,   0x00,
  0x00,   0x00,   0x00,   0x00,   0x00,   0x00,   0x00,   0x00,   0x01,   0x00,   0x00,   0x00,
  0xa4,   0xfe,   0x87,   0x3b,   0x25,   0x00,   0x00,   0x00,   0x73,   0x65,   0x71,   0x75,
  0x65,   0x6e,   0x74,   0x69,   0x61,   0x6c,   0x5f,   0x31,   0x2f,   0x6c,   0x73,   0x74,
  0x6d,   0x5f,   0x31,   0x2f,   0x6c,   0x73,   0x74,   0x6d,   0x5f,   0x63,   0x65,   0x6c,
  0x6c,   0x5f,   0x35,   0x2f,   0x6d,   0x75,   0x6c,   0x5f,   0x32,   0x00,   0x00,   0x00,
  0x02,   0x00,   0x00,   0x00,   0x01,   0x00,   0x00,   0x00,   0x20,   0x00,   0x00,   0x00,
  0xb2,   0xab,   0xff,   0xff,   0x00,   0x00,   0x00,   0x01,   0x18,   0x00,   0x00,   0x00,
  0x20,   0x00,   0x00,   0x00,   0x40,   0x00,   0x00,   0x00,   0x65,   0x00,   0x00,   0x00,
  0x00,   0x00,   0x00,   0x09,   0x60,   0x00,   0x00,   0x00,   0x02,   0x00,   0x00,   0x00,
  0xff,   0xff,   0xff,   0xff,   0x20,   0x00,   0x00,   0x00,   0xfc,   0x9a,   0xff,   0xff,
  0x08,   0x00,   0x00,   0x00,   0x14,   0x00,   0x00,   0x00,   0x01,   0x00,   0x00,   0x00,
  0x00,   0x00,   0x00,   0x00,   0x00,   0x00,   0x00,   0x00,   0x00,   0x00,   0x00,   0x00,
  0x01,   0x00,   0x00,   0x00,   0x00,   0x00,   0x00,   0x3c,   0x26,   0x00,   0x00,   0x00,
  0x73,   0x65,   0x71,   0x75,   0x65,   0x6e,   0x74,   0x69,   0x61,   0x6c,   0x5f,   0x31,
  0x2f,   0x6c,   0x73,   0x74,   0x6d,   0x5f,   0x31,   0x2f,   0x6c,   0x73,   0x74,   0x6d,
  0x5f,   0x63,   0x65,   0x6c,   0x6c,   0x5f,   0x35,   0x2f,   0x54,   0x61,   0x6e,   0x68,
  0x5f,   0x31,   0x00,   0x00,   0x02,   0x00,   0x00,   0x00,   0x01,   0x00,   0x00,   0x00,
  0x20,   0x00,   0x00,   0x00,   0x3a,   0xac,   0xff,   0xff,   0x00,   0x00,   0x00,   0x01,
  0x18,   0x00,   0x00,   0x00,   0x20,   0x00,   0x00,   0x00,   0x40,   0x00,   0x00,   0x00,
  0x64,   0x00,   0x00,   0x00,   0x00,   0x00,   0x00,   0x09,   0x60,   0x00,   0x00,   0x00,
  0x02,   0x00,   0x00,   0x00,   0xff,   0xff,   0xff,   0xff,   0x20,   0x00,   0x00,   0x00,
  0x84,   0x9b,   0xff,   0xff,   0x08,   0x00,   0x00,   0x00,   0x14,   0x00,   0x00,   0x00,
  0x01,   0x00,   0x00,   0x00,   0x1b,   0x00,   0x00,   0x00,   0x00,   0x00,   0x00,   0x00,
  0x00,   0x00,   0x00,   0x00,   0x01,   0x00,   0x00,   0x00,   0x0c,   0xf2,   0xce,   0x3b,
  0x25,   0x00,   0x00,   0x00,   0x73,   0x65,   0x71,   0x75,   0x65,   0x6e,   0x74,   0x69,
  0x61,   0x6c,   0x5f,   0x31,   0x2f,   0x6c,   0x73,   0x74,   0x6d,   0x5f,   0x31,   0x2f,
  0x6c,   0x73,   0x74,   0x6d,   0x5f,   0x63,   0x65,   0x6c,   0x6c,   0x5f,   0x35,   0x2f,
  0x61,   0x64,   0x64,   0x5f,   0x31,   0x00,   0x00,   0x00,   0x02,   0x00,   0x00,   0x00,
  0x01,   0x00,   0x00,   0x00,   0x20,   0x00,   0x00,   0x00,   0xc2,   0xac,   0xff,   0xff,
  0x00,   0x00,   0x00,   0x01,   0x18,   0x00,   0x00,   0x00,   0x20,   0x00,   0x00,   0x00,
  0x40,   0x00,   0x00,   0x00,   0x63,   0x00,   0x00,   0x00,   0x00,   0x00,   0x00,   0x09,
  0x60,   0x00,   0x00,   0x00,   0x02,   0x00,   0x00,   0x00,   0xff,   0xff,   0xff,   0xff,
  0x20,   0x00,   0x00,   0x00,   0x0c,   0x9c,   0xff,   0xff,   0x08,   0x00,   0x00,   0x00,
  0x14,   0x00,   0x00,   0x00,   0x01,   0x00,   0x00,   0x00,   0x06,   0x00,   0x00,   0x00,
  0x00,   0x00,   0x00,   0x00,   0x00,   0x00,   0x00,   0x00,   0x01,   0x00,   0x00,   0x00,
  0xaa,   0x81,   0x57,   0x3b,   0x25,   0x00,   0x00,   0x00,   0x73,   0x65,   0x71,   0x75,
  0x65,   0x6e,   0x74,   0x69,   0x61,   0x6c,   0x5f,   0x31,   0x2f,   0x6c,   0x73,   0x74,
  0x6d,   0x5f,   0x31,   0x2f,   0x6c,   0x73,   0x74,   0x6d,   0x5f,   0x63,   0x65,   0x6c,
  0x6c,   0x5f,   0x35,   0x2f,   0x6d,   0x75,   0x6c,   0x5f,   0x31,   0x00,   0x00,   0x00,
  0x02,   0x00,   0x00,   0x00,   0x01,   0x00,   0x00,   0x00,   0x20,   0x00,   0x00,   0x00,
  0x4a,   0xad,   0xff,   0xff,   0x00,   0x00,   0x00,   0x01,   0x18,   0x00,   0x00,   0x00,
  0x20,   0x00,   0x00,   0x00,   0x40,   0x00,   0x00,   0x00,   0x62,   0x00,   0x00,   0x00,
  0x00,   0x00,   0x00,   0x09,   0x60,   0x00,   0x00,   0x00,   0x02,   0x00,   0x00,   0x00,
  0xff,   0xff,   0xff,   0xff,   0x20,   0x00,   0x00,   0x00,   0x94,   0x9c,   0xff,   0xff,
  0x08,   0x00,   0x00,   0x00,   0x14,   0x00,   0x00,   0x00,   0x01,   0x00,   0x00,   0x00,
  0x00,   0x00,   0x00,   0x00,   0x00,   0x00,   0x00,   0x00,   0x00,   0x00,   0x00,   0x00,
  0x01,   0x00,   0x00,   0x00,   0x00,   0x00,   0x00,   0x3c,   0x24,   0x00,   0x00,   0x00,
  0x73,   0x65,   0x71,   0x75,   0x65,   0x6e,   0x74,   0x69,   0x61,   0x6c,   0x5f,   0x31,
  0x2f,   0x6c,   0x73,   0x74,   0x6d,   0x5f,   0x31,   0x2f,   0x6c,   0x73,   0x74,   0x6d,
  0x5f,   0x63,   0x65,   0x6c,   0x6c,   0x5f,   0x35,   0x2f,   0x54,   0x61,   0x6e,   0x68,
  0x00,   0x00,   0x00,   0x00,   0x02,   0x00,   0x00,   0x00,   0x01,   0x00,   0x00,   0x00,
  0x20,   0x00,   0x00,   0x00,   0xd2,   0xad,   0xff,   0xff,   0x00,   0x00,   0x00,   0x01,
  0x18,   0x00,   0x00,   0x00,   0x20,   0x00,   0x00,   0x00,   0x3c,   0x00,   0x00,   0x00,
  0x61,   0x00,   0x00,   0x00,   0x00,   0x00,   0x00,   0x09,   0x60,   0x00,   0x00,   0x00,
  0x02,   0x00,   0x00,   0x00,   0xff,   0xff,   0xff,   0xff,   0x20,   0x00,   0x00,   0x00,
  0x1c,   0x9d,   0xff,   0xff,   0x08,   0x00,   0x00,   0x00,   0x10,   0x00,   0x00,   0x00,
  0x01,   0x00,   0x00,   0x00,   0x80,   0xff,   0xff,   0xff,   0xff,   0xff,   0xff,   0xff,
  0x01,   0x00,   0x00,   0x00,   0x00,   0x00,   0x80,   0x3b,   0x29,   0x00,   0x00,   0x00,
  0x73,   0x65,   0x71,   0x75,   0x65,   0x6e,   0x74,   0x69,   0x61,   0x6c,   0x5f,   0x31,
  0x2f,   0x6c,   0x73,   0x74,   0x6d,   0x5f,   0x31,   0x2f,   0x6c,   0x73,   0x74,   0x6d,
  0x5f,   0x63,   0x65,   0x6c,   0x6c,   0x5f,   0x35,   0x2f,   0x53,   0x69,   0x67,   0x6d,
  0x6f,   0x69,   0x64,   0x5f,   0x32,   0x00,   0x00,   0x00,   0x02,   0x00,   0x00,   0x00,
  0x01,   0x00,   0x00,   0x00,   0x20,   0x00,   0x00,   0x00,   0x5a,   0xae,   0xff,   0xff,
  0x00,   0x00,   0x00,   0x01,   0x18,   0x00,   0x00,   0x00,   0x20,   0x00,   0x00,   0x00,
  0x3c,   0x00,   0x00,   0x00,   0x60,   0x00,   0x00,   0x00,   0x00,   0x00,   0x00,   0x09,
  0x58,   0x00,   0x00,   0x00,   0x02,   0x00,   0x00,   0x00,   0xff,   0xff,   0xff,   0xff,
  0x20,   0x00,   0x00,   0x00,   0xa4,   0x9d,   0xff,   0xff,   0x08,   0x00,   0x00,   0x00,
  0x10,   0x00,   0x00,   0x00,   0x01,   0x00,   0x00,   0x00,   0x1b,   0x00,   0x00,   0x00,
  0x00,   0x00,   0x00,   0x00,   0x01,   0x00,   0x00,   0x00,   0x0c,   0xf2,   0xce,   0x3b,
  0x23,   0x00,   0x00,   0x00,   0x73,   0x65,   0x71,   0x75,   0x65,   0x6e,   0x74,   0x69,
  0x61,   0x6c,   0x5f,   0x31,   0x2f,   0x6c,   0x73,   0x74,   0x6d,   0x5f,   0x31,   0x2f,
  0x6c,   0x73,   0x74,   0x6d,   0x5f,   0x63,   0x65,   0x6c,   0x6c,   0x5f,   0x35,   0x2f,
  0x6d,   0x75,   0x6c,   0x00,   0x02,   0x00,   0x00,   0x00,   0x01,   0x00,   0x00,   0x00,
  0x20,   0x00,   0x00,   0x00,   0xda,   0xae,   0xff,   0xff,   0x00,   0x00,   0x00,   0x01,
  0x18,   0x00,   0x00,   0x00,   0x20,   0x00,   0x00,   0x00,   0x3c,   0x00,   0x00,   0x00,
  0x5f,   0x00,   0x00,   0x00,   0x00,   0x00,   0x00,   0x09,   0x60,   0x00,   0x00,   0x00,
  0x02,   0x00,   0x00,   0x00,   0xff,   0xff,   0xff,   0xff,   0x20,   0x00,   0x00,   0x00,
  0x24,   0x9e,   0xff,   0xff,   0x08,   0x00,   0x00,   0x00,   0x10,   0x00,   0x00,   0x00,
  0x01,   0x00,   0x00,   0x00,   0x80,   0xff,   0xff,   0xff,   0xff,   0xff,   0xff,   0xff,
  0x01,   0x00,   0x00,   0x00,   0x00,   0x00,   0x80,   0x3b,   0x29,   0x00,   0x00,   0x00,
  0x73,   0x65,   0x71,   0x75,   0x65,   0x6e,   0x74,   0x69,   0x61,   0x6c,   0x5f,   0x31,
  0x2f,   0x6c,   0x73,   0x74,   0x6d,   0x5f,   0x31,   0x2f,   0x6c,   0x73,   0x74,   0x6d,
  0x5f,   0x63,   0x65,   0x6c,   0x6c,   0x5f,   0x35,   0x2f,   0x53,   0x69,   0x67,   0x6d,
  0x6f,   0x69,   0x64,   0x5f,   0x31,   0x00,   0x00,   0x00,   0x02,   0x00,   0x00,   0x00,
  0x01,   0x00,   0x00,   0x00,   0x20,   0x00,   0x00,   0x00,   0x62,   0xaf,   0xff,   0xff,
  0x00,   0x00,   0x00,   0x01,   0x18,   0x00,   0x00,   0x00,   0x20,   0x00,   0x00,   0x00,
  0x40,   0x00,   0x00,   0x00,   0x5e,   0x00,   0x00,   0x00,   0x00,   0x00,   0x00,   0x09,
  0x60,   0x00,   0x00,   0x00,   0x02,   0x00,   0x00,   0x00,   0xff,   0xff,   0xff,   0xff,
  0x20,   0x00,   0x00,   0x00,   0xac,   0x9e,   0xff,   0xff,   0x08,   0x00,   0x00,   0x00,
  0x14,   0x00,   0x00,   0x00,   0x01,   0x00,   0x00,   0x00,   0x80,   0xff,   0xff,   0xff,
  0xff,   0xff,   0xff,   0xff,   0x00,   0x00,   0x00,   0x00,   0x01,   0x00,   0x00,   0x00,
  0x00,   0x00,   0x80,   0x3b,   0x27,   0x00,   0x00,   0x00,   0x73,   0x65,   0x71,   0x75,
  0x65,   0x6e,   0x74,   0x69,   0x61,   0x6c,   0x5f,   0x31,   0x2f,   0x6c,   0x73,   0x74,
  0x6d,   0x5f,   0x31,   0x2f,   0x6c,   0x73,   0x74,   0x6d,   0x5f,   0x63,   0x65,   0x6c,
  0x6c,   0x5f,   0x35,   0x2f,   0x53,   0x69,   0x67,   0x6d,   0x6f,   0x69,   0x64,   0x00,
  0x02,   0x00,   0x00,   0x00,   0x01,   0x00,   0x00,   0x00,   0x20,   0x00,   0x00,   0x00,
  0xea,   0xaf,   0xff,   0xff,   0x00,   0x00,   0x00,   0x01,   0x18,   0x00,   0x00,   0x00,
  0x20,   0x00,   0x00,   0x00,   0x3c,   0x00,   0x00,   0x00,   0x5d,   0x00,   0x00,   0x00,
  0x00,   0x00,   0x00,   0x09,   0xd0,   0x00,   0x00,   0x00,   0x02,   0x00,   0x00,   0x00,
  0xff,   0xff,   0xff,   0xff,   0x20,   0x00,   0x00,   0x00,   0x34,   0x9f,   0xff,   0xff,
  0x08,   0x00,   0x00,   0x00,   0x10,   0x00,   0x00,   0x00,   0x01,   0x00,   0x00,   0x00,
  0xd0,   0xff,   0xff,   0xff,   0xff,   0xff,   0xff,   0xff,   0x01,   0x00,   0x00,   0x00,
  0x3d,   0xec,   0xb7,   0x3c,   0x9b,   0x00,   0x00,   0x00,   0x73,   0x65,   0x71,   0x75,
  0x65,   0x6e,   0x74,   0x69,   0x61,   0x6c,   0x5f,   0x31,   0x2f,   0x6c,   0x73,   0x74,
  0x6d,   0x5f,   0x31,   0x2f,   0x6c,   0x73,   0x74,   0x6d,   0x5f,   0x63,   0x65,   0x6c,
  0x6c,   0x5f,   0x35,   0x2f,   0x73,   0x70,   0x6c,   0x69,   0x74,   0x3b,   0x73,   0x65,
  0x71,   0x75,   0x65,   0x6e,   0x74,   0x69,   0x61,   0x6c,   0x5f,   0x31,   0x2f,   0x6c,
  0x73,   0x74,   0x6d,   0x5f,   0x31,   0x2f,   0x6c,   0x73,   0x74,   0x6d,   0x5f,   0x63,
  0x65,   0x6c,   0x6c,   0x5f,   0x35,   0x2f,   0x73,   0x70,   0x6c,   0x69,   0x74,   0x31,
  0x3b,   0x73,   0x65,   0x71,   0x75,   0x65,   0x6e,   0x74,   0x69,   0x61,   0x6c,   0x5f,
  0x31,   0x2f,   0x6c,   0x73,   0x74,   0x6d,   0x5f,   0x31,   0x2f,   0x6c,   0x73,   0x74,
  0x6d,   0x5f,   0x63,   0x65,   0x6c,   0x6c,   0x5f,   0x35,   0x2f,   0x73,   0x70,   0x6c,
  0x69,   0x74,   0x32,   0x3b,   0x73,   0x65,   0x71,   0x75,   0x65,   0x6e,   0x74,   0x69,
  0x61,   0x6c,   0x5f,   0x31,   0x2f,   0x6c,   0x73,   0x74,   0x6d,   0x5f,   0x31,   0x2f,
  0x6c,   0x73,   0x74,   0x6d,   0x5f,   0x63,   0x65,   0x6c,   0x6c,   0x5f,   0x35,   0x2f,
  0x73,   0x70,   0x6c,   0x69,   0x74,   0x33,   0x33,   0x00,   0x02,   0x00,   0x00,   0x00,
  0x01,   0x00,   0x00,   0x00,   0x20,   0x00,   0x00,   0x00,   0xe2,   0xb0,   0xff,   0xff,
  0x00,   0x00,   0x00,   0x01,   0x18,   0x00,   0x00,   0x00,   0x20,   0x00,   0x00,   0x00,
  0x3c,   0x00,   0x00,   0x00,   0x5c,   0x00,   0x00,   0x00,   0x00,   0x00,   0x00,   0x09,
  0xd0,   0x00,   0x00,   0x00,   0x02,   0x00,   0x00,   0x00,   0xff,   0xff,   0xff,   0xff,
  0x20,   0x00,   0x00,   0x00,   0x2c,   0xa0,   0xff,   0xff,   0x08,   0x00,   0x00,   0x00,
  0x10,   0x00,   0x00,   0x00,   0x01,   0x00,   0x00,   0x00,   0xd0,   0xff,   0xff,   0xff,
  0xff,   0xff,   0xff,   0xff,   0x01,   0x00,   0x00,   0x00,   0x3d,   0xec,   0xb7,   0x3c,
  0x9b,   0x00,   0x00,   0x00,   0x73,   0x65,   0x71,   0x75,   0x65,   0x6e,   0x74,   0x69,
  0x61,   0x6c,   0x5f,   0x31,   0x2f,   0x6c,   0x73,   0x74,   0x6d,   0x5f,   0x31,   0x2f,
  0x6c,   0x73,   0x74,   0x6d,   0x5f,   0x63,   0x65,   0x6c,   0x6c,   0x5f,   0x35,   0x2f,
  0x73,   0x70,   0x6c,   0x69,   0x74,   0x3b,   0x73,   0x65,   0x71,   0x75,   0x65,   0x6e,
  0x74,   0x69,   0x61,   0x6c,   0x5f,   0x31,   0x2f,   0x6c,   0x73,   0x74,   0x6d,   0x5f,
  0x31,   0x2f,   0x6c,   0x73,   0x74,   0x6d,   0x5f,   0x63,   0x65,   0x6c,   0x6c,   0x5f,
  0x35,   0x2f,   0x73,   0x70,   0x6c,   0x69,   0x74,   0x31,   0x3b,   0x73,   0x65,   0x71,
  0x75,   0x65,   0x6e,   0x74,   0x69,   0x61,   0x6c,   0x5f,   0x31,   0x2f,   0x6c,   0x73,
  0x74,   0x6d,   0x5f,   0x31,   0x2f,   0x6c,   0x73,   0x74,   0x6d,   0x5f,   0x63,   0x65,
  0x6c,   0x6c,   0x5f,   0x35,   0x2f,   0x73,   0x70,   0x6c,   0x69,   0x74,   0x32,   0x3b,
  0x73,   0x65,   0x71,   0x75,   0x65,   0x6e,   0x74,   0x69,   0x61,   0x6c,   0x5f,   0x31,
  0x2f,   0x6c,   0x73,   0x74,   0x6d,   0x5f,   0x31,   0x2f,   0x6c,   0x73,   0x74,   0x6d,
  0x5f,   0x63,   0x65,   0x6c,   0x6c,   0x5f,   0x35,   0x2f,   0x73,   0x70,   0x6c,   0x69,
  0x74,   0x33,   0x32,   0x00,   0x02,   0x00,   0x00,   0x00,   0x01,   0x00,   0x00,   0x00,
  0x20,   0x00,   0x00,   0x00,   0xda,   0xb1,   0xff,   0xff,   0x00,   0x00,   0x00,   0x01,
  0x18,   0x00,   0x00,   0x00,   0x20,   0x00,   0x00,   0x00,   0x3c,   0x00,   0x00,   0x00,
  0x5b,   0x00,   0x00,   0x00,   0x00,   0x00,   0x00,   0x09,   0xd0,   0x00,   0x00,   0x00,
  0x02,   0x00,   0x00,   0x00,   0xff,   0xff,   0xff,   0xff,   0x20,   0x00,   0x00,   0x00,
  0x24,   0xa1,   0xff,   0xff,   0x08,   0x00,   0x00,   0x00,   0x10,   0x00,   0x00,   0x00,
  0x01,   0x00,   0x00,   0x00,   0xd0,   0xff,   0xff,   0xff,   0xff,   0xff,   0xff,   0xff,
  0x01,   0x00,   0x00,   0x00,   0x3d,   0xec,   0xb7,   0x3c,   0x9b,   0x00,   0x00,   0x00,
  0x73,   0x65,   0x71,   0x75,   0x65,   0x6e,   0x74,   0x69,   0x61,   0x6c,   0x5f,   0x31,
  0x2f,   0x6c,   0x73,   0x74,   0x6d,   0x5f,   0x31,   0x2f,   0x6c,   0x73,   0x74,   0x6d,
  0x5f,   0x63,   0x65,   0x6c,   0x6c,   0x5f,   0x35,   0x2f,   0x73,   0x70,   0x6c,   0x69,
  0x74,   0x3b,   0x73,   0x65,   0x71,   0x75,   0x65,   0x6e,   0x74,   0x69,   0x61,   0x6c,
  0x5f,   0x31,   0x2f,   0x6c,   0x73,   0x74,   0x6d,   0x5f,   0x31,   0x2f,   0x6c,   0x73,
  0x74,   0x6d,   0x5f,   0x63,   0x65,   0x6c,   0x6c,   0x5f,   0x35,   0x2f,   0x73,   0x70,
  0x6c,   0x69,   0x74,   0x31,   0x3b,   0x73,   0x65,   0x71,   0x75,   0x65,   0x6e,   0x74,
  0x69,   0x61,   0x6c,   0x5f,   0x31,   0x2f,   0x6c,   0x73,   0x74,   0x6d,   0x5f,   0x31,
  0x2f,   0x6c,   0x73,   0x74,   0x6d,   0x5f,   0x63,   0x65,   0x6c,   0x6c,   0x5f,   0x35,
  0x2f,   0x73,   0x70,   0x6c,   0x69,   0x74,   0x32,   0x3b,   0x73,   0x65,   0x71,   0x75,
  0x65,   0x6e,   0x74,   0x69,   0x61,   0x6c,   0x5f,   0x31,   0x2f,   0x6c,   0x73,   0x74,
  0x6d,   0x5f,   0x31,   0x2f,   0x6c,   0x73,   0x74,   0x6d,   0x5f,   0x63,   0x65,   0x6c,
  0x6c,   0x5f,   0x35,   0x2f,   0x73,   0x70,   0x6c,   0x69,   0x74,   0x33,   0x31,   0x00,
  0x02,   0x00,   0x00,   0x00,   0x01,   0x00,   0x00,   0x00,   0x20,   0x00,   0x00,   0x00,
  0xd2,   0xb2,   0xff,   0xff,   0x00,   0x00,   0x00,   0x01,   0x18,   0x00,   0x00,   0x00,
  0x20,   0x00,   0x00,   0x00,   0x3c,   0x00,   0x00,   0x00,   0x5a,   0x00,   0x00,   0x00,
  0x00,   0x00,   0x00,   0x09,   0xd0,   0x00,   0x00,   0x00,   0x02,   0x00,   0x00,   0x00,
  0xff,   0xff,   0xff,   0xff,   0x20,   0x00,   0x00,   0x00,   0x1c,   0xa2,   0xff,   0xff,
  0x08,   0x00,   0x00,   0x00,   0x10,   0x00,   0x00,   0x00,   0x01,   0x00,   0x00,   0x00,
  0xd0,   0xff,   0xff,   0xff,   0xff,   0xff,   0xff,   0xff,   0x01,   0x00,   0x00,   0x00,
  0x3d,   0xec,   0xb7,   0x3c,   0x9a,   0x00,   0x00,   0x00,   0x73,   0x65,   0x71,   0x75,
  0x65,   0x6e,   0x74,   0x69,   0x61,   0x6c,   0x5f,   0x31,   0x2f,   0x6c,   0x73,   0x74,
  0x6d,   0x5f,   0x31,   0x2f,   0x6c,   0x73,   0x74,   0x6d,   0x5f,   0x63,   0x65,   0x6c,
  0x6c,   0x5f,   0x35,   0x2f,   0x73,   0x70,   0x6c,   0x69,   0x74,   0x3b,   0x73,   0x65,
  0x71,   0x75,   0x65,   0x6e,   0x74,   0x69,   0x61,   0x6c,   0x5f,   0x31,   0x2f,   0x6c,
  0x73,   0x74,   0x6d,   0x5f,   0x31,   0x2f,   0x6c,   0x73,   0x74,   0x6d,   0x5f,   0x63,
  0x65,   0x6c,   0x6c,   0x5f,   0x35,   0x2f,   0x73,   0x70,   0x6c,   0x69,   0x74,   0x31,
  0x3b,   0x73,   0x65,   0x71,   0x75,   0x65,   0x6e,   0x74,   0x69,   0x61,   0x6c,   0x5f,
  0x31,   0x2f,   0x6c,   0x73,   0x74,   0x6d,   0x5f,   0x31,   0x2f,   0x6c,   0x73,   0x74,
  0x6d,   0x5f,   0x63,   0x65,   0x6c,   0x6c,   0x5f,   0x35,   0x2f,   0x73,   0x70,   0x6c,
  0x69,   0x74,   0x32,   0x3b,   0x73,   0x65,   0x71,   0x75,   0x65,   0x6e,   0x74,   0x69,
  0x61,   0x6c,   0x5f,   0x31,   0x2f,   0x6c,   0x73,   0x74,   0x6d,   0x5f,   0x31,   0x2f,
  0x6c,   0x73,   0x74,   0x6d,   0x5f,   0x63,   0x65,   0x6c,   0x6c,   0x5f,   0x35,   0x2f,
  0x73,   0x70,   0x6c,   0x69,   0x74,   0x33,   0x00,   0x00,   0x02,   0x00,   0x00,   0x00,
  0x01,   0x00,   0x00,   0x00,   0x20,   0x00,   0x00,   0x00,   0xca,   0xb3,   0xff,   0xff,
  0x00,   0x00,   0x00,   0x01,   0x18,   0x00,   0x00,   0x00,   0x20,   0x00,   0x00,   0x00,
  0x40,   0x00,   0x00,   0x00,   0x59,   0x00,   0x00,   0x00,   0x00,   0x00,   0x00,   0x09,
  0x60,   0x00,   0x00,   0x00,   0x02,   0x00,   0x00,   0x00,   0xff,   0xff,   0xff,   0xff,
  0x80,   0x00,   0x00,   0x00,   0x14,   0xa3,   0xff,   0xff,   0x08,   0x00,   0x00,   0x00,
  0x14,   0x00,   0x00,   0x00,   0x01,   0x00,   0x00,   0x00,   0xd0,   0xff,   0xff,   0xff,
  0xff,   0xff,   0xff,   0xff,   0x00,   0x00,   0x00,   0x00,   0x01,   0x00,   0x00,   0x00,
  0x3d,   0xec,   0xb7,   0x3c,   0x27,   0x00,   0x00,   0x00,   0x73,   0x65,   0x71,   0x75,
  0x65,   0x6e,   0x74,   0x69,   0x61,   0x6c,   0x5f,   0x31,   0x2f,   0x6c,   0x73,   0x74,
  0x6d,   0x5f,   0x31,   0x2f,   0x6c,   0x73,   0x74,   0x6d,   0x5f,   0x63,   0x65,   0x6c,
  0x6c,   0x5f,   0x35,   0x2f,   0x42,   0x69,   0x61,   0x73,   0x41,   0x64,   0x64,   0x00,
  0x02,   0x00,   0x00,   0x00,   0x01,   0x00,   0x00,   0x00,   0x80,   0x00,   0x00,   0x00,
  0x52,   0xb4,   0xff,   0xff,   0x00,   0x00,   0x00,   0x01,   0x18,   0x00,   0x00,   0x00,
  0x20,   0x00,   0x00,   0x00,   0x3c,   0x00,   0x00,   0x00,   0x58,   0x00,   0x00,   0x00,
  0x00,   0x00,   0x00,   0x09,   0x58,   0x00,   0x00,   0x00,   0x02,   0x00,   0x00,   0x00,
  0xff,   0xff,   0xff,   0xff,   0x80,   0x00,   0x00,   0x00,   0x9c,   0xa3,   0xff,   0xff,
  0x08,   0x00,   0x00,   0x00,   0x10,   0x00,   0x00,   0x00,   0x01,   0x00,   0x00,   0x00,
  0xd1,   0xff,   0xff,   0xff,   0xff,   0xff,   0xff,   0xff,   0x01,   0x00,   0x00,   0x00,
  0xdb,   0x76,   0xb9,   0x3c,   0x23,   0x00,   0x00,   0x00,   0x73,   0x65,   0x71,   0x75,
  0x65,   0x6e,   0x74,   0x69,   0x61,   0x6c,   0x5f,   0x31,   0x2f,   0x6c,   0x73,   0x74,
  0x6d,   0x5f,   0x31,   0x2f,   0x6c,   0x73,   0x74,   0x6d,   0x5f,   0x63,   0x65,   0x6c,
  0x6c,   0x5f,   0x35,   0x2f,   0x41,   0x64,   0x64,   0x00,   0x02,   0x00,   0x00,   0x00,
  0x01,   0x00,   0x00,   0x00,   0x80,   0x00,   0x00,   0x00,   0xd2,   0xb4,   0xff,   0xff,
  0x00,   0x00,   0x00,   0x01,   0x18,   0x00,   0x00,   0x00,   0x20,   0x00,   0x00,   0x00,
  0x40,   0x00,   0x00,   0x00,   0x57,   0x00,   0x00,   0x00,   0x00,   0x00,   0x00,   0x09,
  0x60,   0x00,   0x00,   0x00,   0x02,   0x00,   0x00,   0x00,   0xff,   0xff,   0xff,   0xff,
  0x80,   0x00,   0x00,   0x00,   0x1c,   0xa4,   0xff,   0xff,   0x08,   0x00,   0x00,   0x00,
  0x14,   0x00,   0x00,   0x00,   0x01,   0x00,   0x00,   0x00,   0xd9,   0xff,   0xff,   0xff,
  0xff,   0xff,   0xff,   0xff,   0x00,   0x00,   0x00,   0x00,   0x01,   0x00,   0x00,   0x00,
  0x7a,   0x13,   0xaa,   0x3c,   0x26,   0x00,   0x00,   0x00,   0x73,   0x65,   0x71,   0x75,
  0x65,   0x6e,   0x74,   0x69,   0x61,   0x6c,   0x5f,   0x31,   0x2f,   0x6c,   0x73,   0x74,
  0x6d,   0x5f,   0x31,   0x2f,   0x6c,   0x73,   0x74,   0x6d,   0x5f,   0x63,   0x65,   0x6c,
  0x6c,   0x5f,   0x35,   0x2f,   0x4d,   0x61,   0x74,   0x4d,   0x75,   0x6c,   0x00,   0x00,
  0x02,   0x00,   0x00,   0x00,   0x01,   0x00,   0x00,   0x00,   0x80,   0x00,   0x00,   0x00,
  0x5a,   0xb5,   0xff,   0xff,   0x00,   0x00,   0x00,   0x01,   0x18,   0x00,   0x00,   0x00,
  0x20,   0x00,   0x00,   0x00,   0x40,   0x00,   0x00,   0x00,   0x56,   0x00,   0x00,   0x00,
  0x00,   0x00,   0x00,   0x09,   0x60,   0x00,   0x00,   0x00,   0x02,   0x00,   0x00,   0x00,
  0xff,   0xff,   0xff,   0xff,   0x80,   0x00,   0x00,   0x00,   0xa4,   0xa4,   0xff,   0xff,
  0x08,   0x00,   0x00,   0x00,   0x14,   0x00,   0x00,   0x00,   0x01,   0x00,   0x00,   0x00,
  0xe9,   0xff,   0xff,   0xff,   0xff,   0xff,   0xff,   0xff,   0x00,   0x00,   0x00,   0x00,
  0x01,   0x00,   0x00,   0x00,   0x82,   0xa1,   0xca,   0x3c,   0x27,   0x00,   0x00,   0x00,
  0x73,   0x65,   0x71,   0x75,   0x65,   0x6e,   0x74,   0x69,   0x61,   0x6c,   0x5f,   0x31,
  0x2f,   0x6c,   0x73,   0x74,   0x6d,   0x5f,   0x31,   0x2f,   0x6c,   0x73,   0x74,   0x6d,
  0x5f,   0x63,   0x65,   0x6c,   0x6c,   0x5f,   0x33,   0x35,   0x2f,   0x4d,   0x61,   0x74,
  0x4d,   0x75,   0x6c,   0x00,   0x02,   0x00,   0x00,   0x00,   0x01,   0x00,   0x00,   0x00,
  0x80,   0x00,   0x00,   0x00,   0xe2,   0xb5,   0xff,   0xff,   0x00,   0x00,   0x00,   0x01,
  0x18,   0x00,   0x00,   0x00,   0x20,   0x00,   0x00,   0x00,   0x40,   0x00,   0x00,   0x00,
  0x55,   0x00,   0x00,   0x00,   0x00,   0x00,   0x00,   0x09,   0x60,   0x00,   0x00,   0x00,
  0x02,   0x00,   0x00,   0x00,   0xff,   0xff,   0xff,   0xff,   0x80,   0x00,   0x00,   0x00,
  0x2c,   0xa5,   0xff,   0xff,   0x08,   0x00,   0x00,   0x00,   0x14,   0x00,   0x00,   0x00,
  0x01,   0x00,   0x00,   0x00,   0xe8,   0xff,   0xff,   0xff,   0xff,   0xff,   0xff,   0xff,
  0x00,   0x00,   0x00,   0x00,   0x01,   0x00,   0x00,   0x00,   0xc6,   0x7a,   0xcb,   0x3c,
  0x27,   0x00,   0x00,   0x00,   0x73,   0x65,   0x71,   0x75,   0x65,   0x6e,   0x74,   0x69,
  0x61,   0x6c,   0x5f,   0x31,   0x2f,   0x6c,   0x73,   0x74,   0x6d,   0x5f,   0x31,   0x2f,
  0x6c,   0x73,   0x74,   0x6d,   0x5f,   0x63,   0x65,   0x6c,   0x6c,   0x5f,   0x33,   0x33,
  0x2f,   0x4d,   0x61,   0x74,   0x4d,   0x75,   0x6c,   0x00,   0x02,   0x00,   0x00,   0x00,
  0x01,   0x00,   0x00,   0x00,   0x80,   0x00,   0x00,   0x00,   0x6a,   0xb6,   0xff,   0xff,
  0x00,   0x00,   0x00,   0x01,   0x18,   0x00,   0x00,   0x00,   0x20,   0x00,   0x00,   0x00,
  0x40,   0x00,   0x00,   0x00,   0x54,   0x00,   0x00,   0x00,   0x00,   0x00,   0x00,   0x09,
  0x60,   0x00,   0x00,   0x00,   0x02,   0x00,   0x00,   0x00,   0xff,   0xff,   0xff,   0xff,
  0x80,   0x00,   0x00,   0x00,   0xb4,   0xa5,   0xff,   0xff,   0x08,   0x00,   0x00,   0x00,
  0x14,   0x00,   0x00,   0x00,   0x01,   0x00,   0x00,   0x00,   0xe9,   0xff,   0xff,   0xff,
  0xff,   0xff,   0xff,   0xff,   0x00,   0x00,   0x00,   0x00,   0x01,   0x00,   0x00,   0x00,
  0x2c,   0xc8,   0xc9,   0x3c,   0x27,   0x00,   0x00,   0x00,   0x73,   0x65,   0x71,   0x75,
  0x65,   0x6e,   0x74,   0x69,   0x61,   0x6c,   0x5f,   0x31,   0x2f,   0x6c,   0x73,   0x74,
  0x6d,   0x5f,   0x31,   0x2f,   0x6c,   0x73,   0x74,   0x6d,   0x5f,   0x63,   0x65,   0x6c,
  0x6c,   0x5f,   0x33,   0x31,   0x2f,   0x4d,   0x61,   0x74,   0x4d,   0x75,   0x6c,   0x00,
  0x02,   0x00,   0x00,   0x00,   0x01,   0x00,   0x00,   0x00,   0x80,   0x00,   0x00,   0x00,
  0xf2,   0xb6,   0xff,   0xff,   0x00,   0x00,   0x00,   0x01,   0x18,   0x00,   0x00,   0x00,
  0x20,   0x00,   0x00,   0x00,   0x3c,   0x00,   0x00,   0x00,   0x53,   0x00,   0x00,   0x00,
  0x00,   0x00,   0x00,   0x09,   0x60,   0x00,   0x00,   0x00,   0x02,   0x00,   0x00,   0x00,
  0xff,   0xff,   0xff,   0xff,   0x80,   0x00,   0x00,   0x00,   0x3c,   0xa6,   0xff,   0xff,
  0x08,   0x00,   0x00,   0x00,   0x10,   0x00,   0x00,   0x00,   0x01,   0x00,   0x00,   0x00,
  0xf3,   0xff,   0xff,   0xff,   0xff,   0xff,   0xff,   0xff,   0x01,   0x00,   0x00,   0x00,
  0x0a,   0xeb,   0xfe,   0x3b,   0x28,   0x00,   0x00,   0x00,   0x73,   0x65,   0x71,   0x75,
  0x65,   0x6e,   0x74,   0x69,   0x61,   0x6c,   0x5f,   0x31,   0x2f,   0x6c,   0x73,   0x74,
  0x6d,   0x5f,   0x31,   0x2f,   0x6c,   0x73,   0x74,   0x6d,   0x5f,   0x63,   0x65,   0x6c,
  0x6c,   0x5f,   0x35,   0x2f,   0x4d,   0x61,   0x74,   0x4d,   0x75,   0x6c,   0x5f,   0x31,
  0x00,   0x00,   0x00,   0x00,   0x02,   0x00,   0x00,   0x00,   0x01,   0x00,   0x00,   0x00,
  0x80,   0x00,   0x00,   0x00,   0x7a,   0xb7,   0xff,   0xff,   0x00,   0x00,   0x00,   0x01,
  0x18,   0x00,   0x00,   0x00,   0x20,   0x00,   0x00,   0x00,   0x40,   0x00,   0x00,   0x00,
  0x52,   0x00,   0x00,   0x00,   0x00,   0x00,   0x00,   0x09,   0x60,   0x00,   0x00,   0x00,
  0x02,   0x00,   0x00,   0x00,   0xff,   0xff,   0xff,   0xff,   0x20,   0x00,   0x00,   0x00,
  0xc4,   0xa6,   0xff,   0xff,   0x08,   0x00,   0x00,   0x00,   0x14,   0x00,   0x00,   0x00,
  0x01,   0x00,   0x00,   0x00,   0x16,   0x00,   0x00,   0x00,   0x00,   0x00,   0x00,   0x00,
  0x00,   0x00,   0x00,   0x00,   0x01,   0x00,   0x00,   0x00,   0xa2,   0x13,   0x54,   0x3b,
  0x25,   0x00,   0x00,   0x00,   0x73,   0x65,   0x71,   0x75,   0x65,   0x6e,   0x74,   0x69,
  0x61,   0x6c,   0x5f,   0x31,   0x2f,   0x6c,   0x73,   0x74,   0x6d,   0x5f,   0x31,   0x2f,
  0x6c,   0x73,   0x74,   0x6d,   0x5f,   0x63,   0x65,   0x6c,   0x6c,   0x5f,   0x33,   0x2f,
  0x6d,   0x75,   0x6c,   0x5f,   0x32,   0x00,   0x00,   0x00,   0x02,   0x00,   0x00,   0x00,
  0x01,   0x00,   0x00,   0x00,   0x20,   0x00,   0x00,   0x00,   0x02,   0xb8,   0xff,   0xff,
  0x00,   0x00,   0x00,   0x01,   0x18,   0x00,   0x00,   0x00,   0x20,   0x00,   0x00,   0x00,
  0x40,   0x00,   0x00,   0x00,   0x51,   0x00,   0x00,   0x00,   0x00,   0x00,   0x00,   0x09,
  0x60,   0x00,   0x00,   0x00,   0x02,   0x00,   0x00,   0x00,   0xff,   0xff,   0xff,   0xff,
  0x20,   0x00,   0x00,   0x00,   0x4c,   0xa7,   0xff,   0xff,   0x08,   0x00,   0x00,   0x00,
  0x14,   0x00,   0x00,   0x00,   0x01,   0x00,   0x00,   0x00,   0x00,   0x00,   0x00,   0x00,
  0x00,   0x00,   0x00,   0x00,   0x00,   0x00,   0x00,   0x00,   0x01,   0x00,   0x00,   0x00,
  0x00,   0x00,   0x00,   0x3c,   0x26,   0x00,   0x00,   0x00,   0x73,   0x65,   0x71,   0x75,
  0x65,   0x6e,   0x74,   0x69,   0x61,   0x6c,   0x5f,   0x31,   0x2f,   0x6c,   0x73,   0x74,
  0x6d,   0x5f,   0x31,   0x2f,   0x6c,   0x73,   0x74,   0x6d,   0x5f,   0x63,   0x65,   0x6c,
  0x6c,   0x5f,   0x33,   0x2f,   0x54,   0x61,   0x6e,   0x68,   0x5f,   0x31,   0x00,   0x00,
  0x02,   0x00,   0x00,   0x00,   0x01,   0x00,   0x00,   0x00,   0x20,   0x00,   0x00,   0x00,
  0x8a,   0xb8,   0xff,   0xff,   0x00,   0x00,   0x00,   0x01,   0x18,   0x00,   0x00,   0x00,
  0x20,   0x00,   0x00,   0x00,   0x40,   0x00,   0x00,   0x00,   0x50,   0x00,   0x00,   0x00,
  0x00,   0x00,   0x00,   0x09,   0x60,   0x00,   0x00,   0x00,   0x02,   0x00,   0x00,   0x00,
  0xff,   0xff,   0xff,   0xff,   0x20,   0x00,   0x00,   0x00,   0xd4,   0xa7,   0xff,   0xff,
  0x08,   0x00,   0x00,   0x00,   0x14,   0x00,   0x00,   0x00,   0x01,   0x00,   0x00,   0x00,
  0x16,   0x00,   0x00,   0x00,   0x00,   0x00,   0x00,   0x00,   0x00,   0x00,   0x00,   0x00,
  0x01,   0x00,   0x00,   0x00,   0x30,   0x3d,   0x8d,   0x3b,   0x25,   0x00,   0x00,   0x00,
  0x73,   0x65,   0x71,   0x75,   0x65,   0x6e,   0x74,   0x69,   0x61,   0x6c,   0x5f,   0x31,
  0x2f,   0x6c,   0x73,   0x74,   0x6d,   0x5f,   0x31,   0x2f,   0x6c,   0x73,   0x74,   0x6d,
  0x5f,   0x63,   0x65,   0x6c,   0x6c,   0x5f,   0x33,   0x2f,   0x61,   0x64,   0x64,   0x5f,
  0x31,   0x00,   0x00,   0x00,   0x02,   0x00,   0x00,   0x00,   0x01,   0x00,   0x00,   0x00,
  0x20,   0x00,   0x00,   0x00,   0x12,   0xb9,   0xff,   0xff,   0x00,   0x00,   0x00,   0x01,
  0x18,   0x00,   0x00,   0x00,   0x20,   0x00,   0x00,   0x00,   0x40,   0x00,   0x00,   0x00,
  0x4f,   0x00,   0x00,   0x00,   0x00,   0x00,   0x00,   0x09,   0x60,   0x00,   0x00,   0x00,
  0x02,   0x00,   0x00,   0x00,   0xff,   0xff,   0xff,   0xff,   0x20,   0x00,   0x00,   0x00,
  0x5c,   0xa8,   0xff,   0xff,   0x08,   0x00,   0x00,   0x00,   0x14,   0x00,   0x00,   0x00,
  0x01,   0x00,   0x00,   0x00,   0x11,   0x00,   0x00,   0x00,   0x00,   0x00,   0x00,   0x00,
  0x00,   0x00,   0x00,   0x00,   0x01,   0x00,   0x00,   0x00,   0x85,   0x23,   0x27,   0x3b,
  0x25,   0x00,   0x00,   0x00,   0x73,   0x65,   0x71,   0x75,   0x65,   0x6e,   0x74,   0x69,
  0x61,   0x6c,   0x5f,   0x31,   0x2f,   0x6c,   0x73,   0x74,   0x6d,   0x5f,   0x31,   0x2f,
  0x6c,   0x73,   0x74,   0x6d,   0x5f,   0x63,   0x65,   0x6c,   0x6c,   0x5f,   0x33,   0x2f,
  0x6d,   0x75,   0x6c,   0x5f,   0x31,   0x00,   0x00,   0x00,   0x02,   0x00,   0x00,   0x00,
  0x01,   0x00,   0x00,   0x00,   0x20,   0x00,   0x00,   0x00,   0x9a,   0xb9,   0xff,   0xff,
  0x00,   0x00,   0x00,   0x01,   0x18,   0x00,   0x00,   0x00,   0x20,   0x00,   0x00,   0x00,
  0x40,   0x00,   0x00,   0x00,   0x4e,   0x00,   0x00,   0x00,   0x00,   0x00,   0x00,   0x09,
  0x60,   0x00,   0x00,   0x00,   0x02,   0x00,   0x00,   0x00,   0xff,   0xff,   0xff,   0xff,
  0x20,   0x00,   0x00,   0x00,   0xe4,   0xa8,   0xff,   0xff,   0x08,   0x00,   0x00,   0x00,
  0x14,   0x00,   0x00,   0x00,   0x01,   0x00,   0x00,   0x00,   0x00,   0x00,   0x00,   0x00,
  0x00,   0x00,   0x00,   0x00,   0x00,   0x00,   0x00,   0x00,   0x01,   0x00,   0x00,   0x00,
  0x00,   0x00,   0x00,   0x3c,   0x24,   0x00,   0x00,   0x00,   0x73,   0x65,   0x71,   0x75,
  0x65,   0x6e,   0x74,   0x69,   0x61,   0x6c,   0x5f,   0x31,   0x2f,   0x6c,   0x73,   0x74,
  0x6d,   0x5f,   0x31,   0x2f,   0x6c,   0x73,   0x74,   0x6d,   0x5f,   0x63,   0x65,   0x6c,
  0x6c,   0x5f,   0x33,   0x2f,   0x54,   0x61,   0x6e,   0x68,   0x00,   0x00,   0x00,   0x00,
  0x02,   0x00,   0x00,   0x00,   0x01,   0x00,   0x00,   0x00,   0x20,   0x00,   0x00,   0x00,
  0x22,   0xba,   0xff,   0xff,   0x00,   0x00,   0x00,   0x01,   0x18,   0x00,   0x00,   0x00,
  0x20,   0x00,   0x00,   0x00,   0x3c,   0x00,   0x00,   0x00,   0x4d,   0x00,   0x00,   0x00,
  0x00,   0x00,   0x00,   0x09,   0x60,   0x00,   0x00,   0x00,   0x02,   0x00,   0x00,   0x00,
  0xff,   0xff,   0xff,   0xff,   0x20,   0x00,   0x00,   0x00,   0x6c,   0xa9,   0xff,   0xff,
  0x08,   0x00,   0x00,   0x00,   0x10,   0x00,   0x00,   0x00,   0x01,   0x00,   0x00,   0x00,
  0x80,   0xff,   0xff,   0xff,   0xff,   0xff,   0xff,   0xff,   0x01,   0x00,   0x00,   0x00,
  0x00,   0x00,   0x80,   0x3b,   0x29,   0x00,   0x00,   0x00,   0x73,   0x65,   0x71,   0x75,
  0x65,   0x6e,   0x74,   0x69,   0x61,   0x6c,   0x5f,   0x31,   0x2f,   0x6c,   0x73,   0x74,
  0x6d,   0x5f,   0x31,   0x2f,   0x6c,   0x73,   0x74,   0x6d,   0x5f,   0x63,   0x65,   0x6c,
  0x6c,   0x5f,   0x33,   0x2f,   0x53,   0x69,   0x67,   0x6d,   0x6f,   0x69,   0x64,   0x5f,
  0x32,   0x00,   0x00,   0x00,   0x02,   0x00,   0x00,   0x00,   0x01,   0x00,   0x00,   0x00,
  0x20,   0x00,   0x00,   0x00,   0xaa,   0xba,   0xff,   0xff,   0x00,   0x00,   0x00,   0x01,
  0x18,   0x00,   0x00,   0x00,   0x20,   0x00,   0x00,   0x00,   0x3c,   0x00,   0x00,   0x00,
  0x4c,   0x00,   0x00,   0x00,   0x00,   0x00,   0x00,   0x09,   0x58,   0x00,   0x00,   0x00,
  0x02,   0x00,   0x00,   0x00,   0xff,   0xff,   0xff,   0xff,   0x20,   0x00,   0x00,   0x00,
  0xf4,   0xa9,   0xff,   0xff,   0x08,   0x00,   0x00,   0x00,   0x10,   0x00,   0x00,   0x00,
  0x01,   0x00,   0x00,   0x00,   0x16,   0x00,   0x00,   0x00,   0x00,   0x00,   0x00,   0x00,
  0x01,   0x00,   0x00,   0x00,   0x30,   0x3d,   0x8d,   0x3b,   0x23,   0x00,   0x00,   0x00,
  0x73,   0x65,   0x71,   0x75,   0x65,   0x6e,   0x74,   0x69,   0x61,   0x6c,   0x5f,   0x31,
  0x2f,   0x6c,   0x73,   0x74,   0x6d,   0x5f,   0x31,   0x2f,   0x6c,   0x73,   0x74,   0x6d,
  0x5f,   0x63,   0x65,   0x6c,   0x6c,   0x5f,   0x33,   0x2f,   0x6d,   0x75,   0x6c,   0x00,
  0x02,   0x00,   0x00,   0x00,   0x01,   0x00,   0x00,   0x00,   0x20,   0x00,   0x00,   0x00,
  0x2a,   0xbb,   0xff,   0xff,   0x00,   0x00,   0x00,   0x01,   0x18,   0x00,   0x00,   0x00,
  0x20,   0x00,   0x00,   0x00,   0x3c,   0x00,   0x00,   0x00,   0x4b,   0x00,   0x00,   0x00,
  0x00,   0x00,   0x00,   0x09,   0x60,   0x00,   0x00,   0x00,   0x02,   0x00,   0x00,   0x00,
  0xff,   0xff,   0xff,   0xff,   0x20,   0x00,   0x00,   0x00,   0x74,   0xaa,   0xff,   0xff,
  0x08,   0x00,   0x00,   0x00,   0x10,   0x00,   0x00,   0x00,   0x01,   0x00,   0x00,   0x00,
  0x80,   0xff,   0xff,   0xff,   0xff,   0xff,   0xff,   0xff,   0x01,   0x00,   0x00,   0x00,
  0x00,   0x00,   0x80,   0x3b,   0x29,   0x00,   0x00,   0x00,   0x73,   0x65,   0x71,   0x75,
  0x65,   0x6e,   0x74,   0x69,   0x61,   0x6c,   0x5f,   0x31,   0x2f,   0x6c,   0x73,   0x74,
  0x6d,   0x5f,   0x31,   0x2f,   0x6c,   0x73,   0x74,   0x6d,   0x5f,   0x63,   0x65,   0x6c,
  0x6c,   0x5f,   0x33,   0x2f,   0x53,   0x69,   0x67,   0x6d,   0x6f,   0x69,   0x64,   0x5f,
  0x31,   0x00,   0x00,   0x00,   0x02,   0x00,   0x00,   0x00,   0x01,   0x00,   0x00,   0x00,
  0x20,   0x00,   0x00,   0x00,   0xb2,   0xbb,   0xff,   0xff,   0x00,   0x00,   0x00,   0x01,
  0x18,   0x00,   0x00,   0x00,   0x20,   0x00,   0x00,   0x00,   0x40,   0x00,   0x00,   0x00,
  0x4a,   0x00,   0x00,   0x00,   0x00,   0x00,   0x00,   0x09,   0x60,   0x00,   0x00,   0x00,
  0x02,   0x00,   0x00,   0x00,   0xff,   0xff,   0xff,   0xff,   0x20,   0x00,   0x00,   0x00,
  0xfc,   0xaa,   0xff,   0xff,   0x08,   0x00,   0x00,   0x00,   0x14,   0x00,   0x00,   0x00,
  0x01,   0x00,   0x00,   0x00,   0x80,   0xff,   0xff,   0xff,   0xff,   0xff,   0xff,   0xff,
  0x00,   0x00,   0x00,   0x00,   0x01,   0x00,   0x00,   0x00,   0x00,   0x00,   0x80,   0x3b,
  0x27,   0x00,   0x00,   0x00,   0x73,   0x65,   0x71,   0x75,   0x65,   0x6e,   0x74,   0x69,
  0x61,   0x6c,   0x5f,   0x31,   0x2f,   0x6c,   0x73,   0x74,   0x6d,   0x5f,   0x31,   0x2f,
  0x6c,   0x73,   0x74,   0x6d,   0x5f,   0x63,   0x65,   0x6c,   0x6c,   0x5f,   0x33,   0x2f,
  0x53,   0x69,   0x67,   0x6d,   0x6f,   0x69,   0x64,   0x00,   0x02,   0x00,   0x00,   0x00,
  0x01,   0x00,   0x00,   0x00,   0x20,   0x00,   0x00,   0x00,   0x3a,   0xbc,   0xff,   0xff,
  0x00,   0x00,   0x00,   0x01,   0x18,   0x00,   0x00,   0x00,   0x20,   0x00,   0x00,   0x00,
  0x3c,   0x00,   0x00,   0x00,   0x49,   0x00,   0x00,   0x00,   0x00,   0x00,   0x00,   0x09,
  0xd0,   0x00,   0x00,   0x00,   0x02,   0x00,   0x00,   0x00,   0xff,   0xff,   0xff,   0xff,
  0x20,   0x00,   0x00,   0x00,   0x84,   0xab,   0xff,   0xff,   0x08,   0x00,   0x00,   0x00,
  0x10,   0x00,   0x00,   0x00,   0x01,   0x00,   0x00,   0x00,   0xcc,   0xff,   0xff,   0xff,
  0xff,   0xff,   0xff,   0xff,   0x01,   0x00,   0x00,   0x00,   0xfa,   0x1b,   0xb6,   0x3c,
  0x9b,   0x00,   0x00,   0x00,   0x73,   0x65,   0x71,   0x75,   0x65,   0x6e,   0x74,   0x69,
  0x61,   0x6c,   0x5f,   0x31,   0x2f,   0x6c,   0x73,   0x74,   0x6d,   0x5f,   0x31,   0x2f,
  0x6c,   0x73,   0x74,   0x6d,   0x5f,   0x63,   0x65,   0x6c,   0x6c,   0x5f,   0x33,   0x2f,
  0x73,   0x70,   0x6c,   0x69,   0x74,   0x3b,   0x73,   0x65,   0x71,   0x75,   0x65,   0x6e,
  0x74,   0x69,   0x61,   0x6c,   0x5f,   0x31,   0x2f,   0x6c,   0x73,   0x74,   0x6d,   0x5f,
  0x31,   0x2f,   0x6c,   0x73,   0x74,   0x6d,   0x5f,   0x63,   0x65,   0x6c,   0x6c,   0x5f,
  0x33,   0x2f,   0x73,   0x70,   0x6c,   0x69,   0x74,   0x31,   0x3b,   0x73,   0x65,   0x71,
  0x75,   0x65,   0x6e,   0x74,   0x69,   0x61,   0x6c,   0x5f,   0x31,   0x2f,   0x6c,   0x73,
  0x74,   0x6d,   0x5f,   0x31,   0x2f,   0x6c,   0x73,   0x74,   0x6d,   0x5f,   0x63,   0x65,
  0x6c,   0x6c,   0x5f,   0x33,   0x2f,   0x73,   0x70,   0x6c,   0x69,   0x74,   0x32,   0x3b,
  0x73,   0x65,   0x71,   0x75,   0x65,   0x6e,   0x74,   0x69,   0x61,   0x6c,   0x5f,   0x31,
  0x2f,   0x6c,   0x73,   0x74,   0x6d,   0x5f,   0x31,   0x2f,   0x6c,   0x73,   0x74,   0x6d,
  0x5f,   0x63,   0x65,   0x6c,   0x6c,   0x5f,   0x33,   0x2f,   0x73,   0x70,   0x6c,   0x69,
  0x74,   0x33,   0x33,   0x00,   0x02,   0x00,   0x00,   0x00,   0x01,   0x00,   0x00,   0x00,
  0x20,   0x00,   0x00,   0x00,   0x32,   0xbd,   0xff,   0xff,   0x00,   0x00,   0x00,   0x01,
  0x18,   0x00,   0x00,   0x00,   0x20,   0x00,   0x00,   0x00,   0x3c,   0x00,   0x00,   0x00,
  0x48,   0x00,   0x00,   0x00,   0x00,   0x00,   0x00,   0x09,   0xd0,   0x00,   0x00,   0x00,
  0x02,   0x00,   0x00,   0x00,   0xff,   0xff,   0xff,   0xff,   0x20,   0x00,   0x00,   0x00,
  0x7c,   0xac,   0xff,   0xff,   0x08,   0x00,   0x00,   0x00,   0x10,   0x00,   0x00,   0x00,
  0x01,   0x00,   0x00,   0x00,   0xcc,   0xff,   0xff,   0xff,   0xff,   0xff,   0xff,   0xff,
  0x01,   0x00,   0x00,   0x00,   0xfa,   0x1b,   0xb6,   0x3c,   0x9b,   0x00,   0x00,   0x00,
  0x73,   0x65,   0x71,   0x75,   0x65,   0x6e,   0x74,   0x69,   0x61,   0x6c,   0x5f,   0x31,
  0x2f,   0x6c,   0x73,   0x74,   0x6d,   0x5f,   0x31,   0x2f,   0x6c,   0x73,   0x74,   0x6d,
  0x5f,   0x63,   0x65,   0x6c,   0x6c,   0x5f,   0x33,   0x2f,   0x73,   0x70,   0x6c,   0x69,
  0x74,   0x3b,   0x73,   0x65,   0x71,   0x75,   0x65,   0x6e,   0x74,   0x69,   0x61,   0x6c,
  0x5f,   0x31,   0x2f,   0x6c,   0x73,   0x74,   0x6d,   0x5f,   0x31,   0x2f,   0x6c,   0x73,
  0x74,   0x6d,   0x5f,   0x63,   0x65,   0x6c,   0x6c,   0x5f,   0x33,   0x2f,   0x73,   0x70,
  0x6c,   0x69,   0x74,   0x31,   0x3b,   0x73,   0x65,   0x71,   0x75,   0x65,   0x6e,   0x74,
  0x69,   0x61,   0x6c,   0x5f,   0x31,   0x2f,   0x6c,   0x73,   0x74,   0x6d,   0x5f,   0x31,
  0x2f,   0x6c,   0x73,   0x74,   0x6d,   0x5f,   0x63,   0x65,   0x6c,   0x6c,   0x5f,   0x33,
  0x2f,   0x73,   0x70,   0x6c,   0x69,   0x74,   0x32,   0x3b,   0x73,   0x65,   0x71,   0x75,
  0x65,   0x6e,   0x74,   0x69,   0x61,   0x6c,   0x5f,   0x31,   0x2f,   0x6c,   0x73,   0x74,
  0x6d,   0x5f,   0x31,   0x2f,   0x6c,   0x73,   0x74,   0x6d,   0x5f,   0x63,   0x65,   0x6c,
  0x6c,   0x5f,   0x33,   0x2f,   0x73,   0x70,   0x6c,   0x69,   0x74,   0x33,   0x32,   0x00,
  0x02,   0x00,   0x00,   0x00,   0x01,   0x00,   0x00,   0x00,   0x20,   0x00,   0x00,   0x00,
  0x2a,   0xbe,   0xff,   0xff,   0x00,   0x00,   0x00,   0x01,   0x18,   0x00,   0x00,   0x00,
  0x20,   0x00,   0x00,   0x00,   0x3c,   0x00,   0x00,   0x00,   0x47,   0x00,   0x00,   0x00,
  0x00,   0x00,   0x00,   0x09,   0xd0,   0x00,   0x00,   0x00,   0x02,   0x00,   0x00,   0x00,
  0xff,   0xff,   0xff,   0xff,   0x20,   0x00,   0x00,   0x00,   0x74,   0xad,   0xff,   0xff,
  0x08,   0x00,   0x00,   0x00,   0x10,   0x00,   0x00,   0x00,   0x01,   0x00,   0x00,   0x00,
  0xcc,   0xff,   0xff,   0xff,   0xff,   0xff,   0xff,   0xff,   0x01,   0x00,   0x00,   0x00,
  0xfa,   0x1b,   0xb6,   0x3c,   0x9b,   0x00,   0x00,   0x00,   0x73,   0x65,   0x71,   0x75,
  0x65,   0x6e,   0x74,   0x69,   0x61,   0x6c,   0x5f,   0x31,   0x2f,   0x6c,   0x73,   0x74,
  0x6d,   0x5f,   0x31,   0x2f,   0x6c,   0x73,   0x74,   0x6d,   0x5f,   0x63,   0x65,   0x6c,
  0x6c,   0x5f,   0x33,   0x2f,   0x73,   0x70,   0x6c,   0x69,   0x74,   0x3b,   0x73,   0x65,
  0x71,   0x75,   0x65,   0x6e,   0x74,   0x69,   0x61,   0x6c,   0x5f,   0x31,   0x2f,   0x6c,
  0x73,   0x74,   0x6d,   0x5f,   0x31,   0x2f,   0x6c,   0x73,   0x74,   0x6d,   0x5f,   0x63,
  0x65,   0x6c,   0x6c,   0x5f,   0x33,   0x2f,   0x73,   0x70,   0x6c,   0x69,   0x74,   0x31,
  0x3b,   0x73,   0x65,   0x71,   0x75,   0x65,   0x6e,   0x74,   0x69,   0x61,   0x6c,   0x5f,
  0x31,   0x2f,   0x6c,   0x73,   0x74,   0x6d,   0x5f,   0x31,   0x2f,   0x6c,   0x73,   0x74,
  0x6d,   0x5f,   0x63,   0x65,   0x6c,   0x6c,   0x5f,   0x33,   0x2f,   0x73,   0x70,   0x6c,
  0x69,   0x74,   0x32,   0x3b,   0x73,   0x65,   0x71,   0x75,   0x65,   0x6e,   0x74,   0x69,
  0x61,   0x6c,   0x5f,   0x31,   0x2f,   0x6c,   0x73,   0x74,   0x6d,   0x5f,   0x31,   0x2f,
  0x6c,   0x73,   0x74,   0x6d,   0x5f,   0x63,   0x65,   0x6c,   0x6c,   0x5f,   0x33,   0x2f,
  0x73,   0x70,   0x6c,   0x69,   0x74,   0x33,   0x31,   0x00,   0x02,   0x00,   0x00,   0x00,
  0x01,   0x00,   0x00,   0x00,   0x20,   0x00,   0x00,   0x00,   0x22,   0xbf,   0xff,   0xff,
  0x00,   0x00,   0x00,   0x01,   0x18,   0x00,   0x00,   0x00,   0x20,   0x00,   0x00,   0x00,
  0x3c,   0x00,   0x00,   0x00,   0x46,   0x00,   0x00,   0x00,   0x00,   0x00,   0x00,   0x09,
  0xd0,   0x00,   0x00,   0x00,   0x02,   0x00,   0x00,   0x00,   0xff,   0xff,   0xff,   0xff,
  0x20,   0x00,   0x00,   0x00,   0x6c,   0xae,   0xff,   0xff,   0x08,   0x00,   0x00,   0x00,
  0x10,   0x00,   0x00,   0x00,   0x01,   0x00,   0x00,   0x00,   0xcc,   0xff,   0xff,   0xff,
  0xff,   0xff,   0xff,   0xff,   0x01,   0x00,   0x00,   0x00,   0xfa,   0x1b,   0xb6,   0x3c,
  0x9a,   0x00,   0x00,   0x00,   0x73,   0x65,   0x71,   0x75,   0x65,   0x6e,   0x74,   0x69,
  0x61,   0x6c,   0x5f,   0x31,   0x2f,   0x6c,   0x73,   0x74,   0x6d,   0x5f,   0x31,   0x2f,
  0x6c,   0x73,   0x74,   0x6d,   0x5f,   0x63,   0x65,   0x6c,   0x6c,   0x5f,   0x33,   0x2f,
  0x73,   0x70,   0x6c,   0x69,   0x74,   0x3b,   0x73,   0x65,   0x71,   0x75,   0x65,   0x6e,
  0x74,   0x69,   0x61,   0x6c,   0x5f,   0x31,   0x2f,   0x6c,   0x73,   0x74,   0x6d,   0x5f,
  0x31,   0x2f,   0x6c,   0x73,   0x74,   0x6d,   0x5f,   0x63,   0x65,   0x6c,   0x6c,   0x5f,
  0x33,   0x2f,   0x73,   0x70,   0x6c,   0x69,   0x74,   0x31,   0x3b,   0x73,   0x65,   0x71,
  0x75,   0x65,   0x6e,   0x74,   0x69,   0x61,   0x6c,   0x5f,   0x31,   0x2f,   0x6c,   0x73,
  0x74,   0x6d,   0x5f,   0x31,   0x2f,   0x6c,   0x73,   0x74,   0x6d,   0x5f,   0x63,   0x65,
  0x6c,   0x6c,   0x5f,   0x33,   0x2f,   0x73,   0x70,   0x6c,   0x69,   0x74,   0x32,   0x3b,
  0x73,   0x65,   0x71,   0x75,   0x65,   0x6e,   0x74,   0x69,   0x61,   0x6c,   0x5f,   0x31,
  0x2f,   0x6c,   0x73,   0x74,   0x6d,   0x5f,   0x31,   0x2f,   0x6c,   0x73,   0x74,   0x6d,
  0x5f,   0x63,   0x65,   0x6c,   0x6c,   0x5f,   0x33,   0x2f,   0x73,   0x70,   0x6c,   0x69,
  0x74,   0x33,   0x00,   0x00,   0x02,   0x00,   0x00,   0x00,   0x01,   0x00,   0x00,   0x00,
  0x20,   0x00,   0x00,   0x00,   0x1a,   0xc0,   0xff,   0xff,   0x00,   0x00,   0x00,   0x01,
  0x18,   0x00,   0x00,   0x00,   0x20,   0x00,   0x00,   0x00,   0x40,   0x00,   0x00,   0x00,
  0x45,   0x00,   0x00,   0x00,   0x00,   0x00,   0x00,   0x09,   0x60,   0x00,   0x00,   0x00,
  0x02,   0x00,   0x00,   0x00,   0xff,   0xff,   0xff,   0xff,   0x80,   0x00,   0x00,   0x00,
  0x64,   0xaf,   0xff,   0xff,   0x08,   0x00,   0x00,   0x00,   0x14,   0x00,   0x00,   0x00,
  0x01,   0x00,   0x00,   0x00,   0xcc,   0xff,   0xff,   0xff,   0xff,   0xff,   0xff,   0xff,
  0x00,   0x00,   0x00,   0x00,   0x01,   0x00,   0x00,   0x00,   0xfa,   0x1b,   0xb6,   0x3c,
  0x27,   0x00,   0x00,   0x00,   0x73,   0x65,   0x71,   0x75,   0x65,   0x6e,   0x74,   0x69,
  0x61,   0x6c,   0x5f,   0x31,   0x2f,   0x6c,   0x73,   0x74,   0x6d,   0x5f,   0x31,   0x2f,
  0x6c,   0x73,   0x74,   0x6d,   0x5f,   0x63,   0x65,   0x6c,   0x6c,   0x5f,   0x33,   0x2f,
  0x42,   0x69,   0x61,   0x73,   0x41,   0x64,   0x64,   0x00,   0x02,   0x00,   0x00,   0x00,
  0x01,   0x00,   0x00,   0x00,   0x80,   0x00,   0x00,   0x00,   0xa2,   0xc0,   0xff,   0xff,
  0x00,   0x00,   0x00,   0x01,   0x18,   0x00,   0x00,   0x00,   0x20,   0x00,   0x00,   0x00,
  0x3c,   0x00,   0x00,   0x00,   0x44,   0x00,   0x00,   0x00,   0x00,   0x00,   0x00,   0x09,
  0x58,   0x00,   0x00,   0x00,   0x02,   0x00,   0x00,   0x00,   0xff,   0xff,   0xff,   0xff,
  0x80,   0x00,   0x00,   0x00,   0xec,   0xaf,   0xff,   0xff,   0x08,   0x00,   0x00,   0x00,
  0x10,   0x00,   0x00,   0x00,   0x01,   0x00,   0x00,   0x00,   0xcc,   0xff,   0xff,   0xff,
  0xff,   0xff,   0xff,   0xff,   0x01,   0x00,   0x00,   0x00,   0xfa,   0x1b,   0xb6,   0x3c,
  0x23,   0x00,   0x00,   0x00,   0x73,   0x65,   0x71,   0x75,   0x65,   0x6e,   0x74,   0x69,
  0x61,   0x6c,   0x5f,   0x31,   0x2f,   0x6c,   0x73,   0x74,   0x6d,   0x5f,   0x31,   0x2f,
  0x6c,   0x73,   0x74,   0x6d,   0x5f,   0x63,   0x65,   0x6c,   0x6c,   0x5f,   0x33,   0x2f,
  0x41,   0x64,   0x64,   0x00,   0x02,   0x00,   0x00,   0x00,   0x01,   0x00,   0x00,   0x00,
  0x80,   0x00,   0x00,   0x00,   0x22,   0xc1,   0xff,   0xff,   0x00,   0x00,   0x00,   0x01,
  0x18,   0x00,   0x00,   0x00,   0x20,   0x00,   0x00,   0x00,   0x40,   0x00,   0x00,   0x00,
  0x43,   0x00,   0x00,   0x00,   0x00,   0x00,   0x00,   0x09,   0x60,   0x00,   0x00,   0x00,
  0x02,   0x00,   0x00,   0x00,   0xff,   0xff,   0xff,   0xff,   0x80,   0x00,   0x00,   0x00,
  0x6c,   0xb0,   0xff,   0xff,   0x08,   0x00,   0x00,   0x00,   0x14,   0x00,   0x00,   0x00,
  0x01,   0x00,   0x00,   0x00,   0xcf,   0xff,   0xff,   0xff,   0xff,   0xff,   0xff,   0xff,
  0x00,   0x00,   0x00,   0x00,   0x01,   0x00,   0x00,   0x00,   0x4a,   0xe3,   0xa0,   0x3c,
  0x26,   0x00,   0x00,   0x00,   0x73,   0x65,   0x71,   0x75,   0x65,   0x6e,   0x74,   0x69,
  0x61,   0x6c,   0x5f,   0x31,   0x2f,   0x6c,   0x73,   0x74,   0x6d,   0x5f,   0x31,   0x2f,
  0x6c,   0x73,   0x74,   0x6d,   0x5f,   0x63,   0x65,   0x6c,   0x6c,   0x5f,   0x33,   0x2f,
  0x4d,   0x61,   0x74,   0x4d,   0x75,   0x6c,   0x00,   0x00,   0x02,   0x00,   0x00,   0x00,
  0x01,   0x00,   0x00,   0x00,   0x80,   0x00,   0x00,   0x00,   0xaa,   0xc1,   0xff,   0xff,
  0x00,   0x00,   0x00,   0x01,   0x18,   0x00,   0x00,   0x00,   0x20,   0x00,   0x00,   0x00,
  0x40,   0x00,   0x00,   0x00,   0x42,   0x00,   0x00,   0x00,   0x00,   0x00,   0x00,   0x09,
  0x60,   0x00,   0x00,   0x00,   0x02,   0x00,   0x00,   0x00,   0xff,   0xff,   0xff,   0xff,
  0x80,   0x00,   0x00,   0x00,   0xf4,   0xb0,   0xff,   0xff,   0x08,   0x00,   0x00,   0x00,
  0x14,   0x00,   0x00,   0x00,   0x01,   0x00,   0x00,   0x00,   0xe9,   0xff,   0xff,   0xff,
  0xff,   0xff,   0xff,   0xff,   0x00,   0x00,   0x00,   0x00,   0x01,   0x00,   0x00,   0x00,
  0x81,   0x24,   0xc8,   0x3c,   0x27,   0x00,   0x00,   0x00,   0x73,   0x65,   0x71,   0x75,
  0x65,   0x6e,   0x74,   0x69,   0x61,   0x6c,   0x5f,   0x31,   0x2f,   0x6c,   0x73,   0x74,
  0x6d,   0x5f,   0x31,   0x2f,   0x6c,   0x73,   0x74,   0x6d,   0x5f,   0x63,   0x65,   0x6c,
  0x6c,   0x5f,   0x32,   0x39,   0x2f,   0x4d,   0x61,   0x74,   0x4d,   0x75,   0x6c,   0x00,
  0x02,   0x00,   0x00,   0x00,   0x01,   0x00,   0x00,   0x00,   0x80,   0x00,   0x00,   0x00,
  0x32,   0xc2,   0xff,   0xff,   0x00,   0x00,   0x00,   0x01,   0x18,   0x00,   0x00,   0x00,
  0x20,   0x00,   0x00,   0x00,   0x40,   0x00,   0x00,   0x00,   0x41,   0x00,   0x00,   0x00,
  0x00,   0x00,   0x00,   0x09,   0x60,   0x00,   0x00,   0x00,   0x02,   0x00,   0x00,   0x00,
  0xff,   0xff,   0xff,   0xff,   0x80,   0x00,   0x00,   0x00,   0x7c,   0xb1,   0xff,   0xff,
  0x08,   0x00,   0x00,   0x00,   0x14,   0x00,   0x00,   0x00,   0x01,   0x00,   0x00,   0x00,
  0xe8,   0xff,   0xff,   0xff,   0xff,   0xff,   0xff,   0xff,   0x00,   0x00,   0x00,   0x00,
  0x01,   0x00,   0x00,   0x00,   0xaf,   0xb6,   0xc9,   0x3c,   0x27,   0x00,   0x00,   0x00,
  0x73,   0x65,   0x71,   0x75,   0x65,   0x6e,   0x74,   0x69,   0x61,   0x6c,   0x5f,   0x31,
  0x2f,   0x6c,   0x73,   0x74,   0x6d,   0x5f,   0x31,   0x2f,   0x6c,   0x73,   0x74,   0x6d,
  0x5f,   0x63,   0x65,   0x6c,   0x6c,   0x5f,   0x32,   0x37,   0x2f,   0x4d,   0x61,   0x74,
  0x4d,   0x75,   0x6c,   0x00,   0x02,   0x00,   0x00,   0x00,   0x01,   0x00,   0x00,   0x00,
  0x80,   0x00,   0x00,   0x00,   0xba,   0xc2,   0xff,   0xff,   0x00,   0x00,   0x00,   0x01,
  0x18,   0x00,   0x00,   0x00,   0x20,   0x00,   0x00,   0x00,   0x40,   0x00,   0x00,   0x00,
  0x40,   0x00,   0x00,   0x00,   0x00,   0x00,   0x00,   0x09,   0x60,   0x00,   0x00,   0x00,
  0x02,   0x00,   0x00,   0x00,   0xff,   0xff,   0xff,   0xff,   0x80,   0x00,   0x00,   0x00,
  0x04,   0xb2,   0xff,   0xff,   0x08,   0x00,   0x00,   0x00,   0x14,   0x00,   0x00,   0x00,
  0x01,   0x00,   0x00,   0x00,   0xe7,   0xff,   0xff,   0xff,   0xff,   0xff,   0xff,   0xff,
  0x00,   0x00,   0x00,   0x00,   0x01,   0x00,   0x00,   0x00,   0x46,   0x5f,   0xc8,   0x3c,
  0x27,   0x00,   0x00,   0x00,   0x73,   0x65,   0x71,   0x75,   0x65,   0x6e,   0x74,   0x69,
  0x61,   0x6c,   0x5f,   0x31,   0x2f,   0x6c,   0x73,   0x74,   0x6d,   0x5f,   0x31,   0x2f,
  0x6c,   0x73,   0x74,   0x6d,   0x5f,   0x63,   0x65,   0x6c,   0x6c,   0x5f,   0x32,   0x35,
  0x2f,   0x4d,   0x61,   0x74,   0x4d,   0x75,   0x6c,   0x00,   0x02,   0x00,   0x00,   0x00,
  0x01,   0x00,   0x00,   0x00,   0x80,   0x00,   0x00,   0x00,   0x42,   0xc3,   0xff,   0xff,
  0x00,   0x00,   0x00,   0x01,   0x18,   0x00,   0x00,   0x00,   0x20,   0x00,   0x00,   0x00,
  0x40,   0x00,   0x00,   0x00,   0x3f,   0x00,   0x00,   0x00,   0x00,   0x00,   0x00,   0x09,
  0x60,   0x00,   0x00,   0x00,   0x02,   0x00,   0x00,   0x00,   0xff,   0xff,   0xff,   0xff,
  0x80,   0x00,   0x00,   0x00,   0x8c,   0xb2,   0xff,   0xff,   0x08,   0x00,   0x00,   0x00,
  0x14,   0x00,   0x00,   0x00,   0x01,   0x00,   0x00,   0x00,   0xe7,   0xff,   0xff,   0xff,
  0xff,   0xff,   0xff,   0xff,   0x00,   0x00,   0x00,   0x00,   0x01,   0x00,   0x00,   0x00,
  0x1b,   0xa7,   0xc6,   0x3c,   0x27,   0x00,   0x00,   0x00,   0x73,   0x65,   0x71,   0x75,
  0x65,   0x6e,   0x74,   0x69,   0x61,   0x6c,   0x5f,   0x31,   0x2f,   0x6c,   0x73,   0x74,
  0x6d,   0x5f,   0x31,   0x2f,   0x6c,   0x73,   0x74,   0x6d,   0x5f,   0x63,   0x65,   0x6c,
  0x6c,   0x5f,   0x32,   0x33,   0x2f,   0x4d,   0x61,   0x74,   0x4d,   0x75,   0x6c,   0x00,
  0x02,   0x00,   0x00,   0x00,   0x01,   0x00,   0x00,   0x00,   0x80,   0x00,   0x00,   0x00,
  0xca,   0xc3,   0xff,   0xff,   0x00,   0x00,   0x00,   0x01,   0x18,   0x00,   0x00,   0x00,
  0x20,   0x00,   0x00,   0x00,   0x40,   0x00,   0x00,   0x00,   0x3e,   0x00,   0x00,   0x00,
  0x00,   0x00,   0x00,   0x09,   0x60,   0x00,   0x00,   0x00,   0x02,   0x00,   0x00,   0x00,
  0xff,   0xff,   0xff,   0xff,   0x80,   0x00,   0x00,   0x00,   0x14,   0xb3,   0xff,   0xff,
  0x08,   0x00,   0x00,   0x00,   0x14,   0x00,   0x00,   0x00,   0x01,   0x00,   0x00,   0x00,
  0xe7,   0xff,   0xff,   0xff,   0xff,   0xff,   0xff,   0xff,   0x00,   0x00,   0x00,   0x00,
  0x01,   0x00,   0x00,   0x00,   0x57,   0x56,   0xc4,   0x3c,   0x27,   0x00,   0x00,   0x00,
  0x73,   0x65,   0x71,   0x75,   0x65,   0x6e,   0x74,   0x69,   0x61,   0x6c,   0x5f,   0x31,
  0x2f,   0x6c,   0x73,   0x74,   0x6d,   0x5f,   0x31,   0x2f,   0x6c,   0x73,   0x74,   0x6d,
  0x5f,   0x63,   0x65,   0x6c,   0x6c,   0x5f,   0x32,   0x31,   0x2f,   0x4d,   0x61,   0x74,
  0x4d,   0x75,   0x6c,   0x00,   0x02,   0x00,   0x00,   0x00,   0x01,   0x00,   0x00,   0x00,
  0x80,   0x00,   0x00,   0x00,   0x52,   0xc4,   0xff,   0xff,   0x00,   0x00,   0x00,   0x01,
  0x18,   0x00,   0x00,   0x00,   0x20,   0x00,   0x00,   0x00,   0x40,   0x00,   0x00,   0x00,
  0x3d,   0x00,   0x00,   0x00,   0x00,   0x00,   0x00,   0x09,   0x60,   0x00,   0x00,   0x00,
  0x02,   0x00,   0x00,   0x00,   0xff,   0xff,   0xff,   0xff,   0x80,   0x00,   0x00,   0x00,
  0x9c,   0xb3,   0xff,   0xff,   0x08,   0x00,   0x00,   0x00,   0x14,   0x00,   0x00,   0x00,
  0x01,   0x00,   0x00,   0x00,   0xe7,   0xff,   0xff,   0xff,   0xff,   0xff,   0xff,   0xff,
  0x00,   0x00,   0x00,   0x00,   0x01,   0x00,   0x00,   0x00,   0x88,   0x5d,   0xc1,   0x3c,
  0x27,   0x00,   0x00,   0x00,   0x73,   0x65,   0x71,   0x75,   0x65,   0x6e,   0x74,   0x69,
  0x61,   0x6c,   0x5f,   0x31,   0x2f,   0x6c,   0x73,   0x74,   0x6d,   0x5f,   0x31,   0x2f,
  0x6c,   0x73,   0x74,   0x6d,   0x5f,   0x63,   0x65,   0x6c,   0x6c,   0x5f,   0x31,   0x39,
  0x2f,   0x4d,   0x61,   0x74,   0x4d,   0x75,   0x6c,   0x00,   0x02,   0x00,   0x00,   0x00,
  0x01,   0x00,   0x00,   0x00,   0x80,   0x00,   0x00,   0x00,   0xda,   0xc4,   0xff,   0xff,
  0x00,   0x00,   0x00,   0x01,   0x18,   0x00,   0x00,   0x00,   0x20,   0x00,   0x00,   0x00,
  0x40,   0x00,   0x00,   0x00,   0x3c,   0x00,   0x00,   0x00,   0x00,   0x00,   0x00,   0x09,
  0x60,   0x00,   0x00,   0x00,   0x02,   0x00,   0x00,   0x00,   0xff,   0xff,   0xff,   0xff,
  0x80,   0x00,   0x00,   0x00,   0x24,   0xb4,   0xff,   0xff,   0x08,   0x00,   0x00,   0x00,
  0x14,   0x00,   0x00,   0x00,   0x01,   0x00,   0x00,   0x00,   0xe7,   0xff,   0xff,   0xff,
  0xff,   0xff,   0xff,   0xff,   0x00,   0x00,   0x00,   0x00,   0x01,   0x00,   0x00,   0x00,
  0x87,   0x62,   0xbe,   0x3c,   0x27,   0x00,   0x00,   0x00,   0x73,   0x65,   0x71,   0x75,
  0x65,   0x6e,   0x74,   0x69,   0x61,   0x6c,   0x5f,   0x31,   0x2f,   0x6c,   0x73,   0x74,
  0x6d,   0x5f,   0x31,   0x2f,   0x6c,   0x73,   0x74,   0x6d,   0x5f,   0x63,   0x65,   0x6c,
  0x6c,   0x5f,   0x31,   0x37,   0x2f,   0x4d,   0x61,   0x74,   0x4d,   0x75,   0x6c,   0x00,
  0x02,   0x00,   0x00,   0x00,   0x01,   0x00,   0x00,   0x00,   0x80,   0x00,   0x00,   0x00,
  0x62,   0xc5,   0xff,   0xff,   0x00,   0x00,   0x00,   0x01,   0x18,   0x00,   0x00,   0x00,
  0x20,   0x00,   0x00,   0x00,   0x40,   0x00,   0x00,   0x00,   0x3b,   0x00,   0x00,   0x00,
  0x00,   0x00,   0x00,   0x09,   0x60,   0x00,   0x00,   0x00,   0x02,   0x00,   0x00,   0x00,
  0xff,   0xff,   0xff,   0xff,   0x80,   0x00,   0x00,   0x00,   0xac,   0xb4,   0xff,   0xff,
  0x08,   0x00,   0x00,   0x00,   0x14,   0x00,   0x00,   0x00,   0x01,   0x00,   0x00,   0x00,
  0xe6,   0xff,   0xff,   0xff,   0xff,   0xff,   0xff,   0xff,   0x00,   0x00,   0x00,   0x00,
  0x01,   0x00,   0x00,   0x00,   0x76,   0xfc,   0xbb,   0x3c,   0x27,   0x00,   0x00,   0x00,
  0x73,   0x65,   0x71,   0x75,   0x65,   0x6e,   0x74,   0x69,   0x61,   0x6c,   0x5f,   0x31,
  0x2f,   0x6c,   0x73,   0x74,   0x6d,   0x5f,   0x31,   0x2f,   0x6c,   0x73,   0x74,   0x6d,
  0x5f,   0x63,   0x65,   0x6c,   0x6c,   0x5f,   0x31,   0x35,   0x2f,   0x4d,   0x61,   0x74,
  0x4d,   0x75,   0x6c,   0x00,   0x02,   0x00,   0x00,   0x00,   0x01,   0x00,   0x00,   0x00,
  0x80,   0x00,   0x00,   0x00,   0xea,   0xc5,   0xff,   0xff,   0x00,   0x00,   0x00,   0x01,
  0x18,   0x00,   0x00,   0x00,   0x20,   0x00,   0x00,   0x00,   0x40,   0x00,   0x00,   0x00,
  0x3a,   0x00,   0x00,   0x00,   0x00,   0x00,   0x00,   0x09,   0x60,   0x00,   0x00,   0x00,
  0x02,   0x00,   0x00,   0x00,   0xff,   0xff,   0xff,   0xff,   0x80,   0x00,   0x00,   0x00,
  0x34,   0xb5,   0xff,   0xff,   0x08,   0x00,   0x00,   0x00,   0x14,   0x00,   0x00,   0x00,
  0x01,   0x00,   0x00,   0x00,   0xe5,   0xff,   0xff,   0xff,   0xff,   0xff,   0xff,   0xff,
  0x00,   0x00,   0x00,   0x00,   0x01,   0x00,   0x00,   0x00,   0x51,   0xe1,   0xb7,   0x3c,
  0x27,   0x00,   0x00,   0x00,   0x73,   0x65,   0x71,   0x75,   0x65,   0x6e,   0x74,   0x69,
  0x61,   0x6c,   0x5f,   0x31,   0x2f,   0x6c,   0x73,   0x74,   0x6d,   0x5f,   0x31,   0x2f,
  0x6c,   0x73,   0x74,   0x6d,   0x5f,   0x63,   0x65,   0x6c,   0x6c,   0x5f,   0x31,   0x33,
  0x2f,   0x4d,   0x61,   0x74,   0x4d,   0x75,   0x6c,   0x00,   0x02,   0x00,   0x00,   0x00,
  0x01,   0x00,   0x00,   0x00,   0x80,   0x00,   0x00,   0x00,   0x72,   0xc6,   0xff,   0xff,
  0x00,   0x00,   0x00,   0x01,   0x18,   0x00,   0x00,   0x00,   0x20,   0x00,   0x00,   0x00,
  0x40,   0x00,   0x00,   0x00,   0x39,   0x00,   0x00,   0x00,   0x00,   0x00,   0x00,   0x09,
  0x60,   0x00,   0x00,   0x00,   0x02,   0x00,   0x00,   0x00,   0xff,   0xff,   0xff,   0xff,
  0x80,   0x00,   0x00,   0x00,   0xbc,   0xb5,   0xff,   0xff,   0x08,   0x00,   0x00,   0x00,
  0x14,   0x00,   0x00,   0x00,   0x01,   0x00,   0x00,   0x00,   0xe2,   0xff,   0xff,   0xff,
  0xff,   0xff,   0xff,   0xff,   0x00,   0x00,   0x00,   0x00,   0x01,   0x00,   0x00,   0x00,
  0x7a,   0xe0,   0xb4,   0x3c,   0x27,   0x00,   0x00,   0x00,   0x73,   0x65,   0x71,   0x75,
  0x65,   0x6e,   0x74,   0x69,   0x61,   0x6c,   0x5f,   0x31,   0x2f,   0x6c,   0x73,   0x74,
  0x6d,   0x5f,   0x31,   0x2f,   0x6c,   0x73,   0x74,   0x6d,   0x5f,   0x63,   0x65,   0x6c,
  0x6c,   0x5f,   0x31,   0x31,   0x2f,   0x4d,   0x61,   0x74,   0x4d,   0x75,   0x6c,   0x00,
  0x02,   0x00,   0x00,   0x00,   0x01,   0x00,   0x00,   0x00,   0x80,   0x00,   0x00,   0x00,
  0xfa,   0xc6,   0xff,   0xff,   0x00,   0x00,   0x00,   0x01,   0x18,   0x00,   0x00,   0x00,
  0x20,   0x00,   0x00,   0x00,   0x3c,   0x00,   0x00,   0x00,   0x38,   0x00,   0x00,   0x00,
  0x00,   0x00,   0x00,   0x09,   0x60,   0x00,   0x00,   0x00,   0x02,   0x00,   0x00,   0x00,
  0xff,   0xff,   0xff,   0xff,   0x80,   0x00,   0x00,   0x00,   0x44,   0xb6,   0xff,   0xff,
  0x08,   0x00,   0x00,   0x00,   0x10,   0x00,   0x00,   0x00,   0x01,   0x00,   0x00,   0x00,
  0xee,   0xff,   0xff,   0xff,   0xff,   0xff,   0xff,   0xff,   0x01,   0x00,   0x00,   0x00,
  0x28,   0xec,   0x9f,   0x3b,   0x28,   0x00,   0x00,   0x00,   0x73,   0x65,   0x71,   0x75,
  0x65,   0x6e,   0x74,   0x69,   0x61,   0x6c,   0x5f,   0x31,   0x2f,   0x6c,   0x73,   0x74,
  0x6d,   0x5f,   0x31,   0x2f,   0x6c,   0x73,   0x74,   0x6d,   0x5f,   0x63,   0x65,   0x6c,
  0x6c,   0x5f,   0x33,   0x2f,   0x4d,   0x61,   0x74,   0x4d,   0x75,   0x6c,   0x5f,   0x31,
  0x00,   0x00,   0x00,   0x00,   0x02,   0x00,   0x00,   0x00,   0x01,   0x00,   0x00,   0x00,
  0x80,   0x00,   0x00,   0x00,   0x82,   0xc7,   0xff,   0xff,   0x00,   0x00,   0x00,   0x01,
  0x18,   0x00,   0x00,   0x00,   0x20,   0x00,   0x00,   0x00,   0x40,   0x00,   0x00,   0x00,
  0x37,   0x00,   0x00,   0x00,   0x00,   0x00,   0x00,   0x09,   0x60,   0x00,   0x00,   0x00,
  0x02,   0x00,   0x00,   0x00,   0xff,   0xff,   0xff,   0xff,   0x20,   0x00,   0x00,   0x00,
  0xcc,   0xb6,   0xff,   0xff,   0x08,   0x00,   0x00,   0x00,   0x14,   0x00,   0x00,   0x00,
  0x01,   0x00,   0x00,   0x00,   0x15,   0x00,   0x00,   0x00,   0x00,   0x00,   0x00,   0x00,
  0x00,   0x00,   0x00,   0x00,   0x01,   0x00,   0x00,   0x00,   0xbf,   0x1c,   0x1f,   0x3b,
  0x25,   0x00,   0x00,   0x00,   0x73,   0x65,   0x71,   0x75,   0x65,   0x6e,   0x74,   0x69,
  0x61,   0x6c,   0x5f,   0x31,   0x2f,   0x6c,   0x73,   0x74,   0x6d,   0x5f,   0x31,   0x2f,
  0x6c,   0x73,   0x74,   0x6d,   0x5f,   0x63,   0x65,   0x6c,   0x6c,   0x5f,   0x31,   0x2f,
  0x6d,   0x75,   0x6c,   0x5f,   0x32,   0x00,   0x00,   0x00,   0x02,   0x00,   0x00,   0x00,
  0x01,   0x00,   0x00,   0x00,   0x20,   0x00,   0x00,   0x00,   0x0a,   0xc8,   0xff,   0xff,
  0x00,   0x00,   0x00,   0x01,   0x18,   0x00,   0x00,   0x00,   0x20,   0x00,   0x00,   0x00,
  0x40,   0x00,   0x00,   0x00,   0x36,   0x00,   0x00,   0x00,   0x00,   0x00,   0x00,   0x09,
  0x60,   0x00,   0x00,   0x00,   0x02,   0x00,   0x00,   0x00,   0xff,   0xff,   0xff,   0xff,
  0x20,   0x00,   0x00,   0x00,   0x54,   0xb7,   0xff,   0xff,   0x08,   0x00,   0x00,   0x00,
  0x14,   0x00,   0x00,   0x00,   0x01,   0x00,   0x00,   0x00,   0x00,   0x00,   0x00,   0x00,
  0x00,   0x00,   0x00,   0x00,   0x00,   0x00,   0x00,   0x00,   0x01,   0x00,   0x00,   0x00,
  0x00,   0x00,   0x00,   0x3c,   0x26,   0x00,   0x00,   0x00,   0x73,   0x65,   0x71,   0x75,
  0x65,   0x6e,   0x74,   0x69,   0x61,   0x6c,   0x5f,   0x31,   0x2f,   0x6c,   0x73,   0x74,
  0x6d,   0x5f,   0x31,   0x2f,   0x6c,   0x73,   0x74,   0x6d,   0x5f,   0x63,   0x65,   0x6c,
  0x6c,   0x5f,   0x31,   0x2f,   0x54,   0x61,   0x6e,   0x68,   0x5f,   0x31,   0x00,   0x00,
  0x02,   0x00,   0x00,   0x00,   0x01,   0x00,   0x00,   0x00,   0x20,   0x00,   0x00,   0x00,
  0x92,   0xc8,   0xff,   0xff,   0x00,   0x00,   0x00,   0x01,   0x18,   0x00,   0x00,   0x00,
  0x20,   0x00,   0x00,   0x00,   0x40,   0x00,   0x00,   0x00,   0x35,   0x00,   0x00,   0x00,
  0x00,   0x00,   0x00,   0x09,   0x60,   0x00,   0x00,   0x00,   0x02,   0x00,   0x00,   0x00,
  0xff,   0xff,   0xff,   0xff,   0x20,   0x00,   0x00,   0x00,   0xdc,   0xb7,   0xff,   0xff,
  0x08,   0x00,   0x00,   0x00,   0x14,   0x00,   0x00,   0x00,   0x01,   0x00,   0x00,   0x00,
  0x10,   0x00,   0x00,   0x00,   0x00,   0x00,   0x00,   0x00,   0x00,   0x00,   0x00,   0x00,
  0x01,   0x00,   0x00,   0x00,   0xc7,   0x04,   0x3d,   0x3b,   0x25,   0x00,   0x00,   0x00,
  0x73,   0x65,   0x71,   0x75,   0x65,   0x6e,   0x74,   0x69,   0x61,   0x6c,   0x5f,   0x31,
  0x2f,   0x6c,   0x73,   0x74,   0x6d,   0x5f,   0x31,   0x2f,   0x6c,   0x73,   0x74,   0x6d,
  0x5f,   0x63,   0x65,   0x6c,   0x6c,   0x5f,   0x31,   0x2f,   0x61,   0x64,   0x64,   0x5f,
  0x31,   0x00,   0x00,   0x00,   0x02,   0x00,   0x00,   0x00,   0x01,   0x00,   0x00,   0x00,
  0x20,   0x00,   0x00,   0x00,   0x1a,   0xc9,   0xff,   0xff,   0x00,   0x00,   0x00,   0x01,
  0x18,   0x00,   0x00,   0x00,   0x20,   0x00,   0x00,   0x00,   0x40,   0x00,   0x00,   0x00,
  0x34,   0x00,   0x00,   0x00,   0x00,   0x00,   0x00,   0x09,   0x60,   0x00,   0x00,   0x00,
  0x02,   0x00,   0x00,   0x00,   0xff,   0xff,   0xff,   0xff,   0x20,   0x00,   0x00,   0x00,
  0x64,   0xb8,   0xff,   0xff,   0x08,   0x00,   0x00,   0x00,   0x14,   0x00,   0x00,   0x00,
  0x01,   0x00,   0x00,   0x00,   0x10,   0x00,   0x00,   0x00,   0x00,   0x00,   0x00,   0x00,
  0x00,   0x00,   0x00,   0x00,   0x01,   0x00,   0x00,   0x00,   0xc7,   0x04,   0x3d,   0x3b,
  0x25,   0x00,   0x00,   0x00,   0x73,   0x65,   0x71,   0x75,   0x65,   0x6e,   0x74,   0x69,
  0x61,   0x6c,   0x5f,   0x31,   0x2f,   0x6c,   0x73,   0x74,   0x6d,   0x5f,   0x31,   0x2f,
  0x6c,   0x73,   0x74,   0x6d,   0x5f,   0x63,   0x65,   0x6c,   0x6c,   0x5f,   0x31,   0x2f,
  0x6d,   0x75,   0x6c,   0x5f,   0x31,   0x00,   0x00,   0x00,   0x02,   0x00,   0x00,   0x00,
  0x01,   0x00,   0x00,   0x00,   0x20,   0x00,   0x00,   0x00,   0xa2,   0xc9,   0xff,   0xff,
  0x00,   0x00,   0x00,   0x01,   0x18,   0x00,   0x00,   0x00,   0x20,   0x00,   0x00,   0x00,
  0x40,   0x00,   0x00,   0x00,   0x33,   0x00,   0x00,   0x00,   0x00,   0x00,   0x00,   0x09,
  0x60,   0x00,   0x00,   0x00,   0x02,   0x00,   0x00,   0x00,   0xff,   0xff,   0xff,   0xff,
  0x20,   0x00,   0x00,   0x00,   0xec,   0xb8,   0xff,   0xff,   0x08,   0x00,   0x00,   0x00,
  0x14,   0x00,   0x00,   0x00,   0x01,   0x00,   0x00,   0x00,   0x00,   0x00,   0x00,   0x00,
  0x00,   0x00,   0x00,   0x00,   0x00,   0x00,   0x00,   0x00,   0x01,   0x00,   0x00,   0x00,
  0x00,   0x00,   0x00,   0x3c,   0x24,   0x00,   0x00,   0x00,   0x73,   0x65,   0x71,   0x75,
  0x65,   0x6e,   0x74,   0x69,   0x61,   0x6c,   0x5f,   0x31,   0x2f,   0x6c,   0x73,   0x74,
  0x6d,   0x5f,   0x31,   0x2f,   0x6c,   0x73,   0x74,   0x6d,   0x5f,   0x63,   0x65,   0x6c,
  0x6c,   0x5f,   0x31,   0x2f,   0x54,   0x61,   0x6e,   0x68,   0x00,   0x00,   0x00,   0x00,
  0x02,   0x00,   0x00,   0x00,   0x01,   0x00,   0x00,   0x00,   0x20,   0x00,   0x00,   0x00,
  0x2a,   0xca,   0xff,   0xff,   0x00,   0x00,   0x00,   0x01,   0x18,   0x00,   0x00,   0x00,
  0x20,   0x00,   0x00,   0x00,   0x3c,   0x00,   0x00,   0x00,   0x32,   0x00,   0x00,   0x00,
  0x00,   0x00,   0x00,   0x09,   0x60,   0x00,   0x00,   0x00,   0x02,   0x00,   0x00,   0x00,
  0xff,   0xff,   0xff,   0xff,   0x20,   0x00,   0x00,   0x00,   0x74,   0xb9,   0xff,   0xff,
  0x08,   0x00,   0x00,   0x00,   0x10,   0x00,   0x00,   0x00,   0x01,   0x00,   0x00,   0x00,
  0x80,   0xff,   0xff,   0xff,   0xff,   0xff,   0xff,   0xff,   0x01,   0x00,   0x00,   0x00,
  0x00,   0x00,   0x80,   0x3b,   0x29,   0x00,   0x00,   0x00,   0x73,   0x65,   0x71,   0x75,
  0x65,   0x6e,   0x74,   0x69,   0x61,   0x6c,   0x5f,   0x31,   0x2f,   0x6c,   0x73,   0x74,
  0x6d,   0x5f,   0x31,   0x2f,   0x6c,   0x73,   0x74,   0x6d,   0x5f,   0x63,   0x65,   0x6c,
  0x6c,   0x5f,   0x31,   0x2f,   0x53,   0x69,   0x67,   0x6d,   0x6f,   0x69,   0x64,   0x5f,
  0x32,   0x00,   0x00,   0x00,   0x02,   0x00,   0x00,   0x00,   0x01,   0x00,   0x00,   0x00,
  0x20,   0x00,   0x00,   0x00,   0xb2,   0xca,   0xff,   0xff,   0x00,   0x00,   0x00,   0x01,
  0x18,   0x00,   0x00,   0x00,   0x20,   0x00,   0x00,   0x00,   0x3c,   0x00,   0x00,   0x00,
  0x31,   0x00,   0x00,   0x00,   0x00,   0x00,   0x00,   0x09,   0x58,   0x00,   0x00,   0x00,
  0x02,   0x00,   0x00,   0x00,   0xff,   0xff,   0xff,   0xff,   0x20,   0x00,   0x00,   0x00,
  0xfc,   0xb9,   0xff,   0xff,   0x08,   0x00,   0x00,   0x00,   0x10,   0x00,   0x00,   0x00,
  0x01,   0x00,   0x00,   0x00,   0x10,   0x00,   0x00,   0x00,   0x00,   0x00,   0x00,   0x00,
  0x01,   0x00,   0x00,   0x00,   0xc7,   0x04,   0x3d,   0x3b,   0x23,   0x00,   0x00,   0x00,
  0x73,   0x65,   0x71,   0x75,   0x65,   0x6e,   0x74,   0x69,   0x61,   0x6c,   0x5f,   0x31,
  0x2f,   0x6c,   0x73,   0x74,   0x6d,   0x5f,   0x31,   0x2f,   0x6c,   0x73,   0x74,   0x6d,
  0x5f,   0x63,   0x65,   0x6c,   0x6c,   0x5f,   0x31,   0x2f,   0x6d,   0x75,   0x6c,   0x00,
  0x02,   0x00,   0x00,   0x00,   0x01,   0x00,   0x00,   0x00,   0x20,   0x00,   0x00,   0x00,
  0x32,   0xcb,   0xff,   0xff,   0x00,   0x00,   0x00,   0x01,   0x18,   0x00,   0x00,   0x00,
  0x20,   0x00,   0x00,   0x00,   0x3c,   0x00,   0x00,   0x00,   0x30,   0x00,   0x00,   0x00,
  0x00,   0x00,   0x00,   0x09,   0x60,   0x00,   0x00,   0x00,   0x02,   0x00,   0x00,   0x00,
  0xff,   0xff,   0xff,   0xff,   0x20,   0x00,   0x00,   0x00,   0x7c,   0xba,   0xff,   0xff,
  0x08,   0x00,   0x00,   0x00,   0x10,   0x00,   0x00,   0x00,   0x01,   0x00,   0x00,   0x00,
  0x80,   0xff,   0xff,   0xff,   0xff,   0xff,   0xff,   0xff,   0x01,   0x00,   0x00,   0x00,
  0x00,   0x00,   0x80,   0x3b,   0x29,   0x00,   0x00,   0x00,   0x73,   0x65,   0x71,   0x75,
  0x65,   0x6e,   0x74,   0x69,   0x61,   0x6c,   0x5f,   0x31,   0x2f,   0x6c,   0x73,   0x74,
  0x6d,   0x5f,   0x31,   0x2f,   0x6c,   0x73,   0x74,   0x6d,   0x5f,   0x63,   0x65,   0x6c,
  0x6c,   0x5f,   0x31,   0x2f,   0x53,   0x69,   0x67,   0x6d,   0x6f,   0x69,   0x64,   0x5f,
  0x31,   0x00,   0x00,   0x00,   0x02,   0x00,   0x00,   0x00,   0x01,   0x00,   0x00,   0x00,
  0x20,   0x00,   0x00,   0x00,   0xba,   0xcb,   0xff,   0xff,   0x00,   0x00,   0x00,   0x01,
  0x18,   0x00,   0x00,   0x00,   0x20,   0x00,   0x00,   0x00,   0x40,   0x00,   0x00,   0x00,
  0x2f,   0x00,   0x00,   0x00,   0x00,   0x00,   0x00,   0x09,   0x60,   0x00,   0x00,   0x00,
  0x02,   0x00,   0x00,   0x00,   0xff,   0xff,   0xff,   0xff,   0x20,   0x00,   0x00,   0x00,
  0x04,   0xbb,   0xff,   0xff,   0x08,   0x00,   0x00,   0x00,   0x14,   0x00,   0x00,   0x00,
  0x01,   0x00,   0x00,   0x00,   0x80,   0xff,   0xff,   0xff,   0xff,   0xff,   0xff,   0xff,
  0x00,   0x00,   0x00,   0x00,   0x01,   0x00,   0x00,   0x00,   0x00,   0x00,   0x80,   0x3b,
  0x27,   0x00,   0x00,   0x00,   0x73,   0x65,   0x71,   0x75,   0x65,   0x6e,   0x74,   0x69,
  0x61,   0x6c,   0x5f,   0x31,   0x2f,   0x6c,   0x73,   0x74,   0x6d,   0x5f,   0x31,   0x2f,
  0x6c,   0x73,   0x74,   0x6d,   0x5f,   0x63,   0x65,   0x6c,   0x6c,   0x5f,   0x31,   0x2f,
  0x53,   0x69,   0x67,   0x6d,   0x6f,   0x69,   0x64,   0x00,   0x02,   0x00,   0x00,   0x00,
  0x01,   0x00,   0x00,   0x00,   0x20,   0x00,   0x00,   0x00,   0x42,   0xcc,   0xff,   0xff,
  0x00,   0x00,   0x00,   0x01,   0x18,   0x00,   0x00,   0x00,   0x20,   0x00,   0x00,   0x00,
  0x3c,   0x00,   0x00,   0x00,   0x2e,   0x00,   0x00,   0x00,   0x00,   0x00,   0x00,   0x09,
  0xd0,   0x00,   0x00,   0x00,   0x02,   0x00,   0x00,   0x00,   0xff,   0xff,   0xff,   0xff,
  0x20,   0x00,   0x00,   0x00,   0x8c,   0xbb,   0xff,   0xff,   0x08,   0x00,   0x00,   0x00,
  0x10,   0x00,   0x00,   0x00,   0x01,   0x00,   0x00,   0x00,   0xc7,   0xff,   0xff,   0xff,
  0xff,   0xff,   0xff,   0xff,   0x01,   0x00,   0x00,   0x00,   0xbe,   0xf6,   0xb3,   0x3c,
  0x9b,   0x00,   0x00,   0x00,   0x73,   0x65,   0x71,   0x75,   0x65,   0x6e,   0x74,   0x69,
  0x61,   0x6c,   0x5f,   0x31,   0x2f,   0x6c,   0x73,   0x74,   0x6d,   0x5f,   0x31,   0x2f,
  0x6c,   0x73,   0x74,   0x6d,   0x5f,   0x63,   0x65,   0x6c,   0x6c,   0x5f,   0x31,   0x2f,
  0x73,   0x70,   0x6c,   0x69,   0x74,   0x3b,   0x73,   0x65,   0x71,   0x75,   0x65,   0x6e,
  0x74,   0x69,   0x61,   0x6c,   0x5f,   0x31,   0x2f,   0x6c,   0x73,   0x74,   0x6d,   0x5f,
  0x31,   0x2f,   0x6c,   0x73,   0x74,   0x6d,   0x5f,   0x63,   0x65,   0x6c,   0x6c,   0x5f,
  0x31,   0x2f,   0x73,   0x70,   0x6c,   0x69,   0x74,   0x31,   0x3b,   0x73,   0x65,   0x71,
  0x75,   0x65,   0x6e,   0x74,   0x69,   0x61,   0x6c,   0x5f,   0x31,   0x2f,   0x6c,   0x73,
  0x74,   0x6d,   0x5f,   0x31,   0x2f,   0x6c,   0x73,   0x74,   0x6d,   0x5f,   0x63,   0x65,
  0x6c,   0x6c,   0x5f,   0x31,   0x2f,   0x73,   0x70,   0x6c,   0x69,   0x74,   0x32,   0x3b,
  0x73,   0x65,   0x71,   0x75,   0x65,   0x6e,   0x74,   0x69,   0x61,   0x6c,   0x5f,   0x31,
  0x2f,   0x6c,   0x73,   0x74,   0x6d,   0x5f,   0x31,   0x2f,   0x6c,   0x73,   0x74,   0x6d,
  0x5f,   0x63,   0x65,   0x6c,   0x6c,   0x5f,   0x31,   0x2f,   0x73,   0x70,   0x6c,   0x69,
  0x74,   0x33,   0x33,   0x00,   0x02,   0x00,   0x00,   0x00,   0x01,   0x00,   0x00,   0x00,
  0x20,   0x00,   0x00,   0x00,   0x3a,   0xcd,   0xff,   0xff,   0x00,   0x00,   0x00,   0x01,
  0x18,   0x00,   0x00,   0x00,   0x20,   0x00,   0x00,   0x00,   0x3c,   0x00,   0x00,   0x00,
  0x2d,   0x00,   0x00,   0x00,   0x00,   0x00,   0x00,   0x09,   0xd0,   0x00,   0x00,   0x00,
  0x02,   0x00,   0x00,   0x00,   0xff,   0xff,   0xff,   0xff,   0x20,   0x00,   0x00,   0x00,
  0x84,   0xbc,   0xff,   0xff,   0x08,   0x00,   0x00,   0x00,   0x10,   0x00,   0x00,   0x00,
  0x01,   0x00,   0x00,   0x00,   0xc7,   0xff,   0xff,   0xff,   0xff,   0xff,   0xff,   0xff,
  0x01,   0x00,   0x00,   0x00,   0xbe,   0xf6,   0xb3,   0x3c,   0x9b,   0x00,   0x00,   0x00,
  0x73,   0x65,   0x71,   0x75,   0x65,   0x6e,   0x74,   0x69,   0x61,   0x6c,   0x5f,   0x31,
  0x2f,   0x6c,   0x73,   0x74,   0x6d,   0x5f,   0x31,   0x2f,   0x6c,   0x73,   0x74,   0x6d,
  0x5f,   0x63,   0x65,   0x6c,   0x6c,   0x5f,   0x31,   0x2f,   0x73,   0x70,   0x6c,   0x69,
  0x74,   0x3b,   0x73,   0x65,   0x71,   0x75,   0x65,   0x6e,   0x74,   0x69,   0x61,   0x6c,
  0x5f,   0x31,   0x2f,   0x6c,   0x73,   0x74,   0x6d,   0x5f,   0x31,   0x2f,   0x6c,   0x73,
  0x74,   0x6d,   0x5f,   0x63,   0x65,   0x6c,   0x6c,   0x5f,   0x31,   0x2f,   0x73,   0x70,
  0x6c,   0x69,   0x74,   0x31,   0x3b,   0x73,   0x65,   0x71,   0x75,   0x65,   0x6e,   0x74,
  0x69,   0x61,   0x6c,   0x5f,   0x31,   0x2f,   0x6c,   0x73,   0x74,   0x6d,   0x5f,   0x31,
  0x2f,   0x6c,   0x73,   0x74,   0x6d,   0x5f,   0x63,   0x65,   0x6c,   0x6c,   0x5f,   0x31,
  0x2f,   0x73,   0x70,   0x6c,   0x69,   0x74,   0x32,   0x3b,   0x73,   0x65,   0x71,   0x75,
  0x65,   0x6e,   0x74,   0x69,   0x61,   0x6c,   0x5f,   0x31,   0x2f,   0x6c,   0x73,   0x74,
  0x6d,   0x5f,   0x31,   0x2f,   0x6c,   0x73,   0x74,   0x6d,   0x5f,   0x63,   0x65,   0x6c,
  0x6c,   0x5f,   0x31,   0x2f,   0x73,   0x70,   0x6c,   0x69,   0x74,   0x33,   0x32,   0x00,
  0x02,   0x00,   0x00,   0x00,   0x01,   0x00,   0x00,   0x00,   0x20,   0x00,   0x00,   0x00,
  0x32,   0xce,   0xff,   0xff,   0x00,   0x00,   0x00,   0x01,   0x18,   0x00,   0x00,   0x00,
  0x20,   0x00,   0x00,   0x00,   0x3c,   0x00,   0x00,   0x00,   0x2c,   0x00,   0x00,   0x00,
  0x00,   0x00,   0x00,   0x09,   0xd0,   0x00,   0x00,   0x00,   0x02,   0x00,   0x00,   0x00,
  0xff,   0xff,   0xff,   0xff,   0x20,   0x00,   0x00,   0x00,   0x7c,   0xbd,   0xff,   0xff,
  0x08,   0x00,   0x00,   0x00,   0x10,   0x00,   0x00,   0x00,   0x01,   0x00,   0x00,   0x00,
  0xc7,   0xff,   0xff,   0xff,   0xff,   0xff,   0xff,   0xff,   0x01,   0x00,   0x00,   0x00,
  0xbe,   0xf6,   0xb3,   0x3c,   0x9b,   0x00,   0x00,   0x00,   0x73,   0x65,   0x71,   0x75,
  0x65,   0x6e,   0x74,   0x69,   0x61,   0x6c,   0x5f,   0x31,   0x2f,   0x6c,   0x73,   0x74,
  0x6d,   0x5f,   0x31,   0x2f,   0x6c,   0x73,   0x74,   0x6d,   0x5f,   0x63,   0x65,   0x6c,
  0x6c,   0x5f,   0x31,   0x2f,   0x73,   0x70,   0x6c,   0x69,   0x74,   0x3b,   0x73,   0x65,
  0x71,   0x75,   0x65,   0x6e,   0x74,   0x69,   0x61,   0x6c,   0x5f,   0x31,   0x2f,   0x6c,
  0x73,   0x74,   0x6d,   0x5f,   0x31,   0x2f,   0x6c,   0x73,   0x74,   0x6d,   0x5f,   0x63,
  0x65,   0x6c,   0x6c,   0x5f,   0x31,   0x2f,   0x73,   0x70,   0x6c,   0x69,   0x74,   0x31,
  0x3b,   0x73,   0x65,   0x71,   0x75,   0x65,   0x6e,   0x74,   0x69,   0x61,   0x6c,   0x5f,
  0x31,   0x2f,   0x6c,   0x73,   0x74,   0x6d,   0x5f,   0x31,   0x2f,   0x6c,   0x73,   0x74,
  0x6d,   0x5f,   0x63,   0x65,   0x6c,   0x6c,   0x5f,   0x31,   0x2f,   0x73,   0x70,   0x6c,
  0x69,   0x74,   0x32,   0x3b,   0x73,   0x65,   0x71,   0x75,   0x65,   0x6e,   0x74,   0x69,
  0x61,   0x6c,   0x5f,   0x31,   0x2f,   0x6c,   0x73,   0x74,   0x6d,   0x5f,   0x31,   0x2f,
  0x6c,   0x73,   0x74,   0x6d,   0x5f,   0x63,   0x65,   0x6c,   0x6c,   0x5f,   0x31,   0x2f,
  0x73,   0x70,   0x6c,   0x69,   0x74,   0x33,   0x31,   0x00,   0x02,   0x00,   0x00,   0x00,
  0x01,   0x00,   0x00,   0x00,   0x20,   0x00,   0x00,   0x00,   0x2a,   0xcf,   0xff,   0xff,
  0x00,   0x00,   0x00,   0x01,   0x18,   0x00,   0x00,   0x00,   0x20,   0x00,   0x00,   0x00,
  0x3c,   0x00,   0x00,   0x00,   0x2b,   0x00,   0x00,   0x00,   0x00,   0x00,   0x00,   0x09,
  0xd0,   0x00,   0x00,   0x00,   0x02,   0x00,   0x00,   0x00,   0xff,   0xff,   0xff,   0xff,
  0x20,   0x00,   0x00,   0x00,   0x74,   0xbe,   0xff,   0xff,   0x08,   0x00,   0x00,   0x00,
  0x10,   0x00,   0x00,   0x00,   0x01,   0x00,   0x00,   0x00,   0xc7,   0xff,   0xff,   0xff,
  0xff,   0xff,   0xff,   0xff,   0x01,   0x00,   0x00,   0x00,   0xbe,   0xf6,   0xb3,   0x3c,
  0x9a,   0x00,   0x00,   0x00,   0x73,   0x65,   0x71,   0x75,   0x65,   0x6e,   0x74,   0x69,
  0x61,   0x6c,   0x5f,   0x31,   0x2f,   0x6c,   0x73,   0x74,   0x6d,   0x5f,   0x31,   0x2f,
  0x6c,   0x73,   0x74,   0x6d,   0x5f,   0x63,   0x65,   0x6c,   0x6c,   0x5f,   0x31,   0x2f,
  0x73,   0x70,   0x6c,   0x69,   0x74,   0x3b,   0x73,   0x65,   0x71,   0x75,   0x65,   0x6e,
  0x74,   0x69,   0x61,   0x6c,   0x5f,   0x31,   0x2f,   0x6c,   0x73,   0x74,   0x6d,   0x5f,
  0x31,   0x2f,   0x6c,   0x73,   0x74,   0x6d,   0x5f,   0x63,   0x65,   0x6c,   0x6c,   0x5f,
  0x31,   0x2f,   0x73,   0x70,   0x6c,   0x69,   0x74,   0x31,   0x3b,   0x73,   0x65,   0x71,
  0x75,   0x65,   0x6e,   0x74,   0x69,   0x61,   0x6c,   0x5f,   0x31,   0x2f,   0x6c,   0x73,
  0x74,   0x6d,   0x5f,   0x31,   0x2f,   0x6c,   0x73,   0x74,   0x6d,   0x5f,   0x63,   0x65,
  0x6c,   0x6c,   0x5f,   0x31,   0x2f,   0x73,   0x70,   0x6c,   0x69,   0x74,   0x32,   0x3b,
  0x73,   0x65,   0x71,   0x75,   0x65,   0x6e,   0x74,   0x69,   0x61,   0x6c,   0x5f,   0x31,
  0x2f,   0x6c,   0x73,   0x74,   0x6d,   0x5f,   0x31,   0x2f,   0x6c,   0x73,   0x74,   0x6d,
  0x5f,   0x63,   0x65,   0x6c,   0x6c,   0x5f,   0x31,   0x2f,   0x73,   0x70,   0x6c,   0x69,
  0x74,   0x33,   0x00,   0x00,   0x02,   0x00,   0x00,   0x00,   0x01,   0x00,   0x00,   0x00,
  0x20,   0x00,   0x00,   0x00,   0x22,   0xd0,   0xff,   0xff,   0x00,   0x00,   0x00,   0x01,
  0x18,   0x00,   0x00,   0x00,   0x20,   0x00,   0x00,   0x00,   0x40,   0x00,   0x00,   0x00,
  0x2a,   0x00,   0x00,   0x00,   0x00,   0x00,   0x00,   0x09,   0x60,   0x00,   0x00,   0x00,
  0x02,   0x00,   0x00,   0x00,   0xff,   0xff,   0xff,   0xff,   0x80,   0x00,   0x00,   0x00,
  0x6c,   0xbf,   0xff,   0xff,   0x08,   0x00,   0x00,   0x00,   0x14,   0x00,   0x00,   0x00,
  0x01,   0x00,   0x00,   0x00,   0xc7,   0xff,   0xff,   0xff,   0xff,   0xff,   0xff,   0xff,
  0x00,   0x00,   0x00,   0x00,   0x01,   0x00,   0x00,   0x00,   0xbe,   0xf6,   0xb3,   0x3c,
  0x27,   0x00,   0x00,   0x00,   0x73,   0x65,   0x71,   0x75,   0x65,   0x6e,   0x74,   0x69,
  0x61,   0x6c,   0x5f,   0x31,   0x2f,   0x6c,   0x73,   0x74,   0x6d,   0x5f,   0x31,   0x2f,
  0x6c,   0x73,   0x74,   0x6d,   0x5f,   0x63,   0x65,   0x6c,   0x6c,   0x5f,   0x31,   0x2f,
  0x42,   0x69,   0x61,   0x73,   0x41,   0x64,   0x64,   0x00,   0x02,   0x00,   0x00,   0x00,
  0x01,   0x00,   0x00,   0x00,   0x80,   0x00,   0x00,   0x00,   0xaa,   0xd0,   0xff,   0xff,
  0x00,   0x00,   0x00,   0x01,   0x18,   0x00,   0x00,   0x00,   0x20,   0x00,   0x00,   0x00,
  0x3c,   0x00,   0x00,   0x00,   0x29,   0x00,   0x00,   0x00,   0x00,   0x00,   0x00,   0x09,
  0x58,   0x00,   0x00,   0x00,   0x02,   0x00,   0x00,   0x00,   0xff,   0xff,   0xff,   0xff,
  0x80,   0x00,   0x00,   0x00,   0xf4,   0xbf,   0xff,   0xff,   0x08,   0x00,   0x00,   0x00,
  0x10,   0x00,   0x00,   0x00,   0x01,   0x00,   0x00,   0x00,   0xc7,   0xff,   0xff,   0xff,
  0xff,   0xff,   0xff,   0xff,   0x01,   0x00,   0x00,   0x00,   0xbe,   0xf6,   0xb3,   0x3c,
  0x23,   0x00,   0x00,   0x00,   0x73,   0x65,   0x71,   0x75,   0x65,   0x6e,   0x74,   0x69,
  0x61,   0x6c,   0x5f,   0x31,   0x2f,   0x6c,   0x73,   0x74,   0x6d,   0x5f,   0x31,   0x2f,
  0x6c,   0x73,   0x74,   0x6d,   0x5f,   0x63,   0x65,   0x6c,   0x6c,   0x5f,   0x31,   0x2f,
  0x41,   0x64,   0x64,   0x00,   0x02,   0x00,   0x00,   0x00,   0x01,   0x00,   0x00,   0x00,
  0x80,   0x00,   0x00,   0x00,   0x2a,   0xd1,   0xff,   0xff,   0x00,   0x00,   0x00,   0x01,
  0x18,   0x00,   0x00,   0x00,   0x20,   0x00,   0x00,   0x00,   0x40,   0x00,   0x00,   0x00,
  0x28,   0x00,   0x00,   0x00,   0x00,   0x00,   0x00,   0x09,   0x60,   0x00,   0x00,   0x00,
  0x02,   0x00,   0x00,   0x00,   0xff,   0xff,   0xff,   0xff,   0x80,   0x00,   0x00,   0x00,
  0x74,   0xc0,   0xff,   0xff,   0x08,   0x00,   0x00,   0x00,   0x14,   0x00,   0x00,   0x00,
  0x01,   0x00,   0x00,   0x00,   0xcb,   0xff,   0xff,   0xff,   0xff,   0xff,   0xff,   0xff,
  0x00,   0x00,   0x00,   0x00,   0x01,   0x00,   0x00,   0x00,   0x98,   0x07,   0x9d,   0x3c,
  0x26,   0x00,   0x00,   0x00,   0x73,   0x65,   0x71,   0x75,   0x65,   0x6e,   0x74,   0x69,
  0x61,   0x6c,   0x5f,   0x31,   0x2f,   0x6c,   0x73,   0x74,   0x6d,   0x5f,   0x31,   0x2f,
  0x6c,   0x73,   0x74,   0x6d,   0x5f,   0x63,   0x65,   0x6c,   0x6c,   0x5f,   0x31,   0x2f,
  0x4d,   0x61,   0x74,   0x4d,   0x75,   0x6c,   0x00,   0x00,   0x02,   0x00,   0x00,   0x00,
  0x01,   0x00,   0x00,   0x00,   0x80,   0x00,   0x00,   0x00,   0xb2,   0xd1,   0xff,   0xff,
  0x00,   0x00,   0x00,   0x01,   0x18,   0x00,   0x00,   0x00,   0x20,   0x00,   0x00,   0x00,
  0x3c,   0x00,   0x00,   0x00,   0x27,   0x00,   0x00,   0x00,   0x00,   0x00,   0x00,   0x09,
  0x60,   0x00,   0x00,   0x00,   0x02,   0x00,   0x00,   0x00,   0xff,   0xff,   0xff,   0xff,
  0x80,   0x00,   0x00,   0x00,   0xfc,   0xc0,   0xff,   0xff,   0x08,   0x00,   0x00,   0x00,
  0x10,   0x00,   0x00,   0x00,   0x01,   0x00,   0x00,   0x00,   0x00,   0x00,   0x00,   0x00,
  0x00,   0x00,   0x00,   0x00,   0x01,   0x00,   0x00,   0x00,   0x7b,   0xbe,   0x06,   0x32,
  0x28,   0x00,   0x00,   0x00,   0x73,   0x65,   0x71,   0x75,   0x65,   0x6e,   0x74,   0x69,
  0x61,   0x6c,   0x5f,   0x31,   0x2f,   0x6c,   0x73,   0x74,   0x6d,   0x5f,   0x31,   0x2f,
  0x6c,   0x73,   0x74,   0x6d,   0x5f,   0x63,   0x65,   0x6c,   0x6c,   0x5f,   0x31,   0x2f,
  0x4d,   0x61,   0x74,   0x4d,   0x75,   0x6c,   0x5f,   0x31,   0x00,   0x00,   0x00,   0x00,
  0x02,   0x00,   0x00,   0x00,   0x01,   0x00,   0x00,   0x00,   0x80,   0x00,   0x00,   0x00,
  0x3a,   0xd2,   0xff,   0xff,   0x00,   0x00,   0x00,   0x01,   0x18,   0x00,   0x00,   0x00,
  0x20,   0x00,   0x00,   0x00,   0x3c,   0x00,   0x00,   0x00,   0x26,   0x00,   0x00,   0x00,
  0x00,   0x00,   0x00,   0x09,   0x50,   0x00,   0x00,   0x00,   0x02,   0x00,   0x00,   0x00,
  0xff,   0xff,   0xff,   0xff,   0x20,   0x00,   0x00,   0x00,   0x84,   0xc1,   0xff,   0xff,
  0x08,   0x00,   0x00,   0x00,   0x10,   0x00,   0x00,   0x00,   0x01,   0x00,   0x00,   0x00,
  0x00,   0x00,   0x00,   0x00,   0x00,   0x00,   0x00,   0x00,   0x01,   0x00,   0x00,   0x00,
  0x7b,   0xbe,   0x06,   0x32,   0x19,   0x00,   0x00,   0x00,   0x73,   0x65,   0x71,   0x75,
  0x65,   0x6e,   0x74,   0x69,   0x61,   0x6c,   0x5f,   0x31,   0x2f,   0x6c,   0x73,   0x74,
  0x6d,   0x5f,   0x31,   0x2f,   0x7a,   0x65,   0x72,   0x6f,   0x73,   0x00,   0x00,   0x00,
  0x02,   0x00,   0x00,   0x00,   0x01,   0x00,   0x00,   0x00,   0x20,   0x00,   0x00,   0x00,
  0x7a,   0xc0,   0xff,   0xff,   0x00,   0x00,   0x00,   0x01,   0x14,   0x00,   0x00,   0x00,
  0x14,   0x00,   0x00,   0x00,   0x25,   0x00,   0x00,   0x00,   0x00,   0x00,   0x00,   0x02,
  0x30,   0x00,   0x00,   0x00,   0xe8,   0xbf,   0xff,   0xff,   0x20,   0x00,   0x00,   0x00,
  0x73,   0x65,   0x71,   0x75,   0x65,   0x6e,   0x74,   0x69,   0x61,   0x6c,   0x5f,   0x31,
  0x2f,   0x6c,   0x73,   0x74,   0x6d,   0x5f,   0x31,   0x2f,   0x7a,   0x65,   0x72,   0x6f,
  0x73,   0x2f,   0x70,   0x61,   0x63,   0x6b,   0x65,   0x64,   0x00,   0x00,   0x00,   0x00,
  0x01,   0x00,   0x00,   0x00,   0x02,   0x00,   0x00,   0x00,   0x02,   0xd3,   0xff,   0xff,
  0x00,   0x00,   0x00,   0x01,   0x18,   0x00,   0x00,   0x00,   0x20,   0x00,   0x00,   0x00,
  0x3c,   0x00,   0x00,   0x00,   0x24,   0x00,   0x00,   0x00,   0x00,   0x00,   0x00,   0x09,
  0x48,   0x02,   0x00,   0x00,   0x02,   0x00,   0x00,   0x00,   0xff,   0xff,   0xff,   0xff,
  0x08,   0x00,   0x00,   0x00,   0x4c,   0xc2,   0xff,   0xff,   0x08,   0x00,   0x00,   0x00,
  0x10,   0x00,   0x00,   0x00,   0x01,   0x00,   0x00,   0x00,   0x80,   0xff,   0xff,   0xff,
  0xff,   0xff,   0xff,   0xff,   0x01,   0x00,   0x00,   0x00,   0x81,   0x80,   0x80,   0x3b,
  0x12,   0x02,   0x00,   0x00,   0x73,   0x65,   0x71,   0x75,   0x65,   0x6e,   0x74,   0x69,
  0x61,   0x6c,   0x5f,   0x31,   0x2f,   0x6c,   0x73,   0x74,   0x6d,   0x5f,   0x31,   0x2f,
  0x75,   0x6e,   0x73,   0x74,   0x61,   0x63,   0x6b,   0x3b,   0x73,   0x65,   0x71,   0x75,
  0x65,   0x6e,   0x74,   0x69,   0x61,   0x6c,   0x5f,   0x31,   0x2f,   0x6c,   0x73,   0x74,
  0x6d,   0x5f,   0x31,   0x2f,   0x75,   0x6e,   0x73,   0x74,   0x61,   0x63,   0x6b,   0x31,
  0x3b,   0x73,   0x65,   0x71,   0x75,   0x65,   0x6e,   0x74,   0x69,   0x61,   0x6c,   0x5f,
  0x31,   0x2f,   0x6c,   0x73,   0x74,   0x6d,   0x5f,   0x31,   0x2f,   0x75,   0x6e,   0x73,
  0x74,   0x61,   0x63,   0x6b,   0x32,   0x3b,   0x73,   0x65,   0x71,   0x75,   0x65,   0x6e,
  0x74,   0x69,   0x61,   0x6c,   0x5f,   0x31,   0x2f,   0x6c,   0x73,   0x74,   0x6d,   0x5f,
  0x31,   0x2f,   0x75,   0x6e,   0x73,   0x74,   0x61,   0x63,   0x6b,   0x33,   0x3b,   0x73,
  0x65,   0x71,   0x75,   0x65,   0x6e,   0x74,   0x69,   0x61,   0x6c,   0x5f,   0x31,   0x2f,
  0x6c,   0x73,   0x74,   0x6d,   0x5f,   0x31,   0x2f,   0x75,   0x6e,   0x73,   0x74,   0x61,
  0x63,   0x6b,   0x34,   0x3b,   0x73,   0x65,   0x71,   0x75,   0x65,   0x6e,   0x74,   0x69,
  0x61,   0x6c,   0x5f,   0x31,   0x2f,   0x6c,   0x73,   0x74,   0x6d,   0x5f,   0x31,   0x2f,
  0x75,   0x6e,   0x73,   0x74,   0x61,   0x63,   0x6b,   0x35,   0x3b,   0x73,   0x65,   0x71,
  0x75,   0x65,   0x6e,   0x74,   0x69,   0x61,   0x6c,   0x5f,   0x31,   0x2f,   0x6c,   0x73,
  0x74,   0x6d,   0x5f,   0x31,   0x2f,   0x75,   0x6e,   0x73,   0x74,   0x61,   0x63,   0x6b,
  0x36,   0x3b,   0x73,   0x65,   0x71,   0x75,   0x65,   0x6e,   0x74,   0x69,   0x61,   0x6c,
  0x5f,   0x31,   0x2f,   0x6c,   0x73,   0x74,   0x6d,   0x5f,   0x31,   0x2f,   0x75,   0x6e,
  0x73,   0x74,   0x61,   0x63,   0x6b,   0x37,   0x3b,   0x73,   0x65,   0x71,   0x75,   0x65,
  0x6e,   0x74,   0x69,   0x61,   0x6c,   0x5f,   0x31,   0x2f,   0x6c,   0x73,   0x74,   0x6d,
  0x5f,   0x31,   0x2f,   0x75,   0x6e,   0x73,   0x74,   0x61,   0x63,   0x6b,   0x38,   0x3b,
  0x73,   0x65,   0x71,   0x75,   0x65,   0x6e,   0x74,   0x69,   0x61,   0x6c,   0x5f,   0x31,
  0x2f,   0x6c,   0x73,   0x74,   0x6d,   0x5f,   0x31,   0x2f,   0x75,   0x6e,   0x73,   0x74,
  0x61,   0x63,   0x6b,   0x39,   0x3b,   0x73,   0x65,   0x71,   0x75,   0x65,   0x6e,   0x74,
  0x69,   0x61,   0x6c,   0x5f,   0x31,   0x2f,   0x6c,   0x73,   0x74,   0x6d,   0x5f,   0x31,
  0x2f,   0x75,   0x6e,   0x73,   0x74,   0x61,   0x63,   0x6b,   0x31,   0x30,   0x3b,   0x73,
  0x65,   0x71,   0x75,   0x65,   0x6e,   0x74,   0x69,   0x61,   0x6c,   0x5f,   0x31,   0x2f,
  0x6c,   0x73,   0x74,   0x6d,   0x5f,   0x31,   0x2f,   0x75,   0x6e,   0x73,   0x74,   0x61,
  0x63,   0x6b,   0x31,   0x31,   0x3b,   0x73,   0x65,   0x71,   0x75,   0x65,   0x6e,   0x74,
  0x69,   0x61,   0x6c,   0x5f,   0x31,   0x2f,   0x6c,   0x73,   0x74,   0x6d,   0x5f,   0x31,
  0x2f,   0x75,   0x6e,   0x73,   0x74,   0x61,   0x63,   0x6b,   0x31,   0x32,   0x3b,   0x73,
  0x65,   0x71,   0x75,   0x65,   0x6e,   0x74,   0x69,   0x61,   0x6c,   0x5f,   0x31,   0x2f,
  0x6c,   0x73,   0x74,   0x6d,   0x5f,   0x31,   0x2f,   0x75,   0x6e,   0x73,   0x74,   0x61,
  0x63,   0x6b,   0x31,   0x33,   0x3b,   0x73,   0x65,   0x71,   0x75,   0x65,   0x6e,   0x74,
  0x69,   0x61,   0x6c,   0x5f,   0x31,   0x2f,   0x6c,   0x73,   0x74,   0x6d,   0x5f,   0x31,
  0x2f,   0x75,   0x6e,   0x73,   0x74,   0x61,   0x63,   0x6b,   0x31,   0x34,   0x3b,   0x73,
  0x65,   0x71,   0x75,   0x65,   0x6e,   0x74,   0x69,   0x61,   0x6c,   0x5f,   0x31,   0x2f,
  0x6c,   0x73,   0x74,   0x6d,   0x5f,   0x31,   0x2f,   0x75,   0x6e,   0x73,   0x74,   0x61,
  0x63,   0x6b,   0x31,   0x35,   0x3b,   0x73,   0x65,   0x71,   0x75,   0x65,   0x6e,   0x74,
  0x69,   0x61,   0x6c,   0x5f,   0x31,   0x2f,   0x6c,   0x73,   0x74,   0x6d,   0x5f,   0x31,
  0x2f,   0x75,   0x6e,   0x73,   0x74,   0x61,   0x63,   0x6b,   0x31,   0x36,   0x3b,   0x73,
  0x65,   0x71,   0x75,   0x65,   0x6e,   0x74,   0x69,   0x61,   0x6c,   0x5f,   0x31,   0x2f,
  0x6c,   0x73,   0x74,   0x6d,   0x5f,   0x31,   0x2f,   0x75,   0x6e,   0x73,   0x74,   0x61,
  0x63,   0x6b,   0x31,   0x37,   0x31,   0x37,   0x00,   0x00,   0x02,   0x00,   0x00,   0x00,
  0x01,   0x00,   0x00,   0x00,   0x08,   0x00,   0x00,   0x00,   0x72,   0xd5,   0xff,   0xff,
  0x00,   0x00,   0x00,   0x01,   0x18,   0x00,   0x00,   0x00,   0x20,   0x00,   0x00,   0x00,
  0x3c,   0x00,   0x00,   0x00,   0x23,   0x00,   0x00,   0x00,   0x00,   0x00,   0x00,   0x09,
  0x48,   0x02,   0x00,   0x00,   0x02,   0x00,   0x00,   0x00,   0xff,   0xff,   0xff,   0xff,
  0x08,   0x00,   0x00,   0x00,   0xbc,   0xc4,   0xff,   0xff,   0x08,   0x00,   0x00,   0x00,
  0x10,   0x00,   0x00,   0x00,   0x01,   0x00,   0x00,   0x00,   0x80,   0xff,   0xff,   0xff,
  0xff,   0xff,   0xff,   0xff,   0x01,   0x00,   0x00,   0x00,   0x81,   0x80,   0x80,   0x3b,
  0x12,   0x02,   0x00,   0x00,   0x73,   0x65,   0x71,   0x75,   0x65,   0x6e,   0x74,   0x69,
  0x61,   0x6c,   0x5f,   0x31,   0x2f,   0x6c,   0x73,   0x74,   0x6d,   0x5f,   0x31,   0x2f,
  0x75,   0x6e,   0x73,   0x74,   0x61,   0x63,   0x6b,   0x3b,   0x73,   0x65,   0x71,   0x75,
  0x65,   0x6e,   0x74,   0x69,   0x61,   0x6c,   0x5f,   0x31,   0x2f,   0x6c,   0x73,   0x74,
  0x6d,   0x5f,   0x31,   0x2f,   0x75,   0x6e,   0x73,   0x74,   0x61,   0x63,   0x6b,   0x31,
  0x3b,   0x73,   0x65,   0x71,   0x75,   0x65,   0x6e,   0x74,   0x69,   0x61,   0x6c,   0x5f,
  0x31,   0x2f,   0x6c,   0x73,   0x74,   0x6d,   0x5f,   0x31,   0x2f,   0x75,   0x6e,   0x73,
  0x74,   0x61,   0x63,   0x6b,   0x32,   0x3b,   0x73,   0x65,   0x71,   0x75,   0x65,   0x6e,
  0x74,   0x69,   0x61,   0x6c,   0x5f,   0x31,   0x2f,   0x6c,   0x73,   0x74,   0x6d,   0x5f,
  0x31,   0x2f,   0x75,   0x6e,   0x73,   0x74,   0x61,   0x63,   0x6b,   0x33,   0x3b,   0x73,
  0x65,   0x71,   0x75,   0x65,   0x6e,   0x74,   0x69,   0x61,   0x6c,   0x5f,   0x31,   0x2f,
  0x6c,   0x73,   0x74,   0x6d,   0x5f,   0x31,   0x2f,   0x75,   0x6e,   0x73,   0x74,   0x61,
  0x63,   0x6b,   0x34,   0x3b,   0x73,   0x65,   0x71,   0x75,   0x65,   0x6e,   0x74,   0x69,
  0x61,   0x6c,   0x5f,   0x31,   0x2f,   0x6c,   0x73,   0x74,   0x6d,   0x5f,   0x31,   0x2f,
  0x75,   0x6e,   0x73,   0x74,   0x61,   0x63,   0x6b,   0x35,   0x3b,   0x73,   0x65,   0x71,
  0x75,   0x65,   0x6e,   0x74,   0x69,   0x61,   0x6c,   0x5f,   0x31,   0x2f,   0x6c,   0x73,
  0x74,   0x6d,   0x5f,   0x31,   0x2f,   0x75,   0x6e,   0x73,   0x74,   0x61,   0x63,   0x6b,
  0x36,   0x3b,   0x73,   0x65,   0x71,   0x75,   0x65,   0x6e,   0x74,   0x69,   0x61,   0x6c,
  0x5f,   0x31,   0x2f,   0x6c,   0x73,   0x74,   0x6d,   0x5f,   0x31,   0x2f,   0x75,   0x6e,
  0x73,   0x74,   0x61,   0x63,   0x6b,   0x37,   0x3b,   0x73,   0x65,   0x71,   0x75,   0x65,
  0x6e,   0x74,   0x69,   0x61,   0x6c,   0x5f,   0x31,   0x2f,   0x6c,   0x73,   0x74,   0x6d,
  0x5f,   0x31,   0x2f,   0x75,   0x6e,   0x73,   0x74,   0x61,   0x63,   0x6b,   0x38,   0x3b,
  0x73,   0x65,   0x71,   0x75,   0x65,   0x6e,   0x74,   0x69,   0x61,   0x6c,   0x5f,   0x31,
  0x2f,   0x6c,   0x73,   0x74,   0x6d,   0x5f,   0x31,   0x2f,   0x75,   0x6e,   0x73,   0x74,
  0x61,   0x63,   0x6b,   0x39,   0x3b,   0x73,   0x65,   0x71,   0x75,   0x65,   0x6e,   0x74,
  0x69,   0x61,   0x6c,   0x5f,   0x31,   0x2f,   0x6c,   0x73,   0x74,   0x6d,   0x5f,   0x31,
  0x2f,   0x75,   0x6e,   0x73,   0x74,   0x61,   0x63,   0x6b,   0x31,   0x30,   0x3b,   0x73,
  0x65,   0x71,   0x75,   0x65,   0x6e,   0x74,   0x69,   0x61,   0x6c,   0x5f,   0x31,   0x2f,
  0x6c,   0x73,   0x74,   0x6d,   0x5f,   0x31,   0x2f,   0x75,   0x6e,   0x73,   0x74,   0x61,
  0x63,   0x6b,   0x31,   0x31,   0x3b,   0x73,   0x65,   0x71,   0x75,   0x65,   0x6e,   0x74,
  0x69,   0x61,   0x6c,   0x5f,   0x31,   0x2f,   0x6c,   0x73,   0x74,   0x6d,   0x5f,   0x31,
  0x2f,   0x75,   0x6e,   0x73,   0x74,   0x61,   0x63,   0x6b,   0x31,   0x32,   0x3b,   0x73,
  0x65,   0x71,   0x75,   0x65,   0x6e,   0x74,   0x69,   0x61,   0x6c,   0x5f,   0x31,   0x2f,
  0x6c,   0x73,   0x74,   0x6d,   0x5f,   0x31,   0x2f,   0x75,   0x6e,   0x73,   0x74,   0x61,
  0x63,   0x6b,   0x31,   0x33,   0x3b,   0x73,   0x65,   0x71,   0x75,   0x65,   0x6e,   0x74,
  0x69,   0x61,   0x6c,   0x5f,   0x31,   0x2f,   0x6c,   0x73,   0x74,   0x6d,   0x5f,   0x31,
  0x2f,   0x75,   0x6e,   0x73,   0x74,   0x61,   0x63,   0x6b,   0x31,   0x34,   0x3b,   0x73,
  0x65,   0x71,   0x75,   0x65,   0x6e,   0x74,   0x69,   0x61,   0x6c,   0x5f,   0x31,   0x2f,
  0x6c,   0x73,   0x74,   0x6d,   0x5f,   0x31,   0x2f,   0x75,   0x6e,   0x73,   0x74,   0x61,
  0x63,   0x6b,   0x31,   0x35,   0x3b,   0x73,   0x65,   0x71,   0x75,   0x65,   0x6e,   0x74,
  0x69,   0x61,   0x6c,   0x5f,   0x31,   0x2f,   0x6c,   0x73,   0x74,   0x6d,   0x5f,   0x31,
  0x2f,   0x75,   0x6e,   0x73,   0x74,   0x61,   0x63,   0x6b,   0x31,   0x36,   0x3b,   0x73,
  0x65,   0x71,   0x75,   0x65,   0x6e,   0x74,   0x69,   0x61,   0x6c,   0x5f,   0x31,   0x2f,
  0x6c,   0x73,   0x74,   0x6d,   0x5f,   0x31,   0x2f,   0x75,   0x6e,   0x73,   0x74,   0x61,
  0x63,   0x6b,   0x31,   0x37,   0x31,   0x36,   0x00,   0x00,   0x02,   0x00,   0x00,   0x00,
  0x01,   0x00,   0x00,   0x00,   0x08,   0x00,   0x00,   0x00,   0xe2,   0xd7,   0xff,   0xff,
  0x00,   0x00,   0x00,   0x01,   0x18,   0x00,   0x00,   0x00,   0x20,   0x00,   0x00,   0x00,
  0x3c,   0x00,   0x00,   0x00,   0x22,   0x00,   0x00,   0x00,   0x00,   0x00,   0x00,   0x09,
  0x48,   0x02,   0x00,   0x00,   0x02,   0x00,   0x00,   0x00,   0xff,   0xff,   0xff,   0xff,
  0x08,   0x00,   0x00,   0x00,   0x2c,   0xc7,   0xff,   0xff,   0x08,   0x00,   0x00,   0x00,
  0x10,   0x00,   0x00,   0x00,   0x01,   0x00,   0x00,   0x00,   0x80,   0xff,   0xff,   0xff,
  0xff,   0xff,   0xff,   0xff,   0x01,   0x00,   0x00,   0x00,   0x81,   0x80,   0x80,   0x3b,
  0x12,   0x02,   0x00,   0x00,   0x73,   0x65,   0x71,   0x75,   0x65,   0x6e,   0x74,   0x69,
  0x61,   0x6c,   0x5f,   0x31,   0x2f,   0x6c,   0x73,   0x74,   0x6d,   0x5f,   0x31,   0x2f,
  0x75,   0x6e,   0x73,   0x74,   0x61,   0x63,   0x6b,   0x3b,   0x73,   0x65,   0x71,   0x75,
  0x65,   0x6e,   0x74,   0x69,   0x61,   0x6c,   0x5f,   0x31,   0x2f,   0x6c,   0x73,   0x74,
  0x6d,   0x5f,   0x31,   0x2f,   0x75,   0x6e,   0x73,   0x74,   0x61,   0x63,   0x6b,   0x31,
  0x3b,   0x73,   0x65,   0x71,   0x75,   0x65,   0x6e,   0x74,   0x69,   0x61,   0x6c,   0x5f,
  0x31,   0x2f,   0x6c,   0x73,   0x74,   0x6d,   0x5f,   0x31,   0x2f,   0x75,   0x6e,   0x73,
  0x74,   0x61,   0x63,   0x6b,   0x32,   0x3b,   0x73,   0x65,   0x71,   0x75,   0x65,   0x6e,
  0x74,   0x69,   0x61,   0x6c,   0x5f,   0x31,   0x2f,   0x6c,   0x73,   0x74,   0x6d,   0x5f,
  0x31,   0x2f,   0x75,   0x6e,   0x73,   0x74,   0x61,   0x63,   0x6b,   0x33,   0x3b,   0x73,
  0x65,   0x71,   0x75,   0x65,   0x6e,   0x74,   0x69,   0x61,   0x6c,   0x5f,   0x31,   0x2f,
  0x6c,   0x73,   0x74,   0x6d,   0x5f,   0x31,   0x2f,   0x75,   0x6e,   0x73,   0x74,   0x61,
  0x63,   0x6b,   0x34,   0x3b,   0x73,   0x65,   0x71,   0x75,   0x65,   0x6e,   0x74,   0x69,
  0x61,   0x6c,   0x5f,   0x31,   0x2f,   0x6c,   0x73,   0x74,   0x6d,   0x5f,   0x31,   0x2f,
  0x75,   0x6e,   0x73,   0x74,   0x61,   0x63,   0x6b,   0x35,   0x3b,   0x73,   0x65,   0x71,
  0x75,   0x65,   0x6e,   0x74,   0x69,   0x61,   0x6c,   0x5f,   0x31,   0x2f,   0x6c,   0x73,
  0x74,   0x6d,   0x5f,   0x31,   0x2f,   0x75,   0x6e,   0x73,   0x74,   0x61,   0x63,   0x6b,
  0x36,   0x3b,   0x73,   0x65,   0x71,   0x75,   0x65,   0x6e,   0x74,   0x69,   0x61,   0x6c,
  0x5f,   0x31,   0x2f,   0x6c,   0x73,   0x74,   0x6d,   0x5f,   0x31,   0x2f,   0x75,   0x6e,
  0x73,   0x74,   0x61,   0x63,   0x6b,   0x37,   0x3b,   0x73,   0x65,   0x71,   0x75,   0x65,
  0x6e,   0x74,   0x69,   0x61,   0x6c,   0x5f,   0x31,   0x2f,   0x6c,   0x73,   0x74,   0x6d,
  0x5f,   0x31,   0x2f,   0x75,   0x6e,   0x73,   0x74,   0x61,   0x63,   0x6b,   0x38,   0x3b,
  0x73,   0x65,   0x71,   0x75,   0x65,   0x6e,   0x74,   0x69,   0x61,   0x6c,   0x5f,   0x31,
  0x2f,   0x6c,   0x73,   0x74,   0x6d,   0x5f,   0x31,   0x2f,   0x75,   0x6e,   0x73,   0x74,
  0x61,   0x63,   0x6b,   0x39,   0x3b,   0x73,   0x65,   0x71,   0x75,   0x65,   0x6e,   0x74,
  0x69,   0x61,   0x6c,   0x5f,   0x31,   0x2f,   0x6c,   0x73,   0x74,   0x6d,   0x5f,   0x31,
  0x2f,   0x75,   0x6e,   0x73,   0x74,   0x61,   0x63,   0x6b,   0x31,   0x30,   0x3b,   0x73,
  0x65,   0x71,   0x75,   0x65,   0x6e,   0x74,   0x69,   0x61,   0x6c,   0x5f,   0x31,   0x2f,
  0x6c,   0x73,   0x74,   0x6d,   0x5f,   0x31,   0x2f,   0x75,   0x6e,   0x73,   0x74,   0x61,
  0x63,   0x6b,   0x31,   0x31,   0x3b,   0x73,   0x65,   0x71,   0x75,   0x65,   0x6e,   0x74,
  0x69,   0x61,   0x6c,   0x5f,   0x31,   0x2f,   0x6c,   0x73,   0x74,   0x6d,   0x5f,   0x31,
  0x2f,   0x75,   0x6e,   0x73,   0x74,   0x61,   0x63,   0x6b,   0x31,   0x32,   0x3b,   0x73,
  0x65,   0x71,   0x75,   0x65,   0x6e,   0x74,   0x69,   0x61,   0x6c,   0x5f,   0x31,   0x2f,
  0x6c,   0x73,   0x74,   0x6d,   0x5f,   0x31,   0x2f,   0x75,   0x6e,   0x73,   0x74,   0x61,
  0x63,   0x6b,   0x31,   0x33,   0x3b,   0x73,   0x65,   0x71,   0x75,   0x65,   0x6e,   0x74,
  0x69,   0x61,   0x6c,   0x5f,   0x31,   0x2f,   0x6c,   0x73,   0x74,   0x6d,   0x5f,   0x31,
  0x2f,   0x75,   0x6e,   0x73,   0x74,   0x61,   0x63,   0x6b,   0x31,   0x34,   0x3b,   0x73,
  0x65,   0x71,   0x75,   0x65,   0x6e,   0x74,   0x69,   0x61,   0x6c,   0x5f,   0x31,   0x2f,
  0x6c,   0x73,   0x74,   0x6d,   0x5f,   0x31,   0x2f,   0x75,   0x6e,   0x73,   0x74,   0x61,
  0x63,   0x6b,   0x31,   0x35,   0x3b,   0x73,   0x65,   0x71,   0x75,   0x65,   0x6e,   0x74,
  0x69,   0x61,   0x6c,   0x5f,   0x31,   0x2f,   0x6c,   0x73,   0x74,   0x6d,   0x5f,   0x31,
  0x2f,   0x75,   0x6e,   0x73,   0x74,   0x61,   0x63,   0x6b,   0x31,   0x36,   0x3b,   0x73,
  0x65,   0x71,   0x75,   0x65,   0x6e,   0x74,   0x69,   0x61,   0x6c,   0x5f,   0x31,   0x2f,
  0x6c,   0x73,   0x74,   0x6d,   0x5f,   0x31,   0x2f,   0x75,   0x6e,   0x73,   0x74,   0x61,
  0x63,   0x6b,   0x31,   0x37,   0x31,   0x35,   0x00,   0x00,   0x02,   0x00,   0x00,   0x00,
  0x01,   0x00,   0x00,   0x00,   0x08,   0x00,   0x00,   0x00,   0x52,   0xda,   0xff,   0xff,
  0x00,   0x00,   0x00,   0x01,   0x18,   0x00,   0x00,   0x00,   0x20,   0x00,   0x00,   0x00,
  0x3c,   0x00,   0x00,   0x00,   0x21,   0x00,   0x00,   0x00,   0x00,   0x00,   0x00,   0x09,
  0x48,   0x02,   0x00,   0x00,   0x02,   0x00,   0x00,   0x00,   0xff,   0xff,   0xff,   0xff,
  0x08,   0x00,   0x00,   0x00,   0x9c,   0xc9,   0xff,   0xff,   0x08,   0x00,   0x00,   0x00,
  0x10,   0x00,   0x00,   0x00,   0x01,   0x00,   0x00,   0x00,   0x80,   0xff,   0xff,   0xff,
  0xff,   0xff,   0xff,   0xff,   0x01,   0x00,   0x00,   0x00,   0x81,   0x80,   0x80,   0x3b,
  0x12,   0x02,   0x00,   0x00,   0x73,   0x65,   0x71,   0x75,   0x65,   0x6e,   0x74,   0x69,
  0x61,   0x6c,   0x5f,   0x31,   0x2f,   0x6c,   0x73,   0x74,   0x6d,   0x5f,   0x31,   0x2f,
  0x75,   0x6e,   0x73,   0x74,   0x61,   0x63,   0x6b,   0x3b,   0x73,   0x65,   0x71,   0x75,
  0x65,   0x6e,   0x74,   0x69,   0x61,   0x6c,   0x5f,   0x31,   0x2f,   0x6c,   0x73,   0x74,
  0x6d,   0x5f,   0x31,   0x2f,   0x75,   0x6e,   0x73,   0x74,   0x61,   0x63,   0x6b,   0x31,
  0x3b,   0x73,   0x65,   0x71,   0x75,   0x65,   0x6e,   0x74,   0x69,   0x61,   0x6c,   0x5f,
  0x31,   0x2f,   0x6c,   0x73,   0x74,   0x6d,   0x5f,   0x31,   0x2f,   0x75,   0x6e,   0x73,
  0x74,   0x61,   0x63,   0x6b,   0x32,   0x3b,   0x73,   0x65,   0x71,   0x75,   0x65,   0x6e,
  0x74,   0x69,   0x61,   0x6c,   0x5f,   0x31,   0x2f,   0x6c,   0x73,   0x74,   0x6d,   0x5f,
  0x31,   0x2f,   0x75,   0x6e,   0x73,   0x74,   0x61,   0x63,   0x6b,   0x33,   0x3b,   0x73,
  0x65,   0x71,   0x75,   0x65,   0x6e,   0x74,   0x69,   0x61,   0x6c,   0x5f,   0x31,   0x2f,
  0x6c,   0x73,   0x74,   0x6d,   0x5f,   0x31,   0x2f,   0x75,   0x6e,   0x73,   0x74,   0x61,
  0x63,   0x6b,   0x34,   0x3b,   0x73,   0x65,   0x71,   0x75,   0x65,   0x6e,   0x74,   0x69,
  0x61,   0x6c,   0x5f,   0x31,   0x2f,   0x6c,   0x73,   0x74,   0x6d,   0x5f,   0x31,   0x2f,
  0x75,   0x6e,   0x73,   0x74,   0x61,   0x63,   0x6b,   0x35,   0x3b,   0x73,   0x65,   0x71,
  0x75,   0x65,   0x6e,   0x74,   0x69,   0x61,   0x6c,   0x5f,   0x31,   0x2f,   0x6c,   0x73,
  0x74,   0x6d,   0x5f,   0x31,   0x2f,   0x75,   0x6e,   0x73,   0x74,   0x61,   0x63,   0x6b,
  0x36,   0x3b,   0x73,   0x65,   0x71,   0x75,   0x65,   0x6e,   0x74,   0x69,   0x61,   0x6c,
  0x5f,   0x31,   0x2f,   0x6c,   0x73,   0x74,   0x6d,   0x5f,   0x31,   0x2f,   0x75,   0x6e,
  0x73,   0x74,   0x61,   0x63,   0x6b,   0x37,   0x3b,   0x73,   0x65,   0x71,   0x75,   0x65,
  0x6e,   0x74,   0x69,   0x61,   0x6c,   0x5f,   0x31,   0x2f,   0x6c,   0x73,   0x74,   0x6d,
  0x5f,   0x31,   0x2f,   0x75,   0x6e,   0x73,   0x74,   0x61,   0x63,   0x6b,   0x38,   0x3b,
  0x73,   0x65,   0x71,   0x75,   0x65,   0x6e,   0x74,   0x69,   0x61,   0x6c,   0x5f,   0x31,
  0x2f,   0x6c,   0x73,   0x74,   0x6d,   0x5f,   0x31,   0x2f,   0x75,   0x6e,   0x73,   0x74,
  0x61,   0x63,   0x6b,   0x39,   0x3b,   0x73,   0x65,   0x71,   0x75,   0x65,   0x6e,   0x74,
  0x69,   0x61,   0x6c,   0x5f,   0x31,   0x2f,   0x6c,   0x73,   0x74,   0x6d,   0x5f,   0x31,
  0x2f,   0x75,   0x6e,   0x73,   0x74,   0x61,   0x63,   0x6b,   0x31,   0x30,   0x3b,   0x73,
  0x65,   0x71,   0x75,   0x65,   0x6e,   0x74,   0x69,   0x61,   0x6c,   0x5f,   0x31,   0x2f,
  0x6c,   0x73,   0x74,   0x6d,   0x5f,   0x31,   0x2f,   0x75,   0x6e,   0x73,   0x74,   0x61,
  0x63,   0x6b,   0x31,   0x31,   0x3b,   0x73,   0x65,   0x71,   0x75,   0x65,   0x6e,   0x74,
  0x69,   0x61,   0x6c,   0x5f,   0x31,   0x2f,   0x6c,   0x73,   0x74,   0x6d,   0x5f,   0x31,
  0x2f,   0x75,   0x6e,   0x73,   0x74,   0x61,   0x63,   0x6b,   0x31,   0x32,   0x3b,   0x73,
  0x65,   0x71,   0x75,   0x65,   0x6e,   0x74,   0x69,   0x61,   0x6c,   0x5f,   0x31,   0x2f,
  0x6c,   0x73,   0x74,   0x6d,   0x5f,   0x31,   0x2f,   0x75,   0x6e,   0x73,   0x74,   0x61,
  0x63,   0x6b,   0x31,   0x33,   0x3b,   0x73,   0x65,   0x71,   0x75,   0x65,   0x6e,   0x74,
  0x69,   0x61,   0x6c,   0x5f,   0x31,   0x2f,   0x6c,   0x73,   0x74,   0x6d,   0x5f,   0x31,
  0x2f,   0x75,   0x6e,   0x73,   0x74,   0x61,   0x63,   0x6b,   0x31,   0x34,   0x3b,   0x73,
  0x65,   0x71,   0x75,   0x65,   0x6e,   0x74,   0x69,   0x61,   0x6c,   0x5f,   0x31,   0x2f,
  0x6c,   0x73,   0x74,   0x6d,   0x5f,   0x31,   0x2f,   0x75,   0x6e,   0x73,   0x74,   0x61,
  0x63,   0x6b,   0x31,   0x35,   0x3b,   0x73,   0x65,   0x71,   0x75,   0x65,   0x6e,   0x74,
  0x69,   0x61,   0x6c,   0x5f,   0x31,   0x2f,   0x6c,   0x73,   0x74,   0x6d,   0x5f,   0x31,
  0x2f,   0x75,   0x6e,   0x73,   0x74,   0x61,   0x63,   0x6b,   0x31,   0x36,   0x3b,   0x73,
  0x65,   0x71,   0x75,   0x65,   0x6e,   0x74,   0x69,   0x61,   0x6c,   0x5f,   0x31,   0x2f,
  0x6c,   0x73,   0x74,   0x6d,   0x5f,   0x31,   0x2f,   0x75,   0x6e,   0x73,   0x74,   0x61,
  0x63,   0x6b,   0x31,   0x37,   0x31,   0x34,   0x00,   0x00,   0x02,   0x00,   0x00,   0x00,
  0x01,   0x00,   0x00,   0x00,   0x08,   0x00,   0x00,   0x00,   0xc2,   0xdc,   0xff,   0xff,
  0x00,   0x00,   0x00,   0x01,   0x18,   0x00,   0x00,   0x00,   0x20,   0x00,   0x00,   0x00,
  0x3c,   0x00,   0x00,   0x00,   0x20,   0x00,   0x00,   0x00,   0x00,   0x00,   0x00,   0x09,
  0x48,   0x02,   0x00,   0x00,   0x02,   0x00,   0x00,   0x00,   0xff,   0xff,   0xff,   0xff,
  0x08,   0x00,   0x00,   0x00,   0x0c,   0xcc,   0xff,   0xff,   0x08,   0x00,   0x00,   0x00,
  0x10,   0x00,   0x00,   0x00,   0x01,   0x00,   0x00,   0x00,   0x80,   0xff,   0xff,   0xff,
  0xff,   0xff,   0xff,   0xff,   0x01,   0x00,   0x00,   0x00,   0x81,   0x80,   0x80,   0x3b,
  0x12,   0x02,   0x00,   0x00,   0x73,   0x65,   0x71,   0x75,   0x65,   0x6e,   0x74,   0x69,
  0x61,   0x6c,   0x5f,   0x31,   0x2f,   0x6c,   0x73,   0x74,   0x6d,   0x5f,   0x31,   0x2f,
  0x75,   0x6e,   0x73,   0x74,   0x61,   0x63,   0x6b,   0x3b,   0x73,   0x65,   0x71,   0x75,
  0x65,   0x6e,   0x74,   0x69,   0x61,   0x6c,   0x5f,   0x31,   0x2f,   0x6c,   0x73,   0x74,
  0x6d,   0x5f,   0x31,   0x2f,   0x75,   0x6e,   0x73,   0x74,   0x61,   0x63,   0x6b,   0x31,
  0x3b,   0x73,   0x65,   0x71,   0x75,   0x65,   0x6e,   0x74,   0x69,   0x61,   0x6c,   0x5f,
  0x31,   0x2f,   0x6c,   0x73,   0x74,   0x6d,   0x5f,   0x31,   0x2f,   0x75,   0x6e,   0x73,
  0x74,   0x61,   0x63,   0x6b,   0x32,   0x3b,   0x73,   0x65,   0x71,   0x75,   0x65,   0x6e,
  0x74,   0x69,   0x61,   0x6c,   0x5f,   0x31,   0x2f,   0x6c,   0x73,   0x74,   0x6d,   0x5f,
  0x31,   0x2f,   0x75,   0x6e,   0x73,   0x74,   0x61,   0x63,   0x6b,   0x33,   0x3b,   0x73,
  0x65,   0x71,   0x75,   0x65,   0x6e,   0x74,   0x69,   0x61,   0x6c,   0x5f,   0x31,   0x2f,
  0x6c,   0x73,   0x74,   0x6d,   0x5f,   0x31,   0x2f,   0x75,   0x6e,   0x73,   0x74,   0x61,
  0x63,   0x6b,   0x34,   0x3b,   0x73,   0x65,   0x71,   0x75,   0x65,   0x6e,   0x74,   0x69,
  0x61,   0x6c,   0x5f,   0x31,   0x2f,   0x6c,   0x73,   0x74,   0x6d,   0x5f,   0x31,   0x2f,
  0x75,   0x6e,   0x73,   0x74,   0x61,   0x63,   0x6b,   0x35,   0x3b,   0x73,   0x65,   0x71,
  0x75,   0x65,   0x6e,   0x74,   0x69,   0x61,   0x6c,   0x5f,   0x31,   0x2f,   0x6c,   0x73,
  0x74,   0x6d,   0x5f,   0x31,   0x2f,   0x75,   0x6e,   0x73,   0x74,   0x61,   0x63,   0x6b,
  0x36,   0x3b,   0x73,   0x65,   0x71,   0x75,   0x65,   0x6e,   0x74,   0x69,   0x61,   0x6c,
  0x5f,   0x31,   0x2f,   0x6c,   0x73,   0x74,   0x6d,   0x5f,   0x31,   0x2f,   0x75,   0x6e,
  0x73,   0x74,   0x61,   0x63,   0x6b,   0x37,   0x3b,   0x73,   0x65,   0x71,   0x75,   0x65,
  0x6e,   0x74,   0x69,   0x61,   0x6c,   0x5f,   0x31,   0x2f,   0x6c,   0x73,   0x74,   0x6d,
  0x5f,   0x31,   0x2f,   0x75,   0x6e,   0x73,   0x74,   0x61,   0x63,   0x6b,   0x38,   0x3b,
  0x73,   0x65,   0x71,   0x75,   0x65,   0x6e,   0x74,   0x69,   0x61,   0x6c,   0x5f,   0x31,
  0x2f,   0x6c,   0x73,   0x74,   0x6d,   0x5f,   0x31,   0x2f,   0x75,   0x6e,   0x73,   0x74,
  0x61,   0x63,   0x6b,   0x39,   0x3b,   0x73,   0x65,   0x71,   0x75,   0x65,   0x6e,   0x74,
  0x69,   0x61,   0x6c,   0x5f,   0x31,   0x2f,   0x6c,   0x73,   0x74,   0x6d,   0x5f,   0x31,
  0x2f,   0x75,   0x6e,   0x73,   0x74,   0x61,   0x63,   0x6b,   0x31,   0x30,   0x3b,   0x73,
  0x65,   0x71,   0x75,   0x65,   0x6e,   0x74,   0x69,   0x61,   0x6c,   0x5f,   0x31,   0x2f,
  0x6c,   0x73,   0x74,   0x6d,   0x5f,   0x31,   0x2f,   0x75,   0x6e,   0x73,   0x74,   0x61,
  0x63,   0x6b,   0x31,   0x31,   0x3b,   0x73,   0x65,   0x71,   0x75,   0x65,   0x6e,   0x74,
  0x69,   0x61,   0x6c,   0x5f,   0x31,   0x2f,   0x6c,   0x73,   0x74,   0x6d,   0x5f,   0x31,
  0x2f,   0x75,   0x6e,   0x73,   0x74,   0x61,   0x63,   0x6b,   0x31,   0x32,   0x3b,   0x73,
  0x65,   0x71,   0x75,   0x65,   0x6e,   0x74,   0x69,   0x61,   0x6c,   0x5f,   0x31,   0x2f,
  0x6c,   0x73,   0x74,   0x6d,   0x5f,   0x31,   0x2f,   0x75,   0x6e,   0x73,   0x74,   0x61,
  0x63,   0x6b,   0x31,   0x33,   0x3b,   0x73,   0x65,   0x71,   0x75,   0x65,   0x6e,   0x74,
  0x69,   0x61,   0x6c,   0x5f,   0x31,   0x2f,   0x6c,   0x73,   0x74,   0x6d,   0x5f,   0x31,
  0x2f,   0x75,   0x6e,   0x73,   0x74,   0x61,   0x63,   0x6b,   0x31,   0x34,   0x3b,   0x73,
  0x65,   0x71,   0x75,   0x65,   0x6e,   0x74,   0x69,   0x61,   0x6c,   0x5f,   0x31,   0x2f,
  0x6c,   0x73,   0x74,   0x6d,   0x5f,   0x31,   0x2f,   0x75,   0x6e,   0x73,   0x74,   0x61,
  0x63,   0x6b,   0x31,   0x35,   0x3b,   0x73,   0x65,   0x71,   0x75,   0x65,   0x6e,   0x74,
  0x69,   0x61,   0x6c,   0x5f,   0x31,   0x2f,   0x6c,   0x73,   0x74,   0x6d,   0x5f,   0x31,
  0x2f,   0x75,   0x6e,   0x73,   0x74,   0x61,   0x63,   0x6b,   0x31,   0x36,   0x3b,   0x73,
  0x65,   0x71,   0x75,   0x65,   0x6e,   0x74,   0x69,   0x61,   0x6c,   0x5f,   0x31,   0x2f,
  0x6c,   0x73,   0x74,   0x6d,   0x5f,   0x31,   0x2f,   0x75,   0x6e,   0x73,   0x74,   0x61,
  0x63,   0x6b,   0x31,   0x37,   0x31,   0x33,   0x00,   0x00,   0x02,   0x00,   0x00,   0x00,
  0x01,   0x00,   0x00,   0x00,   0x08,   0x00,   0x00,   0x00,   0x32,   0xdf,   0xff,   0xff,
  0x00,   0x00,   0x00,   0x01,   0x18,   0x00,   0x00,   0x00,   0x20,   0x00,   0x00,   0x00,
  0x3c,   0x00,   0x00,   0x00,   0x1f,   0x00,   0x00,   0x00,   0x00,   0x00,   0x00,   0x09,
  0x48,   0x02,   0x00,   0x00,   0x02,   0x00,   0x00,   0x00,   0xff,   0xff,   0xff,   0xff,
  0x08,   0x00,   0x00,   0x00,   0x7c,   0xce,   0xff,   0xff,   0x08,   0x00,   0x00,   0x00,
  0x10,   0x00,   0x00,   0x00,   0x01,   0x00,   0x00,   0x00,   0x80,   0xff,   0xff,   0xff,
  0xff,   0xff,   0xff,   0xff,   0x01,   0x00,   0x00,   0x00,   0x81,   0x80,   0x80,   0x3b,
  0x12,   0x02,   0x00,   0x00,   0x73,   0x65,   0x71,   0x75,   0x65,   0x6e,   0x74,   0x69,
  0x61,   0x6c,   0x5f,   0x31,   0x2f,   0x6c,   0x73,   0x74,   0x6d,   0x5f,   0x31,   0x2f,
  0x75,   0x6e,   0x73,   0x74,   0x61,   0x63,   0x6b,   0x3b,   0x73,   0x65,   0x71,   0x75,
  0x65,   0x6e,   0x74,   0x69,   0x61,   0x6c,   0x5f,   0x31,   0x2f,   0x6c,   0x73,   0x74,
  0x6d,   0x5f,   0x31,   0x2f,   0x75,   0x6e,   0x73,   0x74,   0x61,   0x63,   0x6b,   0x31,
  0x3b,   0x73,   0x65,   0x71,   0x75,   0x65,   0x6e,   0x74,   0x69,   0x61,   0x6c,   0x5f,
  0x31,   0x2f,   0x6c,   0x73,   0x74,   0x6d,   0x5f,   0x31,   0x2f,   0x75,   0x6e,   0x73,
  0x74,   0x61,   0x63,   0x6b,   0x32,   0x3b,   0x73,   0x65,   0x71,   0x75,   0x65,   0x6e,
  0x74,   0x69,   0x61,   0x6c,   0x5f,   0x31,   0x2f,   0x6c,   0x73,   0x74,   0x6d,   0x5f,
  0x31,   0x2f,   0x75,   0x6e,   0x73,   0x74,   0x61,   0x63,   0x6b,   0x33,   0x3b,   0x73,
  0x65,   0x71,   0x75,   0x65,   0x6e,   0x74,   0x69,   0x61,   0x6c,   0x5f,   0x31,   0x2f,
  0x6c,   0x73,   0x74,   0x6d,   0x5f,   0x31,   0x2f,   0x75,   0x6e,   0x73,   0x74,   0x61,
  0x63,   0x6b,   0x34,   0x3b,   0x73,   0x65,   0x71,   0x75,   0x65,   0x6e,   0x74,   0x69,
  0x61,   0x6c,   0x5f,   0x31,   0x2f,   0x6c,   0x73,   0x74,   0x6d,   0x5f,   0x31,   0x2f,
  0x75,   0x6e,   0x73,   0x74,   0x61,   0x63,   0x6b,   0x35,   0x3b,   0x73,   0x65,   0x71,
  0x75,   0x65,   0x6e,   0x74,   0x69,   0x61,   0x6c,   0x5f,   0x31,   0x2f,   0x6c,   0x73,
  0x74,   0x6d,   0x5f,   0x31,   0x2f,   0x75,   0x6e,   0x73,   0x74,   0x61,   0x63,   0x6b,
  0x36,   0x3b,   0x73,   0x65,   0x71,   0x75,   0x65,   0x6e,   0x74,   0x69,   0x61,   0x6c,
  0x5f,   0x31,   0x2f,   0x6c,   0x73,   0x74,   0x6d,   0x5f,   0x31,   0x2f,   0x75,   0x6e,
  0x73,   0x74,   0x61,   0x63,   0x6b,   0x37,   0x3b,   0x73,   0x65,   0x71,   0x75,   0x65,
  0x6e,   0x74,   0x69,   0x61,   0x6c,   0x5f,   0x31,   0x2f,   0x6c,   0x73,   0x74,   0x6d,
  0x5f,   0x31,   0x2f,   0x75,   0x6e,   0x73,   0x74,   0x61,   0x63,   0x6b,   0x38,   0x3b,
  0x73,   0x65,   0x71,   0x75,   0x65,   0x6e,   0x74,   0x69,   0x61,   0x6c,   0x5f,   0x31,
  0x2f,   0x6c,   0x73,   0x74,   0x6d,   0x5f,   0x31,   0x2f,   0x75,   0x6e,   0x73,   0x74,
  0x61,   0x63,   0x6b,   0x39,   0x3b,   0x73,   0x65,   0x71,   0x75,   0x65,   0x6e,   0x74,
  0x69,   0x61,   0x6c,   0x5f,   0x31,   0x2f,   0x6c,   0x73,   0x74,   0x6d,   0x5f,   0x31,
  0x2f,   0x75,   0x6e,   0x73,   0x74,   0x61,   0x63,   0x6b,   0x31,   0x30,   0x3b,   0x73,
  0x65,   0x71,   0x75,   0x65,   0x6e,   0x74,   0x69,   0x61,   0x6c,   0x5f,   0x31,   0x2f,
  0x6c,   0x73,   0x74,   0x6d,   0x5f,   0x31,   0x2f,   0x75,   0x6e,   0x73,   0x74,   0x61,
  0x63,   0x6b,   0x31,   0x31,   0x3b,   0x73,   0x65,   0x71,   0x75,   0x65,   0x6e,   0x74,
  0x69,   0x61,   0x6c,   0x5f,   0x31,   0x2f,   0x6c,   0x73,   0x74,   0x6d,   0x5f,   0x31,
  0x2f,   0x75,   0x6e,   0x73,   0x74,   0x61,   0x63,   0x6b,   0x31,   0x32,   0x3b,   0x73,
  0x65,   0x71,   0x75,   0x65,   0x6e,   0x74,   0x69,   0x61,   0x6c,   0x5f,   0x31,   0x2f,
  0x6c,   0x73,   0x74,   0x6d,   0x5f,   0x31,   0x2f,   0x75,   0x6e,   0x73,   0x74,   0x61,
  0x63,   0x6b,   0x31,   0x33,   0x3b,   0x73,   0x65,   0x71,   0x75,   0x65,   0x6e,   0x74,
  0x69,   0x61,   0x6c,   0x5f,   0x31,   0x2f,   0x6c,   0x73,   0x74,   0x6d,   0x5f,   0x31,
  0x2f,   0x75,   0x6e,   0x73,   0x74,   0x61,   0x63,   0x6b,   0x31,   0x34,   0x3b,   0x73,
  0x65,   0x71,   0x75,   0x65,   0x6e,   0x74,   0x69,   0x61,   0x6c,   0x5f,   0x31,   0x2f,
  0x6c,   0x73,   0x74,   0x6d,   0x5f,   0x31,   0x2f,   0x75,   0x6e,   0x73,   0x74,   0x61,
  0x63,   0x6b,   0x31,   0x35,   0x3b,   0x73,   0x65,   0x71,   0x75,   0x65,   0x6e,   0x74,
  0x69,   0x61,   0x6c,   0x5f,   0x31,   0x2f,   0x6c,   0x73,   0x74,   0x6d,   0x5f,   0x31,
  0x2f,   0x75,   0x6e,   0x73,   0x74,   0x61,   0x63,   0x6b,   0x31,   0x36,   0x3b,   0x73,
  0x65,   0x71,   0x75,   0x65,   0x6e,   0x74,   0x69,   0x61,   0x6c,   0x5f,   0x31,   0x2f,
  0x6c,   0x73,   0x74,   0x6d,   0x5f,   0x31,   0x2f,   0x75,   0x6e,   0x73,   0x74,   0x61,
  0x63,   0x6b,   0x31,   0x37,   0x31,   0x32,   0x00,   0x00,   0x02,   0x00,   0x00,   0x00,
  0x01,   0x00,   0x00,   0x00,   0x08,   0x00,   0x00,   0x00,   0xa2,   0xe1,   0xff,   0xff,
  0x00,   0x00,   0x00,   0x01,   0x18,   0x00,   0x00,   0x00,   0x20,   0x00,   0x00,   0x00,
  0x3c,   0x00,   0x00,   0x00,   0x1e,   0x00,   0x00,   0x00,   0x00,   0x00,   0x00,   0x09,
  0x48,   0x02,   0x00,   0x00,   0x02,   0x00,   0x00,   0x00,   0xff,   0xff,   0xff,   0xff,
  0x08,   0x00,   0x00,   0x00,   0xec,   0xd0,   0xff,   0xff,   0x08,   0x00,   0x00,   0x00,
  0x10,   0x00,   0x00,   0x00,   0x01,   0x00,   0x00,   0x00,   0x80,   0xff,   0xff,   0xff,
  0xff,   0xff,   0xff,   0xff,   0x01,   0x00,   0x00,   0x00,   0x81,   0x80,   0x80,   0x3b,
  0x12,   0x02,   0x00,   0x00,   0x73,   0x65,   0x71,   0x75,   0x65,   0x6e,   0x74,   0x69,
  0x61,   0x6c,   0x5f,   0x31,   0x2f,   0x6c,   0x73,   0x74,   0x6d,   0x5f,   0x31,   0x2f,
  0x75,   0x6e,   0x73,   0x74,   0x61,   0x63,   0x6b,   0x3b,   0x73,   0x65,   0x71,   0x75,
  0x65,   0x6e,   0x74,   0x69,   0x61,   0x6c,   0x5f,   0x31,   0x2f,   0x6c,   0x73,   0x74,
  0x6d,   0x5f,   0x31,   0x2f,   0x75,   0x6e,   0x73,   0x74,   0x61,   0x63,   0x6b,   0x31,
  0x3b,   0x73,   0x65,   0x71,   0x75,   0x65,   0x6e,   0x74,   0x69,   0x61,   0x6c,   0x5f,
  0x31,   0x2f,   0x6c,   0x73,   0x74,   0x6d,   0x5f,   0x31,   0x2f,   0x75,   0x6e,   0x73,
  0x74,   0x61,   0x63,   0x6b,   0x32,   0x3b,   0x73,   0x65,   0x71,   0x75,   0x65,   0x6e,
  0x74,   0x69,   0x61,   0x6c,   0x5f,   0x31,   0x2f,   0x6c,   0x73,   0x74,   0x6d,   0x5f,
  0x31,   0x2f,   0x75,   0x6e,   0x73,   0x74,   0x61,   0x63,   0x6b,   0x33,   0x3b,   0x73,
  0x65,   0x71,   0x75,   0x65,   0x6e,   0x74,   0x69,   0x61,   0x6c,   0x5f,   0x31,   0x2f,
  0x6c,   0x73,   0x74,   0x6d,   0x5f,   0x31,   0x2f,   0x75,   0x6e,   0x73,   0x74,   0x61,
  0x63,   0x6b,   0x34,   0x3b,   0x73,   0x65,   0x71,   0x75,   0x65,   0x6e,   0x74,   0x69,
  0x61,   0x6c,   0x5f,   0x31,   0x2f,   0x6c,   0x73,   0x74,   0x6d,   0x5f,   0x31,   0x2f,
  0x75,   0x6e,   0x73,   0x74,   0x61,   0x63,   0x6b,   0x35,   0x3b,   0x73,   0x65,   0x71,
  0x75,   0x65,   0x6e,   0x74,   0x69,   0x61,   0x6c,   0x5f,   0x31,   0x2f,   0x6c,   0x73,
  0x74,   0x6d,   0x5f,   0x31,   0x2f,   0x75,   0x6e,   0x73,   0x74,   0x61,   0x63,   0x6b,
  0x36,   0x3b,   0x73,   0x65,   0x71,   0x75,   0x65,   0x6e,   0x74,   0x69,   0x61,   0x6c,
  0x5f,   0x31,   0x2f,   0x6c,   0x73,   0x74,   0x6d,   0x5f,   0x31,   0x2f,   0x75,   0x6e,
  0x73,   0x74,   0x61,   0x63,   0x6b,   0x37,   0x3b,   0x73,   0x65,   0x71,   0x75,   0x65,
  0x6e,   0x74,   0x69,   0x61,   0x6c,   0x5f,   0x31,   0x2f,   0x6c,   0x73,   0x74,   0x6d,
  0x5f,   0x31,   0x2f,   0x75,   0x6e,   0x73,   0x74,   0x61,   0x63,   0x6b,   0x38,   0x3b,
  0x73,   0x65,   0x71,   0x75,   0x65,   0x6e,   0x74,   0x69,   0x61,   0x6c,   0x5f,   0x31,
  0x2f,   0x6c,   0x73,   0x74,   0x6d,   0x5f,   0x31,   0x2f,   0x75,   0x6e,   0x73,   0x74,
  0x61,   0x63,   0x6b,   0x39,   0x3b,   0x73,   0x65,   0x71,   0x75,   0x65,   0x6e,   0x74,
  0x69,   0x61,   0x6c,   0x5f,   0x31,   0x2f,   0x6c,   0x73,   0x74,   0x6d,   0x5f,   0x31,
  0x2f,   0x75,   0x6e,   0x73,   0x74,   0x61,   0x63,   0x6b,   0x31,   0x30,   0x3b,   0x73,
  0x65,   0x71,   0x75,   0x65,   0x6e,   0x74,   0x69,   0x61,   0x6c,   0x5f,   0x31,   0x2f,
  0x6c,   0x73,   0x74,   0x6d,   0x5f,   0x31,   0x2f,   0x75,   0x6e,   0x73,   0x74,   0x61,
  0x63,   0x6b,   0x31,   0x31,   0x3b,   0x73,   0x65,   0x71,   0x75,   0x65,   0x6e,   0x74,
  0x69,   0x61,   0x6c,   0x5f,   0x31,   0x2f,   0x6c,   0x73,   0x74,   0x6d,   0x5f,   0x31,
  0x2f,   0x75,   0x6e,   0x73,   0x74,   0x61,   0x63,   0x6b,   0x31,   0x32,   0x3b,   0x73,
  0x65,   0x71,   0x75,   0x65,   0x6e,   0x74,   0x69,   0x61,   0x6c,   0x5f,   0x31,   0x2f,
  0x6c,   0x73,   0x74,   0x6d,   0x5f,   0x31,   0x2f,   0x75,   0x6e,   0x73,   0x74,   0x61,
  0x63,   0x6b,   0x31,   0x33,   0x3b,   0x73,   0x65,   0x71,   0x75,   0x65,   0x6e,   0x74,
  0x69,   0x61,   0x6c,   0x5f,   0x31,   0x2f,   0x6c,   0x73,   0x74,   0x6d,   0x5f,   0x31,
  0x2f,   0x75,   0x6e,   0x73,   0x74,   0x61,   0x63,   0x6b,   0x31,   0x34,   0x3b,   0x73,
  0x65,   0x71,   0x75,   0x65,   0x6e,   0x74,   0x69,   0x61,   0x6c,   0x5f,   0x31,   0x2f,
  0x6c,   0x73,   0x74,   0x6d,   0x5f,   0x31,   0x2f,   0x75,   0x6e,   0x73,   0x74,   0x61,
  0x63,   0x6b,   0x31,   0x35,   0x3b,   0x73,   0x65,   0x71,   0x75,   0x65,   0x6e,   0x74,
  0x69,   0x61,   0x6c,   0x5f,   0x31,   0x2f,   0x6c,   0x73,   0x74,   0x6d,   0x5f,   0x31,
  0x2f,   0x75,   0x6e,   0x73,   0x74,   0x61,   0x63,   0x6b,   0x31,   0x36,   0x3b,   0x73,
  0x65,   0x71,   0x75,   0x65,   0x6e,   0x74,   0x69,   0x61,   0x6c,   0x5f,   0x31,   0x2f,
  0x6c,   0x73,   0x74,   0x6d,   0x5f,   0x31,   0x2f,   0x75,   0x6e,   0x73,   0x74,   0x61,
  0x63,   0x6b,   0x31,   0x37,   0x31,   0x31,   0x00,   0x00,   0x02,   0x00,   0x00,   0x00,
  0x01,   0x00,   0x00,   0x00,   0x08,   0x00,   0x00,   0x00,   0x12,   0xe4,   0xff,   0xff,
  0x00,   0x00,   0x00,   0x01,   0x18,   0x00,   0x00,   0x00,   0x20,   0x00,   0x00,   0x00,
  0x3c,   0x00,   0x00,   0x00,   0x1d,   0x00,   0x00,   0x00,   0x00,   0x00,   0x00,   0x09,
  0x48,   0x02,   0x00,   0x00,   0x02,   0x00,   0x00,   0x00,   0xff,   0xff,   0xff,   0xff,
  0x08,   0x00,   0x00,   0x00,   0x5c,   0xd3,   0xff,   0xff,   0x08,   0x00,   0x00,   0x00,
  0x10,   0x00,   0x00,   0x00,   0x01,   0x00,   0x00,   0x00,   0x80,   0xff,   0xff,   0xff,
  0xff,   0xff,   0xff,   0xff,   0x01,   0x00,   0x00,   0x00,   0x81,   0x80,   0x80,   0x3b,
  0x12,   0x02,   0x00,   0x00,   0x73,   0x65,   0x71,   0x75,   0x65,   0x6e,   0x74,   0x69,
  0x61,   0x6c,   0x5f,   0x31,   0x2f,   0x6c,   0x73,   0x74,   0x6d,   0x5f,   0x31,   0x2f,
  0x75,   0x6e,   0x73,   0x74,   0x61,   0x63,   0x6b,   0x3b,   0x73,   0x65,   0x71,   0x75,
  0x65,   0x6e,   0x74,   0x69,   0x61,   0x6c,   0x5f,   0x31,   0x2f,   0x6c,   0x73,   0x74,
  0x6d,   0x5f,   0x31,   0x2f,   0x75,   0x6e,   0x73,   0x74,   0x61,   0x63,   0x6b,   0x31,
  0x3b,   0x73,   0x65,   0x71,   0x75,   0x65,   0x6e,   0x74,   0x69,   0x61,   0x6c,   0x5f,
  0x31,   0x2f,   0x6c,   0x73,   0x74,   0x6d,   0x5f,   0x31,   0x2f,   0x75,   0x6e,   0x73,
  0x74,   0x61,   0x63,   0x6b,   0x32,   0x3b,   0x73,   0x65,   0x71,   0x75,   0x65,   0x6e,
  0x74,   0x69,   0x61,   0x6c,   0x5f,   0x31,   0x2f,   0x6c,   0x73,   0x74,   0x6d,   0x5f,
  0x31,   0x2f,   0x75,   0x6e,   0x73,   0x74,   0x61,   0x63,   0x6b,   0x33,   0x3b,   0x73,
  0x65,   0x71,   0x75,   0x65,   0x6e,   0x74,   0x69,   0x61,   0x6c,   0x5f,   0x31,   0x2f,
  0x6c,   0x73,   0x74,   0x6d,   0x5f,   0x31,   0x2f,   0x75,   0x6e,   0x73,   0x74,   0x61,
  0x63,   0x6b,   0x34,   0x3b,   0x73,   0x65,   0x71,   0x75,   0x65,   0x6e,   0x74,   0x69,
  0x61,   0x6c,   0x5f,   0x31,   0x2f,   0x6c,   0x73,   0x74,   0x6d,   0x5f,   0x31,   0x2f,
  0x75,   0x6e,   0x73,   0x74,   0x61,   0x63,   0x6b,   0x35,   0x3b,   0x73,   0x65,   0x71,
  0x75,   0x65,   0x6e,   0x74,   0x69,   0x61,   0x6c,   0x5f,   0x31,   0x2f,   0x6c,   0x73,
  0x74,   0x6d,   0x5f,   0x31,   0x2f,   0x75,   0x6e,   0x73,   0x74,   0x61,   0x63,   0x6b,
  0x36,   0x3b,   0x73,   0x65,   0x71,   0x75,   0x65,   0x6e,   0x74,   0x69,   0x61,   0x6c,
  0x5f,   0x31,   0x2f,   0x6c,   0x73,   0x74,   0x6d,   0x5f,   0x31,   0x2f,   0x75,   0x6e,
  0x73,   0x74,   0x61,   0x63,   0x6b,   0x37,   0x3b,   0x73,   0x65,   0x71,   0x75,   0x65,
  0x6e,   0x74,   0x69,   0x61,   0x6c,   0x5f,   0x31,   0x2f,   0x6c,   0x73,   0x74,   0x6d,
  0x5f,   0x31,   0x2f,   0x75,   0x6e,   0x73,   0x74,   0x61,   0x63,   0x6b,   0x38,   0x3b,
  0x73,   0x65,   0x71,   0x75,   0x65,   0x6e,   0x74,   0x69,   0x61,   0x6c,   0x5f,   0x31,
  0x2f,   0x6c,   0x73,   0x74,   0x6d,   0x5f,   0x31,   0x2f,   0x75,   0x6e,   0x73,   0x74,
  0x61,   0x63,   0x6b,   0x39,   0x3b,   0x73,   0x65,   0x71,   0x75,   0x65,   0x6e,   0x74,
  0x69,   0x61,   0x6c,   0x5f,   0x31,   0x2f,   0x6c,   0x73,   0x74,   0x6d,   0x5f,   0x31,
  0x2f,   0x75,   0x6e,   0x73,   0x74,   0x61,   0x63,   0x6b,   0x31,   0x30,   0x3b,   0x73,
  0x65,   0x71,   0x75,   0x65,   0x6e,   0x74,   0x69,   0x61,   0x6c,   0x5f,   0x31,   0x2f,
  0x6c,   0x73,   0x74,   0x6d,   0x5f,   0x31,   0x2f,   0x75,   0x6e,   0x73,   0x74,   0x61,
  0x63,   0x6b,   0x31,   0x31,   0x3b,   0x73,   0x65,   0x71,   0x75,   0x65,   0x6e,   0x74,
  0x69,   0x61,   0x6c,   0x5f,   0x31,   0x2f,   0x6c,   0x73,   0x74,   0x6d,   0x5f,   0x31,
  0x2f,   0x75,   0x6e,   0x73,   0x74,   0x61,   0x63,   0x6b,   0x31,   0x32,   0x3b,   0x73,
  0x65,   0x71,   0x75,   0x65,   0x6e,   0x74,   0x69,   0x61,   0x6c,   0x5f,   0x31,   0x2f,
  0x6c,   0x73,   0x74,   0x6d,   0x5f,   0x31,   0x2f,   0x75,   0x6e,   0x73,   0x74,   0x61,
  0x63,   0x6b,   0x31,   0x33,   0x3b,   0x73,   0x65,   0x71,   0x75,   0x65,   0x6e,   0x74,
  0x69,   0x61,   0x6c,   0x5f,   0x31,   0x2f,   0x6c,   0x73,   0x74,   0x6d,   0x5f,   0x31,
  0x2f,   0x75,   0x6e,   0x73,   0x74,   0x61,   0x63,   0x6b,   0x31,   0x34,   0x3b,   0x73,
  0x65,   0x71,   0x75,   0x65,   0x6e,   0x74,   0x69,   0x61,   0x6c,   0x5f,   0x31,   0x2f,
  0x6c,   0x73,   0x74,   0x6d,   0x5f,   0x31,   0x2f,   0x75,   0x6e,   0x73,   0x74,   0x61,
  0x63,   0x6b,   0x31,   0x35,   0x3b,   0x73,   0x65,   0x71,   0x75,   0x65,   0x6e,   0x74,
  0x69,   0x61,   0x6c,   0x5f,   0x31,   0x2f,   0x6c,   0x73,   0x74,   0x6d,   0x5f,   0x31,
  0x2f,   0x75,   0x6e,   0x73,   0x74,   0x61,   0x63,   0x6b,   0x31,   0x36,   0x3b,   0x73,
  0x65,   0x71,   0x75,   0x65,   0x6e,   0x74,   0x69,   0x61,   0x6c,   0x5f,   0x31,   0x2f,
  0x6c,   0x73,   0x74,   0x6d,   0x5f,   0x31,   0x2f,   0x75,   0x6e,   0x73,   0x74,   0x61,
  0x63,   0x6b,   0x31,   0x37,   0x31,   0x30,   0x00,   0x00,   0x02,   0x00,   0x00,   0x00,
  0x01,   0x00,   0x00,   0x00,   0x08,   0x00,   0x00,   0x00,   0x82,   0xe6,   0xff,   0xff,
  0x00,   0x00,   0x00,   0x01,   0x18,   0x00,   0x00,   0x00,   0x20,   0x00,   0x00,   0x00,
  0x3c,   0x00,   0x00,   0x00,   0x1c,   0x00,   0x00,   0x00,   0x00,   0x00,   0x00,   0x09,
  0x48,   0x02,   0x00,   0x00,   0x02,   0x00,   0x00,   0x00,   0xff,   0xff,   0xff,   0xff,
  0x08,   0x00,   0x00,   0x00,   0xcc,   0xd5,   0xff,   0xff,   0x08,   0x00,   0x00,   0x00,
  0x10,   0x00,   0x00,   0x00,   0x01,   0x00,   0x00,   0x00,   0x80,   0xff,   0xff,   0xff,
  0xff,   0xff,   0xff,   0xff,   0x01,   0x00,   0x00,   0x00,   0x81,   0x80,   0x80,   0x3b,
  0x11,   0x02,   0x00,   0x00,   0x73,   0x65,   0x71,   0x75,   0x65,   0x6e,   0x74,   0x69,
  0x61,   0x6c,   0x5f,   0x31,   0x2f,   0x6c,   0x73,   0x74,   0x6d,   0x5f,   0x31,   0x2f,
  0x75,   0x6e,   0x73,   0x74,   0x61,   0x63,   0x6b,   0x3b,   0x73,   0x65,   0x71,   0x75,
  0x65,   0x6e,   0x74,   0x69,   0x61,   0x6c,   0x5f,   0x31,   0x2f,   0x6c,   0x73,   0x74,
  0x6d,   0x5f,   0x31,   0x2f,   0x75,   0x6e,   0x73,   0x74,   0x61,   0x63,   0x6b,   0x31,
  0x3b,   0x73,   0x65,   0x71,   0x75,   0x65,   0x6e,   0x74,   0x69,   0x61,   0x6c,   0x5f,
  0x31,   0x2f,   0x6c,   0x73,   0x74,   0x6d,   0x5f,   0x31,   0x2f,   0x75,   0x6e,   0x73,
  0x74,   0x61,   0x63,   0x6b,   0x32,   0x3b,   0x73,   0x65,   0x71,   0x75,   0x65,   0x6e,
  0x74,   0x69,   0x61,   0x6c,   0x5f,   0x31,   0x2f,   0x6c,   0x73,   0x74,   0x6d,   0x5f,
  0x31,   0x2f,   0x75,   0x6e,   0x73,   0x74,   0x61,   0x63,   0x6b,   0x33,   0x3b,   0x73,
  0x65,   0x71,   0x75,   0x65,   0x6e,   0x74,   0x69,   0x61,   0x6c,   0x5f,   0x31,   0x2f,
  0x6c,   0x73,   0x74,   0x6d,   0x5f,   0x31,   0x2f,   0x75,   0x6e,   0x73,   0x74,   0x61,
  0x63,   0x6b,   0x34,   0x3b,   0x73,   0x65,   0x71,   0x75,   0x65,   0x6e,   0x74,   0x69,
  0x61,   0x6c,   0x5f,   0x31,   0x2f,   0x6c,   0x73,   0x74,   0x6d,   0x5f,   0x31,   0x2f,
  0x75,   0x6e,   0x73,   0x74,   0x61,   0x63,   0x6b,   0x35,   0x3b,   0x73,   0x65,   0x71,
  0x75,   0x65,   0x6e,   0x74,   0x69,   0x61,   0x6c,   0x5f,   0x31,   0x2f,   0x6c,   0x73,
  0x74,   0x6d,   0x5f,   0x31,   0x2f,   0x75,   0x6e,   0x73,   0x74,   0x61,   0x63,   0x6b,
  0x36,   0x3b,   0x73,   0x65,   0x71,   0x75,   0x65,   0x6e,   0x74,   0x69,   0x61,   0x6c,
  0x5f,   0x31,   0x2f,   0x6c,   0x73,   0x74,   0x6d,   0x5f,   0x31,   0x2f,   0x75,   0x6e,
  0x73,   0x74,   0x61,   0x63,   0x6b,   0x37,   0x3b,   0x73,   0x65,   0x71,   0x75,   0x65,
  0x6e,   0x74,   0x69,   0x61,   0x6c,   0x5f,   0x31,   0x2f,   0x6c,   0x73,   0x74,   0x6d,
  0x5f,   0x31,   0x2f,   0x75,   0x6e,   0x73,   0x74,   0x61,   0x63,   0x6b,   0x38,   0x3b,
  0x73,   0x65,   0x71,   0x75,   0x65,   0x6e,   0x74,   0x69,   0x61,   0x6c,   0x5f,   0x31,
  0x2f,   0x6c,   0x73,   0x74,   0x6d,   0x5f,   0x31,   0x2f,   0x75,   0x6e,   0x73,   0x74,
  0x61,   0x63,   0x6b,   0x39,   0x3b,   0x73,   0x65,   0x71,   0x75,   0x65,   0x6e,   0x74,
  0x69,   0x61,   0x6c,   0x5f,   0x31,   0x2f,   0x6c,   0x73,   0x74,   0x6d,   0x5f,   0x31,
  0x2f,   0x75,   0x6e,   0x73,   0x74,   0x61,   0x63,   0x6b,   0x31,   0x30,   0x3b,   0x73,
  0x65,   0x71,   0x75,   0x65,   0x6e,   0x74,   0x69,   0x61,   0x6c,   0x5f,   0x31,   0x2f,
  0x6c,   0x73,   0x74,   0x6d,   0x5f,   0x31,   0x2f,   0x75,   0x6e,   0x73,   0x74,   0x61,
  0x63,   0x6b,   0x31,   0x31,   0x3b,   0x73,   0x65,   0x71,   0x75,   0x65,   0x6e,   0x74,
  0x69,   0x61,   0x6c,   0x5f,   0x31,   0x2f,   0x6c,   0x73,   0x74,   0x6d,   0x5f,   0x31,
  0x2f,   0x75,   0x6e,   0x73,   0x74,   0x61,   0x63,   0x6b,   0x31,   0x32,   0x3b,   0x73,
  0x65,   0x71,   0x75,   0x65,   0x6e,   0x74,   0x69,   0x61,   0x6c,   0x5f,   0x31,   0x2f,
  0x6c,   0x73,   0x74,   0x6d,   0x5f,   0x31,   0x2f,   0x75,   0x6e,   0x73,   0x74,   0x61,
  0x63,   0x6b,   0x31,   0x33,   0x3b,   0x73,   0x65,   0x71,   0x75,   0x65,   0x6e,   0x74,
  0x69,   0x61,   0x6c,   0x5f,   0x31,   0x2f,   0x6c,   0x73,   0x74,   0x6d,   0x5f,   0x31,
  0x2f,   0x75,   0x6e,   0x73,   0x74,   0x61,   0x63,   0x6b,   0x31,   0x34,   0x3b,   0x73,
  0x65,   0x71,   0x75,   0x65,   0x6e,   0x74,   0x69,   0x61,   0x6c,   0x5f,   0x31,   0x2f,
  0x6c,   0x73,   0x74,   0x6d,   0x5f,   0x31,   0x2f,   0x75,   0x6e,   0x73,   0x74,   0x61,
  0x63,   0x6b,   0x31,   0x35,   0x3b,   0x73,   0x65,   0x71,   0x75,   0x65,   0x6e,   0x74,
  0x69,   0x61,   0x6c,   0x5f,   0x31,   0x2f,   0x6c,   0x73,   0x74,   0x6d,   0x5f,   0x31,
  0x2f,   0x75,   0x6e,   0x73,   0x74,   0x61,   0x63,   0x6b,   0x31,   0x36,   0x3b,   0x73,
  0x65,   0x71,   0x75,   0x65,   0x6e,   0x74,   0x69,   0x61,   0x6c,   0x5f,   0x31,   0x2f,
  0x6c,   0x73,   0x74,   0x6d,   0x5f,   0x31,   0x2f,   0x75,   0x6e,   0x73,   0x74,   0x61,
  0x63,   0x6b,   0x31,   0x37,   0x39,   0x00,   0x00,   0x00,   0x02,   0x00,   0x00,   0x00,
  0x01,   0x00,   0x00,   0x00,   0x08,   0x00,   0x00,   0x00,   0xf2,   0xe8,   0xff,   0xff,
  0x00,   0x00,   0x00,   0x01,   0x18,   0x00,   0x00,   0x00,   0x20,   0x00,   0x00,   0x00,
  0x3c,   0x00,   0x00,   0x00,   0x1b,   0x00,   0x00,   0x00,   0x00,   0x00,   0x00,   0x09,
  0x48,   0x02,   0x00,   0x00,   0x02,   0x00,   0x00,   0x00,   0xff,   0xff,   0xff,   0xff,
  0x08,   0x00,   0x00,   0x00,   0x3c,   0xd8,   0xff,   0xff,   0x08,   0x00,   0x00,   0x00,
  0x10,   0x00,   0x00,   0x00,   0x01,   0x00,   0x00,   0x00,   0x80,   0xff,   0xff,   0xff,
  0xff,   0xff,   0xff,   0xff,   0x01,   0x00,   0x00,   0x00,   0x81,   0x80,   0x80,   0x3b,
  0x11,   0x02,   0x00,   0x00,   0x73,   0x65,   0x71,   0x75,   0x65,   0x6e,   0x74,   0x69,
  0x61,   0x6c,   0x5f,   0x31,   0x2f,   0x6c,   0x73,   0x74,   0x6d,   0x5f,   0x31,   0x2f,
  0x75,   0x6e,   0x73,   0x74,   0x61,   0x63,   0x6b,   0x3b,   0x73,   0x65,   0x71,   0x75,
  0x65,   0x6e,   0x74,   0x69,   0x61,   0x6c,   0x5f,   0x31,   0x2f,   0x6c,   0x73,   0x74,
  0x6d,   0x5f,   0x31,   0x2f,   0x75,   0x6e,   0x73,   0x74,   0x61,   0x63,   0x6b,   0x31,
  0x3b,   0x73,   0x65,   0x71,   0x75,   0x65,   0x6e,   0x74,   0x69,   0x61,   0x6c,   0x5f,
  0x31,   0x2f,   0x6c,   0x73,   0x74,   0x6d,   0x5f,   0x31,   0x2f,   0x75,   0x6e,   0x73,
  0x74,   0x61,   0x63,   0x6b,   0x32,   0x3b,   0x73,   0x65,   0x71,   0x75,   0x65,   0x6e,
  0x74,   0x69,   0x61,   0x6c,   0x5f,   0x31,   0x2f,   0x6c,   0x73,   0x74,   0x6d,   0x5f,
  0x31,   0x2f,   0x75,   0x6e,   0x73,   0x74,   0x61,   0x63,   0x6b,   0x33,   0x3b,   0x73,
  0x65,   0x71,   0x75,   0x65,   0x6e,   0x74,   0x69,   0x61,   0x6c,   0x5f,   0x31,   0x2f,
  0x6c,   0x73,   0x74,   0x6d,   0x5f,   0x31,   0x2f,   0x75,   0x6e,   0x73,   0x74,   0x61,
  0x63,   0x6b,   0x34,   0x3b,   0x73,   0x65,   0x71,   0x75,   0x65,   0x6e,   0x74,   0x69,
  0x61,   0x6c,   0x5f,   0x31,   0x2f,   0x6c,   0x73,   0x74,   0x6d,   0x5f,   0x31,   0x2f,
  0x75,   0x6e,   0x73,   0x74,   0x61,   0x63,   0x6b,   0x35,   0x3b,   0x73,   0x65,   0x71,
  0x75,   0x65,   0x6e,   0x74,   0x69,   0x61,   0x6c,   0x5f,   0x31,   0x2f,   0x6c,   0x73,
  0x74,   0x6d,   0x5f,   0x31,   0x2f,   0x75,   0x6e,   0x73,   0x74,   0x61,   0x63,   0x6b,
  0x36,   0x3b,   0x73,   0x65,   0x71,   0x75,   0x65,   0x6e,   0x74,   0x69,   0x61,   0x6c,
  0x5f,   0x31,   0x2f,   0x6c,   0x73,   0x74,   0x6d,   0x5f,   0x31,   0x2f,   0x75,   0x6e,
  0x73,   0x74,   0x61,   0x63,   0x6b,   0x37,   0x3b,   0x73,   0x65,   0x71,   0x75,   0x65,
  0x6e,   0x74,   0x69,   0x61,   0x6c,   0x5f,   0x31,   0x2f,   0x6c,   0x73,   0x74,   0x6d,
  0x5f,   0x31,   0x2f,   0x75,   0x6e,   0x73,   0x74,   0x61,   0x63,   0x6b,   0x38,   0x3b,
  0x73,   0x65,   0x71,   0x75,   0x65,   0x6e,   0x74,   0x69,   0x61,   0x6c,   0x5f,   0x31,
  0x2f,   0x6c,   0x73,   0x74,   0x6d,   0x5f,   0x31,   0x2f,   0x75,   0x6e,   0x73,   0x74,
  0x61,   0x63,   0x6b,   0x39,   0x3b,   0x73,   0x65,   0x71,   0x75,   0x65,   0x6e,   0x74,
  0x69,   0x61,   0x6c,   0x5f,   0x31,   0x2f,   0x6c,   0x73,   0x74,   0x6d,   0x5f,   0x31,
  0x2f,   0x75,   0x6e,   0x73,   0x74,   0x61,   0x63,   0x6b,   0x31,   0x30,   0x3b,   0x73,
  0x65,   0x71,   0x75,   0x65,   0x6e,   0x74,   0x69,   0x61,   0x6c,   0x5f,   0x31,   0x2f,
  0x6c,   0x73,   0x74,   0x6d,   0x5f,   0x31,   0x2f,   0x75,   0x6e,   0x73,   0x74,   0x61,
  0x63,   0x6b,   0x31,   0x31,   0x3b,   0x73,   0x65,   0x71,   0x75,   0x65,   0x6e,   0x74,
  0x69,   0x61,   0x6c,   0x5f,   0x31,   0x2f,   0x6c,   0x73,   0x74,   0x6d,   0x5f,   0x31,
  0x2f,   0x75,   0x6e,   0x73,   0x74,   0x61,   0x63,   0x6b,   0x31,   0x32,   0x3b,   0x73,
  0x65,   0x71,   0x75,   0x65,   0x6e,   0x74,   0x69,   0x61,   0x6c,   0x5f,   0x31,   0x2f,
  0x6c,   0x73,   0x74,   0x6d,   0x5f,   0x31,   0x2f,   0x75,   0x6e,   0x73,   0x74,   0x61,
  0x63,   0x6b,   0x31,   0x33,   0x3b,   0x73,   0x65,   0x71,   0x75,   0x65,   0x6e,   0x74,
  0x69,   0x61,   0x6c,   0x5f,   0x31,   0x2f,   0x6c,   0x73,   0x74,   0x6d,   0x5f,   0x31,
  0x2f,   0x75,   0x6e,   0x73,   0x74,   0x61,   0x63,   0x6b,   0x31,   0x34,   0x3b,   0x73,
  0x65,   0x71,   0x75,   0x65,   0x6e,   0x74,   0x69,   0x61,   0x6c,   0x5f,   0x31,   0x2f,
  0x6c,   0x73,   0x74,   0x6d,   0x5f,   0x31,   0x2f,   0x75,   0x6e,   0x73,   0x74,   0x61,
  0x63,   0x6b,   0x31,   0x35,   0x3b,   0x73,   0x65,   0x71,   0x75,   0x65,   0x6e,   0x74,
  0x69,   0x61,   0x6c,   0x5f,   0x31,   0x2f,   0x6c,   0x73,   0x74,   0x6d,   0x5f,   0x31,
  0x2f,   0x75,   0x6e,   0x73,   0x74,   0x61,   0x63,   0x6b,   0x31,   0x36,   0x3b,   0x73,
  0x65,   0x71,   0x75,   0x65,   0x6e,   0x74,   0x69,   0x61,   0x6c,   0x5f,   0x31,   0x2f,
  0x6c,   0x73,   0x74,   0x6d,   0x5f,   0x31,   0x2f,   0x75,   0x6e,   0x73,   0x74,   0x61,
  0x63,   0x6b,   0x31,   0x37,   0x38,   0x00,   0x00,   0x00,   0x02,   0x00,   0x00,   0x00,
  0x01,   0x00,   0x00,   0x00,   0x08,   0x00,   0x00,   0x00,   0x62,   0xeb,   0xff,   0xff,
  0x00,   0x00,   0x00,   0x01,   0x18,   0x00,   0x00,   0x00,   0x20,   0x00,   0x00,   0x00,
  0x3c,   0x00,   0x00,   0x00,   0x1a,   0x00,   0x00,   0x00,   0x00,   0x00,   0x00,   0x09,
  0x48,   0x02,   0x00,   0x00,   0x02,   0x00,   0x00,   0x00,   0xff,   0xff,   0xff,   0xff,
  0x08,   0x00,   0x00,   0x00,   0xac,   0xda,   0xff,   0xff,   0x08,   0x00,   0x00,   0x00,
  0x10,   0x00,   0x00,   0x00,   0x01,   0x00,   0x00,   0x00,   0x80,   0xff,   0xff,   0xff,
  0xff,   0xff,   0xff,   0xff,   0x01,   0x00,   0x00,   0x00,   0x81,   0x80,   0x80,   0x3b,
  0x11,   0x02,   0x00,   0x00,   0x73,   0x65,   0x71,   0x75,   0x65,   0x6e,   0x74,   0x69,
  0x61,   0x6c,   0x5f,   0x31,   0x2f,   0x6c,   0x73,   0x74,   0x6d,   0x5f,   0x31,   0x2f,
  0x75,   0x6e,   0x73,   0x74,   0x61,   0x63,   0x6b,   0x3b,   0x73,   0x65,   0x71,   0x75,
  0x65,   0x6e,   0x74,   0x69,   0x61,   0x6c,   0x5f,   0x31,   0x2f,   0x6c,   0x73,   0x74,
  0x6d,   0x5f,   0x31,   0x2f,   0x75,   0x6e,   0x73,   0x74,   0x61,   0x63,   0x6b,   0x31,
  0x3b,   0x73,   0x65,   0x71,   0x75,   0x65,   0x6e,   0x74,   0x69,   0x61,   0x6c,   0x5f,
  0x31,   0x2f,   0x6c,   0x73,   0x74,   0x6d,   0x5f,   0x31,   0x2f,   0x75,   0x6e,   0x73,
  0x74,   0x61,   0x63,   0x6b,   0x32,   0x3b,   0x73,   0x65,   0x71,   0x75,   0x65,   0x6e,
  0x74,   0x69,   0x61,   0x6c,   0x5f,   0x31,   0x2f,   0x6c,   0x73,   0x74,   0x6d,   0x5f,
  0x31,   0x2f,   0x75,   0x6e,   0x73,   0x74,   0x61,   0x63,   0x6b,   0x33,   0x3b,   0x73,
  0x65,   0x71,   0x75,   0x65,   0x6e,   0x74,   0x69,   0x61,   0x6c,   0x5f,   0x31,   0x2f,
  0x6c,   0x73,   0x74,   0x6d,   0x5f,   0x31,   0x2f,   0x75,   0x6e,   0x73,   0x74,   0x61,
  0x63,   0x6b,   0x34,   0x3b,   0x73,   0x65,   0x71,   0x75,   0x65,   0x6e,   0x74,   0x69,
  0x61,   0x6c,   0x5f,   0x31,   0x2f,   0x6c,   0x73,   0x74,   0x6d,   0x5f,   0x31,   0x2f,
  0x75,   0x6e,   0x73,   0x74,   0x61,   0x63,   0x6b,   0x35,   0x3b,   0x73,   0x65,   0x71,
  0x75,   0x65,   0x6e,   0x74,   0x69,   0x61,   0x6c,   0x5f,   0x31,   0x2f,   0x6c,   0x73,
  0x74,   0x6d,   0x5f,   0x31,   0x2f,   0x75,   0x6e,   0x73,   0x74,   0x61,   0x63,   0x6b,
  0x36,   0x3b,   0x73,   0x65,   0x71,   0x75,   0x65,   0x6e,   0x74,   0x69,   0x61,   0x6c,
  0x5f,   0x31,   0x2f,   0x6c,   0x73,   0x74,   0x6d,   0x5f,   0x31,   0x2f,   0x75,   0x6e,
  0x73,   0x74,   0x61,   0x63,   0x6b,   0x37,   0x3b,   0x73,   0x65,   0x71,   0x75,   0x65,
  0x6e,   0x74,   0x69,   0x61,   0x6c,   0x5f,   0x31,   0x2f,   0x6c,   0x73,   0x74,   0x6d,
  0x5f,   0x31,   0x2f,   0x75,   0x6e,   0x73,   0x74,   0x61,   0x63,   0x6b,   0x38,   0x3b,
  0x73,   0x65,   0x71,   0x75,   0x65,   0x6e,   0x74,   0x69,   0x61,   0x6c,   0x5f,   0x31,
  0x2f,   0x6c,   0x73,   0x74,   0x6d,   0x5f,   0x31,   0x2f,   0x75,   0x6e,   0x73,   0x74,
  0x61,   0x63,   0x6b,   0x39,   0x3b,   0x73,   0x65,   0x71,   0x75,   0x65,   0x6e,   0x74,
  0x69,   0x61,   0x6c,   0x5f,   0x31,   0x2f,   0x6c,   0x73,   0x74,   0x6d,   0x5f,   0x31,
  0x2f,   0x75,   0x6e,   0x73,   0x74,   0x61,   0x63,   0x6b,   0x31,   0x30,   0x3b,   0x73,
  0x65,   0x71,   0x75,   0x65,   0x6e,   0x74,   0x69,   0x61,   0x6c,   0x5f,   0x31,   0x2f,
  0x6c,   0x73,   0x74,   0x6d,   0x5f,   0x31,   0x2f,   0x75,   0x6e,   0x73,   0x74,   0x61,
  0x63,   0x6b,   0x31,   0x31,   0x3b,   0x73,   0x65,   0x71,   0x75,   0x65,   0x6e,   0x74,
  0x69,   0x61,   0x6c,   0x5f,   0x31,   0x2f,   0x6c,   0x73,   0x74,   0x6d,   0x5f,   0x31,
  0x2f,   0x75,   0x6e,   0x73,   0x74,   0x61,   0x63,   0x6b,   0x31,   0x32,   0x3b,   0x73,
  0x65,   0x71,   0x75,   0x65,   0x6e,   0x74,   0x69,   0x61,   0x6c,   0x5f,   0x31,   0x2f,
  0x6c,   0x73,   0x74,   0x6d,   0x5f,   0x31,   0x2f,   0x75,   0x6e,   0x73,   0x74,   0x61,
  0x63,   0x6b,   0x31,   0x33,   0x3b,   0x73,   0x65,   0x71,   0x75,   0x65,   0x6e,   0x74,
  0x69,   0x61,   0x6c,   0x5f,   0x31,   0x2f,   0x6c,   0x73,   0x74,   0x6d,   0x5f,   0x31,
  0x2f,   0x75,   0x6e,   0x73,   0x74,   0x61,   0x63,   0x6b,   0x31,   0x34,   0x3b,   0x73,
  0x65,   0x71,   0x75,   0x65,   0x6e,   0x74,   0x69,   0x61,   0x6c,   0x5f,   0x31,   0x2f,
  0x6c,   0x73,   0x74,   0x6d,   0x5f,   0x31,   0x2f,   0x75,   0x6e,   0x73,   0x74,   0x61,
  0x63,   0x6b,   0x31,   0x35,   0x3b,   0x73,   0x65,   0x71,   0x75,   0x65,   0x6e,   0x74,
  0x69,   0x61,   0x6c,   0x5f,   0x31,   0x2f,   0x6c,   0x73,   0x74,   0x6d,   0x5f,   0x31,
  0x2f,   0x75,   0x6e,   0x73,   0x74,   0x61,   0x63,   0x6b,   0x31,   0x36,   0x3b,   0x73,
  0x65,   0x71,   0x75,   0x65,   0x6e,   0x74,   0x69,   0x61,   0x6c,   0x5f,   0x31,   0x2f,
  0x6c,   0x73,   0x74,   0x6d,   0x5f,   0x31,   0x2f,   0x75,   0x6e,   0x73,   0x74,   0x61,
  0x63,   0x6b,   0x31,   0x37,   0x37,   0x00,   0x00,   0x00,   0x02,   0x00,   0x00,   0x00,
  0x01,   0x00,   0x00,   0x00,   0x08,   0x00,   0x00,   0x00,   0xd2,   0xed,   0xff,   0xff,
  0x00,   0x00,   0x00,   0x01,   0x18,   0x00,   0x00,   0x00,   0x20,   0x00,   0x00,   0x00,
  0x3c,   0x00,   0x00,   0x00,   0x19,   0x00,   0x00,   0x00,   0x00,   0x00,   0x00,   0x09,
  0x48,   0x02,   0x00,   0x00,   0x02,   0x00,   0x00,   0x00,   0xff,   0xff,   0xff,   0xff,
  0x08,   0x00,   0x00,   0x00,   0x1c,   0xdd,   0xff,   0xff,   0x08,   0x00,   0x00,   0x00,
  0x10,   0x00,   0x00,   0x00,   0x01,   0x00,   0x00,   0x00,   0x80,   0xff,   0xff,   0xff,
  0xff,   0xff,   0xff,   0xff,   0x01,   0x00,   0x00,   0x00,   0x81,   0x80,   0x80,   0x3b,
  0x11,   0x02,   0x00,   0x00,   0x73,   0x65,   0x71,   0x75,   0x65,   0x6e,   0x74,   0x69,
  0x61,   0x6c,   0x5f,   0x31,   0x2f,   0x6c,   0x73,   0x74,   0x6d,   0x5f,   0x31,   0x2f,
  0x75,   0x6e,   0x73,   0x74,   0x61,   0x63,   0x6b,   0x3b,   0x73,   0x65,   0x71,   0x75,
  0x65,   0x6e,   0x74,   0x69,   0x61,   0x6c,   0x5f,   0x31,   0x2f,   0x6c,   0x73,   0x74,
  0x6d,   0x5f,   0x31,   0x2f,   0x75,   0x6e,   0x73,   0x74,   0x61,   0x63,   0x6b,   0x31,
  0x3b,   0x73,   0x65,   0x71,   0x75,   0x65,   0x6e,   0x74,   0x69,   0x61,   0x6c,   0x5f,
  0x31,   0x2f,   0x6c,   0x73,   0x74,   0x6d,   0x5f,   0x31,   0x2f,   0x75,   0x6e,   0x73,
  0x74,   0x61,   0x63,   0x6b,   0x32,   0x3b,   0x73,   0x65,   0x71,   0x75,   0x65,   0x6e,
  0x74,   0x69,   0x61,   0x6c,   0x5f,   0x31,   0x2f,   0x6c,   0x73,   0x74,   0x6d,   0x5f,
  0x31,   0x2f,   0x75,   0x6e,   0x73,   0x74,   0x61,   0x63,   0x6b,   0x33,   0x3b,   0x73,
  0x65,   0x71,   0x75,   0x65,   0x6e,   0x74,   0x69,   0x61,   0x6c,   0x5f,   0x31,   0x2f,
  0x6c,   0x73,   0x74,   0x6d,   0x5f,   0x31,   0x2f,   0x75,   0x6e,   0x73,   0x74,   0x61,
  0x63,   0x6b,   0x34,   0x3b,   0x73,   0x65,   0x71,   0x75,   0x65,   0x6e,   0x74,   0x69,
  0x61,   0x6c,   0x5f,   0x31,   0x2f,   0x6c,   0x73,   0x74,   0x6d,   0x5f,   0x31,   0x2f,
  0x75,   0x6e,   0x73,   0x74,   0x61,   0x63,   0x6b,   0x35,   0x3b,   0x73,   0x65,   0x71,
  0x75,   0x65,   0x6e,   0x74,   0x69,   0x61,   0x6c,   0x5f,   0x31,   0x2f,   0x6c,   0x73,
  0x74,   0x6d,   0x5f,   0x31,   0x2f,   0x75,   0x6e,   0x73,   0x74,   0x61,   0x63,   0x6b,
  0x36,   0x3b,   0x73,   0x65,   0x71,   0x75,   0x65,   0x6e,   0x74,   0x69,   0x61,   0x6c,
  0x5f,   0x31,   0x2f,   0x6c,   0x73,   0x74,   0x6d,   0x5f,   0x31,   0x2f,   0x75,   0x6e,
  0x73,   0x74,   0x61,   0x63,   0x6b,   0x37,   0x3b,   0x73,   0x65,   0x71,   0x75,   0x65,
  0x6e,   0x74,   0x69,   0x61,   0x6c,   0x5f,   0x31,   0x2f,   0x6c,   0x73,   0x74,   0x6d,
  0x5f,   0x31,   0x2f,   0x75,   0x6e,   0x73,   0x74,   0x61,   0x63,   0x6b,   0x38,   0x3b,
  0x73,   0x65,   0x71,   0x75,   0x65,   0x6e,   0x74,   0x69,   0x61,   0x6c,   0x5f,   0x31,
  0x2f,   0x6c,   0x73,   0x74,   0x6d,   0x5f,   0x31,   0x2f,   0x75,   0x6e,   0x73,   0x74,
  0x61,   0x63,   0x6b,   0x39,   0x3b,   0x73,   0x65,   0x71,   0x75,   0x65,   0x6e,   0x74,
  0x69,   0x61,   0x6c,   0x5f,   0x31,   0x2f,   0x6c,   0x73,   0x74,   0x6d,   0x5f,   0x31,
  0x2f,   0x75,   0x6e,   0x73,   0x74,   0x61,   0x63,   0x6b,   0x31,   0x30,   0x3b,   0x73,
  0x65,   0x71,   0x75,   0x65,   0x6e,   0x74,   0x69,   0x61,   0x6c,   0x5f,   0x31,   0x2f,
  0x6c,   0x73,   0x74,   0x6d,   0x5f,   0x31,   0x2f,   0x75,   0x6e,   0x73,   0x74,   0x61,
  0x63,   0x6b,   0x31,   0x31,   0x3b,   0x73,   0x65,   0x71,   0x75,   0x65,   0x6e,   0x74,
  0x69,   0x61,   0x6c,   0x5f,   0x31,   0x2f,   0x6c,   0x73,   0x74,   0x6d,   0x5f,   0x31,
  0x2f,   0x75,   0x6e,   0x73,   0x74,   0x61,   0x63,   0x6b,   0x31,   0x32,   0x3b,   0x73,
  0x65,   0x71,   0x75,   0x65,   0x6e,   0x74,   0x69,   0x61,   0x6c,   0x5f,   0x31,   0x2f,
  0x6c,   0x73,   0x74,   0x6d,   0x5f,   0x31,   0x2f,   0x75,   0x6e,   0x73,   0x74,   0x61,
  0x63,   0x6b,   0x31,   0x33,   0x3b,   0x73,   0x65,   0x71,   0x75,   0x65,   0x6e,   0x74,
  0x69,   0x61,   0x6c,   0x5f,   0x31,   0x2f,   0x6c,   0x73,   0x74,   0x6d,   0x5f,   0x31,
  0x2f,   0x75,   0x6e,   0x73,   0x74,   0x61,   0x63,   0x6b,   0x31,   0x34,   0x3b,   0x73,
  0x65,   0x71,   0x75,   0x65,   0x6e,   0x74,   0x69,   0x61,   0x6c,   0x5f,   0x31,   0x2f,
  0x6c,   0x73,   0x74,   0x6d,   0x5f,   0x31,   0x2f,   0x75,   0x6e,   0x73,   0x74,   0x61,
  0x63,   0x6b,   0x31,   0x35,   0x3b,   0x73,   0x65,   0x71,   0x75,   0x65,   0x6e,   0x74,
  0x69,   0x61,   0x6c,   0x5f,   0x31,   0x2f,   0x6c,   0x73,   0x74,   0x6d,   0x5f,   0x31,
  0x2f,   0x75,   0x6e,   0x73,   0x74,   0x61,   0x63,   0x6b,   0x31,   0x36,   0x3b,   0x73,
  0x65,   0x71,   0x75,   0x65,   0x6e,   0x74,   0x69,   0x61,   0x6c,   0x5f,   0x31,   0x2f,
  0x6c,   0x73,   0x74,   0x6d,   0x5f,   0x31,   0x2f,   0x75,   0x6e,   0x73,   0x74,   0x61,
  0x63,   0x6b,   0x31,   0x37,   0x36,   0x00,   0x00,   0x00,   0x02,   0x00,   0x00,   0x00,
  0x01,   0x00,   0x00,   0x00,   0x08,   0x00,   0x00,   0x00,   0x42,   0xf0,   0xff,   0xff,
  0x00,   0x00,   0x00,   0x01,   0x18,   0x00,   0x00,   0x00,   0x20,   0x00,   0x00,   0x00,
  0x3c,   0x00,   0x00,   0x00,   0x18,   0x00,   0x00,   0x00,   0x00,   0x00,   0x00,   0x09,
  0x48,   0x02,   0x00,   0x00,   0x02,   0x00,   0x00,   0x00,   0xff,   0xff,   0xff,   0xff,
  0x08,   0x00,   0x00,   0x00,   0x8c,   0xdf,   0xff,   0xff,   0x08,   0x00,   0x00,   0x00,
  0x10,   0x00,   0x00,   0x00,   0x01,   0x00,   0x00,   0x00,   0x80,   0xff,   0xff,   0xff,
  0xff,   0xff,   0xff,   0xff,   0x01,   0x00,   0x00,   0x00,   0x81,   0x80,   0x80,   0x3b,
  0x11,   0x02,   0x00,   0x00,   0x73,   0x65,   0x71,   0x75,   0x65,   0x6e,   0x74,   0x69,
  0x61,   0x6c,   0x5f,   0x31,   0x2f,   0x6c,   0x73,   0x74,   0x6d,   0x5f,   0x31,   0x2f,
  0x75,   0x6e,   0x73,   0x74,   0x61,   0x63,   0x6b,   0x3b,   0x73,   0x65,   0x71,   0x75,
  0x65,   0x6e,   0x74,   0x69,   0x61,   0x6c,   0x5f,   0x31,   0x2f,   0x6c,   0x73,   0x74,
  0x6d,   0x5f,   0x31,   0x2f,   0x75,   0x6e,   0x73,   0x74,   0x61,   0x63,   0x6b,   0x31,
  0x3b,   0x73,   0x65,   0x71,   0x75,   0x65,   0x6e,   0x74,   0x69,   0x61,   0x6c,   0x5f,
  0x31,   0x2f,   0x6c,   0x73,   0x74,   0x6d,   0x5f,   0x31,   0x2f,   0x75,   0x6e,   0x73,
  0x74,   0x61,   0x63,   0x6b,   0x32,   0x3b,   0x73,   0x65,   0x71,   0x75,   0x65,   0x6e,
  0x74,   0x69,   0x61,   0x6c,   0x5f,   0x31,   0x2f,   0x6c,   0x73,   0x74,   0x6d,   0x5f,
  0x31,   0x2f,   0x75,   0x6e,   0x73,   0x74,   0x61,   0x63,   0x6b,   0x33,   0x3b,   0x73,
  0x65,   0x71,   0x75,   0x65,   0x6e,   0x74,   0x69,   0x61,   0x6c,   0x5f,   0x31,   0x2f,
  0x6c,   0x73,   0x74,   0x6d,   0x5f,   0x31,   0x2f,   0x75,   0x6e,   0x73,   0x74,   0x61,
  0x63,   0x6b,   0x34,   0x3b,   0x73,   0x65,   0x71,   0x75,   0x65,   0x6e,   0x74,   0x69,
  0x61,   0x6c,   0x5f,   0x31,   0x2f,   0x6c,   0x73,   0x74,   0x6d,   0x5f,   0x31,   0x2f,
  0x75,   0x6e,   0x73,   0x74,   0x61,   0x63,   0x6b,   0x35,   0x3b,   0x73,   0x65,   0x71,
  0x75,   0x65,   0x6e,   0x74,   0x69,   0x61,   0x6c,   0x5f,   0x31,   0x2f,   0x6c,   0x73,
  0x74,   0x6d,   0x5f,   0x31,   0x2f,   0x75,   0x6e,   0x73,   0x74,   0x61,   0x63,   0x6b,
  0x36,   0x3b,   0x73,   0x65,   0x71,   0x75,   0x65,   0x6e,   0x74,   0x69,   0x61,   0x6c,
  0x5f,   0x31,   0x2f,   0x6c,   0x73,   0x74,   0x6d,   0x5f,   0x31,   0x2f,   0x75,   0x6e,
  0x73,   0x74,   0x61,   0x63,   0x6b,   0x37,   0x3b,   0x73,   0x65,   0x71,   0x75,   0x65,
  0x6e,   0x74,   0x69,   0x61,   0x6c,   0x5f,   0x31,   0x2f,   0x6c,   0x73,   0x74,   0x6d,
  0x5f,   0x31,   0x2f,   0x75,   0x6e,   0x73,   0x74,   0x61,   0x63,   0x6b,   0x38,   0x3b,
  0x73,   0x65,   0x71,   0x75,   0x65,   0x6e,   0x74,   0x69,   0x61,   0x6c,   0x5f,   0x31,
  0x2f,   0x6c,   0x73,   0x74,   0x6d,   0x5f,   0x31,   0x2f,   0x75,   0x6e,   0x73,   0x74,
  0x61,   0x63,   0x6b,   0x39,   0x3b,   0x73,   0x65,   0x71,   0x75,   0x65,   0x6e,   0x74,
  0x69,   0x61,   0x6c,   0x5f,   0x31,   0x2f,   0x6c,   0x73,   0x74,   0x6d,   0x5f,   0x31,
  0x2f,   0x75,   0x6e,   0x73,   0x74,   0x61,   0x63,   0x6b,   0x31,   0x30,   0x3b,   0x73,
  0x65,   0x71,   0x75,   0x65,   0x6e,   0x74,   0x69,   0x61,   0x6c,   0x5f,   0x31,   0x2f,
  0x6c,   0x73,   0x74,   0x6d,   0x5f,   0x31,   0x2f,   0x75,   0x6e,   0x73,   0x74,   0x61,
  0x63,   0x6b,   0x31,   0x31,   0x3b,   0x73,   0x65,   0x71,   0x75,   0x65,   0x6e,   0x74,
  0x69,   0x61,   0x6c,   0x5f,   0x31,   0x2f,   0x6c,   0x73,   0x74,   0x6d,   0x5f,   0x31,
  0x2f,   0x75,   0x6e,   0x73,   0x74,   0x61,   0x63,   0x6b,   0x31,   0x32,   0x3b,   0x73,
  0x65,   0x71,   0x75,   0x65,   0x6e,   0x74,   0x69,   0x61,   0x6c,   0x5f,   0x31,   0x2f,
  0x6c,   0x73,   0x74,   0x6d,   0x5f,   0x31,   0x2f,   0x75,   0x6e,   0x73,   0x74,   0x61,
  0x63,   0x6b,   0x31,   0x33,   0x3b,   0x73,   0x65,   0x71,   0x75,   0x65,   0x6e,   0x74,
  0x69,   0x61,   0x6c,   0x5f,   0x31,   0x2f,   0x6c,   0x73,   0x74,   0x6d,   0x5f,   0x31,
  0x2f,   0x75,   0x6e,   0x73,   0x74,   0x61,   0x63,   0x6b,   0x31,   0x34,   0x3b,   0x73,
  0x65,   0x71,   0x75,   0x65,   0x6e,   0x74,   0x69,   0x61,   0x6c,   0x5f,   0x31,   0x2f,
  0x6c,   0x73,   0x74,   0x6d,   0x5f,   0x31,   0x2f,   0x75,   0x6e,   0x73,   0x74,   0x61,
  0x63,   0x6b,   0x31,   0x35,   0x3b,   0x73,   0x65,   0x71,   0x75,   0x65,   0x6e,   0x74,
  0x69,   0x61,   0x6c,   0x5f,   0x31,   0x2f,   0x6c,   0x73,   0x74,   0x6d,   0x5f,   0x31,
  0x2f,   0x75,   0x6e,   0x73,   0x74,   0x61,   0x63,   0x6b,   0x31,   0x36,   0x3b,   0x73,
  0x65,   0x71,   0x75,   0x65,   0x6e,   0x74,   0x69,   0x61,   0x6c,   0x5f,   0x31,   0x2f,
  0x6c,   0x73,   0x74,   0x6d,   0x5f,   0x31,   0x2f,   0x75,   0x6e,   0x73,   0x74,   0x61,
  0x63,   0x6b,   0x31,   0x37,   0x35,   0x00,   0x00,   0x00,   0x02,   0x00,   0x00,   0x00,
  0x01,   0x00,   0x00,   0x00,   0x08,   0x00,   0x00,   0x00,   0xb2,   0xf2,   0xff,   0xff,
  0x00,   0x00,   0x00,   0x01,   0x18,   0x00,   0x00,   0x00,   0x20,   0x00,   0x00,   0x00,
  0x3c,   0x00,   0x00,   0x00,   0x17,   0x00,   0x00,   0x00,   0x00,   0x00,   0x00,   0x09,
  0x48,   0x02,   0x00,   0x00,   0x02,   0x00,   0x00,   0x00,   0xff,   0xff,   0xff,   0xff,
  0x08,   0x00,   0x00,   0x00,   0xfc,   0xe1,   0xff,   0xff,   0x08,   0x00,   0x00,   0x00,
  0x10,   0x00,   0x00,   0x00,   0x01,   0x00,   0x00,   0x00,   0x80,   0xff,   0xff,   0xff,
  0xff,   0xff,   0xff,   0xff,   0x01,   0x00,   0x00,   0x00,   0x81,   0x80,   0x80,   0x3b,
  0x11,   0x02,   0x00,   0x00,   0x73,   0x65,   0x71,   0x75,   0x65,   0x6e,   0x74,   0x69,
  0x61,   0x6c,   0x5f,   0x31,   0x2f,   0x6c,   0x73,   0x74,   0x6d,   0x5f,   0x31,   0x2f,
  0x75,   0x6e,   0x73,   0x74,   0x61,   0x63,   0x6b,   0x3b,   0x73,   0x65,   0x71,   0x75,
  0x65,   0x6e,   0x74,   0x69,   0x61,   0x6c,   0x5f,   0x31,   0x2f,   0x6c,   0x73,   0x74,
  0x6d,   0x5f,   0x31,   0x2f,   0x75,   0x6e,   0x73,   0x74,   0x61,   0x63,   0x6b,   0x31,
  0x3b,   0x73,   0x65,   0x71,   0x75,   0x65,   0x6e,   0x74,   0x69,   0x61,   0x6c,   0x5f,
  0x31,   0x2f,   0x6c,   0x73,   0x74,   0x6d,   0x5f,   0x31,   0x2f,   0x75,   0x6e,   0x73,
  0x74,   0x61,   0x63,   0x6b,   0x32,   0x3b,   0x73,   0x65,   0x71,   0x75,   0x65,   0x6e,
  0x74,   0x69,   0x61,   0x6c,   0x5f,   0x31,   0x2f,   0x6c,   0x73,   0x74,   0x6d,   0x5f,
  0x31,   0x2f,   0x75,   0x6e,   0x73,   0x74,   0x61,   0x63,   0x6b,   0x33,   0x3b,   0x73,
  0x65,   0x71,   0x75,   0x65,   0x6e,   0x74,   0x69,   0x61,   0x6c,   0x5f,   0x31,   0x2f,
  0x6c,   0x73,   0x74,   0x6d,   0x5f,   0x31,   0x2f,   0x75,   0x6e,   0x73,   0x74,   0x61,
  0x63,   0x6b,   0x34,   0x3b,   0x73,   0x65,   0x71,   0x75,   0x65,   0x6e,   0x74,   0x69,
  0x61,   0x6c,   0x5f,   0x31,   0x2f,   0x6c,   0x73,   0x74,   0x6d,   0x5f,   0x31,   0x2f,
  0x75,   0x6e,   0x73,   0x74,   0x61,   0x63,   0x6b,   0x35,   0x3b,   0x73,   0x65,   0x71,
  0x75,   0x65,   0x6e,   0x74,   0x69,   0x61,   0x6c,   0x5f,   0x31,   0x2f,   0x6c,   0x73,
  0x74,   0x6d,   0x5f,   0x31,   0x2f,   0x75,   0x6e,   0x73,   0x74,   0x61,   0x63,   0x6b,
  0x36,   0x3b,   0x73,   0x65,   0x71,   0x75,   0x65,   0x6e,   0x74,   0x69,   0x61,   0x6c,
  0x5f,   0x31,   0x2f,   0x6c,   0x73,   0x74,   0x6d,   0x5f,   0x31,   0x2f,   0x75,   0x6e,
  0x73,   0x74,   0x61,   0x63,   0x6b,   0x37,   0x3b,   0x73,   0x65,   0x71,   0x75,   0x65,
  0x6e,   0x74,   0x69,   0x61,   0x6c,   0x5f,   0x31,   0x2f,   0x6c,   0x73,   0x74,   0x6d,
  0x5f,   0x31,   0x2f,   0x75,   0x6e,   0x73,   0x74,   0x61,   0x63,   0x6b,   0x38,   0x3b,
  0x73,   0x65,   0x71,   0x75,   0x65,   0x6e,   0x74,   0x69,   0x61,   0x6c,   0x5f,   0x31,
  0x2f,   0x6c,   0x73,   0x74,   0x6d,   0x5f,   0x31,   0x2f,   0x75,   0x6e,   0x73,   0x74,
  0x61,   0x63,   0x6b,   0x39,   0x3b,   0x73,   0x65,   0x71,   0x75,   0x65,   0x6e,   0x74,
  0x69,   0x61,   0x6c,   0x5f,   0x31,   0x2f,   0x6c,   0x73,   0x74,   0x6d,   0x5f,   0x31,
  0x2f,   0x75,   0x6e,   0x73,   0x74,   0x61,   0x63,   0x6b,   0x31,   0x30,   0x3b,   0x73,
  0x65,   0x71,   0x75,   0x65,   0x6e,   0x74,   0x69,   0x61,   0x6c,   0x5f,   0x31,   0x2f,
  0x6c,   0x73,   0x74,   0x6d,   0x5f,   0x31,   0x2f,   0x75,   0x6e,   0x73,   0x74,   0x61,
  0x63,   0x6b,   0x31,   0x31,   0x3b,   0x73,   0x65,   0x71,   0x75,   0x65,   0x6e,   0x74,
  0x69,   0x61,   0x6c,   0x5f,   0x31,   0x2f,   0x6c,   0x73,   0x74,   0x6d,   0x5f,   0x31,
  0x2f,   0x75,   0x6e,   0x73,   0x74,   0x61,   0x63,   0x6b,   0x31,   0x32,   0x3b,   0x73,
  0x65,   0x71,   0x75,   0x65,   0x6e,   0x74,   0x69,   0x61,   0x6c,   0x5f,   0x31,   0x2f,
  0x6c,   0x73,   0x74,   0x6d,   0x5f,   0x31,   0x2f,   0x75,   0x6e,   0x73,   0x74,   0x61,
  0x63,   0x6b,   0x31,   0x33,   0x3b,   0x73,   0x65,   0x71,   0x75,   0x65,   0x6e,   0x74,
  0x69,   0x61,   0x6c,   0x5f,   0x31,   0x2f,   0x6c,   0x73,   0x74,   0x6d,   0x5f,   0x31,
  0x2f,   0x75,   0x6e,   0x73,   0x74,   0x61,   0x63,   0x6b,   0x31,   0x34,   0x3b,   0x73,
  0x65,   0x71,   0x75,   0x65,   0x6e,   0x74,   0x69,   0x61,   0x6c,   0x5f,   0x31,   0x2f,
  0x6c,   0x73,   0x74,   0x6d,   0x5f,   0x31,   0x2f,   0x75,   0x6e,   0x73,   0x74,   0x61,
  0x63,   0x6b,   0x31,   0x35,   0x3b,   0x73,   0x65,   0x71,   0x75,   0x65,   0x6e,   0x74,
  0x69,   0x61,   0x6c,   0x5f,   0x31,   0x2f,   0x6c,   0x73,   0x74,   0x6d,   0x5f,   0x31,
  0x2f,   0x75,   0x6e,   0x73,   0x74,   0x61,   0x63,   0x6b,   0x31,   0x36,   0x3b,   0x73,
  0x65,   0x71,   0x75,   0x65,   0x6e,   0x74,   0x69,   0x61,   0x6c,   0x5f,   0x31,   0x2f,
  0x6c,   0x73,   0x74,   0x6d,   0x5f,   0x31,   0x2f,   0x75,   0x6e,   0x73,   0x74,   0x61,
  0x63,   0x6b,   0x31,   0x37,   0x34,   0x00,   0x00,   0x00,   0x02,   0x00,   0x00,   0x00,
  0x01,   0x00,   0x00,   0x00,   0x08,   0x00,   0x00,   0x00,   0x22,   0xf5,   0xff,   0xff,
  0x00,   0x00,   0x00,   0x01,   0x18,   0x00,   0x00,   0x00,   0x20,   0x00,   0x00,   0x00,
  0x3c,   0x00,   0x00,   0x00,   0x16,   0x00,   0x00,   0x00,   0x00,   0x00,   0x00,   0x09,
  0x48,   0x02,   0x00,   0x00,   0x02,   0x00,   0x00,   0x00,   0xff,   0xff,   0xff,   0xff,
  0x08,   0x00,   0x00,   0x00,   0x6c,   0xe4,   0xff,   0xff,   0x08,   0x00,   0x00,   0x00,
  0x10,   0x00,   0x00,   0x00,   0x01,   0x00,   0x00,   0x00,   0x80,   0xff,   0xff,   0xff,
  0xff,   0xff,   0xff,   0xff,   0x01,   0x00,   0x00,   0x00,   0x81,   0x80,   0x80,   0x3b,
  0x11,   0x02,   0x00,   0x00,   0x73,   0x65,   0x71,   0x75,   0x65,   0x6e,   0x74,   0x69,
  0x61,   0x6c,   0x5f,   0x31,   0x2f,   0x6c,   0x73,   0x74,   0x6d,   0x5f,   0x31,   0x2f,
  0x75,   0x6e,   0x73,   0x74,   0x61,   0x63,   0x6b,   0x3b,   0x73,   0x65,   0x71,   0x75,
  0x65,   0x6e,   0x74,   0x69,   0x61,   0x6c,   0x5f,   0x31,   0x2f,   0x6c,   0x73,   0x74,
  0x6d,   0x5f,   0x31,   0x2f,   0x75,   0x6e,   0x73,   0x74,   0x61,   0x63,   0x6b,   0x31,
  0x3b,   0x73,   0x65,   0x71,   0x75,   0x65,   0x6e,   0x74,   0x69,   0x61,   0x6c,   0x5f,
  0x31,   0x2f,   0x6c,   0x73,   0x74,   0x6d,   0x5f,   0x31,   0x2f,   0x75,   0x6e,   0x73,
  0x74,   0x61,   0x63,   0x6b,   0x32,   0x3b,   0x73,   0x65,   0x71,   0x75,   0x65,   0x6e,
  0x74,   0x69,   0x61,   0x6c,   0x5f,   0x31,   0x2f,   0x6c,   0x73,   0x74,   0x6d,   0x5f,
  0x31,   0x2f,   0x75,   0x6e,   0x73,   0x74,   0x61,   0x63,   0x6b,   0x33,   0x3b,   0x73,
  0x65,   0x71,   0x75,   0x65,   0x6e,   0x74,   0x69,   0x61,   0x6c,   0x5f,   0x31,   0x2f,
  0x6c,   0x73,   0x74,   0x6d,   0x5f,   0x31,   0x2f,   0x75,   0x6e,   0x73,   0x74,   0x61,
  0x63,   0x6b,   0x34,   0x3b,   0x73,   0x65,   0x71,   0x75,   0x65,   0x6e,   0x74,   0x69,
  0x61,   0x6c,   0x5f,   0x31,   0x2f,   0x6c,   0x73,   0x74,   0x6d,   0x5f,   0x31,   0x2f,
  0x75,   0x6e,   0x73,   0x74,   0x61,   0x63,   0x6b,   0x35,   0x3b,   0x73,   0x65,   0x71,
  0x75,   0x65,   0x6e,   0x74,   0x69,   0x61,   0x6c,   0x5f,   0x31,   0x2f,   0x6c,   0x73,
  0x74,   0x6d,   0x5f,   0x31,   0x2f,   0x75,   0x6e,   0x73,   0x74,   0x61,   0x63,   0x6b,
  0x36,   0x3b,   0x73,   0x65,   0x71,   0x75,   0x65,   0x6e,   0x74,   0x69,   0x61,   0x6c,
  0x5f,   0x31,   0x2f,   0x6c,   0x73,   0x74,   0x6d,   0x5f,   0x31,   0x2f,   0x75,   0x6e,
  0x73,   0x74,   0x61,   0x63,   0x6b,   0x37,   0x3b,   0x73,   0x65,   0x71,   0x75,   0x65,
  0x6e,   0x74,   0x69,   0x61,   0x6c,   0x5f,   0x31,   0x2f,   0x6c,   0x73,   0x74,   0x6d,
  0x5f,   0x31,   0x2f,   0x75,   0x6e,   0x73,   0x74,   0x61,   0x63,   0x6b,   0x38,   0x3b,
  0x73,   0x65,   0x71,   0x75,   0x65,   0x6e,   0x74,   0x69,   0x61,   0x6c,   0x5f,   0x31,
  0x2f,   0x6c,   0x73,   0x74,   0x6d,   0x5f,   0x31,   0x2f,   0x75,   0x6e,   0x73,   0x74,
  0x61,   0x63,   0x6b,   0x39,   0x3b,   0x73,   0x65,   0x71,   0x75,   0x65,   0x6e,   0x74,
  0x69,   0x61,   0x6c,   0x5f,   0x31,   0x2f,   0x6c,   0x73,   0x74,   0x6d,   0x5f,   0x31,
  0x2f,   0x75,   0x6e,   0x73,   0x74,   0x61,   0x63,   0x6b,   0x31,   0x30,   0x3b,   0x73,
  0x65,   0x71,   0x75,   0x65,   0x6e,   0x74,   0x69,   0x61,   0x6c,   0x5f,   0x31,   0x2f,
  0x6c,   0x73,   0x74,   0x6d,   0x5f,   0x31,   0x2f,   0x75,   0x6e,   0x73,   0x74,   0x61,
  0x63,   0x6b,   0x31,   0x31,   0x3b,   0x73,   0x65,   0x71,   0x75,   0x65,   0x6e,   0x74,
  0x69,   0x61,   0x6c,   0x5f,   0x31,   0x2f,   0x6c,   0x73,   0x74,   0x6d,   0x5f,   0x31,
  0x2f,   0x75,   0x6e,   0x73,   0x74,   0x61,   0x63,   0x6b,   0x31,   0x32,   0x3b,   0x73,
  0x65,   0x71,   0x75,   0x65,   0x6e,   0x74,   0x69,   0x61,   0x6c,   0x5f,   0x31,   0x2f,
  0x6c,   0x73,   0x74,   0x6d,   0x5f,   0x31,   0x2f,   0x75,   0x6e,   0x73,   0x74,   0x61,
  0x63,   0x6b,   0x31,   0x33,   0x3b,   0x73,   0x65,   0x71,   0x75,   0x65,   0x6e,   0x74,
  0x69,   0x61,   0x6c,   0x5f,   0x31,   0x2f,   0x6c,   0x73,   0x74,   0x6d,   0x5f,   0x31,
  0x2f,   0x75,   0x6e,   0x73,   0x74,   0x61,   0x63,   0x6b,   0x31,   0x34,   0x3b,   0x73,
  0x65,   0x71,   0x75,   0x65,   0x6e,   0x74,   0x69,   0x61,   0x6c,   0x5f,   0x31,   0x2f,
  0x6c,   0x73,   0x74,   0x6d,   0x5f,   0x31,   0x2f,   0x75,   0x6e,   0x73,   0x74,   0x61,
  0x63,   0x6b,   0x31,   0x35,   0x3b,   0x73,   0x65,   0x71,   0x75,   0x65,   0x6e,   0x74,
  0x69,   0x61,   0x6c,   0x5f,   0x31,   0x2f,   0x6c,   0x73,   0x74,   0x6d,   0x5f,   0x31,
  0x2f,   0x75,   0x6e,   0x73,   0x74,   0x61,   0x63,   0x6b,   0x31,   0x36,   0x3b,   0x73,
  0x65,   0x71,   0x75,   0x65,   0x6e,   0x74,   0x69,   0x61,   0x6c,   0x5f,   0x31,   0x2f,
  0x6c,   0x73,   0x74,   0x6d,   0x5f,   0x31,   0x2f,   0x75,   0x6e,   0x73,   0x74,   0x61,
  0x63,   0x6b,   0x31,   0x37,   0x33,   0x00,   0x00,   0x00,   0x02,   0x00,   0x00,   0x00,
  0x01,   0x00,   0x00,   0x00,   0x08,   0x00,   0x00,   0x00,   0x92,   0xf7,   0xff,   0xff,
  0x00,   0x00,   0x00,   0x01,   0x18,   0x00,   0x00,   0x00,   0x20,   0x00,   0x00,   0x00,
  0x3c,   0x00,   0x00,   0x00,   0x15,   0x00,   0x00,   0x00,   0x00,   0x00,   0x00,   0x09,
  0x48,   0x02,   0x00,   0x00,   0x02,   0x00,   0x00,   0x00,   0xff,   0xff,   0xff,   0xff,
  0x08,   0x00,   0x00,   0x00,   0xdc,   0xe6,   0xff,   0xff,   0x08,   0x00,   0x00,   0x00,
  0x10,   0x00,   0x00,   0x00,   0x01,   0x00,   0x00,   0x00,   0x80,   0xff,   0xff,   0xff,
  0xff,   0xff,   0xff,   0xff,   0x01,   0x00,   0x00,   0x00,   0x81,   0x80,   0x80,   0x3b,
  0x11,   0x02,   0x00,   0x00,   0x73,   0x65,   0x71,   0x75,   0x65,   0x6e,   0x74,   0x69,
  0x61,   0x6c,   0x5f,   0x31,   0x2f,   0x6c,   0x73,   0x74,   0x6d,   0x5f,   0x31,   0x2f,
  0x75,   0x6e,   0x73,   0x74,   0x61,   0x63,   0x6b,   0x3b,   0x73,   0x65,   0x71,   0x75,
  0x65,   0x6e,   0x74,   0x69,   0x61,   0x6c,   0x5f,   0x31,   0x2f,   0x6c,   0x73,   0x74,
  0x6d,   0x5f,   0x31,   0x2f,   0x75,   0x6e,   0x73,   0x74,   0x61,   0x63,   0x6b,   0x31,
  0x3b,   0x73,   0x65,   0x71,   0x75,   0x65,   0x6e,   0x74,   0x69,   0x61,   0x6c,   0x5f,
  0x31,   0x2f,   0x6c,   0x73,   0x74,   0x6d,   0x5f,   0x31,   0x2f,   0x75,   0x6e,   0x73,
  0x74,   0x61,   0x63,   0x6b,   0x32,   0x3b,   0x73,   0x65,   0x71,   0x75,   0x65,   0x6e,
  0x74,   0x69,   0x61,   0x6c,   0x5f,   0x31,   0x2f,   0x6c,   0x73,   0x74,   0x6d,   0x5f,
  0x31,   0x2f,   0x75,   0x6e,   0x73,   0x74,   0x61,   0x63,   0x6b,   0x33,   0x3b,   0x73,
  0x65,   0x71,   0x75,   0x65,   0x6e,   0x74,   0x69,   0x61,   0x6c,   0x5f,   0x31,   0x2f,
  0x6c,   0x73,   0x74,   0x6d,   0x5f,   0x31,   0x2f,   0x75,   0x6e,   0x73,   0x74,   0x61,
  0x63,   0x6b,   0x34,   0x3b,   0x73,   0x65,   0x71,   0x75,   0x65,   0x6e,   0x74,   0x69,
  0x61,   0x6c,   0x5f,   0x31,   0x2f,   0x6c,   0x73,   0x74,   0x6d,   0x5f,   0x31,   0x2f,
  0x75,   0x6e,   0x73,   0x74,   0x61,   0x63,   0x6b,   0x35,   0x3b,   0x73,   0x65,   0x71,
  0x75,   0x65,   0x6e,   0x74,   0x69,   0x61,   0x6c,   0x5f,   0x31,   0x2f,   0x6c,   0x73,
  0x74,   0x6d,   0x5f,   0x31,   0x2f,   0x75,   0x6e,   0x73,   0x74,   0x61,   0x63,   0x6b,
  0x36,   0x3b,   0x73,   0x65,   0x71,   0x75,   0x65,   0x6e,   0x74,   0x69,   0x61,   0x6c,
  0x5f,   0x31,   0x2f,   0x6c,   0x73,   0x74,   0x6d,   0x5f,   0x31,   0x2f,   0x75,   0x6e,
  0x73,   0x74,   0x61,   0x63,   0x6b,   0x37,   0x3b,   0x73,   0x65,   0x71,   0x75,   0x65,
  0x6e,   0x74,   0x69,   0x61,   0x6c,   0x5f,   0x31,   0x2f,   0x6c,   0x73,   0x74,   0x6d,
  0x5f,   0x31,   0x2f,   0x75,   0x6e,   0x73,   0x74,   0x61,   0x63,   0x6b,   0x38,   0x3b,
  0x73,   0x65,   0x71,   0x75,   0x65,   0x6e,   0x74,   0x69,   0x61,   0x6c,   0x5f,   0x31,
  0x2f,   0x6c,   0x73,   0x74,   0x6d,   0x5f,   0x31,   0x2f,   0x75,   0x6e,   0x73,   0x74,
  0x61,   0x63,   0x6b,   0x39,   0x3b,   0x73,   0x65,   0x71,   0x75,   0x65,   0x6e,   0x74,
  0x69,   0x61,   0x6c,   0x5f,   0x31,   0x2f,   0x6c,   0x73,   0x74,   0x6d,   0x5f,   0x31,
  0x2f,   0x75,   0x6e,   0x73,   0x74,   0x61,   0x63,   0x6b,   0x31,   0x30,   0x3b,   0x73,
  0x65,   0x71,   0x75,   0x65,   0x6e,   0x74,   0x69,   0x61,   0x6c,   0x5f,   0x31,   0x2f,
  0x6c,   0x73,   0x74,   0x6d,   0x5f,   0x31,   0x2f,   0x75,   0x6e,   0x73,   0x74,   0x61,
  0x63,   0x6b,   0x31,   0x31,   0x3b,   0x73,   0x65,   0x71,   0x75,   0x65,   0x6e,   0x74,
  0x69,   0x61,   0x6c,   0x5f,   0x31,   0x2f,   0x6c,   0x73,   0x74,   0x6d,   0x5f,   0x31,
  0x2f,   0x75,   0x6e,   0x73,   0x74,   0x61,   0x63,   0x6b,   0x31,   0x32,   0x3b,   0x73,
  0x65,   0x71,   0x75,   0x65,   0x6e,   0x74,   0x69,   0x61,   0x6c,   0x5f,   0x31,   0x2f,
  0x6c,   0x73,   0x74,   0x6d,   0x5f,   0x31,   0x2f,   0x75,   0x6e,   0x73,   0x74,   0x61,
  0x63,   0x6b,   0x31,   0x33,   0x3b,   0x73,   0x65,   0x71,   0x75,   0x65,   0x6e,   0x74,
  0x69,   0x61,   0x6c,   0x5f,   0x31,   0x2f,   0x6c,   0x73,   0x74,   0x6d,   0x5f,   0x31,
  0x2f,   0x75,   0x6e,   0x73,   0x74,   0x61,   0x63,   0x6b,   0x31,   0x34,   0x3b,   0x73,
  0x65,   0x71,   0x75,   0x65,   0x6e,   0x74,   0x69,   0x61,   0x6c,   0x5f,   0x31,   0x2f,
  0x6c,   0x73,   0x74,   0x6d,   0x5f,   0x31,   0x2f,   0x75,   0x6e,   0x73,   0x74,   0x61,
  0x63,   0x6b,   0x31,   0x35,   0x3b,   0x73,   0x65,   0x71,   0x75,   0x65,   0x6e,   0x74,
  0x69,   0x61,   0x6c,   0x5f,   0x31,   0x2f,   0x6c,   0x73,   0x74,   0x6d,   0x5f,   0x31,
  0x2f,   0x75,   0x6e,   0x73,   0x74,   0x61,   0x63,   0x6b,   0x31,   0x36,   0x3b,   0x73,
  0x65,   0x71,   0x75,   0x65,   0x6e,   0x74,   0x69,   0x61,   0x6c,   0x5f,   0x31,   0x2f,
  0x6c,   0x73,   0x74,   0x6d,   0x5f,   0x31,   0x2f,   0x75,   0x6e,   0x73,   0x74,   0x61,
  0x63,   0x6b,   0x31,   0x37,   0x32,   0x00,   0x00,   0x00,   0x02,   0x00,   0x00,   0x00,
  0x01,   0x00,   0x00,   0x00,   0x08,   0x00,   0x00,   0x00,   0x02,   0xfa,   0xff,   0xff,
  0x00,   0x00,   0x00,   0x01,   0x18,   0x00,   0x00,   0x00,   0x20,   0x00,   0x00,   0x00,
  0x3c,   0x00,   0x00,   0x00,   0x14,   0x00,   0x00,   0x00,   0x00,   0x00,   0x00,   0x09,
  0x48,   0x02,   0x00,   0x00,   0x02,   0x00,   0x00,   0x00,   0xff,   0xff,   0xff,   0xff,
  0x08,   0x00,   0x00,   0x00,   0x4c,   0xe9,   0xff,   0xff,   0x08,   0x00,   0x00,   0x00,
  0x10,   0x00,   0x00,   0x00,   0x01,   0x00,   0x00,   0x00,   0x80,   0xff,   0xff,   0xff,
  0xff,   0xff,   0xff,   0xff,   0x01,   0x00,   0x00,   0x00,   0x81,   0x80,   0x80,   0x3b,
  0x11,   0x02,   0x00,   0x00,   0x73,   0x65,   0x71,   0x75,   0x65,   0x6e,   0x74,   0x69,
  0x61,   0x6c,   0x5f,   0x31,   0x2f,   0x6c,   0x73,   0x74,   0x6d,   0x5f,   0x31,   0x2f,
  0x75,   0x6e,   0x73,   0x74,   0x61,   0x63,   0x6b,   0x3b,   0x73,   0x65,   0x71,   0x75,
  0x65,   0x6e,   0x74,   0x69,   0x61,   0x6c,   0x5f,   0x31,   0x2f,   0x6c,   0x73,   0x74,
  0x6d,   0x5f,   0x31,   0x2f,   0x75,   0x6e,   0x73,   0x74,   0x61,   0x63,   0x6b,   0x31,
  0x3b,   0x73,   0x65,   0x71,   0x75,   0x65,   0x6e,   0x74,   0x69,   0x61,   0x6c,   0x5f,
  0x31,   0x2f,   0x6c,   0x73,   0x74,   0x6d,   0x5f,   0x31,   0x2f,   0x75,   0x6e,   0x73,
  0x74,   0x61,   0x63,   0x6b,   0x32,   0x3b,   0x73,   0x65,   0x71,   0x75,   0x65,   0x6e,
  0x74,   0x69,   0x61,   0x6c,   0x5f,   0x31,   0x2f,   0x6c,   0x73,   0x74,   0x6d,   0x5f,
  0x31,   0x2f,   0x75,   0x6e,   0x73,   0x74,   0x61,   0x63,   0x6b,   0x33,   0x3b,   0x73,
  0x65,   0x71,   0x75,   0x65,   0x6e,   0x74,   0x69,   0x61,   0x6c,   0x5f,   0x31,   0x2f,
  0x6c,   0x73,   0x74,   0x6d,   0x5f,   0x31,   0x2f,   0x75,   0x6e,   0x73,   0x74,   0x61,
  0x63,   0x6b,   0x34,   0x3b,   0x73,   0x65,   0x71,   0x75,   0x65,   0x6e,   0x74,   0x69,
  0x61,   0x6c,   0x5f,   0x31,   0x2f,   0x6c,   0x73,   0x74,   0x6d,   0x5f,   0x31,   0x2f,
  0x75,   0x6e,   0x73,   0x74,   0x61,   0x63,   0x6b,   0x35,   0x3b,   0x73,   0x65,   0x71,
  0x75,   0x65,   0x6e,   0x74,   0x69,   0x61,   0x6c,   0x5f,   0x31,   0x2f,   0x6c,   0x73,
  0x74,   0x6d,   0x5f,   0x31,   0x2f,   0x75,   0x6e,   0x73,   0x74,   0x61,   0x63,   0x6b,
  0x36,   0x3b,   0x73,   0x65,   0x71,   0x75,   0x65,   0x6e,   0x74,   0x69,   0x61,   0x6c,
  0x5f,   0x31,   0x2f,   0x6c,   0x73,   0x74,   0x6d,   0x5f,   0x31,   0x2f,   0x75,   0x6e,
  0x73,   0x74,   0x61,   0x63,   0x6b,   0x37,   0x3b,   0x73,   0x65,   0x71,   0x75,   0x65,
  0x6e,   0x74,   0x69,   0x61,   0x6c,   0x5f,   0x31,   0x2f,   0x6c,   0x73,   0x74,   0x6d,
  0x5f,   0x31,   0x2f,   0x75,   0x6e,   0x73,   0x74,   0x61,   0x63,   0x6b,   0x38,   0x3b,
  0x73,   0x65,   0x71,   0x75,   0x65,   0x6e,   0x74,   0x69,   0x61,   0x6c,   0x5f,   0x31,
  0x2f,   0x6c,   0x73,   0x74,   0x6d,   0x5f,   0x31,   0x2f,   0x75,   0x6e,   0x73,   0x74,
  0x61,   0x63,   0x6b,   0x39,   0x3b,   0x73,   0x65,   0x71,   0x75,   0x65,   0x6e,   0x74,
  0x69,   0x61,   0x6c,   0x5f,   0x31,   0x2f,   0x6c,   0x73,   0x74,   0x6d,   0x5f,   0x31,
  0x2f,   0x75,   0x6e,   0x73,   0x74,   0x61,   0x63,   0x6b,   0x31,   0x30,   0x3b,   0x73,
  0x65,   0x71,   0x75,   0x65,   0x6e,   0x74,   0x69,   0x61,   0x6c,   0x5f,   0x31,   0x2f,
  0x6c,   0x73,   0x74,   0x6d,   0x5f,   0x31,   0x2f,   0x75,   0x6e,   0x73,   0x74,   0x61,
  0x63,   0x6b,   0x31,   0x31,   0x3b,   0x73,   0x65,   0x71,   0x75,   0x65,   0x6e,   0x74,
  0x69,   0x61,   0x6c,   0x5f,   0x31,   0x2f,   0x6c,   0x73,   0x74,   0x6d,   0x5f,   0x31,
  0x2f,   0x75,   0x6e,   0x73,   0x74,   0x61,   0x63,   0x6b,   0x31,   0x32,   0x3b,   0x73,
  0x65,   0x71,   0x75,   0x65,   0x6e,   0x74,   0x69,   0x61,   0x6c,   0x5f,   0x31,   0x2f,
  0x6c,   0x73,   0x74,   0x6d,   0x5f,   0x31,   0x2f,   0x75,   0x6e,   0x73,   0x74,   0x61,
  0x63,   0x6b,   0x31,   0x33,   0x3b,   0x73,   0x65,   0x71,   0x75,   0x65,   0x6e,   0x74,
  0x69,   0x61,   0x6c,   0x5f,   0x31,   0x2f,   0x6c,   0x73,   0x74,   0x6d,   0x5f,   0x31,
  0x2f,   0x75,   0x6e,   0x73,   0x74,   0x61,   0x63,   0x6b,   0x31,   0x34,   0x3b,   0x73,
  0x65,   0x71,   0x75,   0x65,   0x6e,   0x74,   0x69,   0x61,   0x6c,   0x5f,   0x31,   0x2f,
  0x6c,   0x73,   0x74,   0x6d,   0x5f,   0x31,   0x2f,   0x75,   0x6e,   0x73,   0x74,   0x61,
  0x63,   0x6b,   0x31,   0x35,   0x3b,   0x73,   0x65,   0x71,   0x75,   0x65,   0x6e,   0x74,
  0x69,   0x61,   0x6c,   0x5f,   0x31,   0x2f,   0x6c,   0x73,   0x74,   0x6d,   0x5f,   0x31,
  0x2f,   0x75,   0x6e,   0x73,   0x74,   0x61,   0x63,   0x6b,   0x31,   0x36,   0x3b,   0x73,
  0x65,   0x71,   0x75,   0x65,   0x6e,   0x74,   0x69,   0x61,   0x6c,   0x5f,   0x31,   0x2f,
  0x6c,   0x73,   0x74,   0x6d,   0x5f,   0x31,   0x2f,   0x75,   0x6e,   0x73,   0x74,   0x61,
  0x63,   0x6b,   0x31,   0x37,   0x31,   0x00,   0x00,   0x00,   0x02,   0x00,   0x00,   0x00,
  0x01,   0x00,   0x00,   0x00,   0x08,   0x00,   0x00,   0x00,   0x72,   0xfc,   0xff,   0xff,
  0x00,   0x00,   0x00,   0x01,   0x18,   0x00,   0x00,   0x00,   0x20,   0x00,   0x00,   0x00,
  0x40,   0x00,   0x00,   0x00,   0x13,   0x00,   0x00,   0x00,   0x00,   0x00,   0x00,   0x09,
  0x4c,   0x02,   0x00,   0x00,   0x02,   0x00,   0x00,   0x00,   0xff,   0xff,   0xff,   0xff,
  0x08,   0x00,   0x00,   0x00,   0xbc,   0xeb,   0xff,   0xff,   0x08,   0x00,   0x00,   0x00,
  0x14,   0x00,   0x00,   0x00,   0x01,   0x00,   0x00,   0x00,   0x80,   0xff,   0xff,   0xff,
  0xff,   0xff,   0xff,   0xff,   0x00,   0x00,   0x00,   0x00,   0x01,   0x00,   0x00,   0x00,
  0x81,   0x80,   0x80,   0x3b,   0x10,   0x02,   0x00,   0x00,   0x73,   0x65,   0x71,   0x75,
  0x65,   0x6e,   0x74,   0x69,   0x61,   0x6c,   0x5f,   0x31,   0x2f,   0x6c,   0x73,   0x74,
  0x6d,   0x5f,   0x31,   0x2f,   0x75,   0x6e,   0x73,   0x74,   0x61,   0x63,   0x6b,   0x3b,
  0x73,   0x65,   0x71,   0x75,   0x65,   0x6e,   0x74,   0x69,   0x61,   0x6c,   0x5f,   0x31,
  0x2f,   0x6c,   0x73,   0x74,   0x6d,   0x5f,   0x31,   0x2f,   0x75,   0x6e,   0x73,   0x74,
  0x61,   0x63,   0x6b,   0x31,   0x3b,   0x73,   0x65,   0x71,   0x75,   0x65,   0x6e,   0x74,
  0x69,   0x61,   0x6c,   0x5f,   0x31,   0x2f,   0x6c,   0x73,   0x74,   0x6d,   0x5f,   0x31,
  0x2f,   0x75,   0x6e,   0x73,   0x74,   0x61,   0x63,   0x6b,   0x32,   0x3b,   0x73,   0x65,
  0x71,   0x75,   0x65,   0x6e,   0x74,   0x69,   0x61,   0x6c,   0x5f,   0x31,   0x2f,   0x6c,
  0x73,   0x74,   0x6d,   0x5f,   0x31,   0x2f,   0x75,   0x6e,   0x73,   0x74,   0x61,   0x63,
  0x6b,   0x33,   0x3b,   0x73,   0x65,   0x71,   0x75,   0x65,   0x6e,   0x74,   0x69,   0x61,
  0x6c,   0x5f,   0x31,   0x2f,   0x6c,   0x73,   0x74,   0x6d,   0x5f,   0x31,   0x2f,   0x75,
  0x6e,   0x73,   0x74,   0x61,   0x63,   0x6b,   0x34,   0x3b,   0x73,   0x65,   0x71,   0x75,
  0x65,   0x6e,   0x74,   0x69,   0x61,   0x6c,   0x5f,   0x31,   0x2f,   0x6c,   0x73,   0x74,
  0x6d,   0x5f,   0x31,   0x2f,   0x75,   0x6e,   0x73,   0x74,   0x61,   0x63,   0x6b,   0x35,
  0x3b,   0x73,   0x65,   0x71,   0x75,   0x65,   0x6e,   0x74,   0x69,   0x61,   0x6c,   0x5f,
  0x31,   0x2f,   0x6c,   0x73,   0x74,   0x6d,   0x5f,   0x31,   0x2f,   0x75,   0x6e,   0x73,
  0x74,   0x61,   0x63,   0x6b,   0x36,   0x3b,   0x73,   0x65,   0x71,   0x75,   0x65,   0x6e,
  0x74,   0x69,   0x61,   0x6c,   0x5f,   0x31,   0x2f,   0x6c,   0x73,   0x74,   0x6d,   0x5f,
  0x31,   0x2f,   0x75,   0x6e,   0x73,   0x74,   0x61,   0x63,   0x6b,   0x37,   0x3b,   0x73,
  0x65,   0x71,   0x75,   0x65,   0x6e,   0x74,   0x69,   0x61,   0x6c,   0x5f,   0x31,   0x2f,
  0x6c,   0x73,   0x74,   0x6d,   0x5f,   0x31,   0x2f,   0x75,   0x6e,   0x73,   0x74,   0x61,
  0x63,   0x6b,   0x38,   0x3b,   0x73,   0x65,   0x71,   0x75,   0x65,   0x6e,   0x74,   0x69,
  0x61,   0x6c,   0x5f,   0x31,   0x2f,   0x6c,   0x73,   0x74,   0x6d,   0x5f,   0x31,   0x2f,
  0x75,   0x6e,   0x73,   0x74,   0x61,   0x63,   0x6b,   0x39,   0x3b,   0x73,   0x65,   0x71,
  0x75,   0x65,   0x6e,   0x74,   0x69,   0x61,   0x6c,   0x5f,   0x31,   0x2f,   0x6c,   0x73,
  0x74,   0x6d,   0x5f,   0x31,   0x2f,   0x75,   0x6e,   0x73,   0x74,   0x61,   0x63,   0x6b,
  0x31,   0x30,   0x3b,   0x73,   0x65,   0x71,   0x75,   0x65,   0x6e,   0x74,   0x69,   0x61,
  0x6c,   0x5f,   0x31,   0x2f,   0x6c,   0x73,   0x74,   0x6d,   0x5f,   0x31,   0x2f,   0x75,
  0x6e,   0x73,   0x74,   0x61,   0x63,   0x6b,   0x31,   0x31,   0x3b,   0x73,   0x65,   0x71,
  0x75,   0x65,   0x6e,   0x74,   0x69,   0x61,   0x6c,   0x5f,   0x31,   0x2f,   0x6c,   0x73,
  0x74,   0x6d,   0x5f,   0x31,   0x2f,   0x75,   0x6e,   0x73,   0x74,   0x61,   0x63,   0x6b,
  0x31,   0x32,   0x3b,   0x73,   0x65,   0x71,   0x75,   0x65,   0x6e,   0x74,   0x69,   0x61,
  0x6c,   0x5f,   0x31,   0x2f,   0x6c,   0x73,   0x74,   0x6d,   0x5f,   0x31,   0x2f,   0x75,
  0x6e,   0x73,   0x74,   0x61,   0x63,   0x6b,   0x31,   0x33,   0x3b,   0x73,   0x65,   0x71,
  0x75,   0x65,   0x6e,   0x74,   0x69,   0x61,   0x6c,   0x5f,   0x31,   0x2f,   0x6c,   0x73,
  0x74,   0x6d,   0x5f,   0x31,   0x2f,   0x75,   0x6e,   0x73,   0x74,   0x61,   0x63,   0x6b,
  0x31,   0x34,   0x3b,   0x73,   0x65,   0x71,   0x75,   0x65,   0x6e,   0x74,   0x69,   0x61,
  0x6c,   0x5f,   0x31,   0x2f,   0x6c,   0x73,   0x74,   0x6d,   0x5f,   0x31,   0x2f,   0x75,
  0x6e,   0x73,   0x74,   0x61,   0x63,   0x6b,   0x31,   0x35,   0x3b,   0x73,   0x65,   0x71,
  0x75,   0x65,   0x6e,   0x74,   0x69,   0x61,   0x6c,   0x5f,   0x31,   0x2f,   0x6c,   0x73,
  0x74,   0x6d,   0x5f,   0x31,   0x2f,   0x75,   0x6e,   0x73,   0x74,   0x61,   0x63,   0x6b,
  0x31,   0x36,   0x3b,   0x73,   0x65,   0x71,   0x75,   0x65,   0x6e,   0x74,   0x69,   0x61,
  0x6c,   0x5f,   0x31,   0x2f,   0x6c,   0x73,   0x74,   0x6d,   0x5f,   0x31,   0x2f,   0x75,
  0x6e,   0x73,   0x74,   0x61,   0x63,   0x6b,   0x31,   0x37,   0x00,   0x00,   0x00,   0x00,
  0x02,   0x00,   0x00,   0x00,   0x01,   0x00,   0x00,   0x00,   0x08,   0x00,   0x00,   0x00,
  0xe6,   0xfe,   0xff,   0xff,   0x00,   0x00,   0x00,   0x01,   0x18,   0x00,   0x00,   0x00,
  0x24,   0x00,   0x00,   0x00,   0x40,   0x00,   0x00,   0x00,   0x12,   0x00,   0x00,   0x00,
  0x00,   0x00,   0x00,   0x09,   0x58,   0x00,   0x00,   0x00,   0x03,   0x00,   0x00,   0x00,
  0x12,   0x00,   0x00,   0x00,   0xff,   0xff,   0xff,   0xff,   0x08,   0x00,   0x00,   0x00,
  0x34,   0xee,   0xff,   0xff,   0x08,   0x00,   0x00,   0x00,   0x10,   0x00,   0x00,   0x00,
  0x01,   0x00,   0x00,   0x00,   0x80,   0xff,   0xff,   0xff,   0xff,   0xff,   0xff,   0xff,
  0x01,   0x00,   0x00,   0x00,   0x81,   0x80,   0x80,   0x3b,   0x1d,   0x00,   0x00,   0x00,
  0x73,   0x65,   0x71,   0x75,   0x65,   0x6e,   0x74,   0x69,   0x61,   0x6c,   0x5f,   0x31,
  0x2f,   0x6c,   0x73,   0x74,   0x6d,   0x5f,   0x31,   0x2f,   0x74,   0x72,   0x61,   0x6e,
  0x73,   0x70,   0x6f,   0x73,   0x65,   0x00,   0x00,   0x00,   0x03,   0x00,   0x00,   0x00,
  0x12,   0x00,   0x00,   0x00,   0x01,   0x00,   0x00,   0x00,   0x08,   0x00,   0x00,   0x00,
  0x32,   0xed,   0xff,   0xff,   0x00,   0x00,   0x00,   0x01,   0x14,   0x00,   0x00,   0x00,
  0x14,   0x00,   0x00,   0x00,   0x11,   0x00,   0x00,   0x00,   0x00,   0x00,   0x00,   0x02,
  0x30,   0x00,   0x00,   0x00,   0xa0,   0xec,   0xff,   0xff,   0x21,   0x00,   0x00,   0x00,
  0x73,   0x65,   0x71,   0x75,   0x65,   0x6e,   0x74,   0x69,   0x61,   0x6c,   0x5f,   0x31,
  0x2f,   0x6c,   0x73,   0x74,   0x6d,   0x5f,   0x31,   0x2f,   0x73,   0x74,   0x72,   0x69,
  0x64,   0x65,   0x64,   0x5f,   0x73,   0x6c,   0x69,   0x63,   0x65,   0x00,   0x00,   0x00,
  0x00,   0x00,   0x00,   0x00,   0x7e,   0xed,   0xff,   0xff,   0x00,   0x00,   0x00,   0x01,
  0x14,   0x00,   0x00,   0x00,   0x14,   0x00,   0x00,   0x00,   0x10,   0x00,   0x00,   0x00,
  0x00,   0x00,   0x00,   0x02,   0x28,   0x00,   0x00,   0x00,   0xec,   0xec,   0xff,   0xff,
  0x19,   0x00,   0x00,   0x00,   0x73,   0x65,   0x71,   0x75,   0x65,   0x6e,   0x74,   0x69,
  0x61,   0x6c,   0x5f,   0x31,   0x2f,   0x6c,   0x73,   0x74,   0x6d,   0x5f,   0x31,   0x2f,
  0x53,   0x68,   0x61,   0x70,   0x65,   0x00,   0x00,   0x00,   0x01,   0x00,   0x00,   0x00,
  0x03,   0x00,   0x00,   0x00,   0x00,   0x00,   0x16,   0x00,   0x20,   0x00,   0x1c,   0x00,
  0x1b,   0x00,   0x14,   0x00,   0x10,   0x00,   0x0c,   0x00,   0x00,   0x00,   0x00,   0x00,
  0x08,   0x00,   0x07,   0x00,   0x16,   0x00,   0x00,   0x00,   0x00,   0x00,   0x00,   0x01,
  0x18,   0x00,   0x00,   0x00,   0x24,   0x00,   0x00,   0x00,   0x40,   0x00,   0x00,   0x00,
  0x0f,   0x00,   0x00,   0x00,   0x00,   0x00,   0x00,   0x09,   0x48,   0x00,   0x00,   0x00,
  0x03,   0x00,   0x00,   0x00,   0xff,   0xff,   0xff,   0xff,   0x12,   0x00,   0x00,   0x00,
  0x08,   0x00,   0x00,   0x00,   0x64,   0xef,   0xff,   0xff,   0x08,   0x00,   0x00,   0x00,
  0x10,   0x00,   0x00,   0x00,   0x01,   0x00,   0x00,   0x00,   0x80,   0xff,   0xff,   0xff,
  0xff,   0xff,   0xff,   0xff,   0x01,   0x00,   0x00,   0x00,   0x81,   0x80,   0x80,   0x3b,
  0x0c,   0x00,   0x00,   0x00,   0x74,   0x66,   0x6c,   0x2e,   0x71,   0x75,   0x61,   0x6e,
  0x74,   0x69,   0x7a,   0x65,   0x00,   0x00,   0x00,   0x00,   0x03,   0x00,   0x00,   0x00,
  0x01,   0x00,   0x00,   0x00,   0x12,   0x00,   0x00,   0x00,   0x08,   0x00,   0x00,   0x00,
  0x52,   0xee,   0xff,   0xff,   0x00,   0x00,   0x00,   0x01,   0x14,   0x00,   0x00,   0x00,
  0x34,   0x00,   0x00,   0x00,   0x0e,   0x00,   0x00,   0x00,   0x00,   0x00,   0x00,   0x09,
  0x3c,   0x00,   0x00,   0x00,   0xc4,   0xef,   0xff,   0xff,   0x08,   0x00,   0x00,   0x00,
  0x14,   0x00,   0x00,   0x00,   0x01,   0x00,   0x00,   0x00,   0x00,   0x00,   0x00,   0x00,
  0x00,   0x00,   0x00,   0x00,   0x00,   0x00,   0x00,   0x00,   0x01,   0x00,   0x00,   0x00,
  0x7b,   0xbe,   0x06,   0x32,   0x0f,   0x00,   0x00,   0x00,   0x61,   0x72,   0x69,   0x74,
  0x68,   0x2e,   0x63,   0x6f,   0x6e,   0x73,   0x74,   0x61,   0x6e,   0x74,   0x33,   0x00,
  0x00,   0x00,   0x00,   0x00,   0xaa,   0xee,   0xff,   0xff,   0x00,   0x00,   0x00,   0x01,
  0x14,   0x00,   0x00,   0x00,   0x24,   0x06,   0x00,   0x00,   0x0d,   0x00,   0x00,   0x00,
  0x00,   0x00,   0x00,   0x09,   0x2c,   0x06,   0x00,   0x00,   0x1c,   0xf0,   0xff,   0xff,
  0x08,   0x00,   0x00,   0x00,   0x08,   0x04,   0x00,   0x00,   0x80,   0x00,   0x00,   0x00,
  0x00,   0x00,   0x00,   0x00,   0x00,   0x00,   0x00,   0x00,   0x00,   0x00,   0x00,   0x00,
  0x00,   0x00,   0x00,   0x00,   0x00,   0x00,   0x00,   0x00,   0x00,   0x00,   0x00,   0x00,
  0x00,   0x00,   0x00,   0x00,   0x00,   0x00,   0x00,   0x00,   0x00,   0x00,   0x00,   0x00,
  0x00,   0x00,   0x00,   0x00,   0x00,   0x00,   0x00,   0x00,   0x00,   0x00,   0x00,   0x00,
  0x00,   0x00,   0x00,   0x00,   0x00,   0x00,   0x00,   0x00,   0x00,   0x00,   0x00,   0x00,
  0x00,   0x00,   0x00,   0x00,   0x00,   0x00,   0x00,   0x00,   0x00,   0x00,   0x00,   0x00,
  0x00,   0x00,   0x00,   0x00,   0x00,   0x00,   0x00,   0x00,   0x00,   0x00,   0x00,   0x00,
  0x00,   0x00,   0x00,   0x00,   0x00,   0x00,   0x00,   0x00,   0x00,   0x00,   0x00,   0x00,
  0x00,   0x00,   0x00,   0x00,   0x00,   0x00,   0x00,   0x00,   0x00,   0x00,   0x00,   0x00,
  0x00,   0x00,   0x00,   0x00,   0x00,   0x00,   0x00,   0x00,   0x00,   0x00,   0x00,   0x00,
  0x00,   0x00,   0x00,   0x00,   0x00,   0x00,   0x00,   0x00,   0x00,   0x00,   0x00,   0x00,
  0x00,   0x00,   0x00,   0x00,   0x00,   0x00,   0x00,   0x00,   0x00,   0x00,   0x00,   0x00,
  0x00,   0x00,   0x00,   0x00,   0x00,   0x00,   0x00,   0x00,   0x00,   0x00,   0x00,   0x00,
  0x00,   0x00,   0x00,   0x00,   0x00,   0x00,   0x00,   0x00,   0x00,   0x00,   0x00,   0x00,
  0x00,   0x00,   0x00,   0x00,   0x00,   0x00,   0x00,   0x00,   0x00,   0x00,   0x00,   0x00,
  0x00,   0x00,   0x00,   0x00,   0x00,   0x00,   0x00,   0x00,   0x00,   0x00,   0x00,   0x00,
  0x00,   0x00,   0x00,   0x00,   0x00,   0x00,   0x00,   0x00,   0x00,   0x00,   0x00,   0x00,
  0x00,   0x00,   0x00,   0x00,   0x00,   0x00,   0x00,   0x00,   0x00,   0x00,   0x00,   0x00,
  0x00,   0x00,   0x00,   0x00,   0x00,   0x00,   0x00,   0x00,   0x00,   0x00,   0x00,   0x00,
  0x00,   0x00,   0x00,   0x00,   0x00,   0x00,   0x00,   0x00,   0x00,   0x00,   0x00,   0x00,
  0x00,   0x00,   0x00,   0x00,   0x00,   0x00,   0x00,   0x00,   0x00,   0x00,   0x00,   0x00,
  0x00,   0x00,   0x00,   0x00,   0x00,   0x00,   0x00,   0x00,   0x00,   0x00,   0x00,   0x00,
  0x00,   0x00,   0x00,   0x00,   0x00,   0x00,   0x00,   0x00,   0x00,   0x00,   0x00,   0x00,
  0x00,   0x00,   0x00,   0x00,   0x00,   0x00,   0x00,   0x00,   0x00,   0x00,   0x00,   0x00,
  0x00,   0x00,   0x00,   0x00,   0x00,   0x00,   0x00,   0x00,   0x00,   0x00,   0x00,   0x00,
  0x00,   0x00,   0x00,   0x00,   0x00,   0x00,   0x00,   0x00,   0x00,   0x00,   0x00,   0x00,
  0x00,   0x00,   0x00,   0x00,   0x00,   0x00,   0x00,   0x00,   0x00,   0x00,   0x00,   0x00,
  0x00,   0x00,   0x00,   0x00,   0x00,   0x00,   0x00,   0x00,   0x00,   0x00,   0x00,   0x00,
  0x00,   0x00,   0x00,   0x00,   0x00,   0x00,   0x00,   0x00,   0x00,   0x00,   0x00,   0x00,
  0x00,   0x00,   0x00,   0x00,   0x00,   0x00,   0x00,   0x00,   0x00,   0x00,   0x00,   0x00,
  0x00,   0x00,   0x00,   0x00,   0x00,   0x00,   0x00,   0x00,   0x00,   0x00,   0x00,   0x00,
  0x00,   0x00,   0x00,   0x00,   0x00,   0x00,   0x00,   0x00,   0x00,   0x00,   0x00,   0x00,
  0x00,   0x00,   0x00,   0x00,   0x00,   0x00,   0x00,   0x00,   0x00,   0x00,   0x00,   0x00,
  0x00,   0x00,   0x00,   0x00,   0x00,   0x00,   0x00,   0x00,   0x00,   0x00,   0x00,   0x00,
  0x00,   0x00,   0x00,   0x00,   0x00,   0x00,   0x00,   0x00,   0x00,   0x00,   0x00,   0x00,
  0x00,   0x00,   0x00,   0x00,   0x00,   0x00,   0x00,   0x00,   0x00,   0x00,   0x00,   0x00,
  0x00,   0x00,   0x00,   0x00,   0x00,   0x00,   0x00,   0x00,   0x00,   0x00,   0x00,   0x00,
  0x00,   0x00,   0x00,   0x00,   0x00,   0x00,   0x00,   0x00,   0x00,   0x00,   0x00,   0x00,
  0x00,   0x00,   0x00,   0x00,   0x00,   0x00,   0x00,   0x00,   0x00,   0x00,   0x00,   0x00,
  0x00,   0x00,   0x00,   0x00,   0x00,   0x00,   0x00,   0x00,   0x00,   0x00,   0x00,   0x00,
  0x00,   0x00,   0x00,   0x00,   0x00,   0x00,   0x00,   0x00,   0x00,   0x00,   0x00,   0x00,
  0x00,   0x00,   0x00,   0x00,   0x00,   0x00,   0x00,   0x00,   0x00,   0x00,   0x00,   0x00,
  0x00,   0x00,   0x00,   0x00,   0x00,   0x00,   0x00,   0x00,   0x00,   0x00,   0x00,   0x00,
  0x00,   0x00,   0x00,   0x00,   0x00,   0x00,   0x00,   0x00,   0x00,   0x00,   0x00,   0x00,
  0x00,   0x00,   0x00,   0x00,   0x00,   0x00,   0x00,   0x00,   0x00,   0x00,   0x00,   0x00,
  0x00,   0x00,   0x00,   0x00,   0x00,   0x00,   0x00,   0x00,   0x00,   0x00,   0x00,   0x00,
  0x00,   0x00,   0x00,   0x00,   0x00,   0x00,   0x00,   0x00,   0x00,   0x00,   0x00,   0x00,
  0x00,   0x00,   0x00,   0x00,   0x00,   0x00,   0x00,   0x00,   0x00,   0x00,   0x00,   0x00,
  0x00,   0x00,   0x00,   0x00,   0x00,   0x00,   0x00,   0x00,   0x00,   0x00,   0x00,   0x00,
  0x00,   0x00,   0x00,   0x00,   0x00,   0x00,   0x00,   0x00,   0x00,   0x00,   0x00,   0x00,
  0x00,   0x00,   0x00,   0x00,   0x00,   0x00,   0x00,   0x00,   0x00,   0x00,   0x00,   0x00,
  0x00,   0x00,   0x00,   0x00,   0x00,   0x00,   0x00,   0x00,   0x00,   0x00,   0x00,   0x00,
  0x00,   0x00,   0x00,   0x00,   0x00,   0x00,   0x00,   0x00,   0x00,   0x00,   0x00,   0x00,
  0x00,   0x00,   0x00,   0x00,   0x00,   0x00,   0x00,   0x00,   0x00,   0x00,   0x00,   0x00,
  0x00,   0x00,   0x00,   0x00,   0x00,   0x00,   0x00,   0x00,   0x00,   0x00,   0x00,   0x00,
  0x00,   0x00,   0x00,   0x00,   0x00,   0x00,   0x00,   0x00,   0x00,   0x00,   0x00,   0x00,
  0x00,   0x00,   0x00,   0x00,   0x00,   0x00,   0x00,   0x00,   0x00,   0x00,   0x00,   0x00,
  0x00,   0x00,   0x00,   0x00,   0x00,   0x00,   0x00,   0x00,   0x00,   0x00,   0x00,   0x00,
  0x00,   0x00,   0x00,   0x00,   0x00,   0x00,   0x00,   0x00,   0x00,   0x00,   0x00,   0x00,
  0x00,   0x00,   0x00,   0x00,   0x00,   0x00,   0x00,   0x00,   0x00,   0x00,   0x00,   0x00,
  0x00,   0x00,   0x00,   0x00,   0x00,   0x00,   0x00,   0x00,   0x00,   0x00,   0x00,   0x00,
  0x00,   0x00,   0x00,   0x00,   0x00,   0x00,   0x00,   0x00,   0x00,   0x00,   0x00,   0x00,
  0x00,   0x00,   0x00,   0x00,   0x00,   0x00,   0x00,   0x00,   0x00,   0x00,   0x00,   0x00,
  0x00,   0x00,   0x00,   0x00,   0x00,   0x00,   0x00,   0x00,   0x00,   0x00,   0x00,   0x00,
  0x00,   0x00,   0x00,   0x00,   0x00,   0x00,   0x00,   0x00,   0x00,   0x00,   0x00,   0x00,
  0x00,   0x00,   0x00,   0x00,   0x00,   0x00,   0x00,   0x00,   0x00,   0x00,   0x00,   0x00,
  0x00,   0x00,   0x00,   0x00,   0x00,   0x00,   0x00,   0x00,   0x00,   0x00,   0x00,   0x00,
  0x00,   0x00,   0x00,   0x00,   0x00,   0x00,   0x00,   0x00,   0x00,   0x00,   0x00,   0x00,
  0x00,   0x00,   0x00,   0x00,   0x00,   0x00,   0x00,   0x00,   0x00,   0x00,   0x00,   0x00,
  0x00,   0x00,   0x00,   0x00,   0x00,   0x00,   0x00,   0x00,   0x00,   0x00,   0x00,   0x00,
  0x00,   0x00,   0x00,   0x00,   0x00,   0x00,   0x00,   0x00,   0x00,   0x00,   0x00,   0x00,
  0x00,   0x00,   0x00,   0x00,   0x00,   0x00,   0x00,   0x00,   0x00,   0x00,   0x00,   0x00,
  0x00,   0x00,   0x00,   0x00,   0x00,   0x00,   0x00,   0x00,   0x00,   0x00,   0x00,   0x00,
  0x00,   0x00,   0x00,   0x00,   0x00,   0x00,   0x00,   0x00,   0x00,   0x00,   0x00,   0x00,
  0x00,   0x00,   0x00,   0x00,   0x00,   0x00,   0x00,   0x00,   0x00,   0x00,   0x00,   0x00,
  0x00,   0x00,   0x00,   0x00,   0x00,   0x00,   0x00,   0x00,   0x00,   0x00,   0x00,   0x00,
  0x00,   0x00,   0x00,   0x00,   0x00,   0x00,   0x00,   0x00,   0x00,   0x00,   0x00,   0x00,
  0x00,   0x00,   0x00,   0x00,   0x00,   0x00,   0x00,   0x00,   0x00,   0x00,   0x00,   0x00,
  0x00,   0x00,   0x00,   0x00,   0x00,   0x00,   0x00,   0x00,   0x00,   0x00,   0x00,   0x00,
  0x00,   0x00,   0x00,   0x00,   0x00,   0x00,   0x00,   0x00,   0x00,   0x00,   0x00,   0x00,
  0x00,   0x00,   0x00,   0x00,   0x00,   0x00,   0x00,   0x00,   0x00,   0x00,   0x00,   0x00,
  0x00,   0x00,   0x00,   0x00,   0x00,   0x00,   0x00,   0x00,   0x00,   0x00,   0x00,   0x00,
  0x00,   0x00,   0x00,   0x00,   0x00,   0x00,   0x00,   0x00,   0x00,   0x00,   0x00,   0x00,
  0x00,   0x00,   0x00,   0x00,   0x00,   0x00,   0x00,   0x00,   0x00,   0x00,   0x00,   0x00,
  0x00,   0x00,   0x00,   0x00,   0x00,   0x00,   0x00,   0x00,   0x00,   0x00,   0x00,   0x00,
  0x00,   0x00,   0x00,   0x00,   0x80,   0x00,   0x00,   0x00,   0x42,   0xf6,   0x40,   0x3b,
  0x71,   0x2c,   0x45,   0x3b,   0x26,   0x8b,   0x2c,   0x3b,   0xab,   0x92,   0x88,   0x3b,
  0xf3,   0x41,   0x83,   0x3b,   0xd6,   0x37,   0xc8,   0x3b,   0x0e,   0x65,   0x5e,   0x3b,
  0x06,   0x37,   0x7d,   0x3b,   0xbf,   0xba,   0x8c,   0x3b,   0x2c,   0xfe,   0xac,   0x3b,
  0x1f,   0x62,   0x92,   0x3b,   0xd2,   0x36,   0xab,   0x3b,   0x88,   0x91,   0x81,   0x3b,
  0xe4,   0x86,   0x9b,   0x3b,   0x1d,   0x63,   0xa2,   0x3b,   0xcb,   0x81,   0x34,   0x3b,
  0x33,   0xdb,   0xb2,   0x3b,   0x17,   0x55,   0x45,   0x3b,   0xc3,   0xe5,   0x46,   0x3b,
  0xeb,   0x53,   0x0c,   0x3b,   0x86,   0x47,   0x49,   0x3b,   0x97,   0xc6,   0x0d,   0x3b,
  0x05,   0x25,   0x43,   0x3b,   0x61,   0xfa,   0x74,   0x3b,   0xed,   0xb8,   0x22,   0x3b,
  0x58,   0x4c,   0x27,   0x3b,   0xff,   0x1e,   0x0f,   0x3b,   0xae,   0x3a,   0x00,   0x3b,
  0x3d,   0x26,   0x8a,   0x3b,   0x7b,   0x8f,   0x1e,   0x3b,   0xdd,   0xf1,   0x3f,   0x3b,
  0xc1,   0x71,   0x15,   0x3b,   0x49,   0xd5,   0xdf,   0x3a,   0x43,   0x25,   0x57,   0x3b,
  0x5e,   0xbe,   0x3e,   0x3b,   0x1d,   0x9b,   0x3b,   0x3b,   0xd2,   0x5c,   0x2c,   0x3b,
  0x7c,   0x2b,   0x67,   0x3b,   0x65,   0x32,   0x12,   0x3b,   0xb7,   0xc5,   0x53,   0x3b,
  0x15,   0x26,   0x8a,   0x3b,   0x5d,   0xd8,   0x8c,   0x3b,   0x76,   0xb9,   0x41,   0x3b,
  0x95,   0x42,   0x8c,   0x3b,   0xff,   0x87,   0x59,   0x3b,   0x6b,   0x64,   0x9b,   0x3b,
  0x43,   0x76,   0x8e,   0x3b,   0xbd,   0x9d,   0x37,   0x3b,   0x41,   0xf2,   0x36,   0x3b,
  0x2d,   0x35,   0x31,   0x3b,   0xc1,   0x63,   0x24,   0x3b,   0xfe,   0x4e,   0x88,   0x3b,
  0x4f,   0xde,   0x02,   0x3b,   0xc3,   0x87,   0x0b,   0x3b,   0x38,   0xd9,   0xed,   0x3a,
  0xca,   0x41,   0x32,   0x3b,   0x27,   0x4f,   0x47,   0x3b,   0xfa,   0x7a,   0x09,   0x3b,
  0xf7,   0xf2,   0xf7,   0x3a,   0x3e,   0xb4,   0xe6,   0x3a,   0xf4,   0x61,   0x8a,   0x3b,
  0x42,   0x56,   0x51,   0x3b,   0xd9,   0x0b,   0x25,   0x3b,   0x73,   0x0c,   0x44,   0x3b,
  0x4e,   0x01,   0x3a,   0x3b,   0xa5,   0x87,   0xd2,   0x3a,   0x25,   0x1d,   0x08,   0x3b,
  0x91,   0x47,   0x12,   0x3b,   0x7b,   0x8a,   0x14,   0x3b,   0xa0,   0x0a,   0x3f,   0x3b,
  0xde,   0x34,   0x2c,   0x3b,   0x94,   0x94,   0x1e,   0x3b,   0x5b,   0x1b,   0x52,   0x3b,
  0xa1,   0x63,   0x85,   0x3b,   0xa6,   0x8d,   0x2b,   0x3b,   0x6e,   0xfc,   0x18,   0x3b,
  0x0d,   0x4a,   0x08,   0x3b,   0x11,   0xc6,   0x18,   0x3b,   0x4f,   0x59,   0xfb,   0x3a,
  0xb7,   0xf4,   0x10,   0x3b,   0x82,   0xcc,   0x0f,   0x3b,   0x5b,   0x16,   0x07,   0x3b,
  0xc9,   0x88,   0xe2,   0x3a,   0x91,   0x4f,   0x0e,   0x3b,   0xf5,   0x9d,   0x18,   0x3b,
  0x8e,   0x63,   0x1b,   0x3b,   0x71,   0x34,   0x11,   0x3b,   0x84,   0xc3,   0x22,   0x3b,
  0xa6,   0x82,   0x24,   0x3b,   0x78,   0xf0,   0x33,   0x3b,   0xe7,   0x27,   0x23,   0x3b,
  0xa7,   0xb8,   0x18,   0x3b,   0xf8,   0x4b,   0x39,   0x3b,   0xcd,   0x6c,   0xef,   0x3a,
  0xf6,   0xc0,   0xc1,   0x3a,   0x4e,   0x2f,   0x34,   0x3b,   0xd0,   0x6c,   0x67,   0x3b,
  0xa9,   0x8f,   0x56,   0x3b,   0x1e,   0xaf,   0x4f,   0x3b,   0xde,   0xe0,   0x5d,   0x3b,
  0xe6,   0xa7,   0x5a,   0x3b,   0x13,   0x0b,   0xce,   0x3b,   0x7f,   0x65,   0x5d,   0x3b,
  0x3c,   0x4f,   0x30,   0x3b,   0xf8,   0x9f,   0x97,   0x3b,   0x77,   0x20,   0x9b,   0x3b,
  0x5c,   0x0a,   0x6c,   0x3b,   0x49,   0xe9,   0x90,   0x3b,   0x6d,   0xfd,   0x83,   0x3b,
  0x21,   0x32,   0x8d,   0x3b,   0xf7,   0xbf,   0xbb,   0x3b,   0x44,   0x54,   0x14,   0x3b,
  0x85,   0xa6,   0x98,   0x3b,   0x18,   0x5c,   0x73,   0x3b,   0x25,   0xd8,   0x54,   0x3b,
  0xa1,   0x0c,   0x54,   0x3b,   0x99,   0x5c,   0x41,   0x3b,   0x62,   0xd2,   0x1a,   0x3b,
  0x49,   0x57,   0x38,   0x3b,   0x58,   0xf8,   0x42,   0x3b,   0x53,   0xad,   0x34,   0x3b,
  0x06,   0x3f,   0xa6,   0x3b,   0x88,   0xc6,   0x0a,   0x3b,   0x7b,   0x3b,   0xf5,   0x3a,
  0x3d,   0xbf,   0x9b,   0x3b,   0xf5,   0x62,   0x30,   0x3b,   0xf7,   0x63,   0x60,   0x3b,
  0x01,   0x21,   0x34,   0x3b,   0x0f,   0x00,   0x00,   0x00,   0x61,   0x72,   0x69,   0x74,
  0x68,   0x2e,   0x63,   0x6f,   0x6e,   0x73,   0x74,   0x61,   0x6e,   0x74,   0x31,   0x00,
  0x02,   0x00,   0x00,   0x00,   0x80,   0x00,   0x00,   0x00,   0x20,   0x00,   0x00,   0x00,
  0xfa,   0xf4,   0xff,   0xff,   0x00,   0x00,   0x00,   0x01,   0x14,   0x00,   0x00,   0x00,
  0x24,   0x06,   0x00,   0x00,   0x0c,   0x00,   0x00,   0x00,   0x00,   0x00,   0x00,   0x09,
  0x2c,   0x06,   0x00,   0x00,   0x6c,   0xf6,   0xff,   0xff,   0x08,   0x00,   0x00,   0x00,
  0x08,   0x04,   0x00,   0x00,   0x80,   0x00,   0x00,   0x00,   0x00,   0x00,   0x00,   0x00,
  0x00,   0x00,   0x00,   0x00,   0x00,   0x00,   0x00,   0x00,   0x00,   0x00,   0x00,   0x00,
  0x00,   0x00,   0x00,   0x00,   0x00,   0x00,   0x00,   0x00,   0x00,   0x00,   0x00,   0x00,
  0x00,   0x00,   0x00,   0x00,   0x00,   0x00,   0x00,   0x00,   0x00,   0x00,   0x00,   0x00,
  0x00,   0x00,   0x00,   0x00,   0x00,   0x00,   0x00,   0x00,   0x00,   0x00,   0x00,   0x00,
  0x00,   0x00,   0x00,   0x00,   0x00,   0x00,   0x00,   0x00,   0x00,   0x00,   0x00,   0x00,
  0x00,   0x00,   0x00,   0x00,   0x00,   0x00,   0x00,   0x00,   0x00,   0x00,   0x00,   0x00,
  0x00,   0x00,   0x00,   0x00,   0x00,   0x00,   0x00,   0x00,   0x00,   0x00,   0x00,   0x00,
  0x00,   0x00,   0x00,   0x00,   0x00,   0x00,   0x00,   0x00,   0x00,   0x00,   0x00,   0x00,
  0x00,   0x00,   0x00,   0x00,   0x00,   0x00,   0x00,   0x00,   0x00,   0x00,   0x00,   0x00,
  0x00,   0x00,   0x00,   0x00,   0x00,   0x00,   0x00,   0x00,   0x00,   0x00,   0x00,   0x00,
  0x00,   0x00,   0x00,   0x00,   0x00,   0x00,   0x00,   0x00,   0x00,   0x00,   0x00,   0x00,
  0x00,   0x00,   0x00,   0x00,   0x00,   0x00,   0x00,   0x00,   0x00,   0x00,   0x00,   0x00,
  0x00,   0x00,   0x00,   0x00,   0x00,   0x00,   0x00,   0x00,   0x00,   0x00,   0x00,   0x00,
  0x00,   0x00,   0x00,   0x00,   0x00,   0x00,   0x00,   0x00,   0x00,   0x00,   0x00,   0x00,
  0x00,   0x00,   0x00,   0x00,   0x00,   0x00,   0x00,   0x00,   0x00,   0x00,   0x00,   0x00,
  0x00,   0x00,   0x00,   0x00,   0x00,   0x00,   0x00,   0x00,   0x00,   0x00,   0x00,   0x00,
  0x00,   0x00,   0x00,   0x00,   0x00,   0x00,   0x00,   0x00,   0x00,   0x00,   0x00,   0x00,
  0x00,   0x00,   0x00,   0x00,   0x00,   0x00,   0x00,   0x00,   0x00,   0x00,   0x00,   0x00,
  0x00,   0x00,   0x00,   0x00,   0x00,   0x00,   0x00,   0x00,   0x00,   0x00,   0x00,   0x00,
  0x00,   0x00,   0x00,   0x00,   0x00,   0x00,   0x00,   0x00,   0x00,   0x00,   0x00,   0x00,
  0x00,   0x00,   0x00,   0x00,   0x00,   0x00,   0x00,   0x00,   0x00,   0x00,   0x00,   0x00,
  0x00,   0x00,   0x00,   0x00,   0x00,   0x00,   0x00,   0x00,   0x00,   0x00,   0x00,   0x00,
  0x00,   0x00,   0x00,   0x00,   0x00,   0x00,   0x00,   0x00,   0x00,   0x00,   0x00,   0x00,
  0x00,   0x00,   0x00,   0x00,   0x00,   0x00,   0x00,   0x00,   0x00,   0x00,   0x00,   0x00,
  0x00,   0x00,   0x00,   0x00,   0x00,   0x00,   0x00,   0x00,   0x00,   0x00,   0x00,   0x00,
  0x00,   0x00,   0x00,   0x00,   0x00,   0x00,   0x00,   0x00,   0x00,   0x00,   0x00,   0x00,
  0x00,   0x00,   0x00,   0x00,   0x00,   0x00,   0x00,   0x00,   0x00,   0x00,   0x00,   0x00,
  0x00,   0x00,   0x00,   0x00,   0x00,   0x00,   0x00,   0x00,   0x00,   0x00,   0x00,   0x00,
  0x00,   0x00,   0x00,   0x00,   0x00,   0x00,   0x00,   0x00,   0x00,   0x00,   0x00,   0x00,
  0x00,   0x00,   0x00,   0x00,   0x00,   0x00,   0x00,   0x00,   0x00,   0x00,   0x00,   0x00,
  0x00,   0x00,   0x00,   0x00,   0x00,   0x00,   0x00,   0x00,   0x00,   0x00,   0x00,   0x00,
  0x00,   0x00,   0x00,   0x00,   0x00,   0x00,   0x00,   0x00,   0x00,   0x00,   0x00,   0x00,
  0x00,   0x00,   0x00,   0x00,   0x00,   0x00,   0x00,   0x00,   0x00,   0x00,   0x00,   0x00,
  0x00,   0x00,   0x00,   0x00,   0x00,   0x00,   0x00,   0x00,   0x00,   0x00,   0x00,   0x00,
  0x00,   0x00,   0x00,   0x00,   0x00,   0x00,   0x00,   0x00,   0x00,   0x00,   0x00,   0x00,
  0x00,   0x00,   0x00,   0x00,   0x00,   0x00,   0x00,   0x00,   0x00,   0x00,   0x00,   0x00,
  0x00,   0x00,   0x00,   0x00,   0x00,   0x00,   0x00,   0x00,   0x00,   0x00,   0x00,   0x00,
  0x00,   0x00,   0x00,   0x00,   0x00,   0x00,   0x00,   0x00,   0x00,   0x00,   0x00,   0x00,
  0x00,   0x00,   0x00,   0x00,   0x00,   0x00,   0x00,   0x00,   0x00,   0x00,   0x00,   0x00,
  0x00,   0x00,   0x00,   0x00,   0x00,   0x00,   0x00,   0x00,   0x00,   0x00,   0x00,   0x00,
  0x00,   0x00,   0x00,   0x00,   0x00,   0x00,   0x00,   0x00,   0x00,   0x00,   0x00,   0x00,
  0x00,   0x00,   0x00,   0x00,   0x00,   0x00,   0x00,   0x00,   0x00,   0x00,   0x00,   0x00,
  0x00,   0x00,   0x00,   0x00,   0x00,   0x00,   0x00,   0x00,   0x00,   0x00,   0x00,   0x00,
  0x00,   0x00,   0x00,   0x00,   0x00,   0x00,   0x00,   0x00,   0x00,   0x00,   0x00,   0x00,
  0x00,   0x00,   0x00,   0x00,   0x00,   0x00,   0x00,   0x00,   0x00,   0x00,   0x00,   0x00,
  0x00,   0x00,   0x00,   0x00,   0x00,   0x00,   0x00,   0x00,   0x00,   0x00,   0x00,   0x00,
  0x00,   0x00,   0x00,   0x00,   0x00,   0x00,   0x00,   0x00,   0x00,   0x00,   0x00,   0x00,
  0x00,   0x00,   0x00,   0x00,   0x00,   0x00,   0x00,   0x00,   0x00,   0x00,   0x00,   0x00,
  0x00,   0x00,   0x00,   0x00,   0x00,   0x00,   0x00,   0x00,   0x00,   0x00,   0x00,   0x00,
  0x00,   0x00,   0x00,   0x00,   0x00,   0x00,   0x00,   0x00,   0x00,   0x00,   0x00,   0x00,
  0x00,   0x00,   0x00,   0x00,   0x00,   0x00,   0x00,   0x00,   0x00,   0x00,   0x00,   0x00,
  0x00,   0x00,   0x00,   0x00,   0x00,   0x00,   0x00,   0x00,   0x00,   0x00,   0x00,   0x00,
  0x00,   0x00,   0x00,   0x00,   0x00,   0x00,   0x00,   0x00,   0x00,   0x00,   0x00,   0x00,
  0x00,   0x00,   0x00,   0x00,   0x00,   0x00,   0x00,   0x00,   0x00,   0x00,   0x00,   0x00,
  0x00,   0x00,   0x00,   0x00,   0x00,   0x00,   0x00,   0x00,   0x00,   0x00,   0x00,   0x00,
  0x00,   0x00,   0x00,   0x00,   0x00,   0x00,   0x00,   0x00,   0x00,   0x00,   0x00,   0x00,
  0x00,   0x00,   0x00,   0x00,   0x00,   0x00,   0x00,   0x00,   0x00,   0x00,   0x00,   0x00,
  0x00,   0x00,   0x00,   0x00,   0x00,   0x00,   0x00,   0x00,   0x00,   0x00,   0x00,   0x00,
  0x00,   0x00,   0x00,   0x00,   0x00,   0x00,   0x00,   0x00,   0x00,   0x00,   0x00,   0x00,
  0x00,   0x00,   0x00,   0x00,   0x00,   0x00,   0x00,   0x00,   0x00,   0x00,   0x00,   0x00,
  0x00,   0x00,   0x00,   0x00,   0x00,   0x00,   0x00,   0x00,   0x00,   0x00,   0x00,   0x00,
  0x00,   0x00,   0x00,   0x00,   0x00,   0x00,   0x00,   0x00,   0x00,   0x00,   0x00,   0x00,
  0x00,   0x00,   0x00,   0x00,   0x00,   0x00,   0x00,   0x00,   0x00,   0x00,   0x00,   0x00,
  0x00,   0x00,   0x00,   0x00,   0x00,   0x00,   0x00,   0x00,   0x00,   0x00,   0x00,   0x00,
  0x00,   0x00,   0x00,   0x00,   0x00,   0x00,   0x00,   0x00,   0x00,   0x00,   0x00,   0x00,
  0x00,   0x00,   0x00,   0x00,   0x00,   0x00,   0x00,   0x00,   0x00,   0x00,   0x00,   0x00,
  0x00,   0x00,   0x00,   0x00,   0x00,   0x00,   0x00,   0x00,   0x00,   0x00,   0x00,   0x00,
  0x00,   0x00,   0x00,   0x00,   0x00,   0x00,   0x00,   0x00,   0x00,   0x00,   0x00,   0x00,
  0x00,   0x00,   0x00,   0x00,   0x00,   0x00,   0x00,   0x00,   0x00,   0x00,   0x00,   0x00,
  0x00,   0x00,   0x00,   0x00,   0x00,   0x00,   0x00,   0x00,   0x00,   0x00,   0x00,   0x00,
  0x00,   0x00,   0x00,   0x00,   0x00,   0x00,   0x00,   0x00,   0x00,   0x00,   0x00,   0x00,
  0x00,   0x00,   0x00,   0x00,   0x00,   0x00,   0x00,   0x00,   0x00,   0x00,   0x00,   0x00,
  0x00,   0x00,   0x00,   0x00,   0x00,   0x00,   0x00,   0x00,   0x00,   0x00,   0x00,   0x00,
  0x00,   0x00,   0x00,   0x00,   0x00,   0x00,   0x00,   0x00,   0x00,   0x00,   0x00,   0x00,
  0x00,   0x00,   0x00,   0x00,   0x00,   0x00,   0x00,   0x00,   0x00,   0x00,   0x00,   0x00,
  0x00,   0x00,   0x00,   0x00,   0x00,   0x00,   0x00,   0x00,   0x00,   0x00,   0x00,   0x00,
  0x00,   0x00,   0x00,   0x00,   0x00,   0x00,   0x00,   0x00,   0x00,   0x00,   0x00,   0x00,
  0x00,   0x00,   0x00,   0x00,   0x00,   0x00,   0x00,   0x00,   0x00,   0x00,   0x00,   0x00,
  0x00,   0x00,   0x00,   0x00,   0x00,   0x00,   0x00,   0x00,   0x00,   0x00,   0x00,   0x00,
  0x00,   0x00,   0x00,   0x00,   0x00,   0x00,   0x00,   0x00,   0x00,   0x00,   0x00,   0x00,
  0x00,   0x00,   0x00,   0x00,   0x00,   0x00,   0x00,   0x00,   0x00,   0x00,   0x00,   0x00,
  0x00,   0x00,   0x00,   0x00,   0x00,   0x00,   0x00,   0x00,   0x00,   0x00,   0x00,   0x00,
  0x00,   0x00,   0x00,   0x00,   0x00,   0x00,   0x00,   0x00,   0x00,   0x00,   0x00,   0x00,
  0x00,   0x00,   0x00,   0x00,   0x00,   0x00,   0x00,   0x00,   0x00,   0x00,   0x00,   0x00,
  0x00,   0x00,   0x00,   0x00,   0x00,   0x00,   0x00,   0x00,   0x00,   0x00,   0x00,   0x00,
  0x80,   0x00,   0x00,   0x00,   0x7b,   0x5c,   0x49,   0x3b,   0x85,   0xef,   0xa5,   0x3b,
  0x89,   0x8b,   0x77,   0x3b,   0xea,   0x42,   0x4c,   0x3b,   0x55,   0xfa,   0x77,   0x3b,
  0x0b,   0xc5,   0x43,   0x3b,   0xaa,   0xbf,   0xec,   0x3a,   0x8d,   0x17,   0xd1,   0x3a,
  0x21,   0x25,   0xf2,   0x3b,   0x22,   0xb9,   0x81,   0x3b,   0x4c,   0x7e,   0xa2,   0x3b,
  0xf9,   0x15,   0x96,   0x3b,   0x79,   0xc2,   0x26,   0x3b,   0xfd,   0x3c,   0x54,   0x3b,
  0x52,   0x7f,   0xf3,   0x3b,   0xee,   0xba,   0xd7,   0x3a,   0x26,   0xb3,   0x73,   0x3b,
  0x9b,   0x98,   0xe2,   0x3a,   0x50,   0x3d,   0x17,   0x3b,   0xdb,   0x16,   0x43,   0x3b,
  0x99,   0x8e,   0x14,   0x3b,   0x06,   0x21,   0x88,   0x3a,   0x0b,   0x44,   0x0c,   0x3b,
  0x4e,   0xdf,   0x51,   0x3b,   0x30,   0x45,   0x00,   0x3b,   0x5d,   0x71,   0xfd,   0x3a,
  0x82,   0xae,   0x0e,   0x3b,   0x97,   0x32,   0x32,   0x3b,   0x8b,   0xab,   0x49,   0x3b,
  0x50,   0x8f,   0xeb,   0x3a,   0x88,   0xf4,   0xed,   0x3a,   0x9d,   0xca,   0x39,   0x3b,
  0xe6,   0x77,   0x15,   0x3b,   0x23,   0xef,   0x80,   0x3b,   0x3b,   0x79,   0xc6,   0x3a,
  0x83,   0xa2,   0x01,   0x3b,   0xa9,   0xe1,   0x61,   0x3b,   0x4d,   0x6e,   0x20,   0x3b,
  0xf1,   0x94,   0xd3,   0x3a,   0xf1,   0xe5,   0x47,   0x3b,   0xda,   0x28,   0x37,   0x3b,
  0xc4,   0xb4,   0xb7,   0x3a,   0x00,   0xc1,   0x3f,   0x3b,   0x75,   0x68,   0x60,   0x3b,
  0x94,   0xb4,   0x84,   0x3b,   0xcc,   0xfb,   0x6f,   0x3b,   0x2c,   0x50,   0xc5,   0x3b,
  0x32,   0x81,   0x15,   0x3b,   0xa8,   0xea,   0x77,   0x3b,   0x48,   0xd2,   0x0a,   0x3b,
  0x71,   0xed,   0x48,   0x3b,   0x14,   0x2b,   0x87,   0x3b,   0xb6,   0x95,   0x39,   0x3b,
  0xc1,   0x03,   0x04,   0x3b,   0x70,   0xdc,   0xd5,   0x3a,   0xf6,   0x5f,   0xb2,   0x3a,
  0x66,   0x9b,   0x05,   0x3b,   0x80,   0x2a,   0xc3,   0x3a,   0x0d,   0x08,   0x58,   0x3b,
  0x16,   0x32,   0x02,   0x3b,   0x4c,   0x6f,   0x34,   0x3b,   0x7a,   0xb9,   0x6a,   0x3b,
  0x96,   0x86,   0x65,   0x3b,   0x3f,   0x9f,   0x25,   0x3b,   0x7a,   0x0d,   0x3f,   0x3b,
  0xc3,   0x42,   0x32,   0x3b,   0x1b,   0x7c,   0x59,   0x3a,   0xec,   0xc9,   0x2c,   0x3b,
  0x55,   0x13,   0x46,   0x3b,   0x0c,   0x25,   0xea,   0x3a,   0x9f,   0xce,   0xa3,   0x3a,
  0xfe,   0x07,   0xf7,   0x3a,   0xa7,   0xe3,   0x76,   0x3b,   0xf7,   0x4a,   0x08,   0x3b,
  0x90,   0x3b,   0x4e,   0x3b,   0x5e,   0x7d,   0x77,   0x3b,   0xc9,   0x55,   0x20,   0x3b,
  0x17,   0xe2,   0x39,   0x3b,   0x94,   0x07,   0x3c,   0x3b,   0x65,   0xdc,   0x53,   0x3b,
  0x6f,   0xc7,   0x1c,   0x3b,   0x30,   0x73,   0x0e,   0x3b,   0xe3,   0x82,   0x1b,   0x3b,
  0xe1,   0x37,   0x39,   0x3b,   0x0c,   0x3d,   0xfa,   0x3a,   0x7a,   0x4d,   0xda,   0x3a,
  0xda,   0xb5,   0xa5,   0x3a,   0x22,   0x23,   0xb3,   0x3a,   0x4f,   0xb2,   0x36,   0x3b,
  0x28,   0x04,   0x04,   0x3b,   0x53,   0x51,   0x0e,   0x3b,   0x3c,   0x15,   0xf7,   0x3a,
  0x6c,   0x28,   0x07,   0x3b,   0x9b,   0x3d,   0x30,   0x3b,   0xa3,   0x14,   0xdf,   0x3a,
  0xc2,   0x27,   0x0e,   0x3b,   0xcf,   0x89,   0x17,   0x3b,   0x22,   0x8a,   0x5a,   0x3b,
  0x29,   0x00,   0x8d,   0x3b,   0x0f,   0x7a,   0x68,   0x3b,   0x5f,   0x56,   0x2a,   0x3b,
  0x67,   0x50,   0x5b,   0x3b,   0xb5,   0x19,   0x49,   0x3b,   0xb6,   0x30,   0x19,   0x3b,
  0x7f,   0x3e,   0xfc,   0x3b,   0x6d,   0x32,   0x89,   0x3b,   0xd2,   0xd0,   0xaa,   0x3b,
  0x32,   0x57,   0x9b,   0x3b,   0x9b,   0x22,   0x68,   0x3b,   0x3c,   0x9b,   0x73,   0x3b,
  0x73,   0x3f,   0xb8,   0x3b,   0x2b,   0xc6,   0x2f,   0x3b,   0x22,   0x26,   0x3b,   0x3b,
  0x93,   0x63,   0x41,   0x3b,   0x48,   0xf1,   0x59,   0x3b,   0x3e,   0x90,   0x22,   0x3b,
  0x29,   0xe7,   0xf4,   0x3a,   0xbe,   0xf1,   0x19,   0x3b,   0x75,   0xab,   0x23,   0x3b,
  0x98,   0x2b,   0x23,   0x3b,   0x7f,   0x97,   0xd0,   0x3a,   0xff,   0x88,   0x2f,   0x3b,
  0xa8,   0xdc,   0x33,   0x3b,   0xff,   0x56,   0x01,   0x3b,   0xa5,   0xde,   0x0a,   0x3b,
  0xc6,   0xb0,   0x31,   0x3b,   0xff,   0x09,   0x2d,   0x3b,   0xf9,   0x43,   0x61,   0x3b,
  0x0e,   0x00,   0x00,   0x00,   0x61,   0x72,   0x69,   0x74,   0x68,   0x2e,   0x63,   0x6f,
  0x6e,   0x73,   0x74,   0x61,   0x6e,   0x74,   0x00,   0x00,   0x02,   0x00,   0x00,   0x00,
  0x80,   0x00,   0x00,   0x00,   0x08,   0x00,   0x00,   0x00,   0x4a,   0xfb,   0xff,   0xff,
  0x00,   0x00,   0x00,   0x01,   0x14,   0x00,   0x00,   0x00,   0x30,   0x00,   0x00,   0x00,
  0x0b,   0x00,   0x00,   0x00,   0x00,   0x00,   0x00,   0x09,   0x60,   0x00,   0x00,   0x00,
  0xbc,   0xfc,   0xff,   0xff,   0x08,   0x00,   0x00,   0x00,   0x10,   0x00,   0x00,   0x00,
  0x01,   0x00,   0x00,   0x00,   0xa2,   0xff,   0xff,   0xff,   0xff,   0xff,   0xff,   0xff,
  0x01,   0x00,   0x00,   0x00,   0xa6,   0x74,   0xaa,   0x3b,   0x36,   0x00,   0x00,   0x00,
  0x73,   0x65,   0x71,   0x75,   0x65,   0x6e,   0x74,   0x69,   0x61,   0x6c,   0x5f,   0x31,
  0x2f,   0x6c,   0x73,   0x74,   0x6d,   0x5f,   0x31,   0x2f,   0x6c,   0x73,   0x74,   0x6d,
  0x5f,   0x63,   0x65,   0x6c,   0x6c,   0x5f,   0x31,   0x2f,   0x42,   0x69,   0x61,   0x73,
  0x41,   0x64,   0x64,   0x2f,   0x52,   0x65,   0x61,   0x64,   0x56,   0x61,   0x72,   0x69,
  0x61,   0x62,   0x6c,   0x65,   0x4f,   0x70,   0x00,   0x00,   0x01,   0x00,   0x00,   0x00,
  0x80,   0x00,   0x00,   0x00,   0xca,   0xfb,   0xff,   0xff,   0x00,   0x00,   0x00,   0x01,
  0x14,   0x00,   0x00,   0x00,   0xe8,   0x00,   0x00,   0x00,   0x0a,   0x00,   0x00,   0x00,
  0x00,   0x00,   0x00,   0x09,   0xfc,   0x00,   0x00,   0x00,   0x3c,   0xfd,   0xff,   0xff,
  0x08,   0x00,   0x00,   0x00,   0x8c,   0x00,   0x00,   0x00,   0x10,   0x00,   0x00,   0x00,
  0x00,   0x00,   0x00,   0x00,   0x00,   0x00,   0x00,   0x00,   0x00,   0x00,   0x00,   0x00,
  0x00,   0x00,   0x00,   0x00,   0x00,   0x00,   0x00,   0x00,   0x00,   0x00,   0x00,   0x00,
  0x00,   0x00,   0x00,   0x00,   0x00,   0x00,   0x00,   0x00,   0x00,   0x00,   0x00,   0x00,
  0x00,   0x00,   0x00,   0x00,   0x00,   0x00,   0x00,   0x00,   0x00,   0x00,   0x00,   0x00,
  0x00,   0x00,   0x00,   0x00,   0x00,   0x00,   0x00,   0x00,   0x00,   0x00,   0x00,   0x00,
  0x00,   0x00,   0x00,   0x00,   0x00,   0x00,   0x00,   0x00,   0x00,   0x00,   0x00,   0x00,
  0x00,   0x00,   0x00,   0x00,   0x00,   0x00,   0x00,   0x00,   0x00,   0x00,   0x00,   0x00,
  0x00,   0x00,   0x00,   0x00,   0x00,   0x00,   0x00,   0x00,   0x00,   0x00,   0x00,   0x00,
  0x00,   0x00,   0x00,   0x00,   0x00,   0x00,   0x00,   0x00,   0x00,   0x00,   0x00,   0x00,
  0x00,   0x00,   0x00,   0x00,   0x00,   0x00,   0x00,   0x00,   0x00,   0x00,   0x00,   0x00,
  0x00,   0x00,   0x00,   0x00,   0x00,   0x00,   0x00,   0x00,   0x00,   0x00,   0x00,   0x00,
  0x10,   0x00,   0x00,   0x00,   0x90,   0x8e,   0x82,   0x3b,   0x42,   0x00,   0x4b,   0x3b,
  0x69,   0xfd,   0x51,   0x3b,   0x2e,   0xcf,   0x82,   0x3b,   0xd7,   0x9a,   0x39,   0x3b,
  0xc6,   0xc4,   0x16,   0x3b,   0x68,   0x20,   0x3d,   0x3b,   0x88,   0xb1,   0x5b,   0x3b,
  0xf9,   0x23,   0x60,   0x3b,   0xc3,   0x14,   0xa3,   0x3b,   0x4f,   0x50,   0x37,   0x3b,
  0x37,   0x5f,   0xa7,   0x3b,   0xe7,   0xb5,   0x34,   0x3b,   0x93,   0x8e,   0x9b,   0x3b,
  0x17,   0x25,   0x4b,   0x3b,   0x45,   0xb3,   0xa0,   0x3b,   0x1b,   0x00,   0x00,   0x00,
  0x73,   0x65,   0x71,   0x75,   0x65,   0x6e,   0x74,   0x69,   0x61,   0x6c,   0x5f,   0x31,
  0x2f,   0x64,   0x65,   0x6e,   0x73,   0x65,   0x5f,   0x31,   0x2f,   0x4d,   0x61,   0x74,
  0x4d,   0x75,   0x6c,   0x00,   0x02,   0x00,   0x00,   0x00,   0x10,   0x00,   0x00,   0x00,
  0x20,   0x00,   0x00,   0x00,   0xea,   0xfc,   0xff,   0xff,   0x00,   0x00,   0x00,   0x01,
  0x14,   0x00,   0x00,   0x00,   0xe8,   0x00,   0x00,   0x00,   0x09,   0x00,   0x00,   0x00,
  0x00,   0x00,   0x00,   0x02,   0x18,   0x01,   0x00,   0x00,   0x5c,   0xfe,   0xff,   0xff,
  0x08,   0x00,   0x00,   0x00,   0x8c,   0x00,   0x00,   0x00,   0x10,   0x00,   0x00,   0x00,
  0x00,   0x00,   0x00,   0x00,   0x00,   0x00,   0x00,   0x00,   0x00,   0x00,   0x00,   0x00,
  0x00,   0x00,   0x00,   0x00,   0x00,   0x00,   0x00,   0x00,   0x00,   0x00,   0x00,   0x00,
  0x00,   0x00,   0x00,   0x00,   0x00,   0x00,   0x00,   0x00,   0x00,   0x00,   0x00,   0x00,
  0x00,   0x00,   0x00,   0x00,   0x00,   0x00,   0x00,   0x00,   0x00,   0x00,   0x00,   0x00,
  0x00,   0x00,   0x00,   0x00,   0x00,   0x00,   0x00,   0x00,   0x00,   0x00,   0x00,   0x00,
  0x00,   0x00,   0x00,   0x00,   0x00,   0x00,   0x00,   0x00,   0x00,   0x00,   0x00,   0x00,
  0x00,   0x00,   0x00,   0x00,   0x00,   0x00,   0x00,   0x00,   0x00,   0x00,   0x00,   0x00,
  0x00,   0x00,   0x00,   0x00,   0x00,   0x00,   0x00,   0x00,   0x00,   0x00,   0x00,   0x00,
  0x00,   0x00,   0x00,   0x00,   0x00,   0x00,   0x00,   0x00,   0x00,   0x00,   0x00,   0x00,
  0x00,   0x00,   0x00,   0x00,   0x00,   0x00,   0x00,   0x00,   0x00,   0x00,   0x00,   0x00,
  0x00,   0x00,   0x00,   0x00,   0x00,   0x00,   0x00,   0x00,   0x00,   0x00,   0x00,   0x00,
  0x10,   0x00,   0x00,   0x00,   0xd9,   0x61,   0xd1,   0x37,   0x5e,   0xc8,   0xa2,   0x37,
  0x0e,   0x63,   0xa8,   0x37,   0x7b,   0xc9,   0xd1,   0x37,   0x42,   0xd5,   0x94,   0x37,
  0x0e,   0xcc,   0x71,   0x37,   0x35,   0xa8,   0x97,   0x37,   0x07,   0x2b,   0xb0,   0x37,
  0xec,   0xbb,   0xb3,   0x37,   0x8c,   0xc5,   0x02,   0x38,   0xee,   0xfe,   0x92,   0x37,
  0x60,   0x36,   0x06,   0x38,   0x8d,   0xe8,   0x90,   0x37,   0xf2,   0x79,   0xf9,   0x37,
  0xe7,   0xe5,   0xa2,   0x37,   0xce,   0xdc,   0x00,   0x38,   0x36,   0x00,   0x00,   0x00,
  0x73,   0x65,   0x71,   0x75,   0x65,   0x6e,   0x74,   0x69,   0x61,   0x6c,   0x5f,   0x31,
  0x2f,   0x64,   0x65,   0x6e,   0x73,   0x65,   0x5f,   0x31,   0x2f,   0x52,   0x65,   0x6c,
  0x75,   0x3b,   0x73,   0x65,   0x71,   0x75,   0x65,   0x6e,   0x74,   0x69,   0x61,   0x6c,
  0x5f,   0x31,   0x2f,   0x64,   0x65,   0x6e,   0x73,   0x65,   0x5f,   0x31,   0x2f,   0x42,
  0x69,   0x61,   0x73,   0x41,   0x64,   0x64,   0x00,   0x00,   0x01,   0x00,   0x00,   0x00,
  0x10,   0x00,   0x00,   0x00,   0x22,   0xfe,   0xff,   0xff,   0x00,   0x00,   0x00,   0x01,
  0x14,   0x00,   0x00,   0x00,   0x30,   0x00,   0x00,   0x00,   0x08,   0x00,   0x00,   0x00,
  0x00,   0x00,   0x00,   0x09,   0x48,   0x00,   0x00,   0x00,   0x94,   0xff,   0xff,   0xff,
  0x08,   0x00,   0x00,   0x00,   0x10,   0x00,   0x00,   0x00,   0x01,   0x00,   0x00,   0x00,
  0x00,   0x00,   0x00,   0x00,   0x00,   0x00,   0x00,   0x00,   0x01,   0x00,   0x00,   0x00,
  0x96,   0x61,   0x78,   0x3b,   0x1d,   0x00,   0x00,   0x00,   0x73,   0x65,   0x71,   0x75,
  0x65,   0x6e,   0x74,   0x69,   0x61,   0x6c,   0x5f,   0x31,   0x2f,   0x64,   0x65,   0x6e,
  0x73,   0x65,   0x5f,   0x31,   0x5f,   0x32,   0x2f,   0x4d,   0x61,   0x74,   0x4d,   0x75,
  0x6c,   0x00,   0x00,   0x00,   0x02,   0x00,   0x00,   0x00,   0x01,   0x00,   0x00,   0x00,
  0x10,   0x00,   0x00,   0x00,   0x8e,   0xfe,   0xff,   0xff,   0x00,   0x00,   0x00,   0x01,
  0x20,   0x00,   0x00,   0x00,   0x40,   0x00,   0x00,   0x00,   0x07,   0x00,   0x00,   0x00,
  0x00,   0x00,   0x00,   0x02,   0x54,   0x00,   0x00,   0x00,   0x0c,   0x00,   0x0c,   0x00,
  0x00,   0x00,   0x00,   0x00,   0x08,   0x00,   0x04,   0x00,   0x0c,   0x00,   0x00,   0x00,
  0x08,   0x00,   0x00,   0x00,   0x14,   0x00,   0x00,   0x00,   0x01,   0x00,   0x00,   0x00,
  0x00,   0x00,   0x00,   0x00,   0x00,   0x00,   0x00,   0x00,   0x00,   0x00,   0x00,   0x00,
  0x01,   0x00,   0x00,   0x00,   0xca,   0x06,   0xa6,   0x37,   0x1a,   0x00,   0x00,   0x00,
  0x73,   0x65,   0x71,   0x75,   0x65,   0x6e,   0x74,   0x69,   0x61,   0x6c,   0x5f,   0x31,
  0x2f,   0x64,   0x65,   0x6e,   0x73,   0x65,   0x5f,   0x31,   0x5f,   0x32,   0x2f,   0x41,
  0x64,   0x64,   0x00,   0x00,   0x01,   0x00,   0x00,   0x00,   0x01,   0x00,   0x00,   0x00,
  0x02,   0xff,   0xff,   0xff,   0x00,   0x00,   0x00,   0x01,   0x14,   0x00,   0x00,   0x00,
  0x14,   0x00,   0x00,   0x00,   0x03,   0x00,   0x00,   0x00,   0x00,   0x00,   0x00,   0x02,
  0x1c,   0x00,   0x00,   0x00,   0x70,   0xfe,   0xff,   0xff,   0x0f,   0x00,   0x00,   0x00,
  0x61,   0x72,   0x69,   0x74,   0x68,   0x2e,   0x63,   0x6f,   0x6e,   0x73,   0x74,   0x61,
  0x6e,   0x74,   0x35,   0x00,   0x00,   0x00,   0x00,   0x00,   0x3a,   0xff,   0xff,   0xff,
  0x00,   0x00,   0x00,   0x01,   0x14,   0x00,   0x00,   0x00,   0x14,   0x00,   0x00,   0x00,
  0x05,   0x00,   0x00,   0x00,   0x00,   0x00,   0x00,   0x02,   0x1c,   0x00,   0x00,   0x00,
  0xa8,   0xfe,   0xff,   0xff,   0x0f,   0x00,   0x00,   0x00,   0x61,   0x72,   0x69,   0x74,
  0x68,   0x2e,   0x63,   0x6f,   0x6e,   0x73,   0x74,   0x61,   0x6e,   0x74,   0x32,   0x00,
  0x00,   0x00,   0x00,   0x00,   0x72,   0xff,   0xff,   0xff,   0x00,   0x00,   0x00,   0x01,
  0x14,   0x00,   0x00,   0x00,   0x14,   0x00,   0x00,   0x00,   0x04,   0x00,   0x00,   0x00,
  0x00,   0x00,   0x00,   0x02,   0x30,   0x00,   0x00,   0x00,   0xe0,   0xfe,   0xff,   0xff,
  0x22,   0x00,   0x00,   0x00,   0x73,   0x65,   0x71,   0x75,   0x65,   0x6e,   0x74,   0x69,
  0x61,   0x6c,   0x5f,   0x31,   0x2f,   0x6c,   0x73,   0x74,   0x6d,   0x5f,   0x31,   0x2f,
  0x74,   0x72,   0x61,   0x6e,   0x73,   0x70,   0x6f,   0x73,   0x65,   0x2f,   0x70,   0x65,
  0x72,   0x6d,   0x00,   0x00,   0x01,   0x00,   0x00,   0x00,   0x03,   0x00,   0x00,   0x00,
  0xc2,   0xff,   0xff,   0xff,   0x00,   0x00,   0x00,   0x01,   0x14,   0x00,   0x00,   0x00,
  0x14,   0x00,   0x00,   0x00,   0x03,   0x00,   0x00,   0x00,   0x00,   0x00,   0x00,   0x02,
  0x1c,   0x00,   0x00,   0x00,   0x30,   0xff,   0xff,   0xff,   0x0f,   0x00,   0x00,   0x00,
  0x61,   0x72,   0x69,   0x74,   0x68,   0x2e,   0x63,   0x6f,   0x6e,   0x73,   0x74,   0x61,
  0x6e,   0x74,   0x34,   0x00,   0x01,   0x00,   0x00,   0x00,   0x01,   0x00,   0x00,   0x00,
  0x00,   0x00,   0x16,   0x00,   0x1c,   0x00,   0x18,   0x00,   0x17,   0x00,   0x10,   0x00,
  0x0c,   0x00,   0x08,   0x00,   0x00,   0x00,   0x00,   0x00,   0x00,   0x00,   0x07,   0x00,
  0x16,   0x00,   0x00,   0x00,   0x00,   0x00,   0x00,   0x01,   0x14,   0x00,   0x00,   0x00,
  0x14,   0x00,   0x00,   0x00,   0x02,   0x00,   0x00,   0x00,   0x00,   0x00,   0x00,   0x02,
  0x34,   0x00,   0x00,   0x00,   0x84,   0xff,   0xff,   0xff,   0x27,   0x00,   0x00,   0x00,
  0x73,   0x65,   0x71,   0x75,   0x65,   0x6e,   0x74,   0x69,   0x61,   0x6c,   0x5f,   0x31,
  0x2f,   0x6c,   0x73,   0x74,   0x6d,   0x5f,   0x31,   0x2f,   0x73,   0x74,   0x72,   0x69,
  0x64,   0x65,   0x64,   0x5f,   0x73,   0x6c,   0x69,   0x63,   0x65,   0x2f,   0x73,   0x74,
  0x61,   0x63,   0x6b,   0x00,   0x01,   0x00,   0x00,   0x00,   0x01,   0x00,   0x00,   0x00,
  0x00,   0x00,   0x16,   0x00,   0x1c,   0x00,   0x18,   0x00,   0x00,   0x00,   0x14,   0x00,
  0x10,   0x00,   0x0c,   0x00,   0x00,   0x00,   0x00,   0x00,   0x08,   0x00,   0x07,   0x00,
  0x16,   0x00,   0x00,   0x00,   0x00,   0x00,   0x00,   0x01,   0x14,   0x00,   0x00,   0x00,
  0x24,   0x00,   0x00,   0x00,   0x24,   0x00,   0x00,   0x00,   0x01,   0x00,   0x00,   0x00,
  0x44,   0x00,   0x00,   0x00,   0x03,   0x00,   0x00,   0x00,   0xff,   0xff,   0xff,   0xff,
  0x12,   0x00,   0x00,   0x00,   0x08,   0x00,   0x00,   0x00,   0x04,   0x00,   0x04,   0x00,
  0x04,   0x00,   0x00,   0x00,   0x21,   0x00,   0x00,   0x00,   0x73,   0x65,   0x72,   0x76,
  0x69,   0x6e,   0x67,   0x5f,   0x64,   0x65,   0x66,   0x61,   0x75,   0x6c,   0x74,   0x5f,
  0x6b,   0x65,   0x72,   0x61,   0x73,   0x5f,   0x74,   0x65,   0x6e,   0x73,   0x6f,   0x72,
  0x5f,   0x31,   0x30,   0x3a,   0x30,   0x00,   0x00,   0x00,   0x03,   0x00,   0x00,   0x00,
  0x01,   0x00,   0x00,   0x00,   0x12,   0x00,   0x00,   0x00,   0x08,   0x00,   0x00,   0x00,
  0x0e,   0x00,   0x00,   0x00,   0x20,   0x01,   0x00,   0x00,   0x04,   0x01,   0x00,   0x00,
  0xf4,   0x00,   0x00,   0x00,   0xe0,   0x00,   0x00,   0x00,   0xc0,   0x00,   0x00,   0x00,
  0xb0,   0x00,   0x00,   0x00,   0x9c,   0x00,   0x00,   0x00,   0x88,   0x00,   0x00,   0x00,
  0x7c,   0x00,   0x00,   0x00,   0x60,   0x00,   0x00,   0x00,   0x40,   0x00,   0x00,   0x00,
  0x2c,   0x00,   0x00,   0x00,   0x18,   0x00,   0x00,   0x00,   0x04,   0x00,   0x00,   0x00,
  0x58,   0xff,   0xff,   0xff,   0x06,   0x00,   0x00,   0x00,   0x02,   0x00,   0x00,   0x00,
  0x00,   0x00,   0x00,   0x06,   0x68,   0xff,   0xff,   0xff,   0x1c,   0x00,   0x00,   0x00,
  0x02,   0x00,   0x00,   0x00,   0x00,   0x00,   0x00,   0x1c,   0x78,   0xff,   0xff,   0xff,
  0x12,   0x00,   0x00,   0x00,   0x02,   0x00,   0x00,   0x00,   0x00,   0x00,   0x00,   0x12,
  0x88,   0xff,   0xff,   0xff,   0x0e,   0x00,   0x00,   0x00,   0x02,   0x00,   0x00,   0x00,
  0x00,   0x00,   0x00,   0x0e,   0x0c,   0x00,   0x0e,   0x00,   0x0d,   0x00,   0x00,   0x00,
  0x08,   0x00,   0x04,   0x00,   0x0c,   0x00,   0x00,   0x00,   0x31,   0x00,   0x00,   0x00,
  0x02,   0x00,   0x00,   0x00,   0x00,   0x31,   0x0a,   0x00,   0x08,   0x00,   0x00,   0x00,
  0x00,   0x00,   0x04,   0x00,   0x0a,   0x00,   0x00,   0x00,   0x02,   0x00,   0x00,   0x00,
  0xc4,   0xff,   0xff,   0xff,   0x09,   0x00,   0x00,   0x00,   0x04,   0x00,   0x00,   0x00,
  0x00,   0x00,   0x00,   0x09,   0xd4,   0xff,   0xff,   0xff,   0x5e,   0x00,   0x00,   0x00,
  0x03,   0x00,   0x00,   0x00,   0x00,   0x00,   0x00,   0x5e,   0xb0,   0xff,   0xff,   0xff,
  0x53,   0x00,   0x00,   0x00,   0x00,   0x00,   0x00,   0x53,   0xf0,   0xff,   0xff,   0xff,
  0x58,   0x00,   0x00,   0x00,   0x02,   0x00,   0x00,   0x00,   0x00,   0x00,   0x00,   0x58,
  0x0c,   0x00,   0x10,   0x00,   0x0f,   0x00,   0x00,   0x00,   0x08,   0x00,   0x04,   0x00,
  0x0c,   0x00,   0x00,   0x00,   0x27,   0x00,   0x00,   0x00,   0x02,   0x00,   0x00,   0x00,
  0x00,   0x00,   0x00,   0x27,   0xe8,   0xff,   0xff,   0xff,   0x2d,   0x00,   0x00,   0x00,
  0x00,   0x00,   0x00,   0x2d,   0xf4,   0xff,   0xff,   0xff,   0x4d,   0x00,   0x00,   0x00,
  0x00,   0x00,   0x00,   0x4d,   0x0c,   0x00,   0x0c,   0x00,   0x0b,   0x00,   0x00,   0x00,
  0x00,   0x00,   0x04,   0x00,   0x0c,   0x00,   0x00,   0x00,   0x72,   0x00,   0x00,   0x00,
  0x00,   0x00,   0x00,   0x72,
};
const int lstm_model_data_len = 90736;