// Modelo LSTM cuantizado INT8 para ESP32-S3
// Generado automáticamente — NO EDITAR
// Tamaño: 19.9 KB

#pragma once
#include <stdint.h>

alignas(8) const uint8_t lstm_model_data[] = {
  0x20,   0x00,   0x00,   0x00,   0x54,   0x46,   0x4c,   0x33,   0x00,   0x00,   0x00,   0x00,
  0x14,   0x00,   0x20,   0x00,   0x1c,   0x00,   0x18,   0x00,   0x14,   0x00,   0x10,   0x00,
  0x0c,   0x00,   0x00,   0x00,   0x08,   0x00,   0x04,   0x00,   0x14,   0x00,   0x00,   0x00,
  0x1c,   0x00,   0x00,   0x00,   0x8c,   0x00,   0x00,   0x00,   0xdc,   0x00,   0x00,   0x00,
  0x64,   0x23,   0x00,   0x00,   0x74,   0x23,   0x00,   0x00,   0x94,   0x4e,   0x00,   0x00,
  0x03,   0x00,   0x00,   0x00,   0x01,   0x00,   0x00,   0x00,   0x04,   0x00,   0x00,   0x00,
  0x02,   0xbf,   0xff,   0xff,   0x0c,   0x00,   0x00,   0x00,   0x1c,   0x00,   0x00,   0x00,
  0x3c,   0x00,   0x00,   0x00,   0x0f,   0x00,   0x00,   0x00,   0x73,   0x65,   0x72,   0x76,
  0x69,   0x6e,   0x67,   0x5f,   0x64,   0x65,   0x66,   0x61,   0x75,   0x6c,   0x74,   0x00,
  0x01,   0x00,   0x00,   0x00,   0x04,   0x00,   0x00,   0x00,   0x40,   0xba,   0xff,   0xff,
  0x16,   0x00,   0x00,   0x00,   0x04,   0x00,   0x00,   0x00,   0x08,   0x00,   0x00,   0x00,
  0x6f,   0x75,   0x74,   0x70,   0x75,   0x74,   0x5f,   0x30,   0x00,   0x00,   0x00,   0x00,
  0x01,   0x00,   0x00,   0x00,   0x04,   0x00,   0x00,   0x00,   0xb6,   0xda,   0xff,   0xff,
  0x04,   0x00,   0x00,   0x00,   0x0f,   0x00,   0x00,   0x00,   0x6b,   0x65,   0x72,   0x61,
  0x73,   0x5f,   0x74,   0x65,   0x6e,   0x73,   0x6f,   0x72,   0x5f,   0x31,   0x30,   0x00,
  0x02,   0x00,   0x00,   0x00,   0x2c,   0x00,   0x00,   0x00,   0x04,   0x00,   0x00,   0x00,
  0x8c,   0xba,   0xff,   0xff,   0x45,   0x00,   0x00,   0x00,   0x04,   0x00,   0x00,   0x00,
  0x13,   0x00,   0x00,   0x00,   0x43,   0x4f,   0x4e,   0x56,   0x45,   0x52,   0x53,   0x49,
  0x4f,   0x4e,   0x5f,   0x4d,   0x45,   0x54,   0x41,   0x44,   0x41,   0x54,   0x41,   0x00,
  0xb0,   0xba,   0xff,   0xff,   0x44,   0x00,   0x00,   0x00,   0x04,   0x00,   0x00,   0x00,
  0x13,   0x00,   0x00,   0x00,   0x6d,   0x69,   0x6e,   0x5f,   0x72,   0x75,   0x6e,   0x74,
  0x69,   0x6d,   0x65,   0x5f,   0x76,   0x65,   0x72,   0x73,   0x69,   0x6f,   0x6e,   0x00,
  0x46,   0x00,   0x00,   0x00,   0x84,   0x22,   0x00,   0x00,   0x7c,   0x22,   0x00,   0x00,
  0x2c,   0x22,   0x00,   0x00,   0x18,   0x22,   0x00,   0x00,   0xfc,   0x21,   0x00,   0x00,
  0xe0,   0x21,   0x00,   0x00,   0xc4,   0x21,   0x00,   0x00,   0x74,   0x21,   0x00,   0x00,
  0x64,   0x19,   0x00,   0x00,   0x50,   0x19,   0x00,   0x00,   0xc0,   0x18,   0x00,   0x00,
  0xac,   0x18,   0x00,   0x00,   0xa4,   0x18,   0x00,   0x00,   0x88,   0x18,   0x00,   0x00,
  0x80,   0x18,   0x00,   0x00,   0x78,   0x18,   0x00,   0x00,   0x70,   0x18,   0x00,   0x00,
  0x68,   0x18,   0x00,   0x00,   0x60,   0x18,   0x00,   0x00,   0x58,   0x18,   0x00,   0x00,
  0x50,   0x18,   0x00,   0x00,   0x48,   0x18,   0x00,   0x00,   0x40,   0x18,   0x00,   0x00,
  0x38,   0x18,   0x00,   0x00,   0x30,   0x18,   0x00,   0x00,   0x28,   0x18,   0x00,   0x00,
  0x20,   0x18,   0x00,   0x00,   0x18,   0x18,   0x00,   0x00,   0x10,   0x18,   0x00,   0x00,
  0x08,   0x18,   0x00,   0x00,   0x00,   0x18,   0x00,   0x00,   0xf8,   0x17,   0x00,   0x00,
  0xf0,   0x17,   0x00,   0x00,   0xe8,   0x17,   0x00,   0x00,   0xe0,   0x17,   0x00,   0x00,
  0xd8,   0x17,   0x00,   0x00,   0xd0,   0x17,   0x00,   0x00,   0xc8,   0x17,   0x00,   0x00,
  0xc0,   0x17,   0x00,   0x00,   0xb8,   0x17,   0x00,   0x00,   0xa4,   0x17,   0x00,   0x00,
  0x94,   0x15,   0x00,   0x00,   0x78,   0x15,   0x00,   0x00,   0x64,   0x15,   0x00,   0x00,
  0x54,   0x11,   0x00,   0x00,   0x44,   0x01,   0x00,   0x00,   0x3c,   0x01,   0x00,   0x00,
  0x34,   0x01,   0x00,   0x00,   0x2c,   0x01,   0x00,   0x00,   0x24,   0x01,   0x00,   0x00,
  0x1c,   0x01,   0x00,   0x00,   0x14,   0x01,   0x00,   0x00,   0x0c,   0x01,   0x00,   0x00,
  0x04,   0x01,   0x00,   0x00,   0xfc,   0x00,   0x00,   0x00,   0xf4,   0x00,   0x00,   0x00,
  0xec,   0x00,   0x00,   0x00,   0xe4,   0x00,   0x00,   0x00,   0xdc,   0x00,   0x00,   0x00,
  0xd4,   0x00,   0x00,   0x00,   0xcc,   0x00,   0x00,   0x00,   0xc4,   0x00,   0x00,   0x00,
  0xbc,   0x00,   0x00,   0x00,   0xb4,   0x00,   0x00,   0x00,   0xac,   0x00,   0x00,   0x00,
  0xa4,   0x00,   0x00,   0x00,   0x9c,   0x00,   0x00,   0x00,   0x94,   0x00,   0x00,   0x00,
  0x74,   0x00,   0x00,   0x00,   0x04,   0x00,   0x00,   0x00,   0x42,   0xdc,   0xff,   0xff,
  0x04,   0x00,   0x00,   0x00,   0x60,   0x00,   0x00,   0x00,   0x0c,   0x00,   0x00,   0x00,
  0x08,   0x00,   0x0e,   0x00,   0x08,   0x00,   0x04,   0x00,   0x08,   0x00,   0x00,   0x00,
  0x10,   0x00,   0x00,   0x00,   0x28,   0x00,   0x00,   0x00,   0x00,   0x00,   0x06,   0x00,
  0x08,   0x00,   0x04,   0x00,   0x06,   0x00,   0x00,   0x00,   0x04,   0x00,   0x00,   0x00,
  0x01,   0x00,   0x00,   0x00,   0xea,   0x03,   0x00,   0x00,   0x0c,   0x00,   0x18,   0x00,
  0x14,   0x00,   0x10,   0x00,   0x0c,   0x00,   0x04,   0x00,   0x0c,   0x00,   0x00,   0x00,
  0x53,   0xe8,   0x95,   0x2a,   0x33,   0xce,   0xa4,   0x83,   0x02,   0x00,   0x00,   0x00,
  0x02,   0x00,   0x00,   0x00,   0x04,   0x00,   0x00,   0x00,   0x06,   0x00,   0x00,   0x00,
  0x32,   0x2e,   0x32,   0x31,   0x2e,   0x30,   0x00,   0x00,   0xae,   0xdc,   0xff,   0xff,
  0x04,   0x00,   0x00,   0x00,   0x10,   0x00,   0x00,   0x00,   0x32,   0x2e,   0x31,   0x37,
  0x2e,   0x30,   0x00,   0x00,   0x00,   0x00,   0x00,   0x00,   0x00,   0x00,   0x00,   0x00,
  0x70,   0xb3,   0xff,   0xff,   0x74,   0xb3,   0xff,   0xff,   0x78,   0xb3,   0xff,   0xff,
  0x7c,   0xb3,   0xff,   0xff,   0x80,   0xb3,   0xff,   0xff,   0x84,   0xb3,   0xff,   0xff,
  0x88,   0xb3,   0xff,   0xff,   0x8c,   0xb3,   0xff,   0xff,   0x90,   0xb3,   0xff,   0xff,
  0x94,   0xb3,   0xff,   0xff,   0x98,   0xb3,   0xff,   0xff,   0x9c,   0xb3,   0xff,   0xff,
  0xa0,   0xb3,   0xff,   0xff,   0xa4,   0xb3,   0xff,   0xff,   0xa8,   0xb3,   0xff,   0xff,
  0xac,   0xb3,   0xff,   0xff,   0xb0,   0xb3,   0xff,   0xff,   0xb4,   0xb3,   0xff,   0xff,
  0xb8,   0xb3,   0xff,   0xff,   0xbc,   0xb3,   0xff,   0xff,   0xc0,   0xb3,   0xff,   0xff,
  0xc4,   0xb3,   0xff,   0xff,   0x22,   0xdd,   0xff,   0xff,   0x04,   0x00,   0x00,   0x00,
  0x00,   0x10,   0x00,   0x00,   0xce,   0xdd,   0x06,   0xd1,   0x04,   0xdb,   0xfe,   0x9b,
  0x0d,   0x28,   0xfc,   0x0a,   0x30,   0xe6,   0xeb,   0x3c,   0xc8,   0xcf,   0x10,   0xe1,
  0xc4,   0x2f,   0x08,   0x7f,   0xc7,   0xc0,   0x49,   0x9e,   0x00,   0xe6,   0xb6,   0x52,
  0xf9,   0xb4,   0xc8,   0x83,   0xa7,   0xef,   0x19,   0xd3,   0x17,   0x4f,   0x20,   0x29,
  0x33,   0x2c,   0xcf,   0x04,   0xf7,   0x01,   0xc4,   0xfc,   0x19,   0x1b,   0x99,   0x20,
  0x20,   0xf6,   0x79,   0xad,   0xdf,   0xef,   0x81,   0x1a,   0xdd,   0x9d,   0xa7,   0xba,
  0xd8,   0xbf,   0x26,   0xec,   0x08,   0x40,   0x40,   0xab,   0x45,   0x06,   0xff,   0xc1,
  0x01,   0xe1,   0x2c,   0x03,   0xc8,   0x30,   0xea,   0xe6,   0xdc,   0xde,   0x14,   0xdb,
  0x81,   0xd6,   0x9d,   0x02,   0x16,   0x39,   0x5d,   0x0a,   0x0b,   0x12,   0xf2,   0xfe,
  0xfc,   0xb1,   0xeb,   0x0c,   0xbe,   0x03,   0x33,   0xfb,   0xf3,   0x1c,   0xda,   0x5c,
  0xfc,   0x81,   0x1f,   0x41,   0xdf,   0x1d,   0x1a,   0x4e,   0x4b,   0x5b,   0x3e,   0x14,
  0xe6,   0x81,   0xef,   0xba,   0xf6,   0xca,   0x10,   0xdb,   0x41,   0x62,   0x29,   0xca,
  0x45,   0xeb,   0x1a,   0x0d,   0xfb,   0xe1,   0x88,   0x2a,   0x89,   0x04,   0xfe,   0x09,
  0x16,   0xe5,   0x2a,   0xb1,   0xb2,   0xc1,   0xa2,   0x52,   0xea,   0x7f,   0xf8,   0xdc,
  0x29,   0xfc,   0xb9,   0x36,   0xfa,   0xdd,   0xfe,   0x0c,   0xd6,   0x38,   0x05,   0x03,
  0x2b,   0xfa,   0x45,   0x02,   0xb8,   0x26,   0x0e,   0xdc,   0x64,   0x3d,   0x0b,   0xf9,
  0xe7,   0x04,   0x43,   0xf9,   0xec,   0x81,   0x8e,   0xcc,   0xcb,   0xe4,   0xf7,   0x7d,
  0xf6,   0x39,   0x10,   0xf6,   0x27,   0x2e,   0xc3,   0xc6,   0xf2,   0xb2,   0x2a,   0xc7,
  0x3e,   0xf6,   0xe4,   0x0e,   0xee,   0xd5,   0x10,   0x9b,   0x07,   0x51,   0xa8,   0xc1,
  0xb7,   0xf4,   0xc7,   0x93,   0xcc,   0xc7,   0x41,   0xf8,   0xe1,   0x21,   0x7f,   0xfc,
  0x4e,   0x64,   0x06,   0x14,   0x28,   0x09,   0x34,   0x4f,   0x8d,   0x2d,   0xb6,   0x1a,
  0x47,   0x29,   0x46,   0xed,   0x92,   0xac,   0xd4,   0x22,   0xd2,   0x27,   0xdb,   0xca,
  0x0f,   0xb1,   0xe8,   0x07,   0x10,   0x7f,   0x24,   0xe7,   0x64,   0xf6,   0xd8,   0x07,
  0xeb,   0x33,   0x0f,   0xe7,   0xe0,   0xf6,   0xd0,   0xc5,   0x15,   0x18,   0xa2,   0x98,
  0xd6,   0xd9,   0x1e,   0x47,   0xc1,   0x7f,   0xf0,   0xc9,   0xf1,   0xd5,   0xe2,   0x0c,
  0xc8,   0xd0,   0x73,   0x75,   0xce,   0x1b,   0x2d,   0x0b,   0x38,   0x1c,   0x23,   0x13,
  0xf3,   0x39,   0x14,   0xe0,   0x5f,   0x57,   0x03,   0x02,   0x15,   0xc8,   0x0d,   0x0d,
  0xf8,   0xbf,   0x0b,   0xfc,   0xe6,   0x41,   0x04,   0x0b,   0xc7,   0xf5,   0x1b,   0xb9,
  0xed,   0x08,   0x1c,   0xca,   0xf2,   0xc8,   0xd0,   0x0b,   0xef,   0xe0,   0x1b,   0x42,
  0xf8,   0xb7,   0x54,   0xe2,   0xde,   0x10,   0x81,   0xf8,   0x23,   0x2e,   0xf7,   0x0d,
  0xf2,   0x0a,   0xf6,   0xdf,   0x2e,   0x0c,   0xc2,   0xd0,   0xe2,   0xc4,   0xba,   0xfc,
  0xe6,   0x19,   0xdb,   0xc9,   0x01,   0xc1,   0xb7,   0x3b,   0xe5,   0xb9,   0x71,   0x7f,
  0x0c,   0xb5,   0xa4,   0x1f,   0x3f,   0xe3,   0x11,   0x31,   0x0b,   0xee,   0x3d,   0x0e,
  0xe1,   0xef,   0xcc,   0x01,   0xa7,   0xc9,   0x01,   0xe1,   0xda,   0x0b,   0xcf,   0x03,
  0x2a,   0xf6,   0x35,   0x03,   0xde,   0x2b,   0xec,   0x21,   0x7f,   0xd4,   0x15,   0x13,
  0x0c,   0x00,   0x20,   0x38,   0x7b,   0xdd,   0xf8,   0x0b,   0x9f,   0x00,   0xb6,   0xdd,
  0xc2,   0xe8,   0x46,   0x1f,   0x02,   0xc5,   0x4b,   0xed,   0xcc,   0xe9,   0x48,   0x7f,
  0xb6,   0xd1,   0x0e,   0x43,   0x4c,   0x02,   0x17,   0x2c,   0xf4,   0x0a,   0xff,   0xa6,
  0xdc,   0xe3,   0xdd,   0xef,   0x34,   0x6b,   0x30,   0xf2,   0x7f,   0x33,   0xfd,   0x50,
  0x18,   0x2f,   0x1c,   0xcf,   0x01,   0x38,   0x94,   0xb6,   0x1b,   0xd4,   0x68,   0xb2,
  0xd0,   0xe1,   0xe9,   0x3b,   0xf7,   0x7f,   0xdc,   0x06,   0x2b,   0xe7,   0x31,   0x13,
  0x59,   0x4a,   0xfe,   0x10,   0x0c,   0xf1,   0x9d,   0xf9,   0x2e,   0x13,   0xb7,   0xeb,
  0xde,   0x2f,   0xa7,   0xd9,   0x1e,   0x04,   0xf7,   0x11,   0xe5,   0xad,   0xe2,   0x4c,
  0x45,   0x14,   0xf0,   0x0e,   0x2a,   0xf8,   0xc7,   0xe0,   0xbc,   0x6e,   0xa6,   0xd3,
  0x51,   0xfe,   0x48,   0x2e,   0x8a,   0xfe,   0x3d,   0xef,   0x81,   0xb5,   0x39,   0x26,
  0xc9,   0x10,   0x21,   0xb1,   0x09,   0x03,   0x37,   0x6e,   0x1a,   0x40,   0x3f,   0xcd,
  0x2b,   0xe8,   0xed,   0xce,   0xff,   0x76,   0x81,   0xed,   0x2c,   0x0d,   0x20,   0x02,
  0xd6,   0x00,   0xd7,   0x0b,   0xac,   0x32,   0xfa,   0x28,   0xda,   0x18,   0x4c,   0xcd,
  0xbb,   0xce,   0xf5,   0x2d,   0xdd,   0x90,   0xc2,   0xcd,   0xd9,   0xb9,   0x23,   0x13,
  0x0d,   0x7f,   0x65,   0xfc,   0x1a,   0x9c,   0xd6,   0x46,   0xcc,   0xeb,   0x4f,   0xa4,
  0xe5,   0x5e,   0xbb,   0x22,   0xf4,   0xa9,   0xbe,   0xd5,   0x26,   0xaf,   0xb4,   0x3c,
  0x12,   0x48,   0x07,   0xe6,   0x18,   0x2f,   0xef,   0x13,   0x0f,   0xfd,   0xf9,   0x99,
  0xe7,   0x09,   0x45,   0xca,   0x25,   0xc3,   0x24,   0xe5,   0x18,   0xdf,   0x04,   0x2a,
  0xc1,   0xda,   0x7f,   0xe4,   0x15,   0xdf,   0xf1,   0xc2,   0xd8,   0x72,   0x0b,   0xc8,
  0xf0,   0xce,   0x86,   0x07,   0xed,   0x3e,   0x37,   0xec,   0x2c,   0x36,   0x1e,   0xf8,
  0x4f,   0x0f,   0x0c,   0x16,   0xd8,   0x41,   0xe5,   0xf4,   0x7f,   0x69,   0xfa,   0xee,
  0xb6,   0xf8,   0x45,   0xfc,   0x05,   0x2f,   0x1c,   0x7f,   0x7a,   0x12,   0xa4,   0xd7,
  0x0f,   0xe1,   0xef,   0xa9,   0xd7,   0xdb,   0x4e,   0x8b,   0xe6,   0xfb,   0xf4,   0x21,
  0x2d,   0xcc,   0x40,   0x2e,   0xce,   0x02,   0xe3,   0x7c,   0xd8,   0x0b,   0xfd,   0x01,
  0xa6,   0x04,   0x3f,   0xc6,   0xd5,   0xa0,   0x12,   0xe3,   0x59,   0x0b,   0x37,   0xf6,
  0x82,   0xfa,   0xd5,   0xe7,   0x01,   0x19,   0x17,   0x27,   0xc0,   0x18,   0xfc,   0xf9,
  0x3e,   0x67,   0xff,   0x27,   0x46,   0xc2,   0x39,   0x7f,   0xee,   0xf9,   0xff,   0xe0,
  0xcc,   0xe2,   0xde,   0xea,   0xf1,   0x75,   0x23,   0x13,   0x4a,   0x67,   0x0d,   0x2e,
  0xfa,   0x00,   0xb8,   0xf4,   0x04,   0x39,   0xf1,   0xe5,   0xfa,   0xf6,   0x7d,   0x81,
  0xa4,   0xb7,   0x25,   0x45,   0xd7,   0x21,   0x0f,   0xa6,   0x0d,   0xeb,   0xd8,   0xd5,
  0x0c,   0x3d,   0xf5,   0x1d,   0x49,   0x54,   0x3c,   0x3f,   0x27,   0xf4,   0xb6,   0x30,
  0xde,   0xf7,   0xce,   0xe7,   0xfd,   0x03,   0x63,   0x81,   0x92,   0x00,   0xfb,   0x2a,
  0xda,   0xf8,   0x1f,   0xc1,   0x0c,   0x03,   0xfd,   0xbb,   0x00,   0x7f,   0xfb,   0x97,
  0x56,   0x33,   0xf2,   0x15,   0xf8,   0xec,   0xc6,   0x01,   0xbe,   0xed,   0xc2,   0x0c,
  0x0e,   0x19,   0x39,   0xec,   0xc5,   0xfa,   0x04,   0x1f,   0x37,   0xec,   0x1c,   0x30,
  0x30,   0xe6,   0x16,   0xf5,   0x00,   0x25,   0xf9,   0x17,   0xb1,   0x9e,   0x2e,   0xe7,
  0x90,   0x10,   0x27,   0xdb,   0x94,   0xf1,   0x39,   0x3b,   0xeb,   0xe4,   0x0f,   0x3c,
  0x71,   0xd7,   0x14,   0x7f,   0x44,   0x7a,   0x78,   0x7f,   0x45,   0x03,   0xda,   0xe2,
  0xca,   0xe1,   0xa9,   0xf4,   0xaa,   0xf2,   0xf5,   0x0b,   0xb6,   0x2a,   0x15,   0x12,
  0xc7,   0x98,   0x15,   0x03,   0xe1,   0x0e,   0xe1,   0x5a,   0x67,   0xce,   0x26,   0x5a,
  0x3d,   0xde,   0xf1,   0x1b,   0x11,   0xc9,   0x02,   0x0a,   0xdc,   0x2c,   0x17,   0x00,
  0x97,   0x8b,   0xd1,   0x03,   0xe5,   0xe7,   0x76,   0xda,   0xa9,   0x2a,   0x3d,   0x59,
  0xb9,   0xda,   0xe0,   0x3e,   0x70,   0xe2,   0x0f,   0x7f,   0xcf,   0x61,   0xe9,   0xda,
  0xdc,   0x19,   0xba,   0xf3,   0x36,   0xf6,   0x58,   0x1e,   0x65,   0x7b,   0x0b,   0x2e,
  0x6f,   0xf5,   0xef,   0x13,   0xd8,   0x14,   0xdb,   0xc1,   0x7f,   0x54,   0xf7,   0xa6,
  0xa4,   0x31,   0x10,   0xe0,   0xc9,   0xd1,   0x1a,   0x8f,   0xe1,   0xc2,   0x00,   0xbb,
  0xcf,   0x7f,   0x52,   0xc7,   0x5e,   0xc3,   0x1b,   0x21,   0xe6,   0xea,   0xd9,   0x53,
  0xbc,   0x33,   0xfd,   0xe6,   0x2a,   0x1c,   0xa4,   0xa6,   0x16,   0xbc,   0x0b,   0x6f,
  0xd0,   0x7f,   0x0d,   0xd6,   0x02,   0xc0,   0xd9,   0xdc,   0x08,   0x6f,   0x1e,   0x40,
  0x2e,   0x25,   0xef,   0x46,   0x2d,   0x1b,   0xef,   0x11,   0xb2,   0x18,   0xb7,   0xf6,
  0x26,   0x47,   0x20,   0xe6,   0xc9,   0xc9,   0x29,   0x36,   0x53,   0xcf,   0xd7,   0x1e,
  0x9f,   0xf4,   0x08,   0x81,   0x72,   0x70,   0xb1,   0xe1,   0xed,   0x09,   0xeb,   0x49,
  0x2d,   0xc6,   0x02,   0xc7,   0x84,   0x42,   0xca,   0x3d,   0x05,   0xe4,   0x73,   0xb9,
  0xe1,   0x92,   0xfc,   0x7c,   0x0c,   0x15,   0xb9,   0x88,   0xba,   0xc5,   0x1d,   0xe1,
  0x26,   0x5f,   0x39,   0x5a,   0x4d,   0x42,   0xbc,   0x1a,   0x06,   0x16,   0xa0,   0x00,
  0x02,   0x34,   0x81,   0x10,   0x28,   0xf0,   0x73,   0xd2,   0xf8,   0xc5,   0xbc,   0x48,
  0xe4,   0xcf,   0xea,   0xd6,   0xb5,   0xf5,   0xfc,   0xf5,   0x13,   0x5c,   0x37,   0xa3,
  0x66,   0x40,   0xee,   0x24,   0xbb,   0xec,   0xf8,   0xf2,   0x98,   0x3d,   0x0b,   0xed,
  0xef,   0x81,   0x4c,   0xae,   0x8a,   0xcf,   0x94,   0x04,   0x1e,   0x40,   0x4a,   0x25,
  0x2b,   0x10,   0x33,   0xdc,   0xff,   0xd7,   0x9d,   0xbd,   0xc5,   0x10,   0x12,   0xe6,
  0xe6,   0x17,   0x05,   0x0f,   0xd5,   0x99,   0x15,   0x2a,   0xb1,   0x04,   0xf4,   0x51,
  0x7f,   0x0a,   0xfb,   0x13,   0x04,   0xf9,   0xda,   0xc4,   0x08,   0xc9,   0x28,   0xea,
  0x1a,   0x7f,   0x09,   0xde,   0x15,   0x0e,   0x1d,   0x15,   0xe9,   0xfc,   0xe1,   0x36,
  0x95,   0x15,   0xe1,   0x03,   0x02,   0xc2,   0xf7,   0xd5,   0xed,   0xbe,   0xbc,   0x4e,
  0x06,   0x14,   0x35,   0x8c,   0x44,   0x40,   0xe7,   0xa4,   0x14,   0x0d,   0xb2,   0xa1,
  0x05,   0xf4,   0xeb,   0x10,   0xe9,   0x00,   0xef,   0x10,   0xf6,   0xd9,   0xf5,   0x39,
  0x97,   0xec,   0x7f,   0xed,   0x00,   0x22,   0xe2,   0x21,   0xd0,   0xa6,   0x9c,   0x14,
  0xa1,   0xe5,   0x46,   0x30,   0xd9,   0xdc,   0x34,   0xe6,   0xcc,   0xe9,   0xd3,   0x85,
  0x27,   0xd2,   0x11,   0xa0,   0x62,   0x35,   0x27,   0xe5,   0x23,   0xc4,   0x29,   0xe6,
  0xff,   0x1c,   0x81,   0xa6,   0x06,   0xad,   0xd2,   0x0b,   0xd1,   0x19,   0x7f,   0x34,
  0x10,   0x07,   0x19,   0xd8,   0x06,   0xfe,   0x0f,   0xf9,   0xc9,   0xe1,   0x4f,   0xe3,
  0xed,   0xf4,   0xef,   0x45,   0xd9,   0xdc,   0x47,   0x06,   0x19,   0x3a,   0x9a,   0x05,
  0xeb,   0x08,   0xed,   0xb3,   0xda,   0xcf,   0x3f,   0x04,   0xff,   0x7f,   0x14,   0x06,
  0x6b,   0x05,   0x23,   0x23,   0x11,   0xfa,   0x08,   0xf4,   0xe6,   0x04,   0xca,   0x1d,
  0xe3,   0xcd,   0x1b,   0xa4,   0xee,   0xe3,   0xc4,   0x4b,   0x57,   0xd5,   0x1c,   0x15,
  0x11,   0x4d,   0x50,   0x2d,   0xc5,   0xa0,   0xe3,   0xf7,   0x81,   0x95,   0x56,   0x03,
  0xd9,   0xd8,   0x19,   0xf2,   0x25,   0xd3,   0x2e,   0x71,   0xa2,   0xcf,   0x5d,   0x3d,
  0x5a,   0x1b,   0xbb,   0xce,   0xf2,   0xfd,   0xcc,   0x18,   0x1f,   0x42,   0xf9,   0x28,
  0xc6,   0x19,   0xde,   0xd9,   0x37,   0xcc,   0x25,   0xaa,   0x18,   0xcd,   0xe9,   0xf2,
  0xc1,   0xc0,   0x2f,   0x09,   0xe6,   0xfd,   0x7f,   0xf6,   0xdc,   0x14,   0x82,   0xfc,
  0xff,   0xf9,   0xfd,   0x31,   0x07,   0xf9,   0xcf,   0x81,   0x48,   0x35,   0xe4,   0xcb,
  0xda,   0xe3,   0xae,   0xdd,   0xf7,   0x1c,   0xe5,   0xe8,   0x1f,   0xe3,   0xe6,   0x4d,
  0xc5,   0xf2,   0x6b,   0x2c,   0xf0,   0xad,   0xa3,   0x21,   0x39,   0xbc,   0x28,   0x58,
  0x1e,   0xf8,   0x41,   0x0a,   0xd0,   0xbd,   0xc7,   0xe0,   0xa4,   0xda,   0xea,   0xe9,
  0xb5,   0x35,   0xe1,   0x21,   0x34,   0xe9,   0x36,   0x2a,   0xc3,   0xe0,   0xf1,   0x43,
  0x7f,   0xd2,   0x02,   0x10,   0x14,   0x32,   0x0a,   0x56,   0x4f,   0xe0,   0xf0,   0xd8,
  0xda,   0xe4,   0x81,   0x10,   0xba,   0xd8,   0xfe,   0x07,   0xce,   0xc5,   0x04,   0x13,
  0xd7,   0xe1,   0x22,   0x46,   0xd9,   0xf9,   0xf4,   0x38,   0x55,   0xdf,   0x1a,   0x3b,
  0x26,   0xf7,   0xe7,   0xbb,   0xf5,   0xd2,   0x11,   0xe6,   0x08,   0x1d,   0x26,   0xeb,
  0x7f,   0x27,   0xe1,   0x16,   0xe9,   0x1b,   0x22,   0xf0,   0x1f,   0x1a,   0xcf,   0xfe,
  0x19,   0xc9,   0x4d,   0xc9,   0xf0,   0xfb,   0xea,   0xf4,   0x5e,   0xde,   0xd5,   0x5b,
  0x28,   0xdf,   0x09,   0xff,   0x46,   0x4d,   0xe9,   0x9d,   0xbc,   0x96,   0xae,   0xc9,
  0x8e,   0x03,   0xe3,   0xac,   0xbd,   0xe9,   0xc3,   0x26,   0xc3,   0xb0,   0x0f,   0x06,
  0x36,   0xbe,   0x81,   0x4b,   0x2e,   0xbc,   0x1e,   0x2e,   0x51,   0xab,   0xf6,   0x0e,
  0xe7,   0x51,   0x9d,   0xde,   0x2b,   0x0d,   0x56,   0xf6,   0xc4,   0xf4,   0x62,   0xd3,
  0x81,   0x10,   0x9a,   0x22,   0xba,   0xed,   0xf7,   0xca,   0x0f,   0xc3,   0x04,   0x49,
  0x15,   0x3f,   0x42,   0xe2,   0x5d,   0x06,   0xaa,   0xb8,   0x1c,   0xc9,   0x82,   0xd4,
  0x04,   0x13,   0x2a,   0xf8,   0xee,   0xff,   0xa7,   0x48,   0xa9,   0x1b,   0xab,   0x7f,
  0xd8,   0xf9,   0x30,   0xdc,   0xc3,   0xd4,   0x01,   0x31,   0x08,   0xa7,   0xc4,   0xf0,
  0xd8,   0xfe,   0x2b,   0x1e,   0x0d,   0x0f,   0x3a,   0xb6,   0x03,   0xa8,   0x07,   0x11,
  0xcf,   0xe5,   0x7f,   0x9e,   0x34,   0x32,   0x18,   0x08,   0xe2,   0xad,   0x08,   0x02,
  0x1f,   0xee,   0xb8,   0xc8,   0x49,   0xe8,   0xda,   0x08,   0x0f,   0x12,   0xe3,   0x1c,
  0xfd,   0x5b,   0xf8,   0xcc,   0xf4,   0xe0,   0x02,   0x11,   0xd3,   0xdf,   0x54,   0xbd,
  0xff,   0xf6,   0xe0,   0x05,   0xa1,   0xdd,   0x7f,   0x2e,   0x15,   0xd4,   0xc0,   0xd5,
  0x15,   0x63,   0x61,   0xb5,   0x17,   0xcf,   0xad,   0x8e,   0x31,   0x6b,   0xb5,   0x0b,
  0xf8,   0x3c,   0x19,   0x7f,   0xfd,   0x2b,   0xa3,   0x26,   0xe2,   0xff,   0xbd,   0x42,
  0xe1,   0x0f,   0x2f,   0x8f,   0xe1,   0xad,   0x17,   0x54,   0xe6,   0x09,   0xf3,   0x49,
  0x58,   0xe8,   0xf4,   0x03,   0xc5,   0xd4,   0xb4,   0x81,   0xd1,   0xd3,   0x0a,   0x90,
  0xe3,   0xf5,   0x20,   0xfa,   0xf0,   0x98,   0x57,   0x47,   0xff,   0xf7,   0x32,   0x72,
  0xf2,   0xfe,   0xc2,   0xdb,   0xd5,   0xdd,   0x1a,   0xfd,   0xff,   0x97,   0x65,   0x59,
  0x3a,   0x12,   0x1e,   0xca,   0x81,   0xb6,   0xd2,   0x0d,   0xbb,   0xf0,   0x0a,   0x2d,
  0x36,   0x15,   0x10,   0x15,   0xec,   0xe6,   0x06,   0xfd,   0x79,   0xa8,   0x10,   0x64,
  0xf5,   0x1e,   0xf8,   0xae,   0xe4,   0xf3,   0xd0,   0xe8,   0x3a,   0x26,   0x18,   0x56,
  0x32,   0x10,   0xf9,   0x23,   0xed,   0xea,   0xe6,   0x26,   0xd9,   0x4b,   0xe1,   0xde,
  0x12,   0x02,   0x68,   0xc8,   0xb7,   0xd4,   0x32,   0x7f,   0xe0,   0x33,   0x21,   0xc8,
  0xf8,   0xc1,   0xe7,   0xd0,   0xff,   0x4f,   0x0e,   0x32,   0xff,   0x17,   0xf6,   0x39,
  0x00,   0xfb,   0xa7,   0x10,   0xae,   0x05,   0xb1,   0xf7,   0x21,   0x0e,   0x47,   0x81,
  0xc8,   0x04,   0x12,   0x1a,   0xd3,   0xf9,   0x10,   0xd2,   0xf9,   0xe4,   0xdc,   0xc1,
  0x20,   0x7f,   0x1c,   0x9a,   0x49,   0xfe,   0xe3,   0x13,   0xe0,   0x00,   0xe3,   0x1d,
  0xa8,   0x13,   0xe9,   0xf8,   0x10,   0xfb,   0x22,   0xfc,   0xb4,   0xbc,   0xea,   0x48,
  0x55,   0xf7,   0x22,   0x22,   0x40,   0xc1,   0x1b,   0x0e,   0xc3,   0x2f,   0xe4,   0x31,
  0xc3,   0xbc,   0x03,   0x15,   0xcd,   0x01,   0x3c,   0xe7,   0xa8,   0x03,   0x28,   0x2f,
  0xe9,   0xfe,   0xe7,   0x09,   0x4b,   0xdb,   0x16,   0x7f,   0x5e,   0x0f,   0x2c,   0x54,
  0x53,   0x7e,   0x02,   0xb4,   0x03,   0xbf,   0x9c,   0xe1,   0x81,   0xde,   0x0c,   0xf7,
  0xd9,   0x4d,   0xec,   0xc4,   0xb1,   0xb3,   0x1c,   0x3b,   0x91,   0xd6,   0xad,   0x6a,
  0x66,   0xdd,   0x05,   0x68,   0x33,   0xde,   0xe7,   0x0f,   0x3a,   0xc6,   0x10,   0xee,
  0xde,   0x09,   0x04,   0xed,   0xa6,   0x9e,   0xf3,   0x16,   0xdf,   0x1c,   0x6b,   0xeb,
  0xe5,   0x2f,   0x1f,   0x27,   0xd6,   0xf6,   0xc6,   0x17,   0x65,   0xb8,   0xdc,   0x7f,
  0x28,   0x18,   0x33,   0x81,   0xfc,   0x39,   0x5f,   0xec,   0x40,   0x0d,   0x0a,   0xf6,
  0x41,   0x6d,   0x61,   0x4b,   0xe8,   0xea,   0x1e,   0x2e,   0xdf,   0xb6,   0xd8,   0x52,
  0x12,   0xe5,   0x5c,   0x9f,   0x13,   0xfc,   0xbb,   0xdf,   0xe4,   0x01,   0x14,   0xa6,
  0xfd,   0xca,   0xf3,   0xaa,   0x16,   0x54,   0x13,   0xee,   0x2f,   0x00,   0xf9,   0x3c,
  0xf8,   0x15,   0xe5,   0x45,   0x8f,   0x27,   0xee,   0xf5,   0x10,   0x26,   0xcd,   0xcc,
  0xd2,   0x95,   0x22,   0x7f,   0x13,   0x55,   0x1c,   0xbc,   0xfa,   0xe9,   0xf9,   0xd0,
  0x43,   0x7f,   0xdb,   0x20,   0xec,   0xed,   0x01,   0x7d,   0xea,   0x15,   0xbb,   0x03,
  0xc5,   0x19,   0xb5,   0x24,   0xe0,   0x09,   0x36,   0xc9,   0x1b,   0xc4,   0xea,   0x2d,
  0xdc,   0xf1,   0x31,   0x61,   0x46,   0x2e,   0xf9,   0x3d,   0xe6,   0x81,   0xb5,   0xe8,
  0xb4,   0xce,   0xf1,   0x0b,   0x13,   0x0f,   0x0b,   0xe6,   0x65,   0x9f,   0x2d,   0x22,
  0xce,   0x26,   0xa3,   0x7c,   0x28,   0x1f,   0x40,   0xf0,   0xfe,   0x7f,   0xed,   0x25,
  0x14,   0x1c,   0xc8,   0x1e,   0x1c,   0xec,   0xe9,   0x4e,   0xd4,   0xe8,   0xec,   0xf6,
  0x0f,   0xeb,   0x03,   0xc9,   0x50,   0x0c,   0xfc,   0xe5,   0xea,   0xf1,   0xff,   0x04,
  0xe1,   0x0f,   0x37,   0xd3,   0xe9,   0x3a,   0x0c,   0x0d,   0xfd,   0xcf,   0xef,   0xaa,
  0x1c,   0xe2,   0xe6,   0x0b,   0x01,   0x03,   0x14,   0x2d,   0xea,   0x1e,   0xb8,   0x4f,
  0xa7,   0x16,   0xf4,   0x18,   0x06,   0x47,   0xdc,   0x25,   0xe6,   0xee,   0x2e,   0x7f,
  0xf6,   0xea,   0xc5,   0xf1,   0xd0,   0xc8,   0x6f,   0x4f,   0xe7,   0xd4,   0x0d,   0x11,
  0xea,   0x2e,   0xe1,   0xf9,   0x0a,   0x4e,   0xc2,   0x27,   0x46,   0xd7,   0x2c,   0xa1,
  0xbe,   0xfb,   0x19,   0x3e,   0x06,   0x68,   0x25,   0x81,   0xfd,   0x31,   0x1c,   0x7d,
  0xfb,   0x65,   0xca,   0x29,   0xdc,   0x81,   0x17,   0xc4,   0xed,   0xd2,   0x06,   0x93,
  0x19,   0xfa,   0x2a,   0x08,   0x32,   0xc1,   0x49,   0x4f,   0xd6,   0x17,   0x01,   0x59,
  0x39,   0x1d,   0x34,   0xc2,   0x12,   0xde,   0x26,   0xda,   0xa9,   0x81,   0x06,   0x4b,
  0xb9,   0xac,   0x5e,   0xfe,   0x1e,   0x06,   0x9c,   0xd2,   0x17,   0x09,   0xbf,   0xdc,
  0x6f,   0xf8,   0xb3,   0xad,   0x14,   0x1c,   0xa1,   0xf8,   0x2d,   0x07,   0x11,   0xb0,
  0xca,   0xd6,   0x0b,   0x0f,   0x0f,   0xd8,   0xed,   0xc4,   0x1e,   0x7f,   0xfe,   0x4d,
  0x25,   0xfb,   0xa1,   0x06,   0x3a,   0x0d,   0xeb,   0xf9,   0xf5,   0x22,   0xd1,   0x8d,
  0x17,   0xdb,   0xf6,   0x0e,   0xb9,   0xdd,   0xee,   0x17,   0xf7,   0xa8,   0x18,   0x0d,
  0x1f,   0x8f,   0x4f,   0x81,   0x2c,   0xd3,   0x17,   0xf6,   0xd0,   0x6a,   0x00,   0x5e,
  0x11,   0x3b,   0x23,   0x19,   0x46,   0xed,   0x10,   0x17,   0xf7,   0x37,   0x32,   0x1b,
  0xdd,   0xc1,   0x3e,   0x97,   0x56,   0xe3,   0xe2,   0xf3,   0xb3,   0x55,   0x20,   0x21,
  0xaf,   0xd1,   0xfe,   0x33,   0x81,   0xd4,   0xe2,   0x14,   0xf8,   0xce,   0x0f,   0x33,
  0x1a,   0xf8,   0x03,   0x39,   0xf9,   0xf3,   0x11,   0x19,   0xf9,   0xfc,   0xb3,   0xda,
  0x5a,   0x2c,   0x0f,   0xe4,   0x44,   0x69,   0x81,   0xef,   0x26,   0xcc,   0xf8,   0x21,
  0xe2,   0xf9,   0x1e,   0x38,   0xf0,   0xe4,   0x28,   0xea,   0x25,   0xbd,   0xd0,   0x58,
  0xa4,   0xd9,   0x5d,   0xf8,   0x9d,   0x13,   0xc0,   0xc8,   0x0c,   0xc3,   0x3b,   0xc6,
  0xd5,   0xa1,   0xbf,   0x11,   0x1f,   0x01,   0xdf,   0x20,   0x14,   0x81,   0x2a,   0xfd,
  0x22,   0x33,   0x62,   0x08,   0xfe,   0x1c,   0xe9,   0x1f,   0x2c,   0x08,   0x9e,   0xe5,
  0x2a,   0xbb,   0xc2,   0x06,   0x08,   0x0d,   0xfa,   0x09,   0x55,   0xd1,   0xf0,   0xe7,
  0x32,   0x1b,   0xef,   0xd6,   0xec,   0xa9,   0x1b,   0x26,   0xca,   0x38,   0xf8,   0x13,
  0x7f,   0xf7,   0xcb,   0x04,   0x23,   0x12,   0xaa,   0x39,   0x52,   0x3a,   0xfe,   0x32,
  0xfc,   0x1e,   0xdf,   0xa6,   0xd7,   0x1a,   0x81,   0x19,   0x1d,   0x48,   0x31,   0x49,
  0x03,   0xe3,   0x0d,   0x24,   0xde,   0x1a,   0xff,   0xaf,   0x27,   0x03,   0x96,   0x4c,
  0xe4,   0x04,   0x1c,   0xd6,   0xd3,   0xdd,   0x08,   0x06,   0xa9,   0x18,   0xda,   0xbc,
  0x12,   0x20,   0xa2,   0x07,   0x19,   0xb3,   0x7f,   0xd3,   0x22,   0x3c,   0x73,   0x7c,
  0x39,   0x14,   0xe0,   0x27,   0xa0,   0x82,   0x16,   0xdf,   0x55,   0x53,   0x5b,   0x9c,
  0xdb,   0x40,   0x16,   0x11,   0xff,   0x00,   0x14,   0x54,   0x47,   0x21,   0xe8,   0x05,
  0xe0,   0xf6,   0xdb,   0xe3,   0x24,   0xff,   0x11,   0xcb,   0x05,   0xe8,   0x2c,   0xff,
  0xba,   0x15,   0xed,   0xe5,   0x04,   0x1f,   0xff,   0x0e,   0x2e,   0x7f,   0x17,   0xa6,
  0xba,   0x17,   0xe3,   0x04,   0xf9,   0x16,   0xe0,   0xb6,   0x81,   0xd4,   0x6a,   0x0a,
  0xfb,   0xc6,   0x22,   0xc4,   0xe9,   0xd3,   0x43,   0xf2,   0x09,   0x17,   0xf5,   0x1e,
  0xd6,   0xdf,   0x00,   0xfb,   0x64,   0xf5,   0xf9,   0x3f,   0xdb,   0x1a,   0x0e,   0xc5,
  0xfe,   0xe1,   0x20,   0x20,   0x18,   0x81,   0x4c,   0x38,   0xcb,   0x40,   0x15,   0x23,
  0x22,   0x52,   0xcd,   0x03,   0x2d,   0x06,   0xb1,   0x99,   0xf8,   0xf2,   0xfe,   0xc8,
  0xe9,   0x3f,   0x18,   0xa8,   0xf4,   0x3a,   0x08,   0xe9,   0xfb,   0xab,   0x18,   0xdc,
  0x0c,   0x3c,   0xf6,   0x28,   0xe0,   0xc4,   0x09,   0x5f,   0xc5,   0x08,   0xca,   0x39,
  0x81,   0xbc,   0xeb,   0xf0,   0xfa,   0x04,   0x0d,   0x16,   0x47,   0x90,   0xf2,   0x7d,
  0xed,   0xf3,   0xc5,   0x2c,   0x5f,   0xfb,   0xd1,   0x44,   0x21,   0xbe,   0x0f,   0xdd,
  0xbc,   0x02,   0x31,   0xa7,   0xd6,   0x92,   0x4a,   0xcf,   0x7f,   0xdf,   0x34,   0x24,
  0x37,   0x9c,   0xf2,   0xe7,   0x2c,   0x45,   0x01,   0xad,   0xfc,   0x36,   0x18,   0xc2,
  0x21,   0x37,   0x02,   0xfc,   0xdb,   0x0d,   0xe1,   0x17,   0xfa,   0x46,   0x1c,   0x40,
  0xf1,   0xe9,   0x8f,   0xc0,   0x81,   0x11,   0x0d,   0xe9,   0x1c,   0x44,   0x45,   0x01,
  0x02,   0xf8,   0xf0,   0x56,   0xb5,   0xbc,   0x05,   0xf4,   0xe2,   0xdd,   0xf4,   0xf3,
  0x2a,   0xe9,   0x1c,   0xcc,   0xc1,   0x0f,   0xf2,   0xeb,   0x02,   0x37,   0xfc,   0x3e,
  0x81,   0x0d,   0x08,   0x11,   0x31,   0x24,   0xcd,   0xf1,   0xde,   0xb7,   0x54,   0xf0,
  0x3b,   0xe0,   0x81,   0x43,   0x07,   0xff,   0xf8,   0xec,   0x03,   0x45,   0xb9,   0x02,
  0xe6,   0x15,   0x1c,   0xe1,   0xc5,   0x28,   0xd8,   0x04,   0x66,   0xc3,   0x1c,   0x11,
  0xf8,   0xc4,   0xc8,   0xf1,   0xc5,   0xc3,   0x09,   0xd8,   0x04,   0xfc,   0xa8,   0x02,
  0xfd,   0x42,   0x23,   0x05,   0xd2,   0x16,   0x12,   0xbd,   0xeb,   0xe8,   0x0e,   0xed,
  0x55,   0xfa,   0xe5,   0x0e,   0xe3,   0xb8,   0x09,   0x84,   0x7f,   0xbc,   0x07,   0x07,
  0xee,   0x0b,   0x63,   0x11,   0x09,   0x16,   0xf4,   0x29,   0x16,   0xf2,   0xeb,   0x0c,
  0x03,   0xb1,   0xdc,   0xec,   0x86,   0xed,   0x00,   0xae,   0x0c,   0xf9,   0x4e,   0x04,
  0x27,   0x14,   0x1f,   0x04,   0xdf,   0xf2,   0xf5,   0xfe,   0x28,   0xfb,   0x13,   0x81,
  0xef,   0x26,   0xf5,   0xea,   0xfb,   0xd1,   0xdd,   0xd8,   0xe8,   0x38,   0xee,   0xfc,
  0x2c,   0x20,   0x06,   0x37,   0xff,   0xfb,   0xca,   0x14,   0x81,   0xf2,   0xa6,   0xe3,
  0xe3,   0xf8,   0x35,   0xdb,   0xac,   0xd3,   0x02,   0x41,   0xf5,   0x1b,   0x2b,   0x0a,
  0x40,   0xd8,   0xd6,   0xc3,   0x33,   0x16,   0xdb,   0xbb,   0x08,   0xfa,   0xee,   0x57,
  0x1d,   0x2f,   0xd3,   0x23,   0x81,   0xd9,   0xc1,   0x1e,   0x21,   0x04,   0x27,   0x07,
  0xe5,   0xca,   0xff,   0x4e,   0x08,   0xf5,   0x18,   0xdb,   0x09,   0x4b,   0xec,   0x34,
  0x09,   0xf0,   0x10,   0x1b,   0x32,   0x2b,   0xd9,   0xe0,   0x3a,   0x09,   0x17,   0xd9,
  0x58,   0xea,   0xcb,   0xf6,   0xe6,   0x13,   0x33,   0x02,   0xc6,   0x2b,   0xf8,   0x81,
  0xc7,   0xf0,   0xe5,   0x0e,   0x0b,   0x01,   0xf2,   0x7f,   0xe7,   0xb1,   0x13,   0x37,
  0xdd,   0xda,   0x09,   0x0c,   0xf0,   0xbb,   0xbe,   0xdf,   0xb7,   0x3e,   0x02,   0x18,
  0x4c,   0x31,   0x15,   0x0b,   0x36,   0x34,   0xa6,   0xe9,   0xdb,   0xec,   0x32,   0x56,
  0x0f,   0xd4,   0x4b,   0xf2,   0xbf,   0x29,   0xa2,   0xd6,   0xd3,   0xc9,   0xfe,   0xdd,
  0x94,   0xf0,   0x19,   0x51,   0xf9,   0x07,   0xff,   0xc5,   0xdf,   0x06,   0xef,   0x7f,
  0x53,   0xe4,   0x21,   0x38,   0xf6,   0xf5,   0xec,   0x14,   0x09,   0x2a,   0x2d,   0x2a,
  0x19,   0xe2,   0xea,   0xf5,   0x3e,   0x00,   0xbc,   0xfc,   0x01,   0x2e,   0xf8,   0xf3,
  0x7f,   0xf8,   0xe9,   0xec,   0x1d,   0x20,   0xf8,   0x17,   0x1a,   0xaa,   0x41,   0xc3,
  0xeb,   0xcf,   0x26,   0xe1,   0xec,   0x9d,   0xda,   0xb6,   0x72,   0x54,   0xbc,   0x0d,
  0xea,   0xed,   0xd7,   0x1a,   0xed,   0x3f,   0x9b,   0xf9,   0x87,   0xcc,   0xd8,   0xf9,
  0x19,   0x57,   0xb9,   0x2b,   0x03,   0xa9,   0x14,   0x7f,   0x15,   0x41,   0xe6,   0x12,
  0x1c,   0x15,   0xf4,   0x1d,   0xd9,   0x3e,   0x27,   0xe2,   0x1b,   0xcb,   0x1d,   0xe0,
  0xbe,   0xe0,   0xf5,   0xd5,   0xc7,   0xdf,   0xe8,   0x36,   0xda,   0xf2,   0x7f,   0x30,
  0x0e,   0x14,   0xb3,   0x87,   0x2c,   0xf2,   0xf0,   0xe2,   0x10,   0xe0,   0xeb,   0xdb,
  0x07,   0x5b,   0x14,   0xe7,   0x17,   0x1e,   0xef,   0x1e,   0xef,   0xe5,   0xfa,   0x2f,
  0x81,   0x18,   0xf3,   0x3f,   0xef,   0xf9,   0x3e,   0x88,   0xe0,   0xee,   0x07,   0x43,
  0xfe,   0xcf,   0x0a,   0x8f,   0xa3,   0xb0,   0x1b,   0xbb,   0x40,   0x7f,   0x32,   0x00,
  0x5f,   0x05,   0xb5,   0x3b,   0xe1,   0x09,   0x95,   0x16,   0xca,   0x30,   0xa5,   0xf5,
  0x0f,   0xe6,   0x0c,   0xdf,   0xe6,   0xa9,   0xd7,   0x5f,   0xdd,   0xf5,   0x14,   0xce,
  0xeb,   0xda,   0xe4,   0xc5,   0x26,   0x7f,   0xf3,   0xdb,   0x42,   0x1e,   0xe6,   0x05,
  0xf8,   0x05,   0xe2,   0x1f,   0xc1,   0x1d,   0xb3,   0xd8,   0xfe,   0xe3,   0x0c,   0xc5,
  0xd5,   0x87,   0xd0,   0x3d,   0x20,   0x75,   0x3f,   0x4a,   0x13,   0x0a,   0x00,   0xde,
  0xdf,   0xe0,   0xe5,   0x09,   0x81,   0xf5,   0x1d,   0xe6,   0xec,   0x43,   0xe1,   0x63,
  0xb7,   0xa8,   0x3d,   0x1f,   0xe5,   0x46,   0x05,   0x24,   0x50,   0x0e,   0x08,   0x42,
  0xff,   0xc8,   0x0e,   0xf2,   0x13,   0xe5,   0x0a,   0xe3,   0x19,   0x51,   0x14,   0xde,
  0xf9,   0xe1,   0x1e,   0x02,   0xf0,   0xee,   0xef,   0x0f,   0x81,   0xe4,   0xf8,   0x18,
  0x0e,   0xe1,   0xf9,   0xff,   0xcb,   0xc0,   0xe6,   0x4a,   0xae,   0x71,   0xf4,   0xc8,
  0x08,   0x2f,   0x81,   0xef,   0x03,   0x01,   0x0c,   0xf4,   0x33,   0x3f,   0x36,   0xf3,
  0x25,   0xe6,   0x47,   0x17,   0xb4,   0x07,   0xe6,   0xc5,   0x73,   0x64,   0xed,   0xd9,
  0xd7,   0xf1,   0x69,   0xca,   0xf0,   0xc3,   0xc1,   0xd0,   0xcd,   0x04,   0x23,   0x36,
  0x02,   0x01,   0x6a,   0x0d,   0xf6,   0xfe,   0xee,   0xdf,   0xf5,   0xd6,   0x29,   0x91,
  0x16,   0x3e,   0xe2,   0x03,   0xe2,   0xf2,   0x1d,   0x81,   0x1f,   0x32,   0xbd,   0xcb,
  0xda,   0xda,   0xf2,   0xb3,   0xa3,   0xb0,   0x34,   0xfb,   0x2f,   0x12,   0x7f,   0xf6,
  0x1d,   0x1f,   0x1c,   0x35,   0x0f,   0x04,   0x1a,   0x0b,   0xaf,   0x0b,   0xa3,   0xe0,
  0x24,   0x18,   0x00,   0xe5,   0xdb,   0xda,   0xdc,   0x3f,   0xe1,   0x44,   0xf3,   0xbc,
  0xee,   0xae,   0xd6,   0x03,   0xfb,   0x7d,   0x21,   0x00,   0x7f,   0x1c,   0x00,   0x3a,
  0xfd,   0x23,   0xe4,   0x09,   0xc3,   0x0c,   0xd4,   0xe3,   0x20,   0x32,   0xc5,   0xc0,
  0xda,   0xa4,   0xfb,   0x6a,   0xe2,   0x61,   0xf3,   0xcc,   0xf7,   0xd9,   0xd6,   0x0f,
  0xd4,   0xd7,   0x7f,   0x3c,   0xb0,   0x09,   0x1d,   0xf6,   0x1b,   0x38,   0x21,   0x12,
  0x0b,   0x3f,   0x03,   0xf9,   0x53,   0x76,   0x06,   0xef,   0xf9,   0x00,   0x29,   0x1f,
  0x11,   0x19,   0x04,   0x05,   0x16,   0x48,   0xa7,   0xfa,   0xc4,   0x2e,   0x15,   0x1d,
  0xd5,   0x25,   0x2d,   0xaf,   0xe8,   0xa9,   0xcc,   0x56,   0x03,   0xd9,   0xe0,   0x50,
  0xf5,   0xe5,   0x7f,   0xf5,   0xf4,   0x4b,   0x83,   0x24,   0x01,   0xfe,   0x0f,   0x27,
  0xe5,   0xe8,   0x11,   0xc8,   0x7f,   0x4d,   0xfc,   0xe8,   0x0e,   0xf5,   0xac,   0x1c,
  0xe4,   0x13,   0xe6,   0xfc,   0xdf,   0xef,   0xd1,   0x25,   0xe8,   0x0c,   0x35,   0x2c,
  0xf5,   0x93,   0xca,   0x3b,   0x4e,   0x09,   0x1c,   0x3a,   0x0f,   0xca,   0x22,   0xec,
  0xbf,   0x8c,   0xe7,   0x1b,   0x81,   0x88,   0xeb,   0x0a,   0xdc,   0x0d,   0xfd,   0x00,
  0x39,   0x01,   0x37,   0x1b,   0x06,   0x0c,   0xcf,   0x1b,   0x77,   0x13,   0x18,   0x30,
  0x1e,   0x30,   0xff,   0xe9,   0x6b,   0x86,   0xf6,   0xeb,   0xc4,   0x59,   0xb1,   0xc1,
  0xb5,   0xfe,   0x1d,   0x1b,   0xbf,   0xc3,   0x3c,   0x16,   0xa7,   0xff,   0x45,   0x2d,
  0xba,   0x14,   0xf1,   0xcb,   0x29,   0xd1,   0xeb,   0x7f,   0xdb,   0x04,   0xe2,   0x9d,
  0xf3,   0xff,   0x14,   0xff,   0x33,   0x4f,   0x2e,   0x00,   0x7f,   0x27,   0x1e,   0x11,
  0x03,   0xf7,   0x23,   0xdb,   0x14,   0x09,   0xbb,   0xf6,   0xe1,   0xda,   0x3a,   0xb2,
  0xe4,   0xe1,   0x0e,   0x37,   0xd3,   0x4b,   0xdf,   0x13,   0xf4,   0xcf,   0xe5,   0xba,
  0x7f,   0x43,   0x00,   0x32,   0xf0,   0xdd,   0xbf,   0x14,   0x20,   0x4b,   0xed,   0xec,
  0xa0,   0x4b,   0xa7,   0xfa,   0x1b,   0x29,   0xcd,   0x04,   0xf2,   0x8c,   0xd7,   0x34,
  0x4e,   0xe2,   0xf9,   0xe7,   0x5b,   0xcc,   0xfd,   0xe9,   0x00,   0x7f,   0xce,   0xd0,
  0x2e,   0xd4,   0x5b,   0x51,   0xb3,   0x11,   0x29,   0xee,   0xc2,   0x0a,   0x03,   0x0a,
  0x00,   0xf0,   0x08,   0xcc,   0x17,   0xd3,   0xfc,   0x3e,   0x17,   0x7f,   0x2c,   0xd6,
  0x62,   0xf3,   0xb4,   0xb4,   0x27,   0x43,   0x8c,   0x22,   0xe8,   0xf4,   0x14,   0x30,
  0xf4,   0x05,   0xd3,   0x01,   0xe1,   0xd4,   0x24,   0x05,   0xca,   0x1b,   0x1e,   0xcd,
  0x24,   0xc8,   0x0a,   0x1a,   0xeb,   0xac,   0xa1,   0xd3,   0xf1,   0xcb,   0x29,   0x06,
  0x0b,   0x7f,   0x65,   0xe0,   0x47,   0xaa,   0xd3,   0x0a,   0xd6,   0xdc,   0x42,   0xa9,
  0xf8,   0x26,   0xac,   0xe8,   0xfc,   0xcb,   0xd5,   0xf5,   0x12,   0xb1,   0xe5,   0x00,
  0x3f,   0x0a,   0xd4,   0xe2,   0x00,   0x04,   0xda,   0x31,   0x13,   0x3f,   0x12,   0xef,
  0x54,   0xf8,   0x11,   0x23,   0xf9,   0xca,   0x1e,   0xc8,   0xde,   0xd6,   0x9f,   0x11,
  0x9f,   0xe1,   0x7f,   0xd8,   0x07,   0xc9,   0xd4,   0xf8,   0xd7,   0x4a,   0xfc,   0xbb,
  0x05,   0xcc,   0xb1,   0x03,   0x0e,   0x50,   0x56,   0x30,   0x5d,   0x3f,   0x2f,   0x0d,
  0x33,   0xef,   0x1c,   0x0c,   0xbe,   0x25,   0xed,   0xbf,   0x7f,   0x67,   0x22,   0xc9,
  0xaa,   0xe5,   0x63,   0x32,   0x06,   0x2d,   0x04,   0x42,   0x7f,   0xdd,   0xb7,   0xd4,
  0xf9,   0x39,   0xba,   0xa4,   0xaa,   0xfb,   0xe0,   0x0d,   0xe1,   0x0a,   0xee,   0x5e,
  0xd8,   0xd2,   0x39,   0x3a,   0xfc,   0x15,   0xe3,   0x79,   0x26,   0xe8,   0xfd,   0x5b,
  0xf7,   0xb4,   0x2a,   0x95,   0xc8,   0x9b,   0x0b,   0xdf,   0x26,   0x6b,   0x47,   0xe2,
  0xbe,   0xcf,   0xe3,   0x38,   0x1b,   0x33,   0xed,   0x5b,   0xba,   0x1f,   0xef,   0x2c,
  0x35,   0x4a,   0x1c,   0xaf,   0x53,   0xae,   0x50,   0x7f,   0x40,   0x28,   0xd0,   0xf2,
  0xd6,   0xef,   0xe9,   0xda,   0xea,   0x5a,   0xe1,   0xb9,   0x35,   0xfd,   0x5d,   0x23,
  0xfe,   0xb2,   0x46,   0xd2,   0xec,   0xff,   0xfd,   0x4a,   0xcc,   0x17,   0x6f,   0x81,
  0xb5,   0xe2,   0x01,   0x25,   0xf5,   0x18,   0x25,   0xd6,   0x07,   0xa8,   0xe2,   0xcb,
  0x1a,   0x73,   0x16,   0x13,   0x35,   0x16,   0xff,   0x5d,   0xff,   0x14,   0xca,   0x1e,
  0xa4,   0x12,   0xb0,   0xf8,   0x15,   0x1a,   0x13,   0x81,   0xe8,   0xb0,   0x21,   0x4a,
  0xfb,   0xe6,   0x0d,   0xa9,   0xe4,   0xdf,   0xf2,   0xba,   0xf9,   0x7f,   0xf5,   0xbe,
  0x3e,   0xe5,   0x11,   0x14,   0xf1,   0xd9,   0xe4,   0x08,   0xc9,   0x06,   0xdd,   0x12,
  0xe5,   0xdf,   0x3e,   0xc4,   0xef,   0xe8,   0xef,   0x57,   0x2d,   0xed,   0x15,   0x0b,
  0x21,   0xcf,   0xeb,   0xef,   0xf6,   0x21,   0xe7,   0x12,   0xe5,   0xd7,   0x1b,   0x1c,
  0xc3,   0xf5,   0x08,   0x04,   0xb9,   0x0d,   0x07,   0x18,   0xde,   0x11,   0x19,   0xe9,
  0x46,   0xd4,   0x27,   0x7f,   0x42,   0x77,   0x46,   0x39,   0x5d,   0x20,   0xd7,   0xf9,
  0xf1,   0xd8,   0xb6,   0x0d,   0xb7,   0xba,   0x12,   0x0e,   0xbc,   0x47,   0xc1,   0xfa,
  0xae,   0xd1,   0x1b,   0x29,   0xe0,   0xfd,   0x9d,   0x52,   0x7f,   0xfb,   0x5e,   0x68,
  0x47,   0xf7,   0xfe,   0x09,   0x30,   0xb8,   0x28,   0x04,   0xd6,   0x14,   0xfe,   0x0b,
  0xb1,   0xab,   0xd1,   0x03,   0xb1,   0x0a,   0x51,   0xd1,   0xab,   0x17,   0x3d,   0x26,
  0xe0,   0xe3,   0xb0,   0x05,   0x4e,   0xcf,   0xd9,   0x7f,   0xd9,   0x59,   0x12,   0x8f,
  0xb4,   0xe9,   0xe5,   0x1b,   0x24,   0xee,   0x50,   0x2f,   0x61,   0x4d,   0x27,   0x16,
  0x21,   0xd4,   0x18,   0x43,   0xc6,   0x3d,   0xd2,   0x9b,   0x7f,   0x40,   0x2c,   0x96,
  0x87,   0x0a,   0x21,   0x0b,   0xeb,   0xce,   0x10,   0xad,   0xd1,   0xce,   0xb0,   0x8c,
  0xbf,   0x7f,   0x3a,   0xe1,   0x67,   0xe1,   0x55,   0x40,   0x0c,   0xff,   0xd1,   0x48,
  0xb5,   0x42,   0x27,   0xdb,   0x1e,   0x36,   0xba,   0xba,   0xe5,   0xb2,   0x26,   0x5f,
  0xcd,   0x6a,   0x49,   0xa4,   0xfd,   0xb5,   0xb6,   0xf9,   0x02,   0x79,   0x4c,   0x7a,
  0x50,   0x51,   0xea,   0x7d,   0x67,   0x4f,   0xbe,   0x37,   0xc2,   0x4a,   0xa3,   0x9b,
  0x5c,   0x7f,   0x1c,   0xb4,   0xb7,   0xa8,   0x4c,   0x38,   0x2e,   0xed,   0xff,   0xff,
  0x04,   0x00,   0x00,   0x00,   0x00,   0x04,   0x00,   0x00,   0x0c,   0x81,   0xc5,   0x3f,
  0x15,   0xc0,   0xf9,   0x17,   0x3d,   0x0f,   0x17,   0x7f,   0x19,   0x00,   0xe0,   0x10,
  0xdd,   0x81,   0x1d,   0x39,   0x4c,   0xde,   0xd6,   0x01,   0xc3,   0xf3,   0x7a,   0x22,
  0x5c,   0x87,   0x81,   0xe3,   0xc0,   0x81,   0x2e,   0xd6,   0x00,   0x90,   0xe5,   0xc8,
  0x60,   0x39,   0x67,   0x20,   0x6d,   0x75,   0x7f,   0x58,   0x1f,   0xf4,   0x6a,   0x7f,
  0x23,   0xb5,   0x6f,   0x64,   0x7f,   0xcc,   0xfb,   0x41,   0x02,   0xe1,   0x42,   0x52,
  0x11,   0xff,   0xec,   0x0c,   0x3a,   0x7f,   0x50,   0x45,   0x4e,   0x5c,   0x67,   0x65,
  0x12,   0x3b,   0x7f,   0x1e,   0xcb,   0xf5,   0x87,   0x7f,   0x88,   0x06,   0xb8,   0xc1,
  0x2a,   0x03,   0xcf,   0xcd,   0x24,   0xe0,   0x81,   0x26,   0xba,   0x49,   0x22,   0x7f,
  0xbe,   0xa5,   0xca,   0xad,   0x81,   0x68,   0xe8,   0xdd,   0xbb,   0xaa,   0x32,   0xdb,
  0x61,   0x06,   0x81,   0x76,   0xe8,   0x44,   0xfb,   0x03,   0x7f,   0x49,   0xe2,   0x17,
  0xf1,   0x30,   0x17,   0x4a,   0x81,   0xe7,   0x8b,   0xdb,   0xbe,   0xcd,   0x0a,   0x4f,
  0xec,   0xf3,   0xd1,   0x81,   0xb2,   0x26,   0xb5,   0xda,   0xcd,   0xec,   0x81,   0xd7,
  0xcf,   0x5e,   0xb3,   0x3e,   0x19,   0xe2,   0x21,   0x71,   0x81,   0xfd,   0x06,   0xf1,
  0x76,   0x47,   0x7f,   0x33,   0x2a,   0x69,   0x7d,   0x38,   0xd2,   0x15,   0x3f,   0x81,
  0xec,   0x32,   0xfb,   0xe7,   0x52,   0x7f,   0x18,   0x42,   0xfa,   0x1e,   0x43,   0x3e,
  0xf4,   0x84,   0x2c,   0x98,   0x81,   0x83,   0xc2,   0xd0,   0x6a,   0x81,   0x49,   0x3b,
  0x2a,   0x1b,   0xf9,   0xd0,   0xf9,   0x81,   0x2e,   0xb9,   0x1a,   0x25,   0xea,   0xe2,
  0x0f,   0x7f,   0x38,   0xba,   0x0e,   0xf9,   0x0e,   0xbb,   0x9d,   0x49,   0xb4,   0x81,
  0xfc,   0x16,   0xac,   0xcd,   0x97,   0x4e,   0x9f,   0x10,   0x2c,   0x81,   0xf8,   0x36,
  0x52,   0x44,   0x38,   0x56,   0x0d,   0x55,   0x7f,   0x47,   0xf3,   0x81,   0x54,   0xe4,
  0x16,   0xdb,   0x4a,   0xfd,   0x7f,   0x64,   0x12,   0x41,   0x6e,   0x5d,   0x4b,   0x51,
  0xa9,   0x8c,   0xb8,   0xd1,   0x4c,   0xfa,   0xbe,   0x81,   0x7f,   0x42,   0xf5,   0x57,
  0x12,   0xe8,   0xf7,   0x14,   0x81,   0x8d,   0x3f,   0x7a,   0xef,   0x0a,   0x35,   0xb3,
  0xdd,   0x01,   0xce,   0x0c,   0x3e,   0x81,   0xed,   0xaf,   0x37,   0x81,   0xcf,   0x3c,
  0x50,   0x08,   0xa0,   0xf7,   0xb7,   0xa4,   0xa8,   0xd3,   0x02,   0xba,   0x81,   0xac,
  0x48,   0x28,   0x4c,   0x6f,   0x3f,   0x7f,   0xdf,   0x19,   0xad,   0xa7,   0xc6,   0x07,
  0xd2,   0x81,   0xa4,   0xd7,   0x1f,   0x83,   0x81,   0xfe,   0x36,   0xea,   0xc3,   0x1a,
  0xc8,   0x20,   0xe7,   0x04,   0x91,   0x90,   0xff,   0x81,   0xd3,   0x8e,   0x81,   0x1c,
  0x37,   0xd2,   0xf9,   0x41,   0x12,   0x13,   0xeb,   0xc3,   0x49,   0xee,   0x81,   0xe6,
  0xaa,   0x10,   0x90,   0x71,   0xa6,   0x81,   0xa1,   0x08,   0x31,   0x7f,   0x05,   0xc6,
  0xc2,   0xe1,   0x4b,   0xda,   0x17,   0x15,   0xab,   0xbb,   0xd4,   0x81,   0x9b,   0x34,
  0x03,   0xc7,   0x91,   0xce,   0xcb,   0xe5,   0x81,   0xfc,   0xcc,   0x01,   0xff,   0x81,
  0x1b,   0xbf,   0xe1,   0xad,   0xbe,   0x4e,   0xe7,   0xec,   0x86,   0x81,   0x9a,   0xb0,
  0xc3,   0xe2,   0xb5,   0x7f,   0xe8,   0x47,   0x04,   0xe2,   0x08,   0xd8,   0xee,   0x0f,
  0x08,   0xd8,   0x81,   0xc7,   0xbc,   0xba,   0xda,   0x81,   0x0f,   0xcd,   0xa2,   0xe0,
  0xec,   0x81,   0x51,   0xc7,   0xd6,   0xc7,   0x9b,   0x01,   0xd6,   0xd5,   0x81,   0xd4,
  0x63,   0xf1,   0x22,   0xd9,   0x68,   0xd5,   0x1b,   0x2e,   0x7f,   0x26,   0x4c,   0x32,
  0x3f,   0x96,   0x07,   0xf2,   0x7f,   0x10,   0x41,   0x9d,   0x9c,   0x81,   0xec,   0xd6,
  0xfa,   0xfd,   0xd4,   0xde,   0x8b,   0x7d,   0x28,   0xf0,   0xe5,   0x81,   0xbf,   0xe3,
  0xb4,   0x03,   0xdb,   0xa1,   0x9e,   0xa1,   0x81,   0xa3,   0x81,   0x67,   0x08,   0x61,
  0x49,   0xbe,   0x26,   0x77,   0xa9,   0x81,   0xbb,   0xb0,   0xcb,   0xb1,   0xf2,   0xb6,
  0xd4,   0xb7,   0x21,   0x98,   0x6c,   0x06,   0x32,   0x7f,   0xd3,   0xfe,   0xa9,   0xe0,
  0xcc,   0xef,   0x81,   0xdb,   0x29,   0x7f,   0xa3,   0xe5,   0xe9,   0x03,   0x3a,   0xe6,
  0x07,   0x7b,   0xf8,   0x81,   0xd9,   0x20,   0x16,   0x3e,   0xe1,   0xf7,   0x0a,   0xb7,
  0x2e,   0x81,   0xbd,   0x95,   0x8b,   0x66,   0x5e,   0xb7,   0x81,   0x5c,   0xd8,   0x60,
  0xab,   0x40,   0xfb,   0x81,   0xf8,   0xda,   0x2e,   0x4d,   0xf7,   0xf4,   0x15,   0xed,
  0x81,   0x36,   0xf5,   0xee,   0xd3,   0x2b,   0xf4,   0x7f,   0xd3,   0xeb,   0x06,   0xca,
  0xe5,   0xe3,   0xe3,   0x0e,   0x81,   0x6a,   0x38,   0xe3,   0x47,   0xbc,   0x07,   0x81,
  0x66,   0x22,   0xda,   0x22,   0xf2,   0x10,   0xf9,   0x1c,   0x7f,   0xde,   0x17,   0x0e,
  0x3a,   0x81,   0xbd,   0x4d,   0x27,   0xb2,   0x52,   0xdb,   0x5c,   0x7f,   0xa4,   0xab,
  0x05,   0xbb,   0x2a,   0x40,   0xfb,   0x81,   0xed,   0x25,   0x6f,   0xdd,   0x49,   0xdd,
  0x7f,   0x81,   0xeb,   0x13,   0xf4,   0x09,   0xd5,   0xb9,   0xf9,   0x87,   0x07,   0xb4,
  0xbf,   0x02,   0x7f,   0xae,   0x55,   0xe5,   0xf5,   0x97,   0x7f,   0xd1,   0xdb,   0x0d,
  0x47,   0x81,   0x2a,   0xc0,   0xb1,   0x2c,   0xe0,   0x43,   0xdc,   0x27,   0x45,   0x09,
  0x42,   0x4b,   0x81,   0x03,   0xc7,   0xd2,   0x06,   0x7f,   0xe3,   0x45,   0x0b,   0xb8,
  0xc3,   0xe8,   0x31,   0x42,   0x22,   0x81,   0x16,   0x2b,   0x09,   0x1a,   0xe1,   0x32,
  0x81,   0x41,   0x00,   0xbf,   0x57,   0xec,   0xdc,   0x16,   0x7f,   0xb2,   0x0d,   0x53,
  0x93,   0x5f,   0x2e,   0xfb,   0x81,   0x31,   0x1c,   0xcf,   0x10,   0x34,   0x7f,   0xd5,
  0xef,   0xb2,   0x8b,   0x35,   0x0f,   0xb1,   0x25,   0x17,   0x7f,   0x4d,   0x6c,   0xfd,
  0xfb,   0x11,   0x39,   0x81,   0xd9,   0x20,   0xfe,   0x08,   0x7f,   0xbb,   0xfe,   0x11,
  0xbb,   0xee,   0xb7,   0xce,   0x97,   0x7f,   0x24,   0xd7,   0xa7,   0x0d,   0xcb,   0x15,
  0xb0,   0x7f,   0xc0,   0x11,   0x01,   0x0f,   0x3b,   0x04,   0xf8,   0xe5,   0xff,   0x01,
  0x81,   0x00,   0x1e,   0xe8,   0xea,   0x19,   0xed,   0x81,   0x18,   0x52,   0x30,   0xbf,
  0xe8,   0x30,   0x02,   0xd2,   0x7f,   0xa6,   0x15,   0x58,   0x07,   0x83,   0xf4,   0x07,
  0x09,   0xfb,   0xab,   0x81,   0xed,   0xae,   0x13,   0x39,   0x72,   0xf6,   0x81,   0x3c,
  0x06,   0xa7,   0xdd,   0xa5,   0x7f,   0x1d,   0x83,   0xfa,   0xbd,   0x5a,   0xc4,   0xaa,
  0x7f,   0x1c,   0xd6,   0x05,   0x8f,   0x81,   0x51,   0x2e,   0x71,   0x83,   0xb9,   0xc3,
  0x7f,   0x3a,   0x74,   0x57,   0x47,   0x31,   0x52,   0x35,   0x4b,   0x9c,   0x15,   0x7f,
  0x2c,   0xed,   0xfd,   0x3b,   0x7f,   0x47,   0x71,   0x4c,   0x05,   0x01,   0x20,   0xfe,
  0x4f,   0xab,   0xfc,   0x35,   0x2e,   0x7f,   0x4c,   0x79,   0x70,   0x61,   0x4a,   0x6e,
  0x21,   0x21,   0x7f,   0x2d,   0x00,   0xa2,   0xe8,   0xf8,   0xe4,   0xad,   0x81,   0x3c,
  0xc4,   0x09,   0xe4,   0xf8,   0x2e,   0xe8,   0x81,   0xe9,   0x25,   0x7f,   0x03,   0x10,
  0xfc,   0xa6,   0x51,   0x08,   0x0b,   0x40,   0x1c,   0xf9,   0xc9,   0x81,   0x03,   0xec,
  0x58,   0x22,   0x81,   0xdb,   0x5f,   0xd1,   0x46,   0xe5,   0x7f,   0x3b,   0xeb,   0xe4,
  0x06,   0x38,   0x4c,   0x2d,   0xf8,   0x81,   0x18,   0x1d,   0xcf,   0xe4,   0x11,   0x41,
  0xcd,   0x7f,   0xa0,   0x9e,   0x13,   0xa9,   0xb4,   0xb1,   0x9b,   0xf2,   0x81,   0x52,
  0xff,   0x26,   0xb4,   0x16,   0x24,   0x22,   0xbe,   0xb2,   0x1e,   0x38,   0x81,   0x02,
  0x7f,   0x2a,   0x6f,   0x30,   0x49,   0x3d,   0x7c,   0x72,   0xb1,   0x46,   0x7f,   0x1d,
  0x4a,   0x2c,   0xc8,   0x3e,   0x1d,   0x32,   0x36,   0x4c,   0x7f,   0x2d,   0x3e,   0xeb,
  0x0a,   0x81,   0x5f,   0xfe,   0xd1,   0xd0,   0x17,   0x0b,   0x3a,   0xdd,   0x01,   0x15,
  0x7f,   0x1c,   0xe6,   0x1e,   0xc4,   0x81,   0xea,   0xc3,   0x10,   0xc0,   0xc6,   0xd6,
  0xde,   0x7f,   0xc5,   0xe7,   0x6a,   0x8d,   0x00,   0xad,   0x95,   0x54,   0xfb,   0xdf,
  0xdb,   0x07,   0x81,   0xc1,   0xfe,   0x7f,   0xa7,   0x32,   0xfd,   0x1e,   0xec,   0x1b,
  0x73,   0x11,   0x57,   0x52,   0x4c,   0x4f,   0x7f,   0x45,   0xd1,   0x81,   0xe6,   0xd8,
  0x0c,   0xad,   0x42,   0x15,   0x7f,   0x5c,   0x11,   0x10,   0x2f,   0x17,   0x2e,   0x23,
  0x3a,   0xf1,   0xff,   0xff,   0x04,   0x00,   0x00,   0x00,   0x04,   0x00,   0x00,   0x00,
  0x80,   0x00,   0x00,   0x00,   0x4a,   0xf1,   0xff,   0xff,   0x04,   0x00,   0x00,   0x00,
  0x0c,   0x00,   0x00,   0x00,   0x01,   0x00,   0x00,   0x00,   0x01,   0x00,   0x00,   0x00,
  0x20,   0x00,   0x00,   0x00,   0x62,   0xf1,   0xff,   0xff,   0x04,   0x00,   0x00,   0x00,
  0x00,   0x02,   0x00,   0x00,   0x51,   0xea,   0xae,   0xbd,   0x31,   0x9c,   0xa1,   0xbb,
  0xbb,   0x3e,   0x36,   0xbd,   0x0b,   0xf1,   0x3e,   0x3c,   0x24,   0x6c,   0x17,   0xbe,
  0xbc,   0x89,   0xda,   0x3e,   0x43,   0xd0,   0xda,   0xbc,   0x96,   0x8e,   0xc0,   0x3d,
  0xe4,   0x00,   0xa1,   0x3d,   0x61,   0x10,   0x0e,   0x3f,   0x71,   0x03,   0x8b,   0xbc,
  0x13,   0xb5,   0x13,   0xbe,   0x2c,   0x06,   0xb9,   0x3b,   0xd4,   0xce,   0x8a,   0xba,
  0x60,   0x5b,   0x2a,   0xbd,   0xec,   0x80,   0x8e,   0x3d,   0x48,   0x45,   0xbc,   0xbd,
  0xd3,   0x46,   0xdb,   0xbd,   0x61,   0x35,   0x97,   0xbd,   0x24,   0x3f,   0xa9,   0xbd,
  0xc5,   0x2b,   0x20,   0x3f,   0xb1,   0xc6,   0xd9,   0x3c,   0xd2,   0xe5,   0xb4,   0x3d,
  0xef,   0x05,   0xb0,   0xbd,   0xed,   0xdd,   0x5d,   0x3c,   0x1e,   0xdf,   0xab,   0xbc,
  0xdf,   0x3e,   0x12,   0xbc,   0x43,   0xfa,   0x5c,   0xbd,   0x70,   0x4d,   0x8d,   0xbd,
  0x43,   0x9c,   0xc0,   0x3e,   0x90,   0xa8,   0x58,   0x3c,   0xff,   0x9b,   0xa4,   0x3e,
  0x1b,   0xaa,   0x67,   0x3f,   0x96,   0xe2,   0x8b,   0x3f,   0x89,   0xb1,   0x75,   0x3f,
  0x09,   0xad,   0x65,   0x3f,   0x41,   0x40,   0x5f,   0x3f,   0xbd,   0x6f,   0x2b,   0x3f,
  0xb1,   0xbf,   0x7c,   0x3f,   0x80,   0x6a,   0x33,   0x3f,   0xa1,   0x25,   0x4a,   0x3f,
  0x3e,   0xf7,   0x20,   0x3f,   0xb1,   0x8b,   0x7c,   0x3f,   0x7a,   0x60,   0x6a,   0x3f,
  0xff,   0xac,   0x61,   0x3f,   0x1d,   0x42,   0x84,   0x3f,   0x48,   0x06,   0x58,   0x3f,
  0x52,   0xa9,   0x4b,   0x3f,   0x5c,   0xcb,   0x6b,   0x3f,   0xa2,   0x2b,   0x5f,   0x3f,
  0x9e,   0x7b,   0x80,   0x3f,   0x5c,   0x59,   0x65,   0x3f,   0x69,   0xaa,   0x06,   0x3f,
  0x03,   0xe5,   0x60,   0x3f,   0x92,   0xc0,   0x61,   0x3f,   0x84,   0x85,   0x82,   0x3f,
  0xdc,   0x83,   0x74,   0x3f,   0x35,   0x0b,   0x7f,   0x3f,   0xa3,   0x9b,   0x72,   0x3f,
  0xaa,   0xee,   0x63,   0x3f,   0xc7,   0x5b,   0x6d,   0x3f,   0x82,   0xd3,   0x28,   0x3f,
  0x30,   0x2f,   0x8d,   0x3f,   0x9a,   0xf6,   0x1b,   0x3f,   0x9e,   0xd0,   0x43,   0xbd,
  0x8c,   0xc6,   0x80,   0xbc,   0x50,   0x95,   0x04,   0x3e,   0x77,   0x3f,   0xd4,   0x3d,
  0x1b,   0x73,   0xc5,   0x3d,   0xcc,   0x06,   0xfa,   0x3d,   0x1d,   0xc5,   0x6a,   0x3d,
  0x5d,   0x1e,   0xd8,   0x3d,   0x93,   0x10,   0x15,   0xbe,   0x1e,   0x5a,   0x2b,   0xbe,
  0x3c,   0xa1,   0x32,   0xbd,   0x54,   0x70,   0x8b,   0xbd,   0x80,   0x62,   0x99,   0xbc,
  0x12,   0x92,   0xff,   0x3b,   0x19,   0x29,   0x7c,   0x3d,   0xd2,   0xdc,   0xad,   0xbd,
  0xe2,   0x35,   0x9a,   0xbd,   0x7a,   0x55,   0x3b,   0xbc,   0x3e,   0xd4,   0x25,   0x3d,
  0x34,   0x8c,   0xfb,   0x3b,   0x34,   0xeb,   0xc3,   0x3d,   0x63,   0x9d,   0x29,   0xbe,
  0xac,   0x7f,   0xd3,   0x3d,   0xa5,   0x00,   0x20,   0xbd,   0xfc,   0xfb,   0x22,   0x3c,
  0x1a,   0x8b,   0x8a,   0xbb,   0xb8,   0xba,   0x10,   0x3d,   0xce,   0x1f,   0x10,   0x3e,
  0xfe,   0xa2,   0x67,   0x3c,   0xd6,   0xd2,   0x19,   0x3e,   0x8b,   0x08,   0xb3,   0x3c,
  0xe9,   0x85,   0xe7,   0xbd,   0xdc,   0xa5,   0xd9,   0xbd,   0x34,   0x46,   0x9f,   0xbd,
  0x49,   0x9f,   0xec,   0xbd,   0x80,   0x5c,   0x75,   0x3c,   0x7b,   0x89,   0xfa,   0xbd,
  0x01,   0x78,   0xd8,   0x3e,   0x5e,   0xe4,   0x89,   0xbd,   0xa8,   0xb2,   0x7c,   0x3d,
  0xed,   0xe3,   0x38,   0x3d,   0xe6,   0x9a,   0x0e,   0x3f,   0xd1,   0x47,   0x20,   0xbd,
  0x49,   0x0b,   0x17,   0xbe,   0xb4,   0xbc,   0x82,   0x3d,   0xdf,   0x3f,   0x50,   0xbc,
  0xa4,   0x3b,   0x08,   0xbd,   0x86,   0xf7,   0x89,   0x3d,   0x4e,   0xd8,   0xad,   0xbd,
  0x4a,   0x11,   0xcd,   0xbd,   0x23,   0xab,   0xd1,   0xbb,   0x0f,   0xe4,   0xa8,   0xbd,
  0x59,   0xdc,   0x25,   0x3f,   0x41,   0x68,   0x24,   0xbb,   0x11,   0x05,   0x70,   0x3d,
  0x7a,   0x97,   0xd0,   0xbd,   0x86,   0x4f,   0x67,   0x3b,   0xe6,   0xfa,   0xaa,   0xbd,
  0x82,   0xea,   0xa4,   0xbb,   0x43,   0xb0,   0x5e,   0xbd,   0x26,   0x9a,   0xc1,   0xbd,
  0xe2,   0xf2,   0xbb,   0x3e,   0xa8,   0xb5,   0x5d,   0xbb,   0x96,   0x6d,   0x8f,   0x3e,
  0x6e,   0xf3,   0xff,   0xff,   0x04,   0x00,   0x00,   0x00,   0x04,   0x00,   0x00,   0x00,
  0x01,   0x00,   0x00,   0x00,   0x24,   0xca,   0xff,   0xff,   0x28,   0xca,   0xff,   0xff,
  0x2c,   0xca,   0xff,   0xff,   0x30,   0xca,   0xff,   0xff,   0x34,   0xca,   0xff,   0xff,
  0x38,   0xca,   0xff,   0xff,   0x3c,   0xca,   0xff,   0xff,   0x40,   0xca,   0xff,   0xff,
  0x44,   0xca,   0xff,   0xff,   0x48,   0xca,   0xff,   0xff,   0x4c,   0xca,   0xff,   0xff,
  0x50,   0xca,   0xff,   0xff,   0x54,   0xca,   0xff,   0xff,   0x58,   0xca,   0xff,   0xff,
  0x5c,   0xca,   0xff,   0xff,   0x60,   0xca,   0xff,   0xff,   0x64,   0xca,   0xff,   0xff,
  0x68,   0xca,   0xff,   0xff,   0x6c,   0xca,   0xff,   0xff,   0x70,   0xca,   0xff,   0xff,
  0x74,   0xca,   0xff,   0xff,   0x78,   0xca,   0xff,   0xff,   0x7c,   0xca,   0xff,   0xff,
  0x80,   0xca,   0xff,   0xff,   0x84,   0xca,   0xff,   0xff,   0x88,   0xca,   0xff,   0xff,
  0xe6,   0xf3,   0xff,   0xff,   0x04,   0x00,   0x00,   0x00,   0x0c,   0x00,   0x00,   0x00,
  0x12,   0x00,   0x00,   0x00,   0x01,   0x00,   0x00,   0x00,   0x08,   0x00,   0x00,   0x00,
  0xa4,   0xca,   0xff,   0xff,   0x02,   0xf4,   0xff,   0xff,   0x04,   0x00,   0x00,   0x00,
  0x04,   0x00,   0x00,   0x00,   0x00,   0x00,   0x00,   0x00,   0x12,   0xf4,   0xff,   0xff,
  0x04,   0x00,   0x00,   0x00,   0x80,   0x00,   0x00,   0x00,   0x00,   0x00,   0x00,   0x00,
  0x00,   0x00,   0x00,   0x00,   0x00,   0x00,   0x00,   0x00,   0x00,   0x00,   0x00,   0x00,
  0x00,   0x00,   0x00,   0x00,   0x00,   0x00,   0x00,   0x00,   0x00,   0x00,   0x00,   0x00,
  0x00,   0x00,   0x00,   0x00,   0x00,   0x00,   0x00,   0x00,   0x00,   0x00,   0x00,   0x00,
  0x00,   0x00,   0x00,   0x00,   0x00,   0x00,   0x00,   0x00,   0x00,   0x00,   0x00,   0x00,
  0x00,   0x00,   0x00,   0x00,   0x00,   0x00,   0x00,   0x00,   0x00,   0x00,   0x00,   0x00,
  0x00,   0x00,   0x00,   0x00,   0x00,   0x00,   0x00,   0x00,   0x00,   0x00,   0x00,   0x00,
  0x00,   0x00,   0x00,   0x00,   0x00,   0x00,   0x00,   0x00,   0x00,   0x00,   0x00,   0x00,
  0x00,   0x00,   0x00,   0x00,   0x00,   0x00,   0x00,   0x00,   0x00,   0x00,   0x00,   0x00,
  0x00,   0x00,   0x00,   0x00,   0x00,   0x00,   0x00,   0x00,   0x00,   0x00,   0x00,   0x00,
  0x00,   0x00,   0x00,   0x00,   0x00,   0x00,   0x00,   0x00,   0x00,   0x00,   0x00,   0x00,
  0x00,   0x00,   0x00,   0x00,   0x9e,   0xf4,   0xff,   0xff,   0x04,   0x00,   0x00,   0x00,
  0x04,   0x00,   0x00,   0x00,   0x12,   0x00,   0x00,   0x00,   0xae,   0xf4,   0xff,   0xff,
  0x04,   0x00,   0x00,   0x00,   0x00,   0x08,   0x00,   0x00,   0x81,   0x7b,   0xaf,   0x3e,
  0x55,   0x8d,   0x2d,   0xbc,   0xaf,   0xd9,   0x5f,   0xbd,   0x75,   0x5e,   0x59,   0xbe,
  0x94,   0xaf,   0xd0,   0x3c,   0x19,   0x84,   0x89,   0x3e,   0xca,   0x27,   0x8e,   0x3e,
  0x95,   0xfd,   0x5b,   0xbe,   0xb9,   0x75,   0x81,   0x3e,   0x81,   0x62,   0x9d,   0x3e,
  0x02,   0xd7,   0x9d,   0xbe,   0x8c,   0xa6,   0xca,   0x3e,   0x84,   0x45,   0x2e,   0x3e,
  0x3c,   0x2e,   0x86,   0x3e,   0xff,   0x6f,   0x8d,   0x3c,   0xf0,   0x73,   0x9e,   0x3e,
  0xc8,   0x18,   0x8c,   0xbe,   0xce,   0x70,   0x73,   0x3e,   0xca,   0x8b,   0x12,   0xbe,
  0xff,   0x15,   0x03,   0xbe,   0xd3,   0xcd,   0x12,   0x3e,   0x58,   0xde,   0x8f,   0x3d,
  0x08,   0x2f,   0xdf,   0x3e,   0x45,   0x0b,   0xaf,   0xbe,   0xe2,   0x3c,   0xea,   0x3c,
  0xdf,   0xcd,   0xe6,   0x3b,   0xba,   0x80,   0x50,   0x3e,   0xfa,   0x93,   0x1d,   0xbe,
  0xcb,   0xe3,   0x9e,   0x3c,   0x48,   0x2d,   0xe9,   0xbd,   0xda,   0x43,   0xfc,   0x3d,
  0x1a,   0xae,   0x04,   0x3e,   0x5f,   0x85,   0x4b,   0xbe,   0x1e,   0x3d,   0x38,   0xbe,
  0xb2,   0xfc,   0x74,   0xbe,   0x03,   0xf5,   0xaa,   0xbe,   0x97,   0xd1,   0x35,   0xbe,
  0x33,   0x07,   0x43,   0xbe,   0xf3,   0x53,   0xa8,   0x3e,   0x77,   0x18,   0xaf,   0xbd,
  0xdc,   0x8c,   0x22,   0xbd,   0x10,   0x89,   0x96,   0x3e,   0x7b,   0x97,   0x08,   0x3f,
  0xf7,   0x43,   0x30,   0x3e,   0x43,   0x3f,   0x4e,   0x3e,   0x19,   0x49,   0x68,   0xbd,
  0x23,   0x76,   0xaa,   0xbd,   0xed,   0x73,   0x98,   0x3d,   0xfc,   0xf0,   0x08,   0xbd,
  0xa4,   0x1a,   0xdc,   0x3d,   0x71,   0xf0,   0xe7,   0xbd,   0x48,   0xe2,   0x9a,   0xbe,
  0x04,   0x4a,   0x6b,   0x3e,   0x2e,   0xef,   0xef,   0x3d,   0x6f,   0xe0,   0x17,   0xbe,
  0xe3,   0x83,   0x62,   0x3d,   0x14,   0x85,   0xa6,   0x3c,   0x8e,   0x03,   0xcc,   0xbe,
  0xcf,   0xcd,   0x02,   0xbe,   0x68,   0x3f,   0x44,   0xbe,   0x4f,   0x6b,   0xb4,   0x3d,
  0xb4,   0x8b,   0x3b,   0xbd,   0xe4,   0x3e,   0xd1,   0xbe,   0x3b,   0x9f,   0x09,   0xbe,
  0xbb,   0xe1,   0xa8,   0xbd,   0xc7,   0x07,   0x2f,   0xbd,   0xe1,   0x6c,   0x4b,   0x3e,
  0xea,   0x6e,   0x76,   0x3d,   0x7b,   0xc1,   0x4d,   0x3e,   0xe9,   0x3b,   0x0e,   0x3e,
  0x8d,   0x55,   0xcc,   0xbc,   0xa7,   0x17,   0xe1,   0xbc,   0x10,   0xbf,   0xb5,   0x3d,
  0xeb,   0x9e,   0x1e,   0xbe,   0x57,   0xe1,   0xf7,   0xbd,   0x34,   0x95,   0x72,   0x3e,
  0x98,   0x56,   0xee,   0xbd,   0x70,   0xd9,   0x2c,   0x3e,   0x06,   0x62,   0x9c,   0x3e,
  0xa2,   0x18,   0x1c,   0xbd,   0xfb,   0xf6,   0xa1,   0x3e,   0x5b,   0xa5,   0xaf,   0xbd,
  0x36,   0x72,   0xc7,   0x3c,   0x53,   0x49,   0x8a,   0x3d,   0x98,   0x83,   0x0e,   0x3e,
  0x2c,   0x36,   0x82,   0xbe,   0xc3,   0x1d,   0x97,   0x3e,   0xb7,   0xf4,   0x7c,   0xbd,
  0x88,   0xb7,   0xe4,   0x3e,   0x52,   0x57,   0x54,   0xbe,   0xbd,   0x15,   0x52,   0xbe,
  0xc5,   0x39,   0x0a,   0xb9,   0x1b,   0xfe,   0x41,   0x3d,   0x12,   0xbc,   0x75,   0xbe,
  0xac,   0x96,   0x43,   0x3b,   0x05,   0xce,   0x17,   0x3d,   0x88,   0x8a,   0x3b,   0xbe,
  0x59,   0x1a,   0x4f,   0x3d,   0xa8,   0xb2,   0x1b,   0x3e,   0x38,   0x64,   0xeb,   0xbe,
  0x7f,   0xf3,   0x21,   0x3e,   0x9d,   0x2d,   0x06,   0x3e,   0x0d,   0xc2,   0x3c,   0xbe,
  0x46,   0x5f,   0x98,   0xbd,   0xc1,   0x5d,   0xc4,   0xbe,   0xf6,   0x18,   0x27,   0xbe,
  0x13,   0x04,   0x95,   0x3d,   0x0c,   0xe6,   0xc3,   0xbd,   0x72,   0xbb,   0xfc,   0x3d,
  0x67,   0x38,   0xba,   0x3e,   0x96,   0x89,   0x09,   0x3f,   0x89,   0x2a,   0xa3,   0x3d,
  0x6f,   0xf1,   0xb7,   0x3c,   0x51,   0x73,   0x14,   0xbf,   0x2e,   0x5c,   0xfe,   0xbd,
  0xe4,   0x06,   0xc8,   0x3d,   0x25,   0xaf,   0x98,   0x3e,   0xc9,   0x75,   0x88,   0xbd,
  0xb8,   0x21,   0xcf,   0x3d,   0xe1,   0x1e,   0x55,   0x3b,   0x29,   0x7e,   0xc2,   0xbc,
  0x8e,   0x01,   0x30,   0x3e,   0x96,   0x94,   0xc8,   0x3e,   0xae,   0xb0,   0x52,   0xbc,
  0x91,   0xc0,   0x2d,   0xbe,   0x85,   0xe2,   0x52,   0x3e,   0x33,   0xd6,   0x8c,   0x3d,
  0x95,   0x4c,   0x2f,   0xbe,   0x28,   0x57,   0x8a,   0xbe,   0x5a,   0xcf,   0x43,   0xbd,
  0xf9,   0xd0,   0xc4,   0x3d,   0xe0,   0x9f,   0x08,   0xbd,   0x28,   0xe6,   0xb9,   0xbd,
  0x25,   0xd6,   0x4d,   0x3e,   0xa7,   0xd3,   0x0d,   0x3e,   0x38,   0x62,   0xb4,   0xbd,
  0xb0,   0x04,   0x49,   0xbd,   0xa1,   0x69,   0x96,   0x3e,   0xc6,   0xa1,   0x67,   0xbe,
  0x7c,   0x9f,   0x2f,   0xbe,   0xd0,   0xbb,   0x2e,   0x3e,   0x3e,   0xc3,   0x42,   0xbc,
  0x4a,   0xe4,   0xcd,   0x3c,   0x58,   0xb2,   0xd6,   0xbe,   0x92,   0xd7,   0x00,   0xbe,
  0x88,   0xd2,   0xb1,   0xbd,   0xc5,   0x3a,   0x1b,   0xbd,   0xc2,   0x84,   0xa5,   0xbd,
  0x4a,   0xd1,   0x3f,   0xbe,   0xdd,   0xf7,   0x5c,   0x3e,   0x84,   0x20,   0x6c,   0xbd,
  0x09,   0xc0,   0x07,   0x3f,   0xda,   0x84,   0x72,   0xbe,   0xc8,   0x14,   0x3a,   0x3d,
  0xa9,   0x81,   0x27,   0x3e,   0x0e,   0x59,   0x42,   0xbe,   0xd4,   0x2c,   0xe2,   0x3e,
  0x8e,   0x7d,   0xc9,   0xbd,   0x38,   0x1a,   0xda,   0x3b,   0x2c,   0xde,   0xdc,   0x3d,
  0xec,   0x9e,   0x1a,   0x3d,   0x4b,   0x15,   0xb2,   0xbe,   0xbb,   0x08,   0xb3,   0xbe,
  0x57,   0x44,   0x05,   0xbe,   0x60,   0x8d,   0x0e,   0xbe,   0x8f,   0x35,   0x14,   0x3e,
  0x40,   0xe6,   0x26,   0x3e,   0x23,   0x24,   0xff,   0x3d,   0x91,   0x7d,   0x52,   0x3e,
  0x80,   0x8c,   0x31,   0x3e,   0x2b,   0x1d,   0xb1,   0x3e,   0x07,   0x9e,   0xca,   0x3c,
  0xcf,   0x1f,   0xe5,   0x3d,   0x02,   0x92,   0x82,   0xbd,   0x4b,   0x97,   0x11,   0xbe,
  0x52,   0x7f,   0xe5,   0xbd,   0x14,   0x45,   0x3b,   0x3e,   0x21,   0x55,   0x16,   0xbc,
  0x5d,   0x55,   0x21,   0x3e,   0xc8,   0xd7,   0x03,   0x3e,   0xb7,   0xd2,   0x05,   0x3e,
  0x4b,   0x0f,   0x09,   0x3e,   0x09,   0xf3,   0x4b,   0x3d,   0x81,   0x04,   0x4f,   0x3e,
  0xad,   0xc9,   0x3e,   0xbd,   0x72,   0xbe,   0xd1,   0x3c,   0x78,   0xca,   0x13,   0x3e,
  0x95,   0x29,   0x14,   0xbe,   0x68,   0xab,   0x6e,   0x3e,   0xd5,   0xd2,   0x1a,   0x3e,
  0x35,   0xa3,   0x0e,   0x3e,   0x4f,   0xcc,   0xb4,   0x3e,   0x7f,   0x9e,   0xad,   0xbe,
  0x52,   0xc9,   0x22,   0x3d,   0x8b,   0x4f,   0x21,   0x3e,   0xbb,   0xac,   0x23,   0xbe,
  0xfb,   0x55,   0x8b,   0xbd,   0x47,   0x4c,   0x9b,   0xbe,   0xcc,   0x7c,   0x56,   0xbd,
  0xcc,   0x5f,   0x08,   0xbe,   0xcd,   0x34,   0x64,   0xbc,   0xb0,   0x42,   0x62,   0x3e,
  0xdf,   0xbb,   0x9c,   0xbd,   0x0e,   0xf5,   0x22,   0xbd,   0x05,   0x46,   0xc4,   0x3e,
  0xd1,   0x92,   0x78,   0x3e,   0x4a,   0x80,   0xc8,   0xbd,   0x6e,   0x6b,   0x15,   0x3b,
  0x73,   0x3b,   0xfb,   0x3d,   0xee,   0xd5,   0x65,   0x3d,   0x6f,   0xab,   0xe8,   0xbd,
  0xc4,   0x0b,   0x9d,   0x3e,   0xb8,   0xfe,   0x1e,   0xbd,   0x16,   0x9d,   0x27,   0x3e,
  0x61,   0xba,   0x8e,   0x3d,   0x8f,   0x15,   0x99,   0xbe,   0xe1,   0xee,   0x35,   0xbf,
  0x52,   0x14,   0x10,   0x3e,   0x7a,   0xb2,   0xa5,   0xbd,   0x26,   0x87,   0xbd,   0xbe,
  0xae,   0xbf,   0x60,   0xbe,   0x50,   0x0e,   0x81,   0xbe,   0x63,   0xfa,   0x44,   0x3d,
  0x47,   0xb2,   0x18,   0xbe,   0xc4,   0x9b,   0xc6,   0x3d,   0x30,   0xe2,   0x2f,   0x3e,
  0xa9,   0x07,   0xe2,   0x3d,   0xee,   0x93,   0xb5,   0xbe,   0xbb,   0xed,   0xbc,   0xbd,
  0x2a,   0x6e,   0x9e,   0xbe,   0xbd,   0x29,   0x17,   0x3e,   0xe3,   0x48,   0xbf,   0x3d,
  0xe8,   0x99,   0x72,   0xbe,   0xde,   0x23,   0xe1,   0x3e,   0x2c,   0xbd,   0xb7,   0x3d,
  0x75,   0x23,   0xe5,   0x3a,   0x78,   0x80,   0x42,   0x3e,   0x62,   0xd1,   0x89,   0x3e,
  0x19,   0x43,   0x56,   0xbe,   0x71,   0x97,   0x86,   0x3e,   0x04,   0xa0,   0x46,   0x3e,
  0xc4,   0x57,   0x89,   0x3e,   0x8f,   0x2a,   0xdb,   0xbb,   0xff,   0x95,   0xbf,   0xbd,
  0xd9,   0xb9,   0xa2,   0xbd,   0xee,   0x86,   0x96,   0xbe,   0x21,   0x7d,   0xad,   0xbe,
  0xed,   0x45,   0x4e,   0x3e,   0xf1,   0x1d,   0xc2,   0xbd,   0x3b,   0xe0,   0x2e,   0x3e,
  0x72,   0xce,   0x37,   0xbd,   0x32,   0x5d,   0xd9,   0xbe,   0x74,   0xba,   0xd1,   0x3d,
  0x76,   0x9d,   0x25,   0xbd,   0xcb,   0xcd,   0xc4,   0xbd,   0xf7,   0xb6,   0x45,   0x3e,
  0x61,   0x6a,   0xa5,   0x3c,   0x76,   0x59,   0x9f,   0x3e,   0x4d,   0x39,   0xb4,   0x3e,
  0x1c,   0x1d,   0x51,   0x3d,   0x55,   0x0d,   0xaa,   0x3e,   0x6d,   0x0d,   0xe7,   0x3d,
  0x05,   0x46,   0x93,   0xbd,   0xc1,   0x57,   0x87,   0x3d,   0x95,   0x2b,   0x21,   0xbe,
  0xf3,   0x14,   0xe9,   0xbd,   0xe9,   0x61,   0x18,   0x3c,   0xbb,   0xc9,   0x44,   0x3e,
  0xdf,   0xbc,   0xb2,   0xbd,   0xea,   0x00,   0xd2,   0x3d,   0x69,   0x71,   0x95,   0xbe,
  0x2b,   0x04,   0x71,   0x3d,   0x37,   0xde,   0xbc,   0x3d,   0x7a,   0xd7,   0x73,   0x3e,
  0xbb,   0xa8,   0x0f,   0x3d,   0x88,   0x72,   0x27,   0x3d,   0xc5,   0xf7,   0x49,   0x3e,
  0xcf,   0x84,   0x44,   0xbe,   0x0f,   0xe6,   0x67,   0x3e,   0xae,   0x6b,   0xf6,   0xbb,
  0x34,   0x23,   0x86,   0xbe,   0xc9,   0xcb,   0xb7,   0x3e,   0x5a,   0x93,   0x1f,   0xbe,
  0x97,   0x03,   0xe9,   0x3b,   0x3d,   0xb3,   0x11,   0x3d,   0x71,   0x89,   0x01,   0xbe,
  0x90,   0x6f,   0x05,   0x3e,   0xb5,   0x52,   0x23,   0x3d,   0x6d,   0x0a,   0xc4,   0xbe,
  0x3a,   0x2a,   0xda,   0xbd,   0xf5,   0x1c,   0x00,   0xbe,   0x52,   0x22,   0x86,   0xbe,
  0x6b,   0x0b,   0x50,   0xbe,   0x64,   0x79,   0xcb,   0xbe,   0x0e,   0x6f,   0x0f,   0x3e,
  0xb3,   0xd2,   0xd9,   0x3d,   0xf8,   0xdb,   0x35,   0xbe,   0x2f,   0x27,   0x05,   0x3f,
  0x77,   0xe7,   0x95,   0x3e,   0x92,   0x60,   0x5d,   0xbd,   0xee,   0x35,   0x97,   0x3e,
  0xbd,   0xd4,   0x20,   0xbe,   0x2a,   0x1f,   0x0e,   0xbe,   0xed,   0xea,   0xf5,   0xbd,
  0xf0,   0xea,   0x28,   0xbe,   0x2c,   0x06,   0x97,   0x3d,   0x08,   0xca,   0xd0,   0x3c,
  0xd6,   0xa3,   0x46,   0xbe,   0x1e,   0xc3,   0xcd,   0xbe,   0xd9,   0xb0,   0x97,   0x3e,
  0xd1,   0x40,   0x04,   0xbe,   0x84,   0x30,   0x64,   0x3e,   0x94,   0xc6,   0xaa,   0x3e,
  0x31,   0x28,   0x15,   0xbe,   0x80,   0x6b,   0x1d,   0x3e,   0x4a,   0x3d,   0xc3,   0xbe,
  0xc6,   0xcb,   0x5c,   0x3e,   0x11,   0xc9,   0x99,   0x3d,   0xa8,   0x3d,   0xe3,   0xbd,
  0x58,   0xfb,   0x82,   0xbb,   0xcf,   0x75,   0xbe,   0xbe,   0x2f,   0x34,   0xa3,   0xbe,
  0x12,   0xf2,   0x9b,   0xbe,   0x13,   0xed,   0xed,   0x3c,   0xc6,   0x5e,   0x8c,   0xbe,
  0xea,   0x1c,   0x38,   0xbe,   0x58,   0xf2,   0x12,   0x3e,   0x77,   0xd3,   0x82,   0xbd,
  0x3f,   0xf8,   0x86,   0x3e,   0xe5,   0x84,   0x09,   0x3e,   0x1e,   0x28,   0x5b,   0x3e,
  0x4c,   0x6c,   0x91,   0xbd,   0x36,   0xa9,   0xdd,   0x3d,   0x4b,   0x3c,   0xb1,   0x3d,
  0x1f,   0x2f,   0x76,   0xbe,   0xed,   0x5c,   0x8e,   0xbd,   0x7a,   0x73,   0x1d,   0x3e,
  0x62,   0xf1,   0xdf,   0xbd,   0x49,   0xb7,   0x1a,   0xbd,   0x52,   0x4f,   0xf2,   0x3d,
  0x09,   0x8b,   0xbf,   0xbd,   0x4b,   0x08,   0x6c,   0x3e,   0xbd,   0x00,   0x50,   0xbd,
  0xaf,   0xd5,   0x93,   0xbe,   0x5e,   0x17,   0x08,   0x3e,   0xcf,   0x67,   0x1f,   0xbe,
  0xec,   0xae,   0x91,   0xbd,   0x77,   0xab,   0x80,   0xbe,   0xa8,   0x73,   0x02,   0xbe,
  0x30,   0xe2,   0xed,   0xbd,   0x32,   0xc0,   0x6c,   0xbd,   0x6c,   0x42,   0x83,   0x3e,
  0xe1,   0xad,   0x52,   0xbd,   0xa8,   0x0f,   0x80,   0x3e,   0xa1,   0x86,   0x51,   0x3e,
  0xf1,   0xee,   0x53,   0xbe,   0x85,   0x25,   0x9e,   0x3e,   0x82,   0x24,   0x4c,   0xbe,
  0x9e,   0x6e,   0xe1,   0x3c,   0x04,   0x7e,   0x38,   0xbe,   0x36,   0xaf,   0x4f,   0x3e,
  0x6b,   0x5b,   0xbf,   0x3e,   0xce,   0xc7,   0x87,   0xbe,   0x09,   0xfb,   0xa5,   0x3d,
  0xcf,   0x42,   0x20,   0xbd,   0x40,   0x10,   0xfe,   0x3d,   0xb7,   0xab,   0x24,   0x3e,
  0x8d,   0xb7,   0xf1,   0x3e,   0x75,   0x71,   0x99,   0xbd,   0x1b,   0xf9,   0xf4,   0x3e,
  0x00,   0xeb,   0x04,   0xbe,   0x88,   0xcb,   0x96,   0x3e,   0x7d,   0x79,   0xc9,   0xbe,
  0x1f,   0x20,   0xa1,   0x3d,   0xe9,   0xed,   0x86,   0xbd,   0x10,   0x69,   0x06,   0xbe,
  0x96,   0xf9,   0x86,   0x3e,   0x41,   0xab,   0x74,   0xbe,   0x11,   0x34,   0x27,   0x3e,
  0x1c,   0xd0,   0x91,   0xbd,   0xb4,   0xd3,   0x7f,   0xbe,   0x08,   0x1d,   0xce,   0xbe,
  0x3c,   0x7a,   0x98,   0x3e,   0xf0,   0x3c,   0x21,   0x3f,   0x81,   0x5d,   0x8d,   0x3e,
  0x33,   0x58,   0x6f,   0x3e,   0xf4,   0x69,   0x46,   0x3e,   0x1e,   0x8b,   0xdf,   0xbd,
  0x03,   0xf7,   0xbd,   0xbb,   0x9c,   0x2d,   0x06,   0xbe,   0x54,   0x27,   0x22,   0x3e,
  0x4a,   0x68,   0x90,   0xbe,   0x3d,   0x04,   0x4a,   0x3e,   0xff,   0x79,   0x81,   0x3e,
  0x9d,   0x92,   0x00,   0xbe,   0x68,   0x6c,   0x83,   0xbe,   0xf6,   0x2a,   0x8a,   0x3d,
  0x81,   0xfe,   0x13,   0x3e,   0xb6,   0x44,   0x6a,   0x3e,   0xed,   0xce,   0xa7,   0x3d,
  0xfb,   0x39,   0x5c,   0x3e,   0x32,   0xe4,   0x7e,   0xbe,   0x3f,   0x27,   0x1e,   0xbc,
  0x7a,   0xfb,   0x81,   0x3d,   0x34,   0xac,   0xd1,   0xbe,   0x0c,   0xd0,   0x80,   0x3e,
  0xea,   0xf6,   0xa6,   0x3e,   0x55,   0x4d,   0xa4,   0x3e,   0xca,   0x3f,   0x8e,   0x3e,
  0xcc,   0x7c,   0x35,   0x3e,   0x03,   0xff,   0x1c,   0xbd,   0xae,   0xa3,   0x17,   0xbc,
  0x44,   0xdc,   0xb7,   0xbd,   0x5f,   0x43,   0xd0,   0xbe,   0x15,   0xfd,   0xa6,   0xbe,
  0xb4,   0xa7,   0x94,   0x3e,   0x4e,   0xa8,   0xa4,   0xbe,   0x64,   0xbe,   0xba,   0xbb,
  0x62,   0x75,   0x07,   0xbd,   0xbb,   0x70,   0x06,   0x3e,   0x2b,   0x56,   0xa1,   0xbe,
  0x0e,   0x1e,   0x3b,   0xbe,   0x7d,   0x0b,   0x8b,   0x3d,   0x44,   0xcd,   0x1f,   0x3d,
  0x0e,   0x38,   0xd1,   0x3e,   0xb4,   0xc7,   0x83,   0x3d,   0xc6,   0x00,   0x32,   0xbd,
  0x81,   0x91,   0xa7,   0xbd,   0x04,   0xc4,   0xae,   0x3e,   0x50,   0x9c,   0xe3,   0x3e,
  0xc3,   0x38,   0x0a,   0xbe,   0x39,   0x9c,   0x4f,   0xbe,   0xe5,   0x47,   0x55,   0x3e,
  0x9e,   0x1b,   0x71,   0xbe,   0x25,   0x98,   0xfc,   0xbc,   0x90,   0xc4,   0x65,   0x3d,
  0xc4,   0x77,   0x8d,   0x3e,   0xc4,   0xca,   0x33,   0x3e,   0xff,   0x89,   0x8b,   0xbe,
  0x25,   0x67,   0x2b,   0xbe,   0x2e,   0xb1,   0x9a,   0x3c,   0xf9,   0xa3,   0x6c,   0x3d,
  0xde,   0xa2,   0x56,   0x3e,   0xd6,   0xea,   0x2a,   0x3d,   0x61,   0x32,   0x80,   0xbe,
  0x82,   0x33,   0xb0,   0xbc,   0x6a,   0xe0,   0xc3,   0xbc,   0x5a,   0xf2,   0x24,   0xbe,
  0xd4,   0x30,   0xf1,   0xbd,   0x1b,   0x4f,   0x70,   0x3d,   0x69,   0x84,   0x57,   0x3e,
  0xed,   0xf2,   0xfe,   0x3d,   0x1b,   0x2e,   0xd7,   0xbc,   0x08,   0x5e,   0xa9,   0xbe,
  0xeb,   0xbd,   0xc9,   0xbe,   0x5e,   0x4a,   0xf8,   0xbe,   0x92,   0x82,   0xaa,   0x3e,
  0x93,   0xc9,   0xec,   0x3e,   0x03,   0xf6,   0x0a,   0xbd,   0xa3,   0x98,   0x2a,   0x3e,
  0xdc,   0x5a,   0x98,   0x3e,   0xcd,   0x1a,   0x60,   0x3e,   0x92,   0x85,   0xba,   0xbd,
  0x2f,   0xba,   0x55,   0x3e,   0xa3,   0xc9,   0x12,   0x3e,   0xaf,   0x40,   0x2e,   0xbc,
  0x89,   0x65,   0xd1,   0xbe,   0x09,   0x28,   0x88,   0x3e,   0x88,   0x3a,   0x41,   0xbf,
  0xdd,   0xd4,   0xf9,   0x3d,   0xfd,   0x28,   0x55,   0xbe,   0xb5,   0xcd,   0x79,   0xbe,
  0x01,   0x87,   0x21,   0x3d,   0x4b,   0xe9,   0xa6,   0x3e,   0xbc,   0x2f,   0xba,   0xbd,
  0x20,   0x91,   0xcd,   0xbd,   0xdb,   0x03,   0xec,   0xbd,   0xd9,   0x6f,   0x60,   0xbe,
  0x43,   0x9c,   0x19,   0x3e,   0x94,   0x4a,   0xe2,   0x3e,   0x9e,   0xd2,   0x12,   0x3e,
  0x2c,   0xc7,   0x8e,   0x3e,   0xf9,   0x7a,   0x0a,   0xbe,   0x67,   0xe4,   0x4b,   0xbe,
  0x67,   0x7a,   0x87,   0x3e,   0x39,   0xe5,   0x6f,   0x3e,   0x54,   0xc1,   0x4d,   0xbd,
  0x6d,   0xfb,   0x46,   0xbe,   0xa2,   0xaa,   0x32,   0xbe,   0x38,   0xa8,   0xaf,   0x3e,
  0x1e,   0x64,   0xe0,   0xbd,   0xbd,   0x77,   0xe8,   0xbe,   0x74,   0x5f,   0x07,   0x3f,
  0x4a,   0x08,   0x1c,   0x3f,   0x80,   0xe2,   0xe2,   0x3e,   0x4f,   0x52,   0xcd,   0xbe,
  0x18,   0x1a,   0x81,   0xbd,   0x30,   0x98,   0x0b,   0xbf,   0xe2,   0x23,   0xf8,   0xba,
  0x23,   0xb9,   0xf0,   0x3e,   0x9c,   0x8e,   0xca,   0x3e,   0x38,   0xc7,   0x02,   0xbf,
  0x64,   0x77,   0x5e,   0x3e,   0x43,   0x2a,   0xa5,   0x3e,   0x50,   0x2e,   0x31,   0xbd,
  0x42,   0xa8,   0x4f,   0x3e,   0x54,   0x28,   0x31,   0x3e,   0xff,   0x60,   0x06,   0x3e,
  0x90,   0x0d,   0xa5,   0xbe,   0x9a,   0x61,   0x01,   0xbe,   0xb0,   0x74,   0xdd,   0xbe,
  0x61,   0x7c,   0xb4,   0x3b,   0xba,   0xfc,   0xff,   0xff,   0x04,   0x00,   0x00,   0x00,
  0x40,   0x00,   0x00,   0x00,   0xc1,   0xd9,   0x59,   0x3e,   0x5b,   0xd3,   0x62,   0xbe,
  0x1d,   0x44,   0x9d,   0x3d,   0x27,   0x50,   0x80,   0xbe,   0x70,   0x62,   0x55,   0xbe,
  0xe6,   0xae,   0x37,   0xbe,   0x08,   0x86,   0x18,   0x3f,   0xa0,   0x6a,   0x97,   0x3e,
  0xc1,   0xb2,   0xd9,   0xbd,   0x95,   0x2e,   0x96,   0x3e,   0x4b,   0x29,   0xc5,   0x3e,
  0xd1,   0x9e,   0x99,   0x3e,   0x37,   0x6f,   0x84,   0x3e,   0x1f,   0x2a,   0xf0,   0xbe,
  0x20,   0x0d,   0x0c,   0x3f,   0x86,   0x32,   0x97,   0xbe,   0x06,   0xfd,   0xff,   0xff,
  0x04,   0x00,   0x00,   0x00,   0x0c,   0x00,   0x00,   0x00,   0xff,   0xff,   0xff,   0xff,
  0x00,   0x00,   0x00,   0x00,   0x00,   0x00,   0x00,   0x00,   0x1e,   0xfd,   0xff,   0xff,
  0x04,   0x00,   0x00,   0x00,   0x0c,   0x00,   0x00,   0x00,   0x00,   0x00,   0x00,   0x00,
  0x01,   0x00,   0x00,   0x00,   0x20,   0x00,   0x00,   0x00,   0x36,   0xfd,   0xff,   0xff,
  0x04,   0x00,   0x00,   0x00,   0x0c,   0x00,   0x00,   0x00,   0x01,   0x00,   0x00,   0x00,
  0x01,   0x00,   0x00,   0x00,   0x01,   0x00,   0x00,   0x00,   0x4e,   0xfd,   0xff,   0xff,
  0x04,   0x00,   0x00,   0x00,   0x04,   0x00,   0x00,   0x00,   0xff,   0x86,   0x1d,   0x3d,
  0x5e,   0xfd,   0xff,   0xff,   0x04,   0x00,   0x00,   0x00,   0x40,   0x00,   0x00,   0x00,
  0xe0,   0x6d,   0xc7,   0xbd,   0x13,   0x18,   0xa2,   0xbc,   0x12,   0xfc,   0x20,   0xbe,
  0x30,   0x4f,   0xd8,   0xbd,   0x1d,   0x94,   0x13,   0xbe,   0x9c,   0x8c,   0xd5,   0xbd,
  0xfb,   0x3b,   0x20,   0x3e,   0xb8,   0x4c,   0x8d,   0x3d,   0x5e,   0xe3,   0x02,   0x3e,
  0xc2,   0xb7,   0x0b,   0x3e,   0xe6,   0xd1,   0x72,   0x3e,   0x36,   0xcb,   0xe4,   0x3d,
  0xc6,   0xcf,   0x90,   0x3d,   0x0f,   0x29,   0xa1,   0xbd,   0x1f,   0x5e,   0xc0,   0x3d,
  0x47,   0x01,   0x14,   0xbe,   0x50,   0xd4,   0xff,   0xff,   0x54,   0xd4,   0xff,   0xff,
  0x0f,   0x00,   0x00,   0x00,   0x4d,   0x4c,   0x49,   0x52,   0x20,   0x43,   0x6f,   0x6e,
  0x76,   0x65,   0x72,   0x74,   0x65,   0x64,   0x2e,   0x00,   0x03,   0x00,   0x00,   0x00,
  0x4c,   0x21,   0x00,   0x00,   0xfc,   0x1c,   0x00,   0x00,   0x04,   0x00,   0x00,   0x00,
  0xce,   0xde,   0xff,   0xff,   0x14,   0x00,   0x00,   0x00,   0x38,   0x00,   0x00,   0x00,
  0xd8,   0x03,   0x00,   0x00,   0xf0,   0x03,   0x00,   0x00,   0x08,   0x04,   0x00,   0x00,
  0x20,   0x00,   0x00,   0x00,   0x66,   0x75,   0x6e,   0x63,   0x74,   0x69,   0x6f,   0x6e,
  0x61,   0x6c,   0x5f,   0x34,   0x5f,   0x31,   0x2f,   0x6c,   0x73,   0x74,   0x6d,   0x5f,
  0x31,   0x2f,   0x77,   0x68,   0x69,   0x6c,   0x65,   0x5f,   0x62,   0x6f,   0x64,   0x79,
  0x00,   0x00,   0x00,   0x00,   0x13,   0x00,   0x00,   0x00,   0x70,   0x03,   0x00,   0x00,
  0x3c,   0x03,   0x00,   0x00,   0xf4,   0x02,   0x00,   0x00,   0xd0,   0x02,   0x00,   0x00,
  0x9c,   0x02,   0x00,   0x00,   0x60,   0x02,   0x00,   0x00,   0x2c,   0x02,   0x00,   0x00,
  0xf8,   0x01,   0x00,   0x00,   0xac,   0x01,   0x00,   0x00,   0x88,   0x01,   0x00,   0x00,
  0x64,   0x01,   0x00,   0x00,   0x30,   0x01,   0x00,   0x00,   0x0c,   0x01,   0x00,   0x00,
  0xe8,   0x00,   0x00,   0x00,   0xb4,   0x00,   0x00,   0x00,   0x80,   0x00,   0x00,   0x00,
  0x5c,   0x00,   0x00,   0x00,   0x28,   0x00,   0x00,   0x00,   0x04,   0x00,   0x00,   0x00,
  0xc6,   0xdd,   0xff,   0xff,   0x08,   0x00,   0x00,   0x00,   0x0c,   0x00,   0x00,   0x00,
  0x01,   0x00,   0x00,   0x00,   0x21,   0x00,   0x00,   0x00,   0x02,   0x00,   0x00,   0x00,
  0x20,   0x00,   0x00,   0x00,   0x08,   0x00,   0x00,   0x00,   0x5a,   0xde,   0xff,   0xff,
  0x14,   0x00,   0x00,   0x00,   0x00,   0x00,   0x00,   0x15,   0x10,   0x00,   0x00,   0x00,
  0x14,   0x00,   0x00,   0x00,   0x0a,   0x00,   0x00,   0x00,   0x44,   0xd5,   0xff,   0xff,
  0x01,   0x00,   0x00,   0x00,   0x20,   0x00,   0x00,   0x00,   0x02,   0x00,   0x00,   0x00,
  0x1b,   0x00,   0x00,   0x00,   0x1f,   0x00,   0x00,   0x00,   0x52,   0xe3,   0xff,   0xff,
  0x0c,   0x00,   0x00,   0x00,   0x10,   0x00,   0x00,   0x00,   0x0b,   0x00,   0x00,   0x00,
  0x01,   0x00,   0x00,   0x00,   0x1f,   0x00,   0x00,   0x00,   0x01,   0x00,   0x00,   0x00,
  0x1e,   0x00,   0x00,   0x00,   0xaa,   0xde,   0xff,   0xff,   0x14,   0x00,   0x00,   0x00,
  0x00,   0x00,   0x00,   0x0b,   0x10,   0x00,   0x00,   0x00,   0x14,   0x00,   0x00,   0x00,
  0x06,   0x00,   0x00,   0x00,   0x94,   0xd5,   0xff,   0xff,   0x01,   0x00,   0x00,   0x00,
  0x1e,   0x00,   0x00,   0x00,   0x02,   0x00,   0x00,   0x00,   0x1a,   0x00,   0x00,   0x00,
  0x1d,   0x00,   0x00,   0x00,   0xda,   0xde,   0xff,   0xff,   0x14,   0x00,   0x00,   0x00,
  0x00,   0x00,   0x00,   0x15,   0x10,   0x00,   0x00,   0x00,   0x14,   0x00,   0x00,   0x00,
  0x0a,   0x00,   0x00,   0x00,   0xc4,   0xd5,   0xff,   0xff,   0x01,   0x00,   0x00,   0x00,
  0x1d,   0x00,   0x00,   0x00,   0x02,   0x00,   0x00,   0x00,   0x18,   0x00,   0x00,   0x00,
  0x1c,   0x00,   0x00,   0x00,   0xd2,   0xe3,   0xff,   0xff,   0x0c,   0x00,   0x00,   0x00,
  0x10,   0x00,   0x00,   0x00,   0x0b,   0x00,   0x00,   0x00,   0x01,   0x00,   0x00,   0x00,
  0x1c,   0x00,   0x00,   0x00,   0x01,   0x00,   0x00,   0x00,   0x16,   0x00,   0x00,   0x00,
  0xf2,   0xe3,   0xff,   0xff,   0x0c,   0x00,   0x00,   0x00,   0x10,   0x00,   0x00,   0x00,
  0x09,   0x00,   0x00,   0x00,   0x01,   0x00,   0x00,   0x00,   0x1b,   0x00,   0x00,   0x00,
  0x01,   0x00,   0x00,   0x00,   0x17,   0x00,   0x00,   0x00,   0x4a,   0xdf,   0xff,   0xff,
  0x14,   0x00,   0x00,   0x00,   0x00,   0x00,   0x00,   0x15,   0x10,   0x00,   0x00,   0x00,
  0x14,   0x00,   0x00,   0x00,   0x0a,   0x00,   0x00,   0x00,   0x34,   0xd6,   0xff,   0xff,
  0x01,   0x00,   0x00,   0x00,   0x1a,   0x00,   0x00,   0x00,   0x02,   0x00,   0x00,   0x00,
  0x19,   0x00,   0x00,   0x00,   0x04,   0x00,   0x00,   0x00,   0x42,   0xe4,   0xff,   0xff,
  0x0c,   0x00,   0x00,   0x00,   0x10,   0x00,   0x00,   0x00,   0x09,   0x00,   0x00,   0x00,
  0x01,   0x00,   0x00,   0x00,   0x19,   0x00,   0x00,   0x00,   0x01,   0x00,   0x00,   0x00,
  0x15,   0x00,   0x00,   0x00,   0x62,   0xe4,   0xff,   0xff,   0x0c,   0x00,   0x00,   0x00,
  0x10,   0x00,   0x00,   0x00,   0x09,   0x00,   0x00,   0x00,   0x01,   0x00,   0x00,   0x00,
  0x18,   0x00,   0x00,   0x00,   0x01,   0x00,   0x00,   0x00,   0x14,   0x00,   0x00,   0x00,
  0x1e,   0xe0,   0xff,   0xff,   0x1c,   0x00,   0x00,   0x00,   0x00,   0x00,   0x00,   0x23,
  0x1c,   0x00,   0x00,   0x00,   0x2c,   0x00,   0x00,   0x00,   0x08,   0x00,   0x00,   0x00,
  0x00,   0x00,   0x06,   0x00,   0x08,   0x00,   0x04,   0x00,   0x06,   0x00,   0x00,   0x00,
  0x04,   0x00,   0x00,   0x00,   0x04,   0x00,   0x00,   0x00,   0x14,   0x00,   0x00,   0x00,
  0x15,   0x00,   0x00,   0x00,   0x16,   0x00,   0x00,   0x00,   0x17,   0x00,   0x00,   0x00,
  0x02,   0x00,   0x00,   0x00,   0x06,   0x00,   0x00,   0x00,   0x13,   0x00,   0x00,   0x00,
  0x02,   0xe0,   0xff,   0xff,   0x14,   0x00,   0x00,   0x00,   0x00,   0x00,   0x00,   0x0b,
  0x10,   0x00,   0x00,   0x00,   0x14,   0x00,   0x00,   0x00,   0x06,   0x00,   0x00,   0x00,
  0xec,   0xd6,   0xff,   0xff,   0x01,   0x00,   0x00,   0x00,   0x13,   0x00,   0x00,   0x00,
  0x02,   0x00,   0x00,   0x00,   0x12,   0x00,   0x00,   0x00,   0x07,   0x00,   0x00,   0x00,
  0x32,   0xe0,   0xff,   0xff,   0x14,   0x00,   0x00,   0x00,   0x00,   0x00,   0x00,   0x0b,
  0x10,   0x00,   0x00,   0x00,   0x14,   0x00,   0x00,   0x00,   0x06,   0x00,   0x00,   0x00,
  0x1c,   0xd7,   0xff,   0xff,   0x01,   0x00,   0x00,   0x00,   0x12,   0x00,   0x00,   0x00,
  0x02,   0x00,   0x00,   0x00,   0x11,   0x00,   0x00,   0x00,   0x0f,   0x00,   0x00,   0x00,
  0x62,   0xe0,   0xff,   0xff,   0x14,   0x00,   0x00,   0x00,   0x00,   0x00,   0x00,   0x08,
  0x14,   0x00,   0x00,   0x00,   0x18,   0x00,   0x00,   0x00,   0x03,   0x00,   0x00,   0x00,
  0x78,   0xff,   0xff,   0xff,   0x00,   0x00,   0x00,   0x01,   0x01,   0x00,   0x00,   0x00,
  0x11,   0x00,   0x00,   0x00,   0x03,   0x00,   0x00,   0x00,   0x10,   0x00,   0x00,   0x00,
  0x0a,   0x00,   0x00,   0x00,   0xff,   0xff,   0xff,   0xff,   0x9a,   0xe0,   0xff,   0xff,
  0x14,   0x00,   0x00,   0x00,   0x00,   0x00,   0x00,   0x17,   0x10,   0x00,   0x00,   0x00,
  0x14,   0x00,   0x00,   0x00,   0x07,   0x00,   0x00,   0x00,   0x84,   0xd7,   0xff,   0xff,
  0x01,   0x00,   0x00,   0x00,   0x10,   0x00,   0x00,   0x00,   0x02,   0x00,   0x00,   0x00,
  0x05,   0x00,   0x00,   0x00,   0x01,   0x00,   0x00,   0x00,   0x56,   0xe0,   0xff,   0xff,
  0x08,   0x00,   0x00,   0x00,   0x0c,   0x00,   0x00,   0x00,   0x01,   0x00,   0x00,   0x00,
  0x0f,   0x00,   0x00,   0x00,   0x02,   0x00,   0x00,   0x00,   0x0e,   0x00,   0x00,   0x00,
  0x09,   0x00,   0x00,   0x00,   0xea,   0xe0,   0xff,   0xff,   0x20,   0x00,   0x00,   0x00,
  0x00,   0x00,   0x00,   0x08,   0x20,   0x00,   0x00,   0x00,   0x24,   0x00,   0x00,   0x00,
  0x03,   0x00,   0x00,   0x00,   0x0c,   0x00,   0x08,   0x00,   0x00,   0x00,   0x00,   0x00,
  0x00,   0x00,   0x07,   0x00,   0x0c,   0x00,   0x00,   0x00,   0x00,   0x00,   0x00,   0x01,
  0x01,   0x00,   0x00,   0x00,   0x0e,   0x00,   0x00,   0x00,   0x03,   0x00,   0x00,   0x00,
  0x03,   0x00,   0x00,   0x00,   0x0b,   0x00,   0x00,   0x00,   0xff,   0xff,   0xff,   0xff,
  0x2e,   0xe1,   0xff,   0xff,   0x14,   0x00,   0x00,   0x00,   0x00,   0x00,   0x00,   0x0b,
  0x10,   0x00,   0x00,   0x00,   0x14,   0x00,   0x00,   0x00,   0x06,   0x00,   0x00,   0x00,
  0x18,   0xd8,   0xff,   0xff,   0x01,   0x00,   0x00,   0x00,   0x0d,   0x00,   0x00,   0x00,
  0x02,   0x00,   0x00,   0x00,   0x01,   0x00,   0x00,   0x00,   0x06,   0x00,   0x00,   0x00,
  0x5e,   0xe1,   0xff,   0xff,   0x14,   0x00,   0x00,   0x00,   0x00,   0x00,   0x00,   0x0b,
  0x10,   0x00,   0x00,   0x00,   0x14,   0x00,   0x00,   0x00,   0x06,   0x00,   0x00,   0x00,
  0x48,   0xd8,   0xff,   0xff,   0x01,   0x00,   0x00,   0x00,   0x0c,   0x00,   0x00,   0x00,
  0x02,   0x00,   0x00,   0x00,   0x00,   0x00,   0x00,   0x00,   0x06,   0x00,   0x00,   0x00,
  0x06,   0x00,   0x00,   0x00,   0x0c,   0x00,   0x00,   0x00,   0x0d,   0x00,   0x00,   0x00,
  0x21,   0x00,   0x00,   0x00,   0x20,   0x00,   0x00,   0x00,   0x1e,   0x00,   0x00,   0x00,
  0x05,   0x00,   0x00,   0x00,   0x06,   0x00,   0x00,   0x00,   0x00,   0x00,   0x00,   0x00,
  0x01,   0x00,   0x00,   0x00,   0x02,   0x00,   0x00,   0x00,   0x03,   0x00,   0x00,   0x00,
  0x04,   0x00,   0x00,   0x00,   0x05,   0x00,   0x00,   0x00,   0x22,   0x00,   0x00,   0x00,
  0x84,   0x18,   0x00,   0x00,   0x30,   0x18,   0x00,   0x00,   0xd4,   0x17,   0x00,   0x00,
  0x7c,   0x17,   0x00,   0x00,   0x24,   0x17,   0x00,   0x00,   0xc8,   0x16,   0x00,   0x00,
  0x8c,   0x16,   0x00,   0x00,   0x1c,   0x16,   0x00,   0x00,   0xa8,   0x15,   0x00,   0x00,
  0x48,   0x15,   0x00,   0x00,   0xc8,   0x0e,   0x00,   0x00,   0x50,   0x08,   0x00,   0x00,
  0x00,   0x08,   0x00,   0x00,   0xb4,   0x07,   0x00,   0x00,   0x50,   0x07,   0x00,   0x00,
  0xf0,   0x06,   0x00,   0x00,   0x80,   0x06,   0x00,   0x00,   0x20,   0x06,   0x00,   0x00,
  0xc0,   0x05,   0x00,   0x00,   0x5c,   0x05,   0x00,   0x00,   0xfc,   0x04,   0x00,   0x00,
  0x9c,   0x04,   0x00,   0x00,   0x3c,   0x04,   0x00,   0x00,   0xdc,   0x03,   0x00,   0x00,
  0x7c,   0x03,   0x00,   0x00,   0x18,   0x03,   0x00,   0x00,   0xbc,   0x02,   0x00,   0x00,
  0x58,   0x02,   0x00,   0x00,   0xf8,   0x01,   0x00,   0x00,   0x98,   0x01,   0x00,   0x00,
  0x3c,   0x01,   0x00,   0x00,   0xdc,   0x00,   0x00,   0x00,   0x7c,   0x00,   0x00,   0x00,
  0x04,   0x00,   0x00,   0x00,   0xfe,   0xd9,   0xff,   0xff,   0x00,   0x00,   0x00,   0x01,
  0x10,   0x00,   0x00,   0x00,   0x10,   0x00,   0x00,   0x00,   0x43,   0x00,   0x00,   0x00,
  0x50,   0x00,   0x00,   0x00,   0x3c,   0xd9,   0xff,   0xff,   0x41,   0x00,   0x00,   0x00,
  0x66,   0x75,   0x6e,   0x63,   0x74,   0x69,   0x6f,   0x6e,   0x61,   0x6c,   0x5f,   0x34,
  0x5f,   0x31,   0x2f,   0x6c,   0x73,   0x74,   0x6d,   0x5f,   0x31,   0x2f,   0x77,   0x68,
  0x69,   0x6c,   0x65,   0x2f,   0x54,   0x65,   0x6e,   0x73,   0x6f,   0x72,   0x41,   0x72,
  0x72,   0x61,   0x79,   0x56,   0x32,   0x57,   0x72,   0x69,   0x74,   0x65,   0x2f,   0x54,
  0x65,   0x6e,   0x73,   0x6f,   0x72,   0x4c,   0x69,   0x73,   0x74,   0x53,   0x65,   0x74,
  0x49,   0x74,   0x65,   0x6d,   0x31,   0x00,   0x00,   0x00,   0x03,   0x00,   0x00,   0x00,
  0x01,   0x00,   0x00,   0x00,   0x01,   0x00,   0x00,   0x00,   0x20,   0x00,   0x00,   0x00,
  0x72,   0xda,   0xff,   0xff,   0x00,   0x00,   0x00,   0x01,   0x10,   0x00,   0x00,   0x00,
  0x10,   0x00,   0x00,   0x00,   0x42,   0x00,   0x00,   0x00,   0x3c,   0x00,   0x00,   0x00,
  0xb0,   0xd9,   0xff,   0xff,   0x2d,   0x00,   0x00,   0x00,   0x66,   0x75,   0x6e,   0x63,
  0x74,   0x69,   0x6f,   0x6e,   0x61,   0x6c,   0x5f,   0x34,   0x5f,   0x31,   0x2f,   0x6c,
  0x73,   0x74,   0x6d,   0x5f,   0x31,   0x2f,   0x77,   0x68,   0x69,   0x6c,   0x65,   0x2f,
  0x6c,   0x73,   0x74,   0x6d,   0x5f,   0x63,   0x65,   0x6c,   0x6c,   0x5f,   0x31,   0x2f,
  0x6d,   0x75,   0x6c,   0x5f,   0x32,   0x00,   0x00,   0x00,   0x02,   0x00,   0x00,   0x00,
  0x01,   0x00,   0x00,   0x00,   0x20,   0x00,   0x00,   0x00,   0xce,   0xda,   0xff,   0xff,
  0x00,   0x00,   0x00,   0x01,   0x10,   0x00,   0x00,   0x00,   0x10,   0x00,   0x00,   0x00,
  0x41,   0x00,   0x00,   0x00,   0x3c,   0x00,   0x00,   0x00,   0x0c,   0xda,   0xff,   0xff,
  0x2e,   0x00,   0x00,   0x00,   0x66,   0x75,   0x6e,   0x63,   0x74,   0x69,   0x6f,   0x6e,
  0x61,   0x6c,   0x5f,   0x34,   0x5f,   0x31,   0x2f,   0x6c,   0x73,   0x74,   0x6d,   0x5f,
  0x31,   0x2f,   0x77,   0x68,   0x69,   0x6c,   0x65,   0x2f,   0x6c,   0x73,   0x74,   0x6d,
  0x5f,   0x63,   0x65,   0x6c,   0x6c,   0x5f,   0x31,   0x2f,   0x54,   0x61,   0x6e,   0x68,
  0x5f,   0x31,   0x00,   0x00,   0x02,   0x00,   0x00,   0x00,   0x01,   0x00,   0x00,   0x00,
  0x20,   0x00,   0x00,   0x00,   0x2a,   0xdb,   0xff,   0xff,   0x00,   0x00,   0x00,   0x01,
  0x10,   0x00,   0x00,   0x00,   0x10,   0x00,   0x00,   0x00,   0x40,   0x00,   0x00,   0x00,
  0x38,   0x00,   0x00,   0x00,   0x68,   0xda,   0xff,   0xff,   0x2b,   0x00,   0x00,   0x00,
  0x66,   0x75,   0x6e,   0x63,   0x74,   0x69,   0x6f,   0x6e,   0x61,   0x6c,   0x5f,   0x34,
  0x5f,   0x31,   0x2f,   0x6c,   0x73,   0x74,   0x6d,   0x5f,   0x31,   0x2f,   0x77,   0x68,
  0x69,   0x6c,   0x65,   0x2f,   0x6c,   0x73,   0x74,   0x6d,   0x5f,   0x63,   0x65,   0x6c,
  0x6c,   0x5f,   0x31,   0x2f,   0x61,   0x64,   0x64,   0x00,   0x02,   0x00,   0x00,   0x00,
  0x01,   0x00,   0x00,   0x00,   0x20,   0x00,   0x00,   0x00,   0x82,   0xdb,   0xff,   0xff,
  0x00,   0x00,   0x00,   0x01,   0x10,   0x00,   0x00,   0x00,   0x10,   0x00,   0x00,   0x00,
  0x3f,   0x00,   0x00,   0x00,   0x3c,   0x00,   0x00,   0x00,   0xc0,   0xda,   0xff,   0xff,
  0x2d,   0x00,   0x00,   0x00,   0x66,   0x75,   0x6e,   0x63,   0x74,   0x69,   0x6f,   0x6e,
  0x61,   0x6c,   0x5f,   0x34,   0x5f,   0x31,   0x2f,   0x6c,   0x73,   0x74,   0x6d,   0x5f,
  0x31,   0x2f,   0x77,   0x68,   0x69,   0x6c,   0x65,   0x2f,   0x6c,   0x73,   0x74,   0x6d,
  0x5f,   0x63,   0x65,   0x6c,   0x6c,   0x5f,   0x31,   0x2f,   0x6d,   0x75,   0x6c,   0x5f,
  0x31,   0x00,   0x00,   0x00,   0x02,   0x00,   0x00,   0x00,   0x01,   0x00,   0x00,   0x00,
  0x20,   0x00,   0x00,   0x00,   0xde,   0xdb,   0xff,   0xff,   0x00,   0x00,   0x00,   0x01,
  0x10,   0x00,   0x00,   0x00,   0x10,   0x00,   0x00,   0x00,   0x3e,   0x00,   0x00,   0x00,
  0x3c,   0x00,   0x00,   0x00,   0x1c,   0xdb,   0xff,   0xff,   0x2c,   0x00,   0x00,   0x00,
  0x66,   0x75,   0x6e,   0x63,   0x74,   0x69,   0x6f,   0x6e,   0x61,   0x6c,   0x5f,   0x34,
  0x5f,   0x31,   0x2f,   0x6c,   0x73,   0x74,   0x6d,   0x5f,   0x31,   0x2f,   0x77,   0x68,
  0x69,   0x6c,   0x65,   0x2f,   0x6c,   0x73,   0x74,   0x6d,   0x5f,   0x63,   0x65,   0x6c,
  0x6c,   0x5f,   0x31,   0x2f,   0x54,   0x61,   0x6e,   0x68,   0x00,   0x00,   0x00,   0x00,
  0x02,   0x00,   0x00,   0x00,   0x01,   0x00,   0x00,   0x00,   0x20,   0x00,   0x00,   0x00,
  0x3a,   0xdc,   0xff,   0xff,   0x00,   0x00,   0x00,   0x01,   0x10,   0x00,   0x00,   0x00,
  0x10,   0x00,   0x00,   0x00,   0x3d,   0x00,   0x00,   0x00,   0x40,   0x00,   0x00,   0x00,
  0x78,   0xdb,   0xff,   0xff,   0x31,   0x00,   0x00,   0x00,   0x66,   0x75,   0x6e,   0x63,
  0x74,   0x69,   0x6f,   0x6e,   0x61,   0x6c,   0x5f,   0x34,   0x5f,   0x31,   0x2f,   0x6c,
  0x73,   0x74,   0x6d,   0x5f,   0x31,   0x2f,   0x77,   0x68,   0x69,   0x6c,   0x65,   0x2f,
  0x6c,   0x73,   0x74,   0x6d,   0x5f,   0x63,   0x65,   0x6c,   0x6c,   0x5f,   0x31,   0x2f,
  0x53,   0x69,   0x67,   0x6d,   0x6f,   0x69,   0x64,   0x5f,   0x32,   0x00,   0x00,   0x00,
  0x02,   0x00,   0x00,   0x00,   0x01,   0x00,   0x00,   0x00,   0x20,   0x00,   0x00,   0x00,
  0x9a,   0xdc,   0xff,   0xff,   0x00,   0x00,   0x00,   0x01,   0x10,   0x00,   0x00,   0x00,
  0x10,   0x00,   0x00,   0x00,   0x3c,   0x00,   0x00,   0x00,   0x38,   0x00,   0x00,   0x00,
  0xd8,   0xdb,   0xff,   0xff,   0x2b,   0x00,   0x00,   0x00,   0x66,   0x75,   0x6e,   0x63,
  0x74,   0x69,   0x6f,   0x6e,   0x61,   0x6c,   0x5f,   0x34,   0x5f,   0x31,   0x2f,   0x6c,
  0x73,   0x74,   0x6d,   0x5f,   0x31,   0x2f,   0x77,   0x68,   0x69,   0x6c,   0x65,   0x2f,
  0x6c,   0x73,   0x74,   0x6d,   0x5f,   0x63,   0x65,   0x6c,   0x6c,   0x5f,   0x31,   0x2f,
  0x6d,   0x75,   0x6c,   0x00,   0x02,   0x00,   0x00,   0x00,   0x01,   0x00,   0x00,   0x00,
  0x20,   0x00,   0x00,   0x00,   0xf2,   0xdc,   0xff,   0xff,   0x00,   0x00,   0x00,   0x01,
  0x10,   0x00,   0x00,   0x00,   0x10,   0x00,   0x00,   0x00,   0x3b,   0x00,   0x00,   0x00,
  0x40,   0x00,   0x00,   0x00,   0x30,   0xdc,   0xff,   0xff,   0x31,   0x00,   0x00,   0x00,
  0x66,   0x75,   0x6e,   0x63,   0x74,   0x69,   0x6f,   0x6e,   0x61,   0x6c,   0x5f,   0x34,
  0x5f,   0x31,   0x2f,   0x6c,   0x73,   0x74,   0x6d,   0x5f,   0x31,   0x2f,   0x77,   0x68,
  0x69,   0x6c,   0x65,   0x2f,   0x6c,   0x73,   0x74,   0x6d,   0x5f,   0x63,   0x65,   0x6c,
  0x6c,   0x5f,   0x31,   0x2f,   0x53,   0x69,   0x67,   0x6d,   0x6f,   0x69,   0x64,   0x5f,
  0x31,   0x00,   0x00,   0x00,   0x02,   0x00,   0x00,   0x00,   0x01,   0x00,   0x00,   0x00,
  0x20,   0x00,   0x00,   0x00,   0x52,   0xdd,   0xff,   0xff,   0x00,   0x00,   0x00,   0x01,
  0x10,   0x00,   0x00,   0x00,   0x10,   0x00,   0x00,   0x00,   0x3a,   0x00,   0x00,   0x00,
  0x3c,   0x00,   0x00,   0x00,   0x90,   0xdc,   0xff,   0xff,   0x2f,   0x00,   0x00,   0x00,
  0x66,   0x75,   0x6e,   0x63,   0x74,   0x69,   0x6f,   0x6e,   0x61,   0x6c,   0x5f,   0x34,
  0x5f,   0x31,   0x2f,   0x6c,   0x73,   0x74,   0x6d,   0x5f,   0x31,   0x2f,   0x77,   0x68,
  0x69,   0x6c,   0x65,   0x2f,   0x6c,   0x73,   0x74,   0x6d,   0x5f,   0x63,   0x65,   0x6c,
  0x6c,   0x5f,   0x31,   0x2f,   0x53,   0x69,   0x67,   0x6d,   0x6f,   0x69,   0x64,   0x00,
  0x02,   0x00,   0x00,   0x00,   0x01,   0x00,   0x00,   0x00,   0x20,   0x00,   0x00,   0x00,
  0xae,   0xdd,   0xff,   0xff,   0x00,   0x00,   0x00,   0x01,   0x10,   0x00,   0x00,   0x00,
  0x10,   0x00,   0x00,   0x00,   0x39,   0x00,   0x00,   0x00,   0x3c,   0x00,   0x00,   0x00,
  0xec,   0xdc,   0xff,   0xff,   0x2e,   0x00,   0x00,   0x00,   0x66,   0x75,   0x6e,   0x63,
  0x74,   0x69,   0x6f,   0x6e,   0x61,   0x6c,   0x5f,   0x34,   0x5f,   0x31,   0x2f,   0x6c,
  0x73,   0x74,   0x6d,   0x5f,   0x31,   0x2f,   0x77,   0x68,   0x69,   0x6c,   0x65,   0x2f,
  0x6c,   0x73,   0x74,   0x6d,   0x5f,   0x63,   0x65,   0x6c,   0x6c,   0x5f,   0x31,   0x2f,
  0x73,   0x70,   0x6c,   0x69,   0x74,   0x33,   0x00,   0x00,   0x02,   0x00,   0x00,   0x00,
  0x01,   0x00,   0x00,   0x00,   0x20,   0x00,   0x00,   0x00,   0x0a,   0xde,   0xff,   0xff,
  0x00,   0x00,   0x00,   0x01,   0x10,   0x00,   0x00,   0x00,   0x10,   0x00,   0x00,   0x00,
  0x38,   0x00,   0x00,   0x00,   0x3c,   0x00,   0x00,   0x00,   0x48,   0xdd,   0xff,   0xff,
  0x2e,   0x00,   0x00,   0x00,   0x66,   0x75,   0x6e,   0x63,   0x74,   0x69,   0x6f,   0x6e,
  0x61,   0x6c,   0x5f,   0x34,   0x5f,   0x31,   0x2f,   0x6c,   0x73,   0x74,   0x6d,   0x5f,
  0x31,   0x2f,   0x77,   0x68,   0x69,   0x6c,   0x65,   0x2f,   0x6c,   0x73,   0x74,   0x6d,
  0x5f,   0x63,   0x65,   0x6c,   0x6c,   0x5f,   0x31,   0x2f,   0x73,   0x70,   0x6c,   0x69,
  0x74,   0x32,   0x00,   0x00,   0x02,   0x00,   0x00,   0x00,   0x01,   0x00,   0x00,   0x00,
  0x20,   0x00,   0x00,   0x00,   0x66,   0xde,   0xff,   0xff,   0x00,   0x00,   0x00,   0x01,
  0x10,   0x00,   0x00,   0x00,   0x10,   0x00,   0x00,   0x00,   0x37,   0x00,   0x00,   0x00,
  0x3c,   0x00,   0x00,   0x00,   0xa4,   0xdd,   0xff,   0xff,   0x2e,   0x00,   0x00,   0x00,
  0x66,   0x75,   0x6e,   0x63,   0x74,   0x69,   0x6f,   0x6e,   0x61,   0x6c,   0x5f,   0x34,
  0x5f,   0x31,   0x2f,   0x6c,   0x73,   0x74,   0x6d,   0x5f,   0x31,   0x2f,   0x77,   0x68,
  0x69,   0x6c,   0x65,   0x2f,   0x6c,   0x73,   0x74,   0x6d,   0x5f,   0x63,   0x65,   0x6c,
  0x6c,   0x5f,   0x31,   0x2f,   0x73,   0x70,   0x6c,   0x69,   0x74,   0x31,   0x00,   0x00,
  0x02,   0x00,   0x00,   0x00,   0x01,   0x00,   0x00,   0x00,   0x20,   0x00,   0x00,   0x00,
  0xc2,   0xde,   0xff,   0xff,   0x00,   0x00,   0x00,   0x01,   0x10,   0x00,   0x00,   0x00,
  0x10,   0x00,   0x00,   0x00,   0x36,   0x00,   0x00,   0x00,   0x3c,   0x00,   0x00,   0x00,
  0x00,   0xde,   0xff,   0xff,   0x2d,   0x00,   0x00,   0x00,   0x66,   0x75,   0x6e,   0x63,
  0x74,   0x69,   0x6f,   0x6e,   0x61,   0x6c,   0x5f,   0x34,   0x5f,   0x31,   0x2f,   0x6c,
  0x73,   0x74,   0x6d,   0x5f,   0x31,   0x2f,   0x77,   0x68,   0x69,   0x6c,   0x65,   0x2f,
  0x6c,   0x73,   0x74,   0x6d,   0x5f,   0x63,   0x65,   0x6c,   0x6c,   0x5f,   0x31,   0x2f,
  0x73,   0x70,   0x6c,   0x69,   0x74,   0x00,   0x00,   0x00,   0x02,   0x00,   0x00,   0x00,
  0x01,   0x00,   0x00,   0x00,   0x20,   0x00,   0x00,   0x00,   0x1e,   0xdf,   0xff,   0xff,
  0x00,   0x00,   0x00,   0x01,   0x10,   0x00,   0x00,   0x00,   0x10,   0x00,   0x00,   0x00,
  0x35,   0x00,   0x00,   0x00,   0x40,   0x00,   0x00,   0x00,   0x5c,   0xde,   0xff,   0xff,
  0x31,   0x00,   0x00,   0x00,   0x66,   0x75,   0x6e,   0x63,   0x74,   0x69,   0x6f,   0x6e,
  0x61,   0x6c,   0x5f,   0x34,   0x5f,   0x31,   0x2f,   0x6c,   0x73,   0x74,   0x6d,   0x5f,
  0x31,   0x2f,   0x77,   0x68,   0x69,   0x6c,   0x65,   0x2f,   0x6c,   0x73,   0x74,   0x6d,
  0x5f,   0x63,   0x65,   0x6c,   0x6c,   0x5f,   0x31,   0x2f,   0x42,   0x69,   0x61,   0x73,
  0x41,   0x64,   0x64,   0x5f,   0x31,   0x00,   0x00,   0x00,   0x02,   0x00,   0x00,   0x00,
  0x01,   0x00,   0x00,   0x00,   0x80,   0x00,   0x00,   0x00,   0x7e,   0xdf,   0xff,   0xff,
  0x00,   0x00,   0x00,   0x01,   0x10,   0x00,   0x00,   0x00,   0x10,   0x00,   0x00,   0x00,
  0x34,   0x00,   0x00,   0x00,   0x3c,   0x00,   0x00,   0x00,   0xbc,   0xde,   0xff,   0xff,
  0x2f,   0x00,   0x00,   0x00,   0x66,   0x75,   0x6e,   0x63,   0x74,   0x69,   0x6f,   0x6e,
  0x61,   0x6c,   0x5f,   0x34,   0x5f,   0x31,   0x2f,   0x6c,   0x73,   0x74,   0x6d,   0x5f,
  0x31,   0x2f,   0x77,   0x68,   0x69,   0x6c,   0x65,   0x2f,   0x6c,   0x73,   0x74,   0x6d,
  0x5f,   0x63,   0x65,   0x6c,   0x6c,   0x5f,   0x31,   0x2f,   0x42,   0x69,   0x61,   0x73,
  0x41,   0x64,   0x64,   0x00,   0x02,   0x00,   0x00,   0x00,   0x01,   0x00,   0x00,   0x00,
  0x80,   0x00,   0x00,   0x00,   0xda,   0xdf,   0xff,   0xff,   0x00,   0x00,   0x00,   0x01,
  0x10,   0x00,   0x00,   0x00,   0x10,   0x00,   0x00,   0x00,   0x33,   0x00,   0x00,   0x00,
  0x3c,   0x00,   0x00,   0x00,   0x18,   0xdf,   0xff,   0xff,   0x2f,   0x00,   0x00,   0x00,
  0x66,   0x75,   0x6e,   0x63,   0x74,   0x69,   0x6f,   0x6e,   0x61,   0x6c,   0x5f,   0x34,
  0x5f,   0x31,   0x2f,   0x6c,   0x73,   0x74,   0x6d,   0x5f,   0x31,   0x2f,   0x77,   0x68,
  0x69,   0x6c,   0x65,   0x2f,   0x6c,   0x73,   0x74,   0x6d,   0x5f,   0x63,   0x65,   0x6c,
  0x6c,   0x5f,   0x31,   0x2f,   0x4d,   0x61,   0x74,   0x4d,   0x75,   0x6c,   0x31,   0x00,
  0x02,   0x00,   0x00,   0x00,   0x01,   0x00,   0x00,   0x00,   0x80,   0x00,   0x00,   0x00,
  0x36,   0xe0,   0xff,   0xff,   0x00,   0x00,   0x00,   0x01,   0x10,   0x00,   0x00,   0x00,
  0x10,   0x00,   0x00,   0x00,   0x32,   0x00,   0x00,   0x00,   0x4c,   0x00,   0x00,   0x00,
  0x74,   0xdf,   0xff,   0xff,   0x3f,   0x00,   0x00,   0x00,   0x66,   0x75,   0x6e,   0x63,
  0x74,   0x69,   0x6f,   0x6e,   0x61,   0x6c,   0x5f,   0x34,   0x5f,   0x31,   0x2f,   0x6c,
  0x73,   0x74,   0x6d,   0x5f,   0x31,   0x2f,   0x77,   0x68,   0x69,   0x6c,   0x65,   0x2f,
  0x54,   0x65,   0x6e,   0x73,   0x6f,   0x72,   0x41,   0x72,   0x72,   0x61,   0x79,   0x56,
  0x32,   0x52,   0x65,   0x61,   0x64,   0x2f,   0x54,   0x65,   0x6e,   0x73,   0x6f,   0x72,
  0x4c,   0x69,   0x73,   0x74,   0x47,   0x65,   0x74,   0x49,   0x74,   0x65,   0x6d,   0x00,
  0x02,   0x00,   0x00,   0x00,   0x01,   0x00,   0x00,   0x00,   0x08,   0x00,   0x00,   0x00,
  0xa2,   0xe0,   0xff,   0xff,   0x00,   0x00,   0x00,   0x01,   0x10,   0x00,   0x00,   0x00,
  0x10,   0x00,   0x00,   0x00,   0x31,   0x00,   0x00,   0x00,   0x40,   0x00,   0x00,   0x00,
  0xe0,   0xdf,   0xff,   0xff,   0x30,   0x00,   0x00,   0x00,   0x66,   0x75,   0x6e,   0x63,
  0x74,   0x69,   0x6f,   0x6e,   0x61,   0x6c,   0x5f,   0x34,   0x5f,   0x31,   0x2f,   0x6c,
  0x73,   0x74,   0x6d,   0x5f,   0x31,   0x2f,   0x77,   0x68,   0x69,   0x6c,   0x65,   0x2f,
  0x6c,   0x73,   0x74,   0x6d,   0x5f,   0x63,   0x65,   0x6c,   0x6c,   0x5f,   0x31,   0x2f,
  0x53,   0x71,   0x75,   0x65,   0x65,   0x7a,   0x65,   0x31,   0x00,   0x00,   0x00,   0x00,
  0x01,   0x00,   0x00,   0x00,   0x80,   0x00,   0x00,   0x00,   0xfe,   0xe0,   0xff,   0xff,
  0x00,   0x00,   0x00,   0x01,   0x10,   0x00,   0x00,   0x00,   0x10,   0x00,   0x00,   0x00,
  0x30,   0x00,   0x00,   0x00,   0x40,   0x00,   0x00,   0x00,   0x3c,   0xe0,   0xff,   0xff,
  0x31,   0x00,   0x00,   0x00,   0x66,   0x75,   0x6e,   0x63,   0x74,   0x69,   0x6f,   0x6e,
  0x61,   0x6c,   0x5f,   0x34,   0x5f,   0x31,   0x2f,   0x6c,   0x73,   0x74,   0x6d,   0x5f,
  0x31,   0x2f,   0x77,   0x68,   0x69,   0x6c,   0x65,   0x2f,   0x6c,   0x73,   0x74,   0x6d,
  0x5f,   0x63,   0x65,   0x6c,   0x6c,   0x5f,   0x31,   0x2f,   0x4d,   0x61,   0x74,   0x4d,
  0x75,   0x6c,   0x5f,   0x31,   0x31,   0x00,   0x00,   0x00,   0x02,   0x00,   0x00,   0x00,
  0x01,   0x00,   0x00,   0x00,   0x80,   0x00,   0x00,   0x00,   0x7a,   0xe2,   0xff,   0xff,
  0x00,   0x00,   0x00,   0x01,   0x14,   0x00,   0x00,   0x00,   0x14,   0x00,   0x00,   0x00,
  0x2f,   0x00,   0x00,   0x00,   0x00,   0x00,   0x00,   0x02,   0x2c,   0x00,   0x00,   0x00,
  0xa0,   0xe0,   0xff,   0xff,   0x1f,   0x00,   0x00,   0x00,   0x66,   0x75,   0x6e,   0x63,
  0x74,   0x69,   0x6f,   0x6e,   0x61,   0x6c,   0x5f,   0x34,   0x5f,   0x31,   0x2f,   0x6c,
  0x73,   0x74,   0x6d,   0x5f,   0x31,   0x2f,   0x77,   0x68,   0x69,   0x6c,   0x65,   0x2f,
  0x61,   0x64,   0x64,   0x00,   0x00,   0x00,   0x00,   0x00,   0xc2,   0xe2,   0xff,   0xff,
  0x00,   0x00,   0x00,   0x01,   0x14,   0x00,   0x00,   0x00,   0x14,   0x00,   0x00,   0x00,
  0x2e,   0x00,   0x00,   0x00,   0x00,   0x00,   0x00,   0x02,   0x30,   0x00,   0x00,   0x00,
  0xe8,   0xe0,   0xff,   0xff,   0x21,   0x00,   0x00,   0x00,   0x66,   0x75,   0x6e,   0x63,
  0x74,   0x69,   0x6f,   0x6e,   0x61,   0x6c,   0x5f,   0x34,   0x5f,   0x31,   0x2f,   0x6c,
  0x73,   0x74,   0x6d,   0x5f,   0x31,   0x2f,   0x77,   0x68,   0x69,   0x6c,   0x65,   0x2f,
  0x61,   0x64,   0x64,   0x5f,   0x31,   0x00,   0x00,   0x00,   0x00,   0x00,   0x00,   0x00,
  0x0e,   0xe3,   0xff,   0xff,   0x00,   0x00,   0x00,   0x01,   0x14,   0x00,   0x00,   0x00,
  0x24,   0x06,   0x00,   0x00,   0x2d,   0x00,   0x00,   0x00,   0x00,   0x00,   0x00,   0x09,
  0x50,   0x06,   0x00,   0x00,   0x8c,   0xf9,   0xff,   0xff,   0x08,   0x00,   0x00,   0x00,
  0x08,   0x04,   0x00,   0x00,   0x80,   0x00,   0x00,   0x00,   0x00,   0x00,   0x00,   0x00,
  0x00,   0x00,   0x00,   0x00,   0x00,   0x00,   0x00,   0x00,   0x00,   0x00,   0x00,   0x00,
  0x00,   0x00,   0x00,   0x00,   0x00,   0x00,   0x00,   0x00,   0x00,   0x00,   0x00,   0x00,
  0x00,   0x00,   0x00,   0x00,   0x00,   0x00,   0x00,   0x00,   0x00,   0x00,   0x00,   0x00,
  0x00,   0x00,   0x00,   0x00,   0x00,   0x00,   0x00,   0x00,   0x00,   0x00,   0x00,   0x00,
  0x00,   0x00,   0x00,   0x00,   0x00,   0x00,   0x00,   0x00,   0x00,   0x00,   0x00,   0x00,
  0x00,   0x00,   0x00,   0x00,   0x00,   0x00,   0x00,   0x00,   0x00,   0x00,   0x00,   0x00,
  0x00,   0x00,   0x00,   0x00,   0x00,   0x00,   0x00,   0x00,   0x00,   0x00,   0x00,   0x00,
  0x00,   0x00,   0x00,   0x00,   0x00,   0x00,   0x00,   0x00,   0x00,   0x00,   0x00,   0x00,
  0x00,   0x00,   0x00,   0x00,   0x00,   0x00,   0x00,   0x00,   0x00,   0x00,   0x00,   0x00,
  0x00,   0x00,   0x00,   0x00,   0x00,   0x00,   0x00,   0x00,   0x00,   0x00,   0x00,   0x00,
  0x00,   0x00,   0x00,   0x00,   0x00,   0x00,   0x00,   0x00,   0x00,   0x00,   0x00,   0x00,
  0x00,   0x00,   0x00,   0x00,   0x00,   0x00,   0x00,   0x00,   0x00,   0x00,   0x00,   0x00,
  0x00,   0x00,   0x00,   0x00,   0x00,   0x00,   0x00,   0x00,   0x00,   0x00,   0x00,   0x00,
  0x00,   0x00,   0x00,   0x00,   0x00,   0x00,   0x00,   0x00,   0x00,   0x00,   0x00,   0x00,
  0x00,   0x00,   0x00,   0x00,   0x00,   0x00,   0x00,   0x00,   0x00,   0x00,   0x00,   0x00,
  0x00,   0x00,   0x00,   0x00,   0x00,   0x00,   0x00,   0x00,   0x00,   0x00,   0x00,   0x00,
  0x00,   0x00,   0x00,   0x00,   0x00,   0x00,   0x00,   0x00,   0x00,   0x00,   0x00,   0x00,
  0x00,   0x00,   0x00,   0x00,   0x00,   0x00,   0x00,   0x00,   0x00,   0x00,   0x00,   0x00,
  0x00,   0x00,   0x00,   0x00,   0x00,   0x00,   0x00,   0x00,   0x00,   0x00,   0x00,   0x00,
  0x00,   0x00,   0x00,   0x00,   0x00,   0x00,   0x00,   0x00,   0x00,   0x00,   0x00,   0x00,
  0x00,   0x00,   0x00,   0x00,   0x00,   0x00,   0x00,   0x00,   0x00,   0x00,   0x00,   0x00,
  0x00,   0x00,   0x00,   0x00,   0x00,   0x00,   0x00,   0x00,   0x00,   0x00,   0x00,   0x00,
  0x00,   0x00,   0x00,   0x00,   0x00,   0x00,   0x00,   0x00,   0x00,   0x00,   0x00,   0x00,
  0x00,   0x00,   0x00,   0x00,   0x00,   0x00,   0x00,   0x00,   0x00,   0x00,   0x00,   0x00,
  0x00,   0x00,   0x00,   0x00,   0x00,   0x00,   0x00,   0x00,   0x00,   0x00,   0x00,   0x00,
  0x00,   0x00,   0x00,   0x00,   0x00,   0x00,   0x00,   0x00,   0x00,   0x00,   0x00,   0x00,
  0x00,   0x00,   0x00,   0x00,   0x00,   0x00,   0x00,   0x00,   0x00,   0x00,   0x00,   0x00,
  0x00,   0x00,   0x00,   0x00,   0x00,   0x00,   0x00,   0x00,   0x00,   0x00,   0x00,   0x00,
  0x00,   0x00,   0x00,   0x00,   0x00,   0x00,   0x00,   0x00,   0x00,   0x00,   0x00,   0x00,
  0x00,   0x00,   0x00,   0x00,   0x00,   0x00,   0x00,   0x00,   0x00,   0x00,   0x00,   0x00,
  0x00,   0x00,   0x00,   0x00,   0x00,   0x00,   0x00,   0x00,   0x00,   0x00,   0x00,   0x00,
  0x00,   0x00,   0x00,   0x00,   0x00,   0x00,   0x00,   0x00,   0x00,   0x00,   0x00,   0x00,
  0x00,   0x00,   0x00,   0x00,   0x00,   0x00,   0x00,   0x00,   0x00,   0x00,   0x00,   0x00,
  0x00,   0x00,   0x00,   0x00,   0x00,   0x00,   0x00,   0x00,   0x00,   0x00,   0x00,   0x00,
  0x00,   0x00,   0x00,   0x00,   0x00,   0x00,   0x00,   0x00,   0x00,   0x00,   0x00,   0x00,
  0x00,   0x00,   0x00,   0x00,   0x00,   0x00,   0x00,   0x00,   0x00,   0x00,   0x00,   0x00,
  0x00,   0x00,   0x00,   0x00,   0x00,   0x00,   0x00,   0x00,   0x00,   0x00,   0x00,   0x00,
  0x00,   0x00,   0x00,   0x00,   0x00,   0x00,   0x00,   0x00,   0x00,   0x00,   0x00,   0x00,
  0x00,   0x00,   0x00,   0x00,   0x00,   0x00,   0x00,   0x00,   0x00,   0x00,   0x00,   0x00,
  0x00,   0x00,   0x00,   0x00,   0x00,   0x00,   0x00,   0x00,   0x00,   0x00,   0x00,   0x00,
  0x00,   0x00,   0x00,   0x00,   0x00,   0x00,   0x00,   0x00,   0x00,   0x00,   0x00,   0x00,
  0x00,   0x00,   0x00,   0x00,   0x00,   0x00,   0x00,   0x00,   0x00,   0x00,   0x00,   0x00,
  0x00,   0x00,   0x00,   0x00,   0x00,   0x00,   0x00,   0x00,   0x00,   0x00,   0x00,   0x00,
  0x00,   0x00,   0x00,   0x00,   0x00,   0x00,   0x00,   0x00,   0x00,   0x00,   0x00,   0x00,
  0x00,   0x00,   0x00,   0x00,   0x00,   0x00,   0x00,   0x00,   0x00,   0x00,   0x00,   0x00,
  0x00,   0x00,   0x00,   0x00,   0x00,   0x00,   0x00,   0x00,   0x00,   0x00,   0x00,   0x00,
  0x00,   0x00,   0x00,   0x00,   0x00,   0x00,   0x00,   0x00,   0x00,   0x00,   0x00,   0x00,
  0x00,   0x00,   0x00,   0x00,   0x00,   0x00,   0x00,   0x00,   0x00,   0x00,   0x00,   0x00,
  0x00,   0x00,   0x00,   0x00,   0x00,   0x00,   0x00,   0x00,   0x00,   0x00,   0x00,   0x00,
  0x00,   0x00,   0x00,   0x00,   0x00,   0x00,   0x00,   0x00,   0x00,   0x00,   0x00,   0x00,
  0x00,   0x00,   0x00,   0x00,   0x00,   0x00,   0x00,   0x00,   0x00,   0x00,   0x00,   0x00,
  0x00,   0x00,   0x00,   0x00,   0x00,   0x00,   0x00,   0x00,   0x00,   0x00,   0x00,   0x00,
  0x00,   0x00,   0x00,   0x00,   0x00,   0x00,   0x00,   0x00,   0x00,   0x00,   0x00,   0x00,
  0x00,   0x00,   0x00,   0x00,   0x00,   0x00,   0x00,   0x00,   0x00,   0x00,   0x00,   0x00,
  0x00,   0x00,   0x00,   0x00,   0x00,   0x00,   0x00,   0x00,   0x00,   0x00,   0x00,   0x00,
  0x00,   0x00,   0x00,   0x00,   0x00,   0x00,   0x00,   0x00,   0x00,   0x00,   0x00,   0x00,
  0x00,   0x00,   0x00,   0x00,   0x00,   0x00,   0x00,   0x00,   0x00,   0x00,   0x00,   0x00,
  0x00,   0x00,   0x00,   0x00,   0x00,   0x00,   0x00,   0x00,   0x00,   0x00,   0x00,   0x00,
  0x00,   0x00,   0x00,   0x00,   0x00,   0x00,   0x00,   0x00,   0x00,   0x00,   0x00,   0x00,
  0x00,   0x00,   0x00,   0x00,   0x00,   0x00,   0x00,   0x00,   0x00,   0x00,   0x00,   0x00,
  0x00,   0x00,   0x00,   0x00,   0x00,   0x00,   0x00,   0x00,   0x00,   0x00,   0x00,   0x00,
  0x00,   0x00,   0x00,   0x00,   0x00,   0x00,   0x00,   0x00,   0x00,   0x00,   0x00,   0x00,
  0x00,   0x00,   0x00,   0x00,   0x00,   0x00,   0x00,   0x00,   0x00,   0x00,   0x00,   0x00,
  0x00,   0x00,   0x00,   0x00,   0x00,   0x00,   0x00,   0x00,   0x00,   0x00,   0x00,   0x00,
  0x00,   0x00,   0x00,   0x00,   0x00,   0x00,   0x00,   0x00,   0x00,   0x00,   0x00,   0x00,
  0x00,   0x00,   0x00,   0x00,   0x00,   0x00,   0x00,   0x00,   0x00,   0x00,   0x00,   0x00,
  0x00,   0x00,   0x00,   0x00,   0x00,   0x00,   0x00,   0x00,   0x00,   0x00,   0x00,   0x00,
  0x00,   0x00,   0x00,   0x00,   0x00,   0x00,   0x00,   0x00,   0x00,   0x00,   0x00,   0x00,
  0x00,   0x00,   0x00,   0x00,   0x00,   0x00,   0x00,   0x00,   0x00,   0x00,   0x00,   0x00,
  0x00,   0x00,   0x00,   0x00,   0x00,   0x00,   0x00,   0x00,   0x00,   0x00,   0x00,   0x00,
  0x00,   0x00,   0x00,   0x00,   0x00,   0x00,   0x00,   0x00,   0x00,   0x00,   0x00,   0x00,
  0x00,   0x00,   0x00,   0x00,   0x00,   0x00,   0x00,   0x00,   0x00,   0x00,   0x00,   0x00,
  0x00,   0x00,   0x00,   0x00,   0x00,   0x00,   0x00,   0x00,   0x00,   0x00,   0x00,   0x00,
  0x00,   0x00,   0x00,   0x00,   0x00,   0x00,   0x00,   0x00,   0x00,   0x00,   0x00,   0x00,
  0x00,   0x00,   0x00,   0x00,   0x00,   0x00,   0x00,   0x00,   0x00,   0x00,   0x00,   0x00,
  0x00,   0x00,   0x00,   0x00,   0x00,   0x00,   0x00,   0x00,   0x00,   0x00,   0x00,   0x00,
  0x00,   0x00,   0x00,   0x00,   0x00,   0x00,   0x00,   0x00,   0x00,   0x00,   0x00,   0x00,
  0x00,   0x00,   0x00,   0x00,   0x00,   0x00,   0x00,   0x00,   0x00,   0x00,   0x00,   0x00,
  0x00,   0x00,   0x00,   0x00,   0x00,   0x00,   0x00,   0x00,   0x00,   0x00,   0x00,   0x00,
  0x00,   0x00,   0x00,   0x00,   0x00,   0x00,   0x00,   0x00,   0x00,   0x00,   0x00,   0x00,
  0x00,   0x00,   0x00,   0x00,   0x00,   0x00,   0x00,   0x00,   0x00,   0x00,   0x00,   0x00,
  0x00,   0x00,   0x00,   0x00,   0x00,   0x00,   0x00,   0x00,   0x00,   0x00,   0x00,   0x00,
  0x00,   0x00,   0x00,   0x00,   0x00,   0x00,   0x00,   0x00,   0x00,   0x00,   0x00,   0x00,
  0x00,   0x00,   0x00,   0x00,   0x00,   0x00,   0x00,   0x00,   0x00,   0x00,   0x00,   0x00,
  0x00,   0x00,   0x00,   0x00,   0x00,   0x00,   0x00,   0x00,   0x00,   0x00,   0x00,   0x00,
  0x80,   0x00,   0x00,   0x00,   0x9f,   0x5f,   0x3b,   0x3b,   0x9c,   0xa4,   0x9a,   0x3b,
  0x9c,   0xd1,   0x7c,   0x3b,   0x0d,   0xa1,   0x6e,   0x3b,   0x18,   0xb8,   0x86,   0x3b,
  0x6b,   0xc2,   0x88,   0x3b,   0xd0,   0x98,   0x5e,   0x3b,   0x26,   0x38,   0x39,   0x3b,
  0xc3,   0x86,   0x8e,   0x3b,   0xb5,   0x6d,   0xb4,   0x3b,   0xe6,   0x0b,   0x96,   0x3b,
  0xb7,   0xdc,   0x66,   0x3b,   0xf2,   0x03,   0x8f,   0x3b,   0x74,   0xea,   0x78,   0x3b,
  0x74,   0xf4,   0x69,   0x3b,   0x69,   0x39,   0x7c,   0x3b,   0xb0,   0x8b,   0x14,   0x3b,
  0xeb,   0x28,   0x82,   0x3b,   0x50,   0x90,   0x8a,   0x3b,   0xca,   0x41,   0x70,   0x3b,
  0x29,   0xfe,   0xbc,   0x3b,   0x02,   0x58,   0x4c,   0x3b,   0x69,   0x4f,   0x4b,   0x3b,
  0x5f,   0xf9,   0x3a,   0x3b,   0xda,   0x4a,   0xa4,   0x3b,   0x4c,   0x1d,   0xa8,   0x3b,
  0x2d,   0xb9,   0x9f,   0x3b,   0x87,   0xd0,   0x74,   0x3b,   0xa7,   0x88,   0x95,   0x3b,
  0x39,   0x34,   0x8d,   0x3b,   0xfa,   0x93,   0xac,   0x3b,   0x9c,   0xb5,   0xf4,   0x3b,
  0x54,   0x9d,   0x06,   0x3b,   0xd4,   0x00,   0xb5,   0x3b,   0x72,   0x98,   0x70,   0x3b,
  0xb3,   0xbc,   0x89,   0x3b,   0x35,   0x81,   0x95,   0x3b,   0x8c,   0x17,   0x42,   0x3b,
  0xbf,   0xe3,   0x3e,   0x3b,   0x81,   0x3e,   0xae,   0x3b,   0xc4,   0x87,   0xa9,   0x3b,
  0x86,   0xad,   0xb7,   0x3b,   0xaa,   0xf5,   0x4c,   0x3b,   0xb8,   0xde,   0x68,   0x3b,
  0xc9,   0x7c,   0x8f,   0x3b,   0x83,   0x50,   0x96,   0x3b,   0x07,   0xc4,   0x84,   0x3b,
  0x8d,   0xf0,   0x2d,   0x3b,   0x1e,   0x34,   0x0c,   0x3b,   0x1e,   0xbc,   0x16,   0x3b,
  0x7a,   0x3c,   0xa0,   0x3b,   0x62,   0x2a,   0x53,   0x3b,   0x65,   0x91,   0xb9,   0x3b,
  0xef,   0xbc,   0x59,   0x3b,   0x75,   0xf8,   0x3d,   0x3b,   0x41,   0x72,   0x56,   0x3b,
  0x3d,   0xde,   0x9a,   0x3b,   0xf3,   0xd0,   0x9a,   0x3b,   0x8c,   0x8b,   0xa3,   0x3b,
  0xfd,   0xfa,   0x6d,   0x3b,   0x34,   0x2b,   0xb4,   0x3b,   0x37,   0xa5,   0x3f,   0x3b,
  0x8f,   0x37,   0x0b,   0x3c,   0x17,   0xe5,   0xb1,   0x3b,   0x7f,   0x07,   0x42,   0x3b,
  0xbc,   0x47,   0x3d,   0x3b,   0x33,   0xe9,   0x8b,   0x3b,   0xfe,   0x37,   0x18,   0x3b,
  0x3f,   0xc5,   0x4a,   0x3b,   0xd3,   0x12,   0x27,   0x3b,   0x85,   0xdc,   0x1f,   0x3b,
  0x0a,   0xcb,   0x0b,   0x3b,   0x52,   0x70,   0x2a,   0x3b,   0x53,   0x5c,   0x13,   0x3b,
  0xc9,   0xd9,   0x26,   0x3b,   0xdb,   0x96,   0x10,   0x3b,   0xc2,   0x8c,   0x3d,   0x3b,
  0xad,   0xd7,   0xf3,   0x3a,   0x26,   0x72,   0x41,   0x3b,   0x79,   0x77,   0x07,   0x3b,
  0x46,   0x1d,   0x08,   0x3b,   0x66,   0xdc,   0x44,   0x3b,   0x9e,   0xe7,   0x10,   0x3b,
  0xf5,   0x8a,   0x5c,   0x3b,   0xf7,   0x1f,   0x58,   0x3b,   0x1b,   0xf7,   0x17,   0x3b,
  0xef,   0x55,   0x05,   0x3b,   0x2c,   0xa2,   0x61,   0x3b,   0x88,   0x3e,   0x8a,   0x3b,
  0x63,   0x9a,   0xa1,   0x3b,   0xff,   0x4e,   0x78,   0x3b,   0x6e,   0xa7,   0x0a,   0x3b,
  0x44,   0xd6,   0x1a,   0x3b,   0xd8,   0x17,   0x88,   0x3b,   0x3f,   0x66,   0x56,   0x3b,
  0x0f,   0xaa,   0x1b,   0x3b,   0x41,   0xcf,   0x89,   0x3b,   0xf4,   0x6a,   0xc1,   0x3b,
  0x1a,   0x82,   0xc8,   0x3b,   0xb2,   0xe8,   0x7a,   0x3b,   0x5f,   0x64,   0xc5,   0x3b,
  0xfc,   0xae,   0x59,   0x3b,   0x92,   0x9f,   0x7e,   0x3b,   0xeb,   0x53,   0xab,   0x3b,
  0x54,   0xaf,   0xaf,   0x3b,   0x58,   0x77,   0xbb,   0x3b,   0x61,   0x31,   0x47,   0x3b,
  0x20,   0x3e,   0xb5,   0x3b,   0xc8,   0xa2,   0x93,   0x3b,   0x32,   0xbc,   0x7d,   0x3b,
  0x51,   0xed,   0x5f,   0x3b,   0xa1,   0x22,   0x6f,   0x3b,   0x89,   0x6f,   0x4f,   0x3b,
  0xab,   0xdc,   0x46,   0x3b,   0x3c,   0x0c,   0x99,   0x3b,   0x31,   0x5c,   0x65,   0x3b,
  0x4c,   0x3e,   0xc3,   0x3b,   0x27,   0x6d,   0x54,   0x3b,   0x0b,   0x3a,   0x63,   0x3b,
  0x9c,   0xf4,   0x51,   0x3b,   0x21,   0xc9,   0x00,   0x3c,   0xab,   0xcc,   0x9d,   0x3b,
  0xc9,   0x37,   0xda,   0x3b,   0x5a,   0xfb,   0x72,   0x3b,   0x4b,   0x2c,   0xad,   0x3b,
  0x7c,   0x2c,   0x89,   0x3b,   0x23,   0x5a,   0x7d,   0x3b,   0x61,   0xca,   0x95,   0x3b,
  0x30,   0x00,   0x00,   0x00,   0x66,   0x75,   0x6e,   0x63,   0x74,   0x69,   0x6f,   0x6e,
  0x61,   0x6c,   0x5f,   0x34,   0x5f,   0x31,   0x2f,   0x6c,   0x73,   0x74,   0x6d,   0x5f,
  0x31,   0x2f,   0x77,   0x68,   0x69,   0x6c,   0x65,   0x2f,   0x6c,   0x73,   0x74,   0x6d,
  0x5f,   0x63,   0x65,   0x6c,   0x6c,   0x5f,   0x31,   0x2f,   0x4d,   0x61,   0x74,   0x4d,
  0x75,   0x6c,   0x5f,   0x31,   0x00,   0x00,   0x00,   0x00,   0x02,   0x00,   0x00,   0x00,
  0x80,   0x00,   0x00,   0x00,   0x20,   0x00,   0x00,   0x00,   0x82,   0xe9,   0xff,   0xff,
  0x00,   0x00,   0x00,   0x01,   0x20,   0x00,   0x00,   0x00,   0x30,   0x06,   0x00,   0x00,
  0x2c,   0x00,   0x00,   0x00,   0x00,   0x00,   0x00,   0x09,   0x58,   0x06,   0x00,   0x00,
  0x0c,   0x00,   0x0c,   0x00,   0x00,   0x00,   0x00,   0x00,   0x08,   0x00,   0x04,   0x00,
  0x0c,   0x00,   0x00,   0x00,   0x08,   0x00,   0x00,   0x00,   0x08,   0x04,   0x00,   0x00,
  0x80,   0x00,   0x00,   0x00,   0x00,   0x00,   0x00,   0x00,   0x00,   0x00,   0x00,   0x00,
  0x00,   0x00,   0x00,   0x00,   0x00,   0x00,   0x00,   0x00,   0x00,   0x00,   0x00,   0x00,
  0x00,   0x00,   0x00,   0x00,   0x00,   0x00,   0x00,   0x00,   0x00,   0x00,   0x00,   0x00,
  0x00,   0x00,   0x00,   0x00,   0x00,   0x00,   0x00,   0x00,   0x00,   0x00,   0x00,   0x00,
  0x00,   0x00,   0x00,   0x00,   0x00,   0x00,   0x00,   0x00,   0x00,   0x00,   0x00,   0x00,
  0x00,   0x00,   0x00,   0x00,   0x00,   0x00,   0x00,   0x00,   0x00,   0x00,   0x00,   0x00,
  0x00,   0x00,   0x00,   0x00,   0x00,   0x00,   0x00,   0x00,   0x00,   0x00,   0x00,   0x00,
  0x00,   0x00,   0x00,   0x00,   0x00,   0x00,   0x00,   0x00,   0x00,   0x00,   0x00,   0x00,
  0x00,   0x00,   0x00,   0x00,   0x00,   0x00,   0x00,   0x00,   0x00,   0x00,   0x00,   0x00,
  0x00,   0x00,   0x00,   0x00,   0x00,   0x00,   0x00,   0x00,   0x00,   0x00,   0x00,   0x00,
  0x00,   0x00,   0x00,   0x00,   0x00,   0x00,   0x00,   0x00,   0x00,   0x00,   0x00,   0x00,
  0x00,   0x00,   0x00,   0x00,   0x00,   0x00,   0x00,   0x00,   0x00,   0x00,   0x00,   0x00,
  0x00,   0x00,   0x00,   0x00,   0x00,   0x00,   0x00,   0x00,   0x00,   0x00,   0x00,   0x00,
  0x00,   0x00,   0x00,   0x00,   0x00,   0x00,   0x00,   0x00,   0x00,   0x00,   0x00,   0x00,
  0x00,   0x00,   0x00,   0x00,   0x00,   0x00,   0x00,   0x00,   0x00,   0x00,   0x00,   0x00,
  0x00,   0x00,   0x00,   0x00,   0x00,   0x00,   0x00,   0x00,   0x00,   0x00,   0x00,   0x00,
  0x00,   0x00,   0x00,   0x00,   0x00,   0x00,   0x00,   0x00,   0x00,   0x00,   0x00,   0x00,
  0x00,   0x00,   0x00,   0x00,   0x00,   0x00,   0x00,   0x00,   0x00,   0x00,   0x00,   0x00,
  0x00,   0x00,   0x00,   0x00,   0x00,   0x00,   0x00,   0x00,   0x00,   0x00,   0x00,   0x00,
  0x00,   0x00,   0x00,   0x00,   0x00,   0x00,   0x00,   0x00,   0x00,   0x00,   0x00,   0x00,
  0x00,   0x00,   0x00,   0x00,   0x00,   0x00,   0x00,   0x00,   0x00,   0x00,   0x00,   0x00,
  0x00,   0x00,   0x00,   0x00,   0x00,   0x00,   0x00,   0x00,   0x00,   0x00,   0x00,   0x00,
  0x00,   0x00,   0x00,   0x00,   0x00,   0x00,   0x00,   0x00,   0x00,   0x00,   0x00,   0x00,
  0x00,   0x00,   0x00,   0x00,   0x00,   0x00,   0x00,   0x00,   0x00,   0x00,   0x00,   0x00,
  0x00,   0x00,   0x00,   0x00,   0x00,   0x00,   0x00,   0x00,   0x00,   0x00,   0x00,   0x00,
  0x00,   0x00,   0x00,   0x00,   0x00,   0x00,   0x00,   0x00,   0x00,   0x00,   0x00,   0x00,
  0x00,   0x00,   0x00,   0x00,   0x00,   0x00,   0x00,   0x00,   0x00,   0x00,   0x00,   0x00,
  0x00,   0x00,   0x00,   0x00,   0x00,   0x00,   0x00,   0x00,   0x00,   0x00,   0x00,   0x00,
  0x00,   0x00,   0x00,   0x00,   0x00,   0x00,   0x00,   0x00,   0x00,   0x00,   0x00,   0x00,
  0x00,   0x00,   0x00,   0x00,   0x00,   0x00,   0x00,   0x00,   0x00,   0x00,   0x00,   0x00,
  0x00,   0x00,   0x00,   0x00,   0x00,   0x00,   0x00,   0x00,   0x00,   0x00,   0x00,   0x00,
  0x00,   0x00,   0x00,   0x00,   0x00,   0x00,   0x00,   0x00,   0x00,   0x00,   0x00,   0x00,
  0x00,   0x00,   0x00,   0x00,   0x00,   0x00,   0x00,   0x00,   0x00,   0x00,   0x00,   0x00,
  0x00,   0x00,   0x00,   0x00,   0x00,   0x00,   0x00,   0x00,   0x00,   0x00,   0x00,   0x00,
  0x00,   0x00,   0x00,   0x00,   0x00,   0x00,   0x00,   0x00,   0x00,   0x00,   0x00,   0x00,
  0x00,   0x00,   0x00,   0x00,   0x00,   0x00,   0x00,   0x00,   0x00,   0x00,   0x00,   0x00,
  0x00,   0x00,   0x00,   0x00,   0x00,   0x00,   0x00,   0x00,   0x00,   0x00,   0x00,   0x00,
  0x00,   0x00,   0x00,   0x00,   0x00,   0x00,   0x00,   0x00,   0x00,   0x00,   0x00,   0x00,
  0x00,   0x00,   0x00,   0x00,   0x00,   0x00,   0x00,   0x00,   0x00,   0x00,   0x00,   0x00,
  0x00,   0x00,   0x00,   0x00,   0x00,   0x00,   0x00,   0x00,   0x00,   0x00,   0x00,   0x00,
  0x00,   0x00,   0x00,   0x00,   0x00,   0x00,   0x00,   0x00,   0x00,   0x00,   0x00,   0x00,
  0x00,   0x00,   0x00,   0x00,   0x00,   0x00,   0x00,   0x00,   0x00,   0x00,   0x00,   0x00,
  0x00,   0x00,   0x00,   0x00,   0x00,   0x00,   0x00,   0x00,   0x00,   0x00,   0x00,   0x00,
  0x00,   0x00,   0x00,   0x00,   0x00,   0x00,   0x00,   0x00,   0x00,   0x00,   0x00,   0x00,
  0x00,   0x00,   0x00,   0x00,   0x00,   0x00,   0x00,   0x00,   0x00,   0x00,   0x00,   0x00,
  0x00,   0x00,   0x00,   0x00,   0x00,   0x00,   0x00,   0x00,   0x00,   0x00,   0x00,   0x00,
  0x00,   0x00,   0x00,   0x00,   0x00,   0x00,   0x00,   0x00,   0x00,   0x00,   0x00,   0x00,
  0x00,   0x00,   0x00,   0x00,   0x00,   0x00,   0x00,   0x00,   0x00,   0x00,   0x00,   0x00,
  0x00,   0x00,   0x00,   0x00,   0x00,   0x00,   0x00,   0x00,   0x00,   0x00,   0x00,   0x00,
  0x00,   0x00,   0x00,   0x00,   0x00,   0x00,   0x00,   0x00,   0x00,   0x00,   0x00,   0x00,
  0x00,   0x00,   0x00,   0x00,   0x00,   0x00,   0x00,   0x00,   0x00,   0x00,   0x00,   0x00,
  0x00,   0x00,   0x00,   0x00,   0x00,   0x00,   0x00,   0x00,   0x00,   0x00,   0x00,   0x00,
  0x00,   0x00,   0x00,   0x00,   0x00,   0x00,   0x00,   0x00,   0x00,   0x00,   0x00,   0x00,
  0x00,   0x00,   0x00,   0x00,   0x00,   0x00,   0x00,   0x00,   0x00,   0x00,   0x00,   0x00,
  0x00,   0x00,   0x00,   0x00,   0x00,   0x00,   0x00,   0x00,   0x00,   0x00,   0x00,   0x00,
  0x00,   0x00,   0x00,   0x00,   0x00,   0x00,   0x00,   0x00,   0x00,   0x00,   0x00,   0x00,
  0x00,   0x00,   0x00,   0x00,   0x00,   0x00,   0x00,   0x00,   0x00,   0x00,   0x00,   0x00,
  0x00,   0x00,   0x00,   0x00,   0x00,   0x00,   0x00,   0x00,   0x00,   0x00,   0x00,   0x00,
  0x00,   0x00,   0x00,   0x00,   0x00,   0x00,   0x00,   0x00,   0x00,   0x00,   0x00,   0x00,
  0x00,   0x00,   0x00,   0x00,   0x00,   0x00,   0x00,   0x00,   0x00,   0x00,   0x00,   0x00,
  0x00,   0x00,   0x00,   0x00,   0x00,   0x00,   0x00,   0x00,   0x00,   0x00,   0x00,   0x00,
  0x00,   0x00,   0x00,   0x00,   0x00,   0x00,   0x00,   0x00,   0x00,   0x00,   0x00,   0x00,
  0x00,   0x00,   0x00,   0x00,   0x00,   0x00,   0x00,   0x00,   0x00,   0x00,   0x00,   0x00,
  0x00,   0x00,   0x00,   0x00,   0x00,   0x00,   0x00,   0x00,   0x00,   0x00,   0x00,   0x00,
  0x00,   0x00,   0x00,   0x00,   0x00,   0x00,   0x00,   0x00,   0x00,   0x00,   0x00,   0x00,
  0x00,   0x00,   0x00,   0x00,   0x00,   0x00,   0x00,   0x00,   0x00,   0x00,   0x00,   0x00,
  0x00,   0x00,   0x00,   0x00,   0x00,   0x00,   0x00,   0x00,   0x00,   0x00,   0x00,   0x00,
  0x00,   0x00,   0x00,   0x00,   0x00,   0x00,   0x00,   0x00,   0x00,   0x00,   0x00,   0x00,
  0x00,   0x00,   0x00,   0x00,   0x00,   0x00,   0x00,   0x00,   0x00,   0x00,   0x00,   0x00,
  0x00,   0x00,   0x00,   0x00,   0x00,   0x00,   0x00,   0x00,   0x00,   0x00,   0x00,   0x00,
  0x00,   0x00,   0x00,   0x00,   0x00,   0x00,   0x00,   0x00,   0x00,   0x00,   0x00,   0x00,
  0x00,   0x00,   0x00,   0x00,   0x00,   0x00,   0x00,   0x00,   0x00,   0x00,   0x00,   0x00,
  0x00,   0x00,   0x00,   0x00,   0x00,   0x00,   0x00,   0x00,   0x00,   0x00,   0x00,   0x00,
  0x00,   0x00,   0x00,   0x00,   0x00,   0x00,   0x00,   0x00,   0x00,   0x00,   0x00,   0x00,
  0x00,   0x00,   0x00,   0x00,   0x00,   0x00,   0x00,   0x00,   0x00,   0x00,   0x00,   0x00,
  0x00,   0x00,   0x00,   0x00,   0x00,   0x00,   0x00,   0x00,   0x00,   0x00,   0x00,   0x00,
  0x00,   0x00,   0x00,   0x00,   0x00,   0x00,   0x00,   0x00,   0x00,   0x00,   0x00,   0x00,
  0x00,   0x00,   0x00,   0x00,   0x00,   0x00,   0x00,   0x00,   0x00,   0x00,   0x00,   0x00,
  0x00,   0x00,   0x00,   0x00,   0x00,   0x00,   0x00,   0x00,   0x00,   0x00,   0x00,   0x00,
  0x00,   0x00,   0x00,   0x00,   0x00,   0x00,   0x00,   0x00,   0x00,   0x00,   0x00,   0x00,
  0x00,   0x00,   0x00,   0x00,   0x00,   0x00,   0x00,   0x00,   0x00,   0x00,   0x00,   0x00,
  0x00,   0x00,   0x00,   0x00,   0x00,   0x00,   0x00,   0x00,   0x00,   0x00,   0x00,   0x00,
  0x00,   0x00,   0x00,   0x00,   0x00,   0x00,   0x00,   0x00,   0x00,   0x00,   0x00,   0x00,
  0x00,   0x00,   0x00,   0x00,   0x00,   0x00,   0x00,   0x00,   0x00,   0x00,   0x00,   0x00,
  0x00,   0x00,   0x00,   0x00,   0x00,   0x00,   0x00,   0x00,   0x00,   0x00,   0x00,   0x00,
  0x00,   0x00,   0x00,   0x00,   0x00,   0x00,   0x00,   0x00,   0x80,   0x00,   0x00,   0x00,
  0x7f,   0x66,   0x4a,   0x3b,   0xd4,   0x8a,   0x88,   0x3b,   0x3a,   0x8d,   0x54,   0x3b,
  0xe9,   0x32,   0xf9,   0x3a,   0x5d,   0x0d,   0x13,   0x3b,   0x2d,   0xa3,   0x6a,   0x3b,
  0x6f,   0xec,   0x08,   0x3b,   0x69,   0x0d,   0x5a,   0x3b,   0x75,   0x6d,   0xde,   0x3a,
  0xf7,   0x6a,   0xf4,   0x3b,   0xf8,   0x76,   0xae,   0x3a,   0x64,   0xd7,   0x64,   0x3b,
  0xa1,   0xc2,   0x40,   0x3b,   0x4d,   0x7c,   0x09,   0x3b,   0x48,   0x46,   0xe2,   0x3a,
  0xbb,   0xf2,   0xee,   0x3a,   0xa8,   0xea,   0xf4,   0x3a,   0xe1,   0xe1,   0x4b,   0x3b,
  0xf7,   0x86,   0x0a,   0x3b,   0x5c,   0x06,   0x00,   0x3b,   0x4b,   0xd9,   0xe4,   0x3b,
  0xe2,   0x66,   0xf6,   0x3a,   0x37,   0x24,   0x79,   0x3b,   0xb9,   0xf8,   0xf7,   0x3a,
  0x37,   0xe5,   0x15,   0x3b,   0xbb,   0x0c,   0x88,   0x3b,   0x70,   0xe4,   0x4b,   0x3b,
  0x7e,   0x26,   0x37,   0x3b,   0x8e,   0x9f,   0xd8,   0x3a,   0x80,   0x13,   0xa7,   0x3b,
  0xfe,   0xf2,   0x67,   0x3b,   0x4f,   0x14,   0x86,   0x3b,   0x12,   0xe5,   0x18,   0x3b,
  0x72,   0x6c,   0x62,   0x3b,   0xd3,   0x5a,   0x09,   0x3b,   0xb6,   0x37,   0x10,   0x3b,
  0x76,   0xfd,   0x0d,   0x3b,   0x45,   0x07,   0x5f,   0x3b,   0xc7,   0xa4,   0xfc,   0x3a,
  0x90,   0x69,   0x57,   0x3b,   0x67,   0xa4,   0x4d,   0x3b,   0x3f,   0x78,   0x9f,   0x3b,
  0x6c,   0x10,   0x0b,   0x3b,   0x33,   0x02,   0x6e,   0x3b,   0xf9,   0x38,   0x19,   0x3b,
  0x38,   0x5e,   0x36,   0x3b,   0xb8,   0x7c,   0x25,   0x3b,   0x25,   0xde,   0x64,   0x3b,
  0x30,   0x03,   0x14,   0x3b,   0x1d,   0x16,   0x09,   0x3b,   0x10,   0xb0,   0x44,   0x3b,
  0xcd,   0xcd,   0x4e,   0x3b,   0x17,   0xa5,   0xa9,   0x3b,   0x2e,   0xc1,   0x27,   0x3b,
  0xce,   0x32,   0xd2,   0x3a,   0x82,   0x7c,   0x03,   0x3b,   0xdd,   0xfd,   0xce,   0x3a,
  0x3c,   0x27,   0x38,   0x3b,   0x12,   0xd1,   0x28,   0x3b,   0x64,   0x19,   0x6f,   0x3b,
  0x77,   0xb2,   0xc2,   0x3a,   0xda,   0x86,   0x75,   0x3b,   0xb1,   0x1e,   0x26,   0x3b,
  0x45,   0x75,   0x9c,   0x3b,   0x7d,   0x65,   0xa3,   0x3a,   0x86,   0xae,   0x3f,   0x3b,
  0xaa,   0xd6,   0x8d,   0x3a,   0x62,   0x7e,   0xe0,   0x3a,   0xd9,   0xfc,   0xe4,   0x3a,
  0xad,   0x74,   0x57,   0x3b,   0x49,   0x65,   0x43,   0x3b,   0x4f,   0x50,   0x10,   0x3b,
  0x6e,   0xb9,   0x1f,   0x3b,   0x6f,   0xf8,   0x86,   0x3b,   0xd9,   0x0f,   0x19,   0x3b,
  0xef,   0x78,   0x08,   0x3b,   0xf6,   0x2b,   0x0d,   0x3b,   0xc2,   0x6e,   0x08,   0x3b,
  0x76,   0x20,   0x11,   0x3b,   0xb8,   0x62,   0x01,   0x3b,   0x88,   0xa4,   0x18,   0x3b,
  0x80,   0xae,   0x9a,   0x3a,   0xe2,   0x16,   0x3c,   0x3b,   0x8c,   0x1b,   0xda,   0x3a,
  0x8e,   0xeb,   0x3d,   0x3b,   0xc5,   0x7d,   0x03,   0x3b,   0xc4,   0xe6,   0x23,   0x3b,
  0xdc,   0xe3,   0x9b,   0x3a,   0x36,   0x84,   0xce,   0x3a,   0x20,   0x94,   0x39,   0x3b,
  0xea,   0x52,   0x12,   0x3b,   0xf5,   0x60,   0x10,   0x3b,   0xa6,   0x47,   0x11,   0x3b,
  0xac,   0x25,   0x55,   0x3b,   0x1c,   0x6f,   0x41,   0x3b,   0x08,   0xad,   0x34,   0x3b,
  0x8e,   0xa1,   0x16,   0x3b,   0xb3,   0x01,   0x47,   0x3b,   0xc3,   0x5a,   0x5a,   0x3b,
  0xeb,   0x81,   0xf1,   0x3a,   0x2a,   0x98,   0x11,   0x3b,   0x28,   0x8a,   0x84,   0x3b,
  0x73,   0xc1,   0x82,   0x3b,   0x64,   0xc2,   0x53,   0x3b,   0x2a,   0xdb,   0x22,   0x3b,
  0x1e,   0xba,   0xe7,   0x3b,   0x16,   0xa1,   0x10,   0x3b,   0x4d,   0x2e,   0x92,   0x3b,
  0xef,   0xfc,   0x26,   0x3b,   0x5d,   0x83,   0x2d,   0x3b,   0x83,   0xd2,   0x07,   0x3b,
  0x88,   0xed,   0x1e,   0x3b,   0x2a,   0x9d,   0xf0,   0x3a,   0x66,   0x2b,   0x30,   0x3b,
  0xd1,   0x96,   0x3f,   0x3b,   0xfb,   0x9f,   0x17,   0x3b,   0x60,   0x1e,   0xd4,   0x3b,
  0xd5,   0xf8,   0x1e,   0x3b,   0x77,   0x2c,   0x49,   0x3b,   0xdb,   0x12,   0x11,   0x3b,
  0x2a,   0xe0,   0x8c,   0x3b,   0x76,   0x2a,   0x3e,   0x3b,   0xb5,   0x00,   0xe2,   0x3a,
  0xd0,   0xe3,   0x53,   0x3b,   0xb6,   0x2d,   0x4a,   0x3b,   0x63,   0x09,   0x92,   0x3b,
  0x35,   0x63,   0x3d,   0x3b,   0xfe,   0x59,   0xd5,   0x3b,   0x2e,   0x00,   0x00,   0x00,
  0x66,   0x75,   0x6e,   0x63,   0x74,   0x69,   0x6f,   0x6e,   0x61,   0x6c,   0x5f,   0x34,
  0x5f,   0x31,   0x2f,   0x6c,   0x73,   0x74,   0x6d,   0x5f,   0x31,   0x2f,   0x77,   0x68,
  0x69,   0x6c,   0x65,   0x2f,   0x6c,   0x73,   0x74,   0x6d,   0x5f,   0x63,   0x65,   0x6c,
  0x6c,   0x5f,   0x31,   0x2f,   0x4d,   0x61,   0x74,   0x4d,   0x75,   0x6c,   0x00,   0x00,
  0x02,   0x00,   0x00,   0x00,   0x80,   0x00,   0x00,   0x00,   0x08,   0x00,   0x00,   0x00,
  0xfe,   0xef,   0xff,   0xff,   0x00,   0x00,   0x00,   0x01,   0x14,   0x00,   0x00,   0x00,
  0x14,   0x00,   0x00,   0x00,   0x2b,   0x00,   0x00,   0x00,   0x00,   0x00,   0x00,   0x02,
  0x3c,   0x00,   0x00,   0x00,   0x24,   0xee,   0xff,   0xff,   0x2f,   0x00,   0x00,   0x00,
  0x66,   0x75,   0x6e,   0x63,   0x74,   0x69,   0x6f,   0x6e,   0x61,   0x6c,   0x5f,   0x34,
  0x5f,   0x31,   0x2f,   0x6c,   0x73,   0x74,   0x6d,   0x5f,   0x31,   0x2f,   0x77,   0x68,
  0x69,   0x6c,   0x65,   0x2f,   0x6c,   0x73,   0x74,   0x6d,   0x5f,   0x63,   0x65,   0x6c,
  0x6c,   0x5f,   0x31,   0x2f,   0x53,   0x71,   0x75,   0x65,   0x65,   0x7a,   0x65,   0x00,
  0x01,   0x00,   0x00,   0x00,   0x01,   0x00,   0x00,   0x00,   0x5a,   0xf0,   0xff,   0xff,
  0x00,   0x00,   0x00,   0x01,   0x14,   0x00,   0x00,   0x00,   0x14,   0x00,   0x00,   0x00,
  0x2a,   0x00,   0x00,   0x00,   0x00,   0x00,   0x00,   0x02,   0x50,   0x00,   0x00,   0x00,
  0x80,   0xee,   0xff,   0xff,   0x40,   0x00,   0x00,   0x00,   0x66,   0x75,   0x6e,   0x63,
  0x74,   0x69,   0x6f,   0x6e,   0x61,   0x6c,   0x5f,   0x34,   0x5f,   0x31,   0x2f,   0x6c,
  0x73,   0x74,   0x6d,   0x5f,   0x31,   0x2f,   0x77,   0x68,   0x69,   0x6c,   0x65,   0x2f,
  0x54,   0x65,   0x6e,   0x73,   0x6f,   0x72,   0x41,   0x72,   0x72,   0x61,   0x79,   0x56,
  0x32,   0x57,   0x72,   0x69,   0x74,   0x65,   0x2f,   0x54,   0x65,   0x6e,   0x73,   0x6f,
  0x72,   0x4c,   0x69,   0x73,   0x74,   0x53,   0x65,   0x74,   0x49,   0x74,   0x65,   0x6d,
  0x00,   0x00,   0x00,   0x00,   0x01,   0x00,   0x00,   0x00,   0x03,   0x00,   0x00,   0x00,
  0xae,   0xef,   0xff,   0xff,   0x00,   0x00,   0x00,   0x01,   0x10,   0x00,   0x00,   0x00,
  0x10,   0x00,   0x00,   0x00,   0x29,   0x00,   0x00,   0x00,   0x50,   0x00,   0x00,   0x00,
  0xec,   0xee,   0xff,   0xff,   0x40,   0x00,   0x00,   0x00,   0x66,   0x75,   0x6e,   0x63,
  0x74,   0x69,   0x6f,   0x6e,   0x61,   0x6c,   0x5f,   0x34,   0x5f,   0x31,   0x2f,   0x6c,
  0x73,   0x74,   0x6d,   0x5f,   0x31,   0x2f,   0x77,   0x68,   0x69,   0x6c,   0x65,   0x2f,
  0x6c,   0x73,   0x74,   0x6d,   0x5f,   0x63,   0x65,   0x6c,   0x6c,   0x5f,   0x31,   0x2f,
  0x42,   0x69,   0x61,   0x73,   0x41,   0x64,   0x64,   0x5f,   0x31,   0x2f,   0x52,   0x65,
  0x61,   0x64,   0x56,   0x61,   0x72,   0x69,   0x61,   0x62,   0x6c,   0x65,   0x4f,   0x70,
  0x00,   0x00,   0x00,   0x00,   0x01,   0x00,   0x00,   0x00,   0x80,   0x00,   0x00,   0x00,
  0x36,   0xf1,   0xff,   0xff,   0x00,   0x00,   0x00,   0x01,   0x14,   0x00,   0x00,   0x00,
  0x14,   0x00,   0x00,   0x00,   0x28,   0x00,   0x00,   0x00,   0x00,   0x00,   0x00,   0x02,
  0x1c,   0x00,   0x00,   0x00,   0x5c,   0xef,   0xff,   0xff,   0x0f,   0x00,   0x00,   0x00,
  0x61,   0x72,   0x69,   0x74,   0x68,   0x2e,   0x63,   0x6f,   0x6e,   0x73,   0x74,   0x61,
  0x6e,   0x74,   0x32,   0x00,   0x00,   0x00,   0x00,   0x00,   0x52,   0xf0,   0xff,   0xff,
  0x00,   0x00,   0x00,   0x01,   0x10,   0x00,   0x00,   0x00,   0x10,   0x00,   0x00,   0x00,
  0x27,   0x00,   0x00,   0x00,   0x34,   0x00,   0x00,   0x00,   0x90,   0xef,   0xff,   0xff,
  0x25,   0x00,   0x00,   0x00,   0x66,   0x75,   0x6e,   0x63,   0x74,   0x69,   0x6f,   0x6e,
  0x61,   0x6c,   0x5f,   0x34,   0x5f,   0x31,   0x2f,   0x6c,   0x73,   0x74,   0x6d,   0x5f,
  0x31,   0x2f,   0x77,   0x68,   0x69,   0x6c,   0x65,   0x5f,   0x62,   0x6f,   0x64,   0x79,
  0x5f,   0x61,   0x72,   0x67,   0x35,   0x00,   0x00,   0x00,   0x03,   0x00,   0x00,   0x00,
  0x12,   0x00,   0x00,   0x00,   0x01,   0x00,   0x00,   0x00,   0x08,   0x00,   0x00,   0x00,
  0xaa,   0xf0,   0xff,   0xff,   0x00,   0x00,   0x00,   0x01,   0x10,   0x00,   0x00,   0x00,
  0x10,   0x00,   0x00,   0x00,   0x26,   0x00,   0x00,   0x00,   0x34,   0x00,   0x00,   0x00,
  0xe8,   0xef,   0xff,   0xff,   0x25,   0x00,   0x00,   0x00,   0x66,   0x75,   0x6e,   0x63,
  0x74,   0x69,   0x6f,   0x6e,   0x61,   0x6c,   0x5f,   0x34,   0x5f,   0x31,   0x2f,   0x6c,
  0x73,   0x74,   0x6d,   0x5f,   0x31,   0x2f,   0x77,   0x68,   0x69,   0x6c,   0x65,   0x5f,
  0x62,   0x6f,   0x64,   0x79,   0x5f,   0x61,   0x72,   0x67,   0x34,   0x00,   0x00,   0x00,
  0x02,   0x00,   0x00,   0x00,   0x01,   0x00,   0x00,   0x00,   0x20,   0x00,   0x00,   0x00,
  0xfe,   0xf0,   0xff,   0xff,   0x00,   0x00,   0x00,   0x01,   0x10,   0x00,   0x00,   0x00,
  0x10,   0x00,   0x00,   0x00,   0x25,   0x00,   0x00,   0x00,   0x34,   0x00,   0x00,   0x00,
  0x3c,   0xf0,   0xff,   0xff,   0x25,   0x00,   0x00,   0x00,   0x66,   0x75,   0x6e,   0x63,
  0x74,   0x69,   0x6f,   0x6e,   0x61,   0x6c,   0x5f,   0x34,   0x5f,   0x31,   0x2f,   0x6c,
  0x73,   0x74,   0x6d,   0x5f,   0x31,   0x2f,   0x77,   0x68,   0x69,   0x6c,   0x65,   0x5f,
  0x62,   0x6f,   0x64,   0x79,   0x5f,   0x61,   0x72,   0x67,   0x33,   0x00,   0x00,   0x00,
  0x02,   0x00,   0x00,   0x00,   0x01,   0x00,   0x00,   0x00,   0x20,   0x00,   0x00,   0x00,
  0x52,   0xf1,   0xff,   0xff,   0x00,   0x00,   0x00,   0x01,   0x10,   0x00,   0x00,   0x00,
  0x10,   0x00,   0x00,   0x00,   0x24,   0x00,   0x00,   0x00,   0x34,   0x00,   0x00,   0x00,
  0x90,   0xf0,   0xff,   0xff,   0x25,   0x00,   0x00,   0x00,   0x66,   0x75,   0x6e,   0x63,
  0x74,   0x69,   0x6f,   0x6e,   0x61,   0x6c,   0x5f,   0x34,   0x5f,   0x31,   0x2f,   0x6c,
  0x73,   0x74,   0x6d,   0x5f,   0x31,   0x2f,   0x77,   0x68,   0x69,   0x6c,   0x65,   0x5f,
  0x62,   0x6f,   0x64,   0x79,   0x5f,   0x61,   0x72,   0x67,   0x32,   0x00,   0x00,   0x00,
  0x03,   0x00,   0x00,   0x00,   0x01,   0x00,   0x00,   0x00,   0x01,   0x00,   0x00,   0x00,
  0x20,   0x00,   0x00,   0x00,   0xc6,   0xf2,   0xff,   0xff,   0x00,   0x00,   0x00,   0x01,
  0x14,   0x00,   0x00,   0x00,   0x14,   0x00,   0x00,   0x00,   0x23,   0x00,   0x00,   0x00,
  0x00,   0x00,   0x00,   0x02,   0x34,   0x00,   0x00,   0x00,   0xec,   0xf0,   0xff,   0xff,
  0x25,   0x00,   0x00,   0x00,   0x66,   0x75,   0x6e,   0x63,   0x74,   0x69,   0x6f,   0x6e,
  0x61,   0x6c,   0x5f,   0x34,   0x5f,   0x31,   0x2f,   0x6c,   0x73,   0x74,   0x6d,   0x5f,
  0x31,   0x2f,   0x77,   0x68,   0x69,   0x6c,   0x65,   0x5f,   0x62,   0x6f,   0x64,   0x79,
  0x5f,   0x61,   0x72,   0x67,   0x31,   0x00,   0x00,   0x00,   0x00,   0x00,   0x00,   0x00,
  0x16,   0xf3,   0xff,   0xff,   0x00,   0x00,   0x00,   0x01,   0x14,   0x00,   0x00,   0x00,
  0x14,   0x00,   0x00,   0x00,   0x22,   0x00,   0x00,   0x00,   0x00,   0x00,   0x00,   0x02,
  0x34,   0x00,   0x00,   0x00,   0x3c,   0xf1,   0xff,   0xff,   0x25,   0x00,   0x00,   0x00,
  0x66,   0x75,   0x6e,   0x63,   0x74,   0x69,   0x6f,   0x6e,   0x61,   0x6c,   0x5f,   0x34,
  0x5f,   0x31,   0x2f,   0x6c,   0x73,   0x74,   0x6d,   0x5f,   0x31,   0x2f,   0x77,   0x68,
  0x69,   0x6c,   0x65,   0x5f,   0x62,   0x6f,   0x64,   0x79,   0x5f,   0x61,   0x72,   0x67,
  0x30,   0x00,   0x00,   0x00,   0x00,   0x00,   0x00,   0x00,   0xc2,   0xfb,   0xff,   0xff,
  0x14,   0x00,   0x00,   0x00,   0x38,   0x00,   0x00,   0x00,   0xbc,   0x00,   0x00,   0x00,
  0xc0,   0x00,   0x00,   0x00,   0xd8,   0x00,   0x00,   0x00,   0x20,   0x00,   0x00,   0x00,
  0x66,   0x75,   0x6e,   0x63,   0x74,   0x69,   0x6f,   0x6e,   0x61,   0x6c,   0x5f,   0x34,
  0x5f,   0x31,   0x2f,   0x6c,   0x73,   0x74,   0x6d,   0x5f,   0x31,   0x2f,   0x77,   0x68,
  0x69,   0x6c,   0x65,   0x5f,   0x63,   0x6f,   0x6e,   0x64,   0x00,   0x00,   0x00,   0x00,
  0x03,   0x00,   0x00,   0x00,   0x60,   0x00,   0x00,   0x00,   0x2c,   0x00,   0x00,   0x00,
  0x04,   0x00,   0x00,   0x00,   0xb6,   0xff,   0xff,   0xff,   0x0c,   0x00,   0x00,   0x00,
  0x10,   0x00,   0x00,   0x00,   0x05,   0x00,   0x00,   0x00,   0x01,   0x00,   0x00,   0x00,
  0x09,   0x00,   0x00,   0x00,   0x02,   0x00,   0x00,   0x00,   0x07,   0x00,   0x00,   0x00,
  0x08,   0x00,   0x00,   0x00,   0xda,   0xff,   0xff,   0xff,   0x0c,   0x00,   0x00,   0x00,
  0x10,   0x00,   0x00,   0x00,   0x04,   0x00,   0x00,   0x00,   0x01,   0x00,   0x00,   0x00,
  0x08,   0x00,   0x00,   0x00,   0x02,   0x00,   0x00,   0x00,   0x01,   0x00,   0x00,   0x00,
  0x06,   0x00,   0x00,   0x00,   0x00,   0x00,   0x0a,   0x00,   0x10,   0x00,   0x0c,   0x00,
  0x08,   0x00,   0x04,   0x00,   0x0a,   0x00,   0x00,   0x00,   0x0c,   0x00,   0x00,   0x00,
  0x10,   0x00,   0x00,   0x00,   0x04,   0x00,   0x00,   0x00,   0x01,   0x00,   0x00,   0x00,
  0x07,   0x00,   0x00,   0x00,   0x02,   0x00,   0x00,   0x00,   0x00,   0x00,   0x00,   0x00,
  0x06,   0x00,   0x00,   0x00,   0x01,   0x00,   0x00,   0x00,   0x09,   0x00,   0x00,   0x00,
  0x06,   0x00,   0x00,   0x00,   0x00,   0x00,   0x00,   0x00,   0x01,   0x00,   0x00,   0x00,
  0x02,   0x00,   0x00,   0x00,   0x03,   0x00,   0x00,   0x00,   0x04,   0x00,   0x00,   0x00,
  0x05,   0x00,   0x00,   0x00,   0x0a,   0x00,   0x00,   0x00,   0xfc,   0x02,   0x00,   0x00,
  0xa8,   0x02,   0x00,   0x00,   0x4c,   0x02,   0x00,   0x00,   0xf4,   0x01,   0x00,   0x00,
  0x9c,   0x01,   0x00,   0x00,   0x40,   0x01,   0x00,   0x00,   0xf8,   0x00,   0x00,   0x00,
  0xa8,   0x00,   0x00,   0x00,   0x58,   0x00,   0x00,   0x00,   0x04,   0x00,   0x00,   0x00,
  0x7e,   0xf4,   0xff,   0xff,   0x00,   0x00,   0x00,   0x01,   0x14,   0x00,   0x00,   0x00,
  0x14,   0x00,   0x00,   0x00,   0x21,   0x00,   0x00,   0x00,   0x00,   0x00,   0x00,   0x06,
  0x34,   0x00,   0x00,   0x00,   0xa4,   0xf2,   0xff,   0xff,   0x26,   0x00,   0x00,   0x00,
  0x66,   0x75,   0x6e,   0x63,   0x74,   0x69,   0x6f,   0x6e,   0x61,   0x6c,   0x5f,   0x34,
  0x5f,   0x31,   0x2f,   0x6c,   0x73,   0x74,   0x6d,   0x5f,   0x31,   0x2f,   0x77,   0x68,
  0x69,   0x6c,   0x65,   0x2f,   0x4c,   0x6f,   0x67,   0x69,   0x63,   0x61,   0x6c,   0x41,
  0x6e,   0x64,   0x00,   0x00,   0x00,   0x00,   0x00,   0x00,   0xce,   0xf4,   0xff,   0xff,
  0x00,   0x00,   0x00,   0x01,   0x14,   0x00,   0x00,   0x00,   0x14,   0x00,   0x00,   0x00,
  0x20,   0x00,   0x00,   0x00,   0x00,   0x00,   0x00,   0x06,   0x30,   0x00,   0x00,   0x00,
  0xf4,   0xf2,   0xff,   0xff,   0x20,   0x00,   0x00,   0x00,   0x66,   0x75,   0x6e,   0x63,
  0x74,   0x69,   0x6f,   0x6e,   0x61,   0x6c,   0x5f,   0x34,   0x5f,   0x31,   0x2f,   0x6c,
  0x73,   0x74,   0x6d,   0x5f,   0x31,   0x2f,   0x77,   0x68,   0x69,   0x6c,   0x65,   0x2f,
  0x4c,   0x65,   0x73,   0x73,   0x00,   0x00,   0x00,   0x00,   0x00,   0x00,   0x00,   0x00,
  0x1a,   0xf5,   0xff,   0xff,   0x00,   0x00,   0x00,   0x01,   0x14,   0x00,   0x00,   0x00,
  0x14,   0x00,   0x00,   0x00,   0x1f,   0x00,   0x00,   0x00,   0x00,   0x00,   0x00,   0x06,
  0x30,   0x00,   0x00,   0x00,   0x40,   0xf3,   0xff,   0xff,   0x22,   0x00,   0x00,   0x00,
  0x66,   0x75,   0x6e,   0x63,   0x74,   0x69,   0x6f,   0x6e,   0x61,   0x6c,   0x5f,   0x34,
  0x5f,   0x31,   0x2f,   0x6c,   0x73,   0x74,   0x6d,   0x5f,   0x31,   0x2f,   0x77,   0x68,
  0x69,   0x6c,   0x65,   0x2f,   0x4c,   0x65,   0x73,   0x73,   0x5f,   0x31,   0x00,   0x00,
  0x00,   0x00,   0x00,   0x00,   0x66,   0xf5,   0xff,   0xff,   0x00,   0x00,   0x00,   0x01,
  0x14,   0x00,   0x00,   0x00,   0x14,   0x00,   0x00,   0x00,   0x09,   0x00,   0x00,   0x00,
  0x00,   0x00,   0x00,   0x02,   0x28,   0x00,   0x00,   0x00,   0x8c,   0xf3,   0xff,   0xff,
  0x1a,   0x00,   0x00,   0x00,   0x66,   0x75,   0x6e,   0x63,   0x74,   0x69,   0x6f,   0x6e,
  0x61,   0x6c,   0x5f,   0x34,   0x5f,   0x31,   0x2f,   0x6c,   0x73,   0x74,   0x6d,   0x5f,
  0x31,   0x2f,   0x4d,   0x61,   0x78,   0x31,   0x00,   0x00,   0x00,   0x00,   0x00,   0x00,
  0x8e,   0xf4,   0xff,   0xff,   0x00,   0x00,   0x00,   0x01,   0x10,   0x00,   0x00,   0x00,
  0x10,   0x00,   0x00,   0x00,   0x1d,   0x00,   0x00,   0x00,   0x34,   0x00,   0x00,   0x00,
  0xcc,   0xf3,   0xff,   0xff,   0x25,   0x00,   0x00,   0x00,   0x66,   0x75,   0x6e,   0x63,
  0x74,   0x69,   0x6f,   0x6e,   0x61,   0x6c,   0x5f,   0x34,   0x5f,   0x31,   0x2f,   0x6c,
  0x73,   0x74,   0x6d,   0x5f,   0x31,   0x2f,   0x77,   0x68,   0x69,   0x6c,   0x65,   0x5f,
  0x63,   0x6f,   0x6e,   0x64,   0x5f,   0x61,   0x72,   0x67,   0x35,   0x00,   0x00,   0x00,
  0x03,   0x00,   0x00,   0x00,   0x12,   0x00,   0x00,   0x00,   0x01,   0x00,   0x00,   0x00,
  0x08,   0x00,   0x00,   0x00,   0xe6,   0xf4,   0xff,   0xff,   0x00,   0x00,   0x00,   0x01,
  0x10,   0x00,   0x00,   0x00,   0x10,   0x00,   0x00,   0x00,   0x1c,   0x00,   0x00,   0x00,
  0x34,   0x00,   0x00,   0x00,   0x24,   0xf4,   0xff,   0xff,   0x25,   0x00,   0x00,   0x00,
  0x66,   0x75,   0x6e,   0x63,   0x74,   0x69,   0x6f,   0x6e,   0x61,   0x6c,   0x5f,   0x34,
  0x5f,   0x31,   0x2f,   0x6c,   0x73,   0x74,   0x6d,   0x5f,   0x31,   0x2f,   0x77,   0x68,
  0x69,   0x6c,   0x65,   0x5f,   0x63,   0x6f,   0x6e,   0x64,   0x5f,   0x61,   0x72,   0x67,
  0x34,   0x00,   0x00,   0x00,   0x02,   0x00,   0x00,   0x00,   0x01,   0x00,   0x00,   0x00,
  0x20,   0x00,   0x00,   0x00,   0x3a,   0xf5,   0xff,   0xff,   0x00,   0x00,   0x00,   0x01,
  0x10,   0x00,   0x00,   0x00,   0x10,   0x00,   0x00,   0x00,   0x1b,   0x00,   0x00,   0x00,
  0x34,   0x00,   0x00,   0x00,   0x78,   0xf4,   0xff,   0xff,   0x25,   0x00,   0x00,   0x00,
  0x66,   0x75,   0x6e,   0x63,   0x74,   0x69,   0x6f,   0x6e,   0x61,   0x6c,   0x5f,   0x34,
  0x5f,   0x31,   0x2f,   0x6c,   0x73,   0x74,   0x6d,   0x5f,   0x31,   0x2f,   0x77,   0x68,
  0x69,   0x6c,   0x65,   0x5f,   0x63,   0x6f,   0x6e,   0x64,   0x5f,   0x61,   0x72,   0x67,
  0x33,   0x00,   0x00,   0x00,   0x02,   0x00,   0x00,   0x00,   0x01,   0x00,   0x00,   0x00,
  0x20,   0x00,   0x00,   0x00,   0x8e,   0xf5,   0xff,   0xff,   0x00,   0x00,   0x00,   0x01,
  0x10,   0x00,   0x00,   0x00,   0x10,   0x00,   0x00,   0x00,   0x1a,   0x00,   0x00,   0x00,
  0x34,   0x00,   0x00,   0x00,   0xcc,   0xf4,   0xff,   0xff,   0x25,   0x00,   0x00,   0x00,
  0x66,   0x75,   0x6e,   0x63,   0x74,   0x69,   0x6f,   0x6e,   0x61,   0x6c,   0x5f,   0x34,
  0x5f,   0x31,   0x2f,   0x6c,   0x73,   0x74,   0x6d,   0x5f,   0x31,   0x2f,   0x77,   0x68,
  0x69,   0x6c,   0x65,   0x5f,   0x63,   0x6f,   0x6e,   0x64,   0x5f,   0x61,   0x72,   0x67,
  0x32,   0x00,   0x00,   0x00,   0x03,   0x00,   0x00,   0x00,   0x01,   0x00,   0x00,   0x00,
  0x01,   0x00,   0x00,   0x00,   0x20,   0x00,   0x00,   0x00,   0x02,   0xf7,   0xff,   0xff,
  0x00,   0x00,   0x00,   0x01,   0x14,   0x00,   0x00,   0x00,   0x14,   0x00,   0x00,   0x00,
  0x19,   0x00,   0x00,   0x00,   0x00,   0x00,   0x00,   0x02,   0x34,   0x00,   0x00,   0x00,
  0x28,   0xf5,   0xff,   0xff,   0x25,   0x00,   0x00,   0x00,   0x66,   0x75,   0x6e,   0x63,
  0x74,   0x69,   0x6f,   0x6e,   0x61,   0x6c,   0x5f,   0x34,   0x5f,   0x31,   0x2f,   0x6c,
  0x73,   0x74,   0x6d,   0x5f,   0x31,   0x2f,   0x77,   0x68,   0x69,   0x6c,   0x65,   0x5f,
  0x63,   0x6f,   0x6e,   0x64,   0x5f,   0x61,   0x72,   0x67,   0x31,   0x00,   0x00,   0x00,
  0x00,   0x00,   0x00,   0x00,   0x52,   0xf7,   0xff,   0xff,   0x00,   0x00,   0x00,   0x01,
  0x14,   0x00,   0x00,   0x00,   0x14,   0x00,   0x00,   0x00,   0x18,   0x00,   0x00,   0x00,
  0x00,   0x00,   0x00,   0x02,   0x34,   0x00,   0x00,   0x00,   0x78,   0xf5,   0xff,   0xff,
  0x25,   0x00,   0x00,   0x00,   0x66,   0x75,   0x6e,   0x63,   0x74,   0x69,   0x6f,   0x6e,
  0x61,   0x6c,   0x5f,   0x34,   0x5f,   0x31,   0x2f,   0x6c,   0x73,   0x74,   0x6d,   0x5f,
  0x31,   0x2f,   0x77,   0x68,   0x69,   0x6c,   0x65,   0x5f,   0x63,   0x6f,   0x6e,   0x64,
  0x5f,   0x61,   0x72,   0x67,   0x30,   0x00,   0x00,   0x00,   0x00,   0x00,   0x00,   0x00,
  0x00,   0x00,   0x0e,   0x00,   0x18,   0x00,   0x14,   0x00,   0x10,   0x00,   0x0c,   0x00,
  0x08,   0x00,   0x04,   0x00,   0x0e,   0x00,   0x00,   0x00,   0x14,   0x00,   0x00,   0x00,
  0x1c,   0x00,   0x00,   0x00,   0xa8,   0x01,   0x00,   0x00,   0xac,   0x01,   0x00,   0x00,
  0xb0,   0x01,   0x00,   0x00,   0x04,   0x00,   0x00,   0x00,   0x6d,   0x61,   0x69,   0x6e,
  0x00,   0x00,   0x00,   0x00,   0x05,   0x00,   0x00,   0x00,   0x6c,   0x01,   0x00,   0x00,
  0xf8,   0x00,   0x00,   0x00,   0x90,   0x00,   0x00,   0x00,   0x3c,   0x00,   0x00,   0x00,
  0x04,   0x00,   0x00,   0x00,   0x26,   0xff,   0xff,   0xff,   0x14,   0x00,   0x00,   0x00,
  0x00,   0x00,   0x00,   0x08,   0x10,   0x00,   0x00,   0x00,   0x14,   0x00,   0x00,   0x00,
  0x03,   0x00,   0x00,   0x00,   0x10,   0xf6,   0xff,   0xff,   0x01,   0x00,   0x00,   0x00,
  0x16,   0x00,   0x00,   0x00,   0x03,   0x00,   0x00,   0x00,   0x15,   0x00,   0x00,   0x00,
  0x06,   0x00,   0x00,   0x00,   0x02,   0x00,   0x00,   0x00,   0xbe,   0xff,   0xff,   0xff,
  0x1c,   0x00,   0x00,   0x00,   0x00,   0x00,   0x00,   0x08,   0x1c,   0x00,   0x00,   0x00,
  0x20,   0x00,   0x00,   0x00,   0x03,   0x00,   0x00,   0x00,   0x00,   0x00,   0x06,   0x00,
  0x08,   0x00,   0x07,   0x00,   0x06,   0x00,   0x00,   0x00,   0x00,   0x00,   0x00,   0x01,
  0x01,   0x00,   0x00,   0x00,   0x15,   0x00,   0x00,   0x00,   0x03,   0x00,   0x00,   0x00,
  0x14,   0x00,   0x00,   0x00,   0x07,   0x00,   0x00,   0x00,   0x01,   0x00,   0x00,   0x00,
  0x00,   0x00,   0x0e,   0x00,   0x1a,   0x00,   0x14,   0x00,   0x10,   0x00,   0x0c,   0x00,
  0x0b,   0x00,   0x04,   0x00,   0x0e,   0x00,   0x00,   0x00,   0x24,   0x00,   0x00,   0x00,
  0x00,   0x00,   0x00,   0x20,   0x2c,   0x00,   0x00,   0x00,   0x30,   0x00,   0x00,   0x00,
  0x02,   0x00,   0x00,   0x00,   0x00,   0x00,   0x0e,   0x00,   0x10,   0x00,   0x0c,   0x00,
  0x08,   0x00,   0x00,   0x00,   0x00,   0x00,   0x04,   0x00,   0x0e,   0x00,   0x00,   0x00,
  0x01,   0x00,   0x00,   0x00,   0x06,   0x00,   0x00,   0x00,   0x06,   0x00,   0x00,   0x00,
  0x01,   0x00,   0x00,   0x00,   0x14,   0x00,   0x00,   0x00,   0x04,   0x00,   0x00,   0x00,
  0x10,   0x00,   0x00,   0x00,   0x05,   0x00,   0x00,   0x00,   0x04,   0x00,   0x00,   0x00,
  0x03,   0x00,   0x00,   0x00,   0x00,   0x00,   0x0e,   0x00,   0x18,   0x00,   0x14,   0x00,
  0x10,   0x00,   0x0c,   0x00,   0x0b,   0x00,   0x04,   0x00,   0x0e,   0x00,   0x00,   0x00,
  0x1c,   0x00,   0x00,   0x00,   0x00,   0x00,   0x00,   0x5d,   0x20,   0x00,   0x00,   0x00,
  0x38,   0x00,   0x00,   0x00,   0x01,   0x00,   0x00,   0x00,   0x08,   0x00,   0x0c,   0x00,
  0x08,   0x00,   0x04,   0x00,   0x08,   0x00,   0x00,   0x00,   0x02,   0x00,   0x00,   0x00,
  0x01,   0x00,   0x00,   0x00,   0x06,   0x00,   0x00,   0x00,   0x0e,   0x00,   0x00,   0x00,
  0x0f,   0x00,   0x00,   0x00,   0x10,   0x00,   0x00,   0x00,   0x11,   0x00,   0x00,   0x00,
  0x12,   0x00,   0x00,   0x00,   0x13,   0x00,   0x00,   0x00,   0x06,   0x00,   0x00,   0x00,
  0x0a,   0x00,   0x00,   0x00,   0x0a,   0x00,   0x00,   0x00,   0x0b,   0x00,   0x00,   0x00,
  0x09,   0x00,   0x00,   0x00,   0x09,   0x00,   0x00,   0x00,   0x0d,   0x00,   0x00,   0x00,
  0x00,   0x00,   0x0a,   0x00,   0x0c,   0x00,   0x00,   0x00,   0x08,   0x00,   0x04,   0x00,
  0x0a,   0x00,   0x00,   0x00,   0x08,   0x00,   0x00,   0x00,   0x0c,   0x00,   0x00,   0x00,
  0x01,   0x00,   0x00,   0x00,   0x0d,   0x00,   0x00,   0x00,   0x02,   0x00,   0x00,   0x00,
  0x00,   0x00,   0x00,   0x00,   0x0c,   0x00,   0x00,   0x00,   0x01,   0x00,   0x00,   0x00,
  0x16,   0x00,   0x00,   0x00,   0x01,   0x00,   0x00,   0x00,   0x00,   0x00,   0x00,   0x00,
  0x17,   0x00,   0x00,   0x00,   0xb8,   0x07,   0x00,   0x00,   0x34,   0x07,   0x00,   0x00,
  0xe8,   0x06,   0x00,   0x00,   0x90,   0x06,   0x00,   0x00,   0x20,   0x06,   0x00,   0x00,
  0xc8,   0x05,   0x00,   0x00,   0x78,   0x05,   0x00,   0x00,   0x28,   0x05,   0x00,   0x00,
  0xe0,   0x04,   0x00,   0x00,   0xa0,   0x04,   0x00,   0x00,   0x64,   0x04,   0x00,   0x00,
  0x08,   0x04,   0x00,   0x00,   0x90,   0x03,   0x00,   0x00,   0x14,   0x03,   0x00,   0x00,
  0xcc,   0x02,   0x00,   0x00,   0x80,   0x02,   0x00,   0x00,   0x2c,   0x02,   0x00,   0x00,
  0xdc,   0x01,   0x00,   0x00,   0x8c,   0x01,   0x00,   0x00,   0x38,   0x01,   0x00,   0x00,
  0xe0,   0x00,   0x00,   0x00,   0x50,   0x00,   0x00,   0x00,   0x04,   0x00,   0x00,   0x00,
  0xba,   0xf8,   0xff,   0xff,   0x00,   0x00,   0x00,   0x01,   0x10,   0x00,   0x00,   0x00,
  0x10,   0x00,   0x00,   0x00,   0x17,   0x00,   0x00,   0x00,   0x28,   0x00,   0x00,   0x00,
  0xf8,   0xf7,   0xff,   0xff,   0x1b,   0x00,   0x00,   0x00,   0x53,   0x74,   0x61,   0x74,
  0x65,   0x66,   0x75,   0x6c,   0x50,   0x61,   0x72,   0x74,   0x69,   0x74,   0x69,   0x6f,
  0x6e,   0x65,   0x64,   0x43,   0x61,   0x6c,   0x6c,   0x5f,   0x31,   0x3a,   0x30,   0x00,
  0x02,   0x00,   0x00,   0x00,   0x01,   0x00,   0x00,   0x00,   0x01,   0x00,   0x00,   0x00,
  0x02,   0xf9,   0xff,   0xff,   0x00,   0x00,   0x00,   0x01,   0x10,   0x00,   0x00,   0x00,
  0x10,   0x00,   0x00,   0x00,   0x16,   0x00,   0x00,   0x00,   0x6c,   0x00,   0x00,   0x00,
  0x40,   0xf8,   0xff,   0xff,   0x5e,   0x00,   0x00,   0x00,   0x66,   0x75,   0x6e,   0x63,
  0x74,   0x69,   0x6f,   0x6e,   0x61,   0x6c,   0x5f,   0x34,   0x5f,   0x31,   0x2f,   0x64,
  0x65,   0x6e,   0x73,   0x65,   0x5f,   0x32,   0x5f,   0x31,   0x2f,   0x4d,   0x61,   0x74,
  0x4d,   0x75,   0x6c,   0x3b,   0x66,   0x75,   0x6e,   0x63,   0x74,   0x69,   0x6f,   0x6e,
  0x61,   0x6c,   0x5f,   0x34,   0x5f,   0x31,   0x2f,   0x64,   0x65,   0x6e,   0x73,   0x65,
  0x5f,   0x32,   0x5f,   0x31,   0x2f,   0x52,   0x65,   0x6c,   0x75,   0x3b,   0x66,   0x75,
  0x6e,   0x63,   0x74,   0x69,   0x6f,   0x6e,   0x61,   0x6c,   0x5f,   0x34,   0x5f,   0x31,
  0x2f,   0x64,   0x65,   0x6e,   0x73,   0x65,   0x5f,   0x32,   0x5f,   0x31,   0x2f,   0x42,
  0x69,   0x61,   0x73,   0x41,   0x64,   0x64,   0x00,   0x00,   0x02,   0x00,   0x00,   0x00,
  0x01,   0x00,   0x00,   0x00,   0x10,   0x00,   0x00,   0x00,   0x8e,   0xf9,   0xff,   0xff,
  0x00,   0x00,   0x00,   0x01,   0x10,   0x00,   0x00,   0x00,   0x10,   0x00,   0x00,   0x00,
  0x15,   0x00,   0x00,   0x00,   0x34,   0x00,   0x00,   0x00,   0xcc,   0xf8,   0xff,   0xff,
  0x26,   0x00,   0x00,   0x00,   0x66,   0x75,   0x6e,   0x63,   0x74,   0x69,   0x6f,   0x6e,
  0x61,   0x6c,   0x5f,   0x34,   0x5f,   0x31,   0x2f,   0x6c,   0x73,   0x74,   0x6d,   0x5f,
  0x31,   0x2f,   0x73,   0x74,   0x72,   0x69,   0x64,   0x65,   0x64,   0x5f,   0x73,   0x6c,
  0x69,   0x63,   0x65,   0x5f,   0x32,   0x33,   0x00,   0x00,   0x02,   0x00,   0x00,   0x00,
  0x01,   0x00,   0x00,   0x00,   0x20,   0x00,   0x00,   0x00,   0xe2,   0xf9,   0xff,   0xff,
  0x00,   0x00,   0x00,   0x01,   0x10,   0x00,   0x00,   0x00,   0x10,   0x00,   0x00,   0x00,
  0x14,   0x00,   0x00,   0x00,   0x2c,   0x00,   0x00,   0x00,   0x20,   0xf9,   0xff,   0xff,
  0x1c,   0x00,   0x00,   0x00,   0x66,   0x75,   0x6e,   0x63,   0x74,   0x69,   0x6f,   0x6e,
  0x61,   0x6c,   0x5f,   0x34,   0x5f,   0x31,   0x2f,   0x6c,   0x73,   0x74,   0x6d,   0x5f,
  0x31,   0x2f,   0x77,   0x68,   0x69,   0x6c,   0x65,   0x35,   0x00,   0x00,   0x00,   0x00,
  0x03,   0x00,   0x00,   0x00,   0x12,   0x00,   0x00,   0x00,   0x01,   0x00,   0x00,   0x00,
  0x08,   0x00,   0x00,   0x00,   0x32,   0xfa,   0xff,   0xff,   0x00,   0x00,   0x00,   0x01,
  0x10,   0x00,   0x00,   0x00,   0x10,   0x00,   0x00,   0x00,   0x13,   0x00,   0x00,   0x00,
  0x2c,   0x00,   0x00,   0x00,   0x70,   0xf9,   0xff,   0xff,   0x1c,   0x00,   0x00,   0x00,
  0x66,   0x75,   0x6e,   0x63,   0x74,   0x69,   0x6f,   0x6e,   0x61,   0x6c,   0x5f,   0x34,
  0x5f,   0x31,   0x2f,   0x6c,   0x73,   0x74,   0x6d,   0x5f,   0x31,   0x2f,   0x77,   0x68,
  0x69,   0x6c,   0x65,   0x34,   0x00,   0x00,   0x00,   0x00,   0x02,   0x00,   0x00,   0x00,
  0x01,   0x00,   0x00,   0x00,   0x20,   0x00,   0x00,   0x00,   0x7e,   0xfa,   0xff,   0xff,
  0x00,   0x00,   0x00,   0x01,   0x10,   0x00,   0x00,   0x00,   0x10,   0x00,   0x00,   0x00,
  0x12,   0x00,   0x00,   0x00,   0x2c,   0x00,   0x00,   0x00,   0xbc,   0xf9,   0xff,   0xff,
  0x1c,   0x00,   0x00,   0x00,   0x66,   0x75,   0x6e,   0x63,   0x74,   0x69,   0x6f,   0x6e,
  0x61,   0x6c,   0x5f,   0x34,   0x5f,   0x31,   0x2f,   0x6c,   0x73,   0x74,   0x6d,   0x5f,
  0x31,   0x2f,   0x77,   0x68,   0x69,   0x6c,   0x65,   0x33,   0x00,   0x00,   0x00,   0x00,
  0x02,   0x00,   0x00,   0x00,   0x01,   0x00,   0x00,   0x00,   0x20,   0x00,   0x00,   0x00,
  0xca,   0xfa,   0xff,   0xff,   0x00,   0x00,   0x00,   0x01,   0x10,   0x00,   0x00,   0x00,
  0x10,   0x00,   0x00,   0x00,   0x11,   0x00,   0x00,   0x00,   0x2c,   0x00,   0x00,   0x00,
  0x08,   0xfa,   0xff,   0xff,   0x1c,   0x00,   0x00,   0x00,   0x66,   0x75,   0x6e,   0x63,
  0x74,   0x69,   0x6f,   0x6e,   0x61,   0x6c,   0x5f,   0x34,   0x5f,   0x31,   0x2f,   0x6c,
  0x73,   0x74,   0x6d,   0x5f,   0x31,   0x2f,   0x77,   0x68,   0x69,   0x6c,   0x65,   0x32,
  0x00,   0x00,   0x00,   0x00,   0x03,   0x00,   0x00,   0x00,   0x01,   0x00,   0x00,   0x00,
  0x01,   0x00,   0x00,   0x00,   0x20,   0x00,   0x00,   0x00,   0x36,   0xfc,   0xff,   0xff,
  0x00,   0x00,   0x00,   0x01,   0x14,   0x00,   0x00,   0x00,   0x14,   0x00,   0x00,   0x00,
  0x10,   0x00,   0x00,   0x00,   0x00,   0x00,   0x00,   0x02,   0x2c,   0x00,   0x00,   0x00,
  0x5c,   0xfa,   0xff,   0xff,   0x1c,   0x00,   0x00,   0x00,   0x66,   0x75,   0x6e,   0x63,
  0x74,   0x69,   0x6f,   0x6e,   0x61,   0x6c,   0x5f,   0x34,   0x5f,   0x31,   0x2f,   0x6c,
  0x73,   0x74,   0x6d,   0x5f,   0x31,   0x2f,   0x77,   0x68,   0x69,   0x6c,   0x65,   0x31,
  0x00,   0x00,   0x00,   0x00,   0x00,   0x00,   0x00,   0x00,   0x7e,   0xfc,   0xff,   0xff,
  0x00,   0x00,   0x00,   0x01,   0x14,   0x00,   0x00,   0x00,   0x14,   0x00,   0x00,   0x00,
  0x0f,   0x00,   0x00,   0x00,   0x00,   0x00,   0x00,   0x02,   0x28,   0x00,   0x00,   0x00,
  0xa4,   0xfa,   0xff,   0xff,   0x1b,   0x00,   0x00,   0x00,   0x66,   0x75,   0x6e,   0x63,
  0x74,   0x69,   0x6f,   0x6e,   0x61,   0x6c,   0x5f,   0x34,   0x5f,   0x31,   0x2f,   0x6c,
  0x73,   0x74,   0x6d,   0x5f,   0x31,   0x2f,   0x77,   0x68,   0x69,   0x6c,   0x65,   0x00,
  0x00,   0x00,   0x00,   0x00,   0xa6,   0xfb,   0xff,   0xff,   0x00,   0x00,   0x00,   0x01,
  0x10,   0x00,   0x00,   0x00,   0x10,   0x00,   0x00,   0x00,   0x0e,   0x00,   0x00,   0x00,
  0x54,   0x00,   0x00,   0x00,   0xe4,   0xfa,   0xff,   0xff,   0x45,   0x00,   0x00,   0x00,
  0x66,   0x75,   0x6e,   0x63,   0x74,   0x69,   0x6f,   0x6e,   0x61,   0x6c,   0x5f,   0x34,
  0x5f,   0x31,   0x2f,   0x6c,   0x73,   0x74,   0x6d,   0x5f,   0x31,   0x2f,   0x74,   0x72,
  0x61,   0x6e,   0x73,   0x70,   0x6f,   0x73,   0x65,   0x3b,   0x66,   0x75,   0x6e,   0x63,
  0x74,   0x69,   0x6f,   0x6e,   0x61,   0x6c,   0x5f,   0x34,   0x5f,   0x31,   0x2f,   0x6c,
  0x73,   0x74,   0x6d,   0x5f,   0x31,   0x2f,   0x74,   0x72,   0x61,   0x6e,   0x73,   0x70,
  0x6f,   0x73,   0x65,   0x2f,   0x70,   0x65,   0x72,   0x6d,   0x31,   0x00,   0x00,   0x00,
  0x03,   0x00,   0x00,   0x00,   0x12,   0x00,   0x00,   0x00,   0x01,   0x00,   0x00,   0x00,
  0x08,   0x00,   0x00,   0x00,   0x3a,   0xfd,   0xff,   0xff,   0x00,   0x00,   0x00,   0x01,
  0x14,   0x00,   0x00,   0x00,   0x14,   0x00,   0x00,   0x00,   0x0d,   0x00,   0x00,   0x00,
  0x00,   0x00,   0x00,   0x02,   0x54,   0x00,   0x00,   0x00,   0x60,   0xfb,   0xff,   0xff,
  0x44,   0x00,   0x00,   0x00,   0x66,   0x75,   0x6e,   0x63,   0x74,   0x69,   0x6f,   0x6e,
  0x61,   0x6c,   0x5f,   0x34,   0x5f,   0x31,   0x2f,   0x6c,   0x73,   0x74,   0x6d,   0x5f,
  0x31,   0x2f,   0x74,   0x72,   0x61,   0x6e,   0x73,   0x70,   0x6f,   0x73,   0x65,   0x3b,
  0x66,   0x75,   0x6e,   0x63,   0x74,   0x69,   0x6f,   0x6e,   0x61,   0x6c,   0x5f,   0x34,
  0x5f,   0x31,   0x2f,   0x6c,   0x73,   0x74,   0x6d,   0x5f,   0x31,   0x2f,   0x74,   0x72,
  0x61,   0x6e,   0x73,   0x70,   0x6f,   0x73,   0x65,   0x2f,   0x70,   0x65,   0x72,   0x6d,
  0x00,   0x00,   0x00,   0x00,   0x01,   0x00,   0x00,   0x00,   0x03,   0x00,   0x00,   0x00,
  0x92,   0xfc,   0xff,   0xff,   0x00,   0x00,   0x00,   0x01,   0x10,   0x00,   0x00,   0x00,
  0x10,   0x00,   0x00,   0x00,   0x0a,   0x00,   0x00,   0x00,   0x34,   0x00,   0x00,   0x00,
  0xd0,   0xfb,   0xff,   0xff,   0x25,   0x00,   0x00,   0x00,   0x66,   0x75,   0x6e,   0x63,
  0x74,   0x69,   0x6f,   0x6e,   0x61,   0x6c,   0x5f,   0x34,   0x5f,   0x31,   0x2f,   0x6c,
  0x73,   0x74,   0x6d,   0x5f,   0x31,   0x2f,   0x54,   0x65,   0x6e,   0x73,   0x6f,   0x72,
  0x41,   0x72,   0x72,   0x61,   0x79,   0x56,   0x32,   0x5f,   0x31,   0x00,   0x00,   0x00,
  0x03,   0x00,   0x00,   0x00,   0x01,   0x00,   0x00,   0x00,   0x01,   0x00,   0x00,   0x00,
  0x20,   0x00,   0x00,   0x00,   0x06,   0xfe,   0xff,   0xff,   0x00,   0x00,   0x00,   0x01,
  0x14,   0x00,   0x00,   0x00,   0x14,   0x00,   0x00,   0x00,   0x0b,   0x00,   0x00,   0x00,
  0x00,   0x00,   0x00,   0x02,   0x1c,   0x00,   0x00,   0x00,   0x2c,   0xfc,   0xff,   0xff,
  0x0f,   0x00,   0x00,   0x00,   0x61,   0x72,   0x69,   0x74,   0x68,   0x2e,   0x63,   0x6f,
  0x6e,   0x73,   0x74,   0x61,   0x6e,   0x74,   0x31,   0x00,   0x00,   0x00,   0x00,   0x00,
  0x22,   0xfd,   0xff,   0xff,   0x00,   0x00,   0x00,   0x01,   0x10,   0x00,   0x00,   0x00,
  0x10,   0x00,   0x00,   0x00,   0x0a,   0x00,   0x00,   0x00,   0x1c,   0x00,   0x00,   0x00,
  0x60,   0xfc,   0xff,   0xff,   0x0e,   0x00,   0x00,   0x00,   0x61,   0x72,   0x69,   0x74,
  0x68,   0x2e,   0x63,   0x6f,   0x6e,   0x73,   0x74,   0x61,   0x6e,   0x74,   0x00,   0x00,
  0x02,   0x00,   0x00,   0x00,   0x01,   0x00,   0x00,   0x00,   0x20,   0x00,   0x00,   0x00,
  0x7a,   0xfe,   0xff,   0xff,   0x00,   0x00,   0x00,   0x01,   0x14,   0x00,   0x00,   0x00,
  0x14,   0x00,   0x00,   0x00,   0x09,   0x00,   0x00,   0x00,   0x00,   0x00,   0x00,   0x02,
  0x28,   0x00,   0x00,   0x00,   0xa0,   0xfc,   0xff,   0xff,   0x19,   0x00,   0x00,   0x00,
  0x66,   0x75,   0x6e,   0x63,   0x74,   0x69,   0x6f,   0x6e,   0x61,   0x6c,   0x5f,   0x34,
  0x5f,   0x31,   0x2f,   0x6c,   0x73,   0x74,   0x6d,   0x5f,   0x31,   0x2f,   0x4d,   0x61,
  0x78,   0x00,   0x00,   0x00,   0x00,   0x00,   0x00,   0x00,   0xa2,   0xfd,   0xff,   0xff,
  0x00,   0x00,   0x00,   0x01,   0x10,   0x00,   0x00,   0x00,   0x10,   0x00,   0x00,   0x00,
  0x08,   0x00,   0x00,   0x00,   0x2c,   0x00,   0x00,   0x00,   0xe0,   0xfc,   0xff,   0xff,
  0x1f,   0x00,   0x00,   0x00,   0x66,   0x75,   0x6e,   0x63,   0x74,   0x69,   0x6f,   0x6e,
  0x61,   0x6c,   0x5f,   0x34,   0x5f,   0x31,   0x2f,   0x64,   0x65,   0x6e,   0x73,   0x65,
  0x5f,   0x32,   0x5f,   0x31,   0x2f,   0x4d,   0x61,   0x74,   0x4d,   0x75,   0x6c,   0x00,
  0x02,   0x00,   0x00,   0x00,   0x10,   0x00,   0x00,   0x00,   0x20,   0x00,   0x00,   0x00,
  0xee,   0xfd,   0xff,   0xff,   0x00,   0x00,   0x00,   0x01,   0x10,   0x00,   0x00,   0x00,
  0x10,   0x00,   0x00,   0x00,   0x07,   0x00,   0x00,   0x00,   0x2c,   0x00,   0x00,   0x00,
  0x2c,   0xfd,   0xff,   0xff,   0x1f,   0x00,   0x00,   0x00,   0x66,   0x75,   0x6e,   0x63,
  0x74,   0x69,   0x6f,   0x6e,   0x61,   0x6c,   0x5f,   0x34,   0x5f,   0x31,   0x2f,   0x64,
  0x65,   0x6e,   0x73,   0x65,   0x5f,   0x33,   0x5f,   0x31,   0x2f,   0x4d,   0x61,   0x74,
  0x4d,   0x75,   0x6c,   0x00,   0x02,   0x00,   0x00,   0x00,   0x01,   0x00,   0x00,   0x00,
  0x10,   0x00,   0x00,   0x00,   0x56,   0xff,   0xff,   0xff,   0x00,   0x00,   0x00,   0x01,
  0x14,   0x00,   0x00,   0x00,   0x14,   0x00,   0x00,   0x00,   0x06,   0x00,   0x00,   0x00,
  0x00,   0x00,   0x00,   0x02,   0x34,   0x00,   0x00,   0x00,   0x7c,   0xfd,   0xff,   0xff,
  0x26,   0x00,   0x00,   0x00,   0x66,   0x75,   0x6e,   0x63,   0x74,   0x69,   0x6f,   0x6e,
  0x61,   0x6c,   0x5f,   0x34,   0x5f,   0x31,   0x2f,   0x6c,   0x73,   0x74,   0x6d,   0x5f,
  0x31,   0x2f,   0x73,   0x74,   0x72,   0x69,   0x64,   0x65,   0x64,   0x5f,   0x73,   0x6c,
  0x69,   0x63,   0x65,   0x5f,   0x32,   0x32,   0x00,   0x00,   0x01,   0x00,   0x00,   0x00,
  0x03,   0x00,   0x00,   0x00,   0xaa,   0xff,   0xff,   0xff,   0x00,   0x00,   0x00,   0x01,
  0x14,   0x00,   0x00,   0x00,   0x14,   0x00,   0x00,   0x00,   0x05,   0x00,   0x00,   0x00,
  0x00,   0x00,   0x00,   0x02,   0x34,   0x00,   0x00,   0x00,   0xd0,   0xfd,   0xff,   0xff,
  0x26,   0x00,   0x00,   0x00,   0x66,   0x75,   0x6e,   0x63,   0x74,   0x69,   0x6f,   0x6e,
  0x61,   0x6c,   0x5f,   0x34,   0x5f,   0x31,   0x2f,   0x6c,   0x73,   0x74,   0x6d,   0x5f,
  0x31,   0x2f,   0x73,   0x74,   0x72,   0x69,   0x64,   0x65,   0x64,   0x5f,   0x73,   0x6c,
  0x69,   0x63,   0x65,   0x5f,   0x32,   0x31,   0x00,   0x00,   0x01,   0x00,   0x00,   0x00,
  0x03,   0x00,   0x00,   0x00,   0x00,   0x00,   0x16,   0x00,   0x1c,   0x00,   0x18,   0x00,
  0x17,   0x00,   0x10,   0x00,   0x0c,   0x00,   0x08,   0x00,   0x00,   0x00,   0x00,   0x00,
  0x00,   0x00,   0x07,   0x00,   0x16,   0x00,   0x00,   0x00,   0x00,   0x00,   0x00,   0x01,
  0x14,   0x00,   0x00,   0x00,   0x14,   0x00,   0x00,   0x00,   0x04,   0x00,   0x00,   0x00,
  0x00,   0x00,   0x00,   0x02,   0x34,   0x00,   0x00,   0x00,   0x3c,   0xfe,   0xff,   0xff,
  0x25,   0x00,   0x00,   0x00,   0x66,   0x75,   0x6e,   0x63,   0x74,   0x69,   0x6f,   0x6e,
  0x61,   0x6c,   0x5f,   0x34,   0x5f,   0x31,   0x2f,   0x6c,   0x73,   0x74,   0x6d,   0x5f,
  0x31,   0x2f,   0x73,   0x74,   0x72,   0x69,   0x64,   0x65,   0x64,   0x5f,   0x73,   0x6c,
  0x69,   0x63,   0x65,   0x5f,   0x32,   0x00,   0x00,   0x00,   0x01,   0x00,   0x00,   0x00,
  0x03,   0x00,   0x00,   0x00,   0x4e,   0xff,   0xff,   0xff,   0x00,   0x00,   0x00,   0x01,
  0x10,   0x00,   0x00,   0x00,   0x10,   0x00,   0x00,   0x00,   0x03,   0x00,   0x00,   0x00,
  0x2c,   0x00,   0x00,   0x00,   0x8c,   0xfe,   0xff,   0xff,   0x1c,   0x00,   0x00,   0x00,
  0x66,   0x75,   0x6e,   0x63,   0x74,   0x69,   0x6f,   0x6e,   0x61,   0x6c,   0x5f,   0x34,
  0x5f,   0x31,   0x2f,   0x64,   0x65,   0x6e,   0x73,   0x65,   0x5f,   0x33,   0x5f,   0x31,
  0x2f,   0x41,   0x64,   0x64,   0x00,   0x00,   0x00,   0x00,   0x01,   0x00,   0x00,   0x00,
  0x01,   0x00,   0x00,   0x00,   0x96,   0xff,   0xff,   0xff,   0x00,   0x00,   0x00,   0x01,
  0x10,   0x00,   0x00,   0x00,   0x10,   0x00,   0x00,   0x00,   0x02,   0x00,   0x00,   0x00,
  0x4c,   0x00,   0x00,   0x00,   0xd4,   0xfe,   0xff,   0xff,   0x3e,   0x00,   0x00,   0x00,
  0x66,   0x75,   0x6e,   0x63,   0x74,   0x69,   0x6f,   0x6e,   0x61,   0x6c,   0x5f,   0x34,
  0x5f,   0x31,   0x2f,   0x64,   0x65,   0x6e,   0x73,   0x65,   0x5f,   0x32,   0x5f,   0x31,
  0x2f,   0x52,   0x65,   0x6c,   0x75,   0x3b,   0x66,   0x75,   0x6e,   0x63,   0x74,   0x69,
  0x6f,   0x6e,   0x61,   0x6c,   0x5f,   0x34,   0x5f,   0x31,   0x2f,   0x64,   0x65,   0x6e,
  0x73,   0x65,   0x5f,   0x32,   0x5f,   0x31,   0x2f,   0x42,   0x69,   0x61,   0x73,   0x41,
  0x64,   0x64,   0x00,   0x00,   0x01,   0x00,   0x00,   0x00,   0x10,   0x00,   0x00,   0x00,
  0x00,   0x00,   0x16,   0x00,   0x18,   0x00,   0x14,   0x00,   0x00,   0x00,   0x10,   0x00,
  0x0c,   0x00,   0x08,   0x00,   0x00,   0x00,   0x00,   0x00,   0x00,   0x00,   0x07,   0x00,
  0x16,   0x00,   0x00,   0x00,   0x00,   0x00,   0x00,   0x01,   0x10,   0x00,   0x00,   0x00,
  0x10,   0x00,   0x00,   0x00,   0x01,   0x00,   0x00,   0x00,   0x30,   0x00,   0x00,   0x00,
  0x54,   0xff,   0xff,   0xff,   0x21,   0x00,   0x00,   0x00,   0x73,   0x65,   0x72,   0x76,
  0x69,   0x6e,   0x67,   0x5f,   0x64,   0x65,   0x66,   0x61,   0x75,   0x6c,   0x74,   0x5f,
  0x6b,   0x65,   0x72,   0x61,   0x73,   0x5f,   0x74,   0x65,   0x6e,   0x73,   0x6f,   0x72,
  0x5f,   0x31,   0x30,   0x3a,   0x30,   0x00,   0x00,   0x00,   0x03,   0x00,   0x00,   0x00,
  0x01,   0x00,   0x00,   0x00,   0x12,   0x00,   0x00,   0x00,   0x08,   0x00,   0x00,   0x00,
  0x0c,   0x00,   0x00,   0x00,   0xcc,   0x00,   0x00,   0x00,   0xb0,   0x00,   0x00,   0x00,
  0xa0,   0x00,   0x00,   0x00,   0x8c,   0x00,   0x00,   0x00,   0x70,   0x00,   0x00,   0x00,
  0x60,   0x00,   0x00,   0x00,   0x58,   0x00,   0x00,   0x00,   0x44,   0x00,   0x00,   0x00,
  0x34,   0x00,   0x00,   0x00,   0x24,   0x00,   0x00,   0x00,   0x14,   0x00,   0x00,   0x00,
  0x04,   0x00,   0x00,   0x00,   0x70,   0xff,   0xff,   0xff,   0x1c,   0x00,   0x00,   0x00,
  0x00,   0x00,   0x00,   0x1c,   0x7c,   0xff,   0xff,   0xff,   0x12,   0x00,   0x00,   0x00,
  0x00,   0x00,   0x00,   0x12,   0x88,   0xff,   0xff,   0xff,   0x0e,   0x00,   0x00,   0x00,
  0x00,   0x00,   0x00,   0x0e,   0x94,   0xff,   0xff,   0xff,   0x31,   0x00,   0x00,   0x00,
  0x00,   0x00,   0x00,   0x31,   0xa0,   0xff,   0xff,   0xff,   0x24,   0x00,   0x00,   0x00,
  0x00,   0x00,   0x00,   0x24,   0x04,   0x00,   0x04,   0x00,   0x04,   0x00,   0x00,   0x00,
  0xb4,   0xff,   0xff,   0xff,   0x56,   0x00,   0x00,   0x00,   0x00,   0x00,   0x00,   0x56,
  0xc0,   0xff,   0xff,   0xff,   0x3a,   0x00,   0x00,   0x00,   0x00,   0x00,   0x00,   0x3a,
  0x0c,   0x00,   0x10,   0x00,   0x0f,   0x00,   0x00,   0x00,   0x08,   0x00,   0x04,   0x00,
  0x0c,   0x00,   0x00,   0x00,   0x09,   0x00,   0x00,   0x00,   0x0c,   0x00,   0x00,   0x00,
  0x00,   0x00,   0x00,   0x09,   0xe8,   0xff,   0xff,   0xff,   0x2d,   0x00,   0x00,   0x00,
  0x00,   0x00,   0x00,   0x2d,   0xf4,   0xff,   0xff,   0xff,   0x77,   0x00,   0x00,   0x00,
  0x00,   0x00,   0x00,   0x77,   0x0c,   0x00,   0x0c,   0x00,   0x0b,   0x00,   0x00,   0x00,
  0x00,   0x00,   0x04,   0x00,   0x0c,   0x00,   0x00,   0x00,   0x16,   0x00,   0x00,   0x00,
  0x00,   0x00,   0x00,   0x16,
};
const int lstm_model_data_len = 20392;