Timestamp;Potencia AC;Predicción IA
09/06/2026 0:00;0;0
09/06/2026 0:01;0;0
09/06/2026 0:02;0;0
09/06/2026 0:03;0;0
09/06/2026 0:04;0;0
09/06/2026 0:05;0;0
09/06/2026 0:06;0;0
09/06/2026 0:07;0;0
09/06/2026 0:08;0;0
09/06/2026 0:09;0;0
09/06/2026 0:10;0;0
09/06/2026 0:11;0;0
09/06/2026 0:12;0;0
09/06/2026 0:13;0;0
09/06/2026 0:14;0;0
09/06/2026 0:15;0;0
09/06/2026 0:16;0;0
09/06/2026 0:17;0;0
09/06/2026 0:18;0;0
09/06/2026 0:19;0;0
09/06/2026 0:20;0;0
09/06/2026 0:21;0;0
09/06/2026 0:22;0;0
09/06/2026 0:23;0;0
09/06/2026 0:24;0;0
09/06/2026 0:25;0;0
09/06/2026 0:26;0;0
09/06/2026 0:27;0;0
09/06/2026 0:28;0;0
09/06/2026 0:29;0;0
09/06/2026 0:30;0;0
09/06/2026 0:31;0;0
09/06/2026 0:32;0;0
09/06/2026 0:33;0;0
09/06/2026 0:34;0;0
09/06/2026 0:35;0;0
09/06/2026 0:36;0;0
09/06/2026 0:37;0;0
09/06/2026 0:38;0;0
09/06/2026 0:39;0;0
09/06/2026 0:40;0;0
09/06/2026 0:41;0;0
09/06/2026 0:42;0;0
09/06/2026 0:43;0;0
09/06/2026 0:44;0;0
09/06/2026 0:45;0;0
09/06/2026 0:46;0;0
09/06/2026 0:47;0;0
09/06/2026 0:48;0;0
09/06/2026 0:49;0;0
09/06/2026 0:50;0;0
09/06/2026 0:51;0;0
09/06/2026 0:52;0;0
09/06/2026 0:53;0;0
09/06/2026 0:54;0;0
09/06/2026 0:55;0;0
09/06/2026 0:56;0;0
09/06/2026 0:57;0;0
09/06/2026 0:58;0;0
09/06/2026 0:59;0;0
09/06/2026 1:00;0;0
09/06/2026 1:01;0;0
09/06/2026 1:02;0;0
09/06/2026 1:03;0;0
09/06/2026 1:04;0;0
09/06/2026 1:05;0;0
09/06/2026 1:06;0;0
09/06/2026 1:07;0;0
09/06/2026 1:08;0;0
09/06/2026 1:09;0;0
09/06/2026 1:10;0;0
09/06/2026 1:11;0;0
09/06/2026 1:12;0;0
09/06/2026 1:13;0;0
09/06/2026 1:14;0;0
09/06/2026 1:15;0;0
09/06/2026 1:16;0;0
09/06/2026 1:17;0;0
09/06/2026 1:18;0;0
09/06/2026 1:19;0;0
09/06/2026 1:20;0;0
09/06/2026 1:21;0;0
09/06/2026 1:22;0;0
09/06/2026 1:23;0;0
09/06/2026 1:24;0;0
09/06/2026 1:25;0;0
09/06/2026 1:26;0;0
09/06/2026 1:27;0;0
09/06/2026 1:28;0;0
09/06/2026 1:29;0;0
09/06/2026 1:30;0;0
09/06/2026 1:31;0;0
09/06/2026 1:32;0;0
09/06/2026 1:33;0;0
09/06/2026 1:34;0;0
09/06/2026 1:35;0;0
09/06/2026 1:36;0;0
09/06/2026 1:37;0;0
09/06/2026 1:38;0;0
09/06/2026 1:39;0;0
09/06/2026 1:40;0;0
09/06/2026 1:41;0;0
09/06/2026 1:42;0;0
09/06/2026 1:43;0;0
09/06/2026 1:44;0;0
09/06/2026 1:45;0;0
09/06/2026 1:46;0;0
09/06/2026 1:47;0;0
09/06/2026 1:48;0;0
09/06/2026 1:49;0;0
09/06/2026 1:50;0;0
09/06/2026 1:51;0;0
09/06/2026 1:52;0;0
09/06/2026 1:53;0;0
09/06/2026 1:54;0;0
09/06/2026 1:55;0;0
09/06/2026 1:56;0;0
09/06/2026 1:57;0;0
09/06/2026 1:58;0;0
09/06/2026 1:59;0;0
09/06/2026 2:00;0;0
09/06/2026 2:01;0;0
09/06/2026 2:02;0;0
09/06/2026 2:03;0;0
09/06/2026 2:04;0;0
09/06/2026 2:05;0;0
09/06/2026 2:06;0;0
09/06/2026 2:07;0;0
09/06/2026 2:08;0;0
09/06/2026 2:09;0;0
09/06/2026 2:10;0;0
09/06/2026 2:11;0;0
09/06/2026 2:12;0;0
09/06/2026 2:13;0;0
09/06/2026 2:14;0;0
09/06/2026 2:15;0;0
09/06/2026 2:16;0;0
09/06/2026 2:17;0;0
09/06/2026 2:18;0;0
09/06/2026 2:19;0;0
09/06/2026 2:20;0;0
09/06/2026 2:21;0;0
09/06/2026 2:22;0;0
09/06/2026 2:23;0;0
09/06/2026 2:24;0;0
09/06/2026 2:25;0;0
09/06/2026 2:26;0;0
09/06/2026 2:27;0;0
09/06/2026 2:28;0;0
09/06/2026 2:29;0;0
09/06/2026 2:30;0;0
09/06/2026 2:31;0;0
09/06/2026 2:32;0;0
09/06/2026 2:33;0;0
09/06/2026 2:34;0;0
09/06/2026 2:35;0;0
09/06/2026 2:36;0;0
09/06/2026 2:37;0;0
09/06/2026 2:38;0;0
09/06/2026 2:39;0;0
09/06/2026 2:40;0;0
09/06/2026 2:41;0;0
09/06/2026 2:42;0;0
09/06/2026 2:43;0;0
09/06/2026 2:44;0;0
09/06/2026 2:45;0;0
09/06/2026 2:46;0;0
09/06/2026 2:47;0;0
09/06/2026 2:48;0;0
09/06/2026 2:49;0;0
09/06/2026 2:50;0;0
09/06/2026 2:51;0;0
09/06/2026 2:52;0;0
09/06/2026 2:53;0;0
09/06/2026 2:54;0;0
09/06/2026 2:55;0;0
09/06/2026 2:56;0;0
09/06/2026 2:57;0;0
09/06/2026 2:58;0;0
09/06/2026 2:59;0;0
09/06/2026 3:00;0;0
09/06/2026 3:01;0;0
09/06/2026 3:02;0;0
09/06/2026 3:03;0;0
09/06/2026 3:04;0;0
09/06/2026 3:05;0;0
09/06/2026 3:06;0;0
09/06/2026 3:07;0;0
09/06/2026 3:08;0;0
09/06/2026 3:09;0;0
09/06/2026 3:10;0;0
09/06/2026 3:11;0;0
09/06/2026 3:12;0;0
09/06/2026 3:13;0;0
09/06/2026 3:14;0;0
09/06/2026 3:15;0;0
09/06/2026 3:16;0;0
09/06/2026 3:17;0;0
09/06/2026 3:18;0;0
09/06/2026 3:19;0;0
09/06/2026 3:20;0;0
09/06/2026 3:21;0;0
09/06/2026 3:22;0;0
09/06/2026 3:23;0;0
09/06/2026 3:24;0;0
09/06/2026 3:25;0;0
09/06/2026 3:26;0;0
09/06/2026 3:27;0;0
09/06/2026 3:28;0;0
09/06/2026 3:29;0;0
09/06/2026 3:30;0;0
09/06/2026 3:31;0;0
09/06/2026 3:32;0;0
09/06/2026 3:33;0;0
09/06/2026 3:34;0;0
09/06/2026 3:35;0;0
09/06/2026 3:36;0;0
09/06/2026 3:37;0;0
09/06/2026 3:38;0;0
09/06/2026 3:39;0;0
09/06/2026 3:40;0;0
09/06/2026 3:41;0;0
09/06/2026 3:42;0;0
09/06/2026 3:43;0;0
09/06/2026 3:44;0;0
09/06/2026 3:45;0;0
09/06/2026 3:46;0;0
09/06/2026 3:47;0;0
09/06/2026 3:48;0;0
09/06/2026 3:49;0;0
09/06/2026 3:50;0;0
09/06/2026 3:51;0;0
09/06/2026 3:52;0;0
09/06/2026 3:53;0;0
09/06/2026 3:54;0;0
09/06/2026 3:55;0;0
09/06/2026 3:56;0;0
09/06/2026 3:57;0;0
09/06/2026 3:58;0;0
09/06/2026 3:59;0;0
09/06/2026 4:00;0;0
09/06/2026 4:01;0;0
09/06/2026 4:02;0;0
09/06/2026 4:03;0;0
09/06/2026 4:04;0;0
09/06/2026 4:05;0;0
09/06/2026 4:06;0;0
09/06/2026 4:07;0;0
09/06/2026 4:08;0;0
09/06/2026 4:09;0;0
09/06/2026 4:10;0;0
09/06/2026 4:11;0;0
09/06/2026 4:12;0;0
09/06/2026 4:13;0;0
09/06/2026 4:14;0;0
09/06/2026 4:15;0;0
09/06/2026 4:16;0;0
09/06/2026 4:17;0;0
09/06/2026 4:18;0;0
09/06/2026 4:19;0;0
09/06/2026 4:20;0;0
09/06/2026 4:21;0;0
09/06/2026 4:22;0;0
09/06/2026 4:23;0;0
09/06/2026 4:24;0;0
09/06/2026 4:25;0;0
09/06/2026 4:26;0;0
09/06/2026 4:27;0;0
09/06/2026 4:28;0;0
09/06/2026 4:29;0;0
09/06/2026 4:30;0;0
09/06/2026 4:31;0;0
09/06/2026 4:32;0;0
09/06/2026 4:33;0;0
09/06/2026 4:34;0;0
09/06/2026 4:35;0;0
09/06/2026 4:36;0;0
09/06/2026 4:37;0;0
09/06/2026 4:38;0;0
09/06/2026 4:39;0;0
09/06/2026 4:40;0;0
09/06/2026 4:41;0;0
09/06/2026 4:42;0;0
09/06/2026 4:43;0;0
09/06/2026 4:44;0;0
09/06/2026 4:45;0;0
09/06/2026 4:46;0;0
09/06/2026 4:47;0;0
09/06/2026 4:48;0;0
09/06/2026 4:49;0;0
09/06/2026 4:50;0;0
09/06/2026 4:51;0;0
09/06/2026 4:52;0;0
09/06/2026 4:53;0;0
09/06/2026 4:54;0;0
09/06/2026 4:55;0;0
09/06/2026 4:56;0;0
09/06/2026 4:57;0;0
09/06/2026 4:58;0;0
09/06/2026 4:59;0;0
09/06/2026 5:00;0;0
09/06/2026 5:01;0;0
09/06/2026 5:02;0;0
09/06/2026 5:03;0;0
09/06/2026 5:04;0;0
09/06/2026 5:05;0;0
09/06/2026 5:06;0;0
09/06/2026 5:07;0;0
09/06/2026 5:08;0;0
09/06/2026 5:09;0;0
09/06/2026 5:10;0;0
09/06/2026 5:11;0;0
09/06/2026 5:12;0;0
09/06/2026 5:13;0;0
09/06/2026 5:14;0;0
09/06/2026 5:15;0;0
09/06/2026 5:16;0;0
09/06/2026 5:17;0;0
09/06/2026 5:18;0;0
09/06/2026 5:19;0;0
09/06/2026 5:20;0;0
09/06/2026 5:21;0;0
09/06/2026 5:22;0;0
09/06/2026 5:23;0;0
09/06/2026 5:24;0;0
09/06/2026 5:25;0;0
09/06/2026 5:26;0;0
09/06/2026 5:27;0;0
09/06/2026 5:28;0;0
09/06/2026 5:29;0;0
09/06/2026 5:30;0;0
09/06/2026 5:31;0;0
09/06/2026 5:32;0;0
09/06/2026 5:33;0;0
09/06/2026 5:34;0;0
09/06/2026 5:35;0;0
09/06/2026 5:36;0;0
09/06/2026 5:37;0;0
09/06/2026 5:38;0;0
09/06/2026 5:39;0;0
09/06/2026 5:40;0;0
09/06/2026 5:41;0;0
09/06/2026 5:42;0;0
09/06/2026 5:43;0;0
09/06/2026 5:44;0;0
09/06/2026 5:45;0;0
09/06/2026 5:46;0;0
09/06/2026 5:47;0;0
09/06/2026 5:48;0;0
09/06/2026 5:49;0;0
09/06/2026 5:50;0;0
09/06/2026 5:51;0;0
09/06/2026 5:52;0;0
09/06/2026 5:53;0;0
09/06/2026 5:54;0;0
09/06/2026 5:55;0;0
09/06/2026 5:56;0;0
09/06/2026 5:57;0;0
09/06/2026 5:58;0;0
09/06/2026 5:59;0;0
09/06/2026 6:00;0;0
09/06/2026 6:01;0;0
09/06/2026 6:02;0;0
09/06/2026 6:03;0;0
09/06/2026 6:04;0;0
09/06/2026 6:05;0;0
09/06/2026 6:06;0;0
09/06/2026 6:07;0;0
09/06/2026 6:08;0;0
09/06/2026 6:09;0;0
09/06/2026 6:10;0;0
09/06/2026 6:11;0;0
09/06/2026 6:12;0;0
09/06/2026 6:13;0;0
09/06/2026 6:14;0;0
09/06/2026 6:15;0;0
09/06/2026 6:16;0;0
09/06/2026 6:17;0;0
09/06/2026 6:18;0;0
09/06/2026 6:19;0;0
09/06/2026 6:20;0;0
09/06/2026 6:21;0;0
09/06/2026 6:22;0;0
09/06/2026 6:23;0;0
09/06/2026 6:24;0;0
09/06/2026 6:25;0;0
09/06/2026 6:26;0;0
09/06/2026 6:27;0;0
09/06/2026 6:28;0;0
09/06/2026 6:29;0;0
09/06/2026 6:30;0;0
09/06/2026 6:31;0;0
09/06/2026 6:32;0;0
09/06/2026 6:33;0;0
09/06/2026 6:34;0;0
09/06/2026 6:35;0;0
09/06/2026 6:36;0;0
09/06/2026 6:37;0;0
09/06/2026 6:38;0;0
09/06/2026 6:39;0;0
09/06/2026 6:40;0;0
09/06/2026 6:41;0;0
09/06/2026 6:42;0;0
09/06/2026 6:43;0;0
09/06/2026 6:44;0;0
09/06/2026 6:45;0;0
09/06/2026 6:46;0;0
09/06/2026 6:47;0;0
09/06/2026 6:48;0;0
09/06/2026 6:49;0;0
09/06/2026 6:50;0;0
09/06/2026 6:51;0;0
09/06/2026 6:52;0;0
09/06/2026 6:53;0;0
09/06/2026 6:54;0;0
09/06/2026 6:55;0;0
09/06/2026 6:56;0;0
09/06/2026 6:57;0;0
09/06/2026 6:58;0;0
09/06/2026 6:59;0;0
09/06/2026 7:00;0;0
09/06/2026 7:01;0;0
09/06/2026 7:02;0;0
09/06/2026 7:03;0;0
09/06/2026 7:04;0;0
09/06/2026 7:05;0;0
09/06/2026 7:06;0;0
09/06/2026 7:07;0;0
09/06/2026 7:08;0;0
09/06/2026 7:09;0;0
09/06/2026 7:10;0;0
09/06/2026 7:11;0;0
09/06/2026 7:12;0;0
09/06/2026 7:13;0;0
09/06/2026 7:14;0;0
09/06/2026 7:15;0;0
09/06/2026 7:16;0;0
09/06/2026 7:17;0;0
09/06/2026 7:18;0;0
09/06/2026 7:19;0;0
09/06/2026 7:20;0;0
09/06/2026 7:21;0;0
09/06/2026 7:22;0;0
09/06/2026 7:23;0;0
09/06/2026 7:24;0;0
09/06/2026 7:25;0;0
09/06/2026 7:26;0;0
09/06/2026 7:27;0;0
09/06/2026 7:28;0;0
09/06/2026 7:29;0;0
09/06/2026 7:30;0;0
09/06/2026 7:31;0;0
09/06/2026 7:32;0;0
09/06/2026 7:33;0;0
09/06/2026 7:34;0;0
09/06/2026 7:35;0;0
09/06/2026 7:36;0;0
09/06/2026 7:37;0;0
09/06/2026 7:38;0;0
09/06/2026 7:39;0;0
09/06/2026 7:40;0;0
09/06/2026 7:41;0;0
09/06/2026 7:42;0;0
09/06/2026 7:43;0;0
09/06/2026 7:44;0;0
09/06/2026 7:45;0;0
09/06/2026 7:46;3;0
09/06/2026 7:47;7;0
09/06/2026 7:48;7;0
09/06/2026 7:49;9;0
09/06/2026 7:50;11;0
09/06/2026 7:51;14;84,2
09/06/2026 7:52;17;0
09/06/2026 7:53;20;0
09/06/2026 7:54;23;0
09/06/2026 7:55;25;0
09/06/2026 7:56;29;0
09/06/2026 7:57;30;0
09/06/2026 7:58;31;0
09/06/2026 7:59;35;0
09/06/2026 8:00;37;0
09/06/2026 8:01;38;78,4
09/06/2026 8:02;40;0
09/06/2026 8:03;42;0
09/06/2026 8:04;67;0
09/06/2026 8:05;47;0
09/06/2026 8:06;48;0
09/06/2026 8:07;51;0
09/06/2026 8:08;53;0
09/06/2026 8:09;55;0
09/06/2026 8:10;57;0
09/06/2026 8:11;61;87,1
09/06/2026 8:12;63;0
09/06/2026 8:13;65;0
09/06/2026 8:14;70;0
09/06/2026 8:15;72;0
09/06/2026 8:16;76;0
09/06/2026 8:17;78;0
09/06/2026 8:18;80;0
09/06/2026 8:19;83;0
09/06/2026 8:20;85;0
09/06/2026 8:21;88;98,7
09/06/2026 8:22;91;0
09/06/2026 8:23;94;0
09/06/2026 8:24;96;0
09/06/2026 8:25;99;0
09/06/2026 8:26;102;0
09/06/2026 8:27;105;0
09/06/2026 8:28;107;0
09/06/2026 8:29;111;0
09/06/2026 8:30;113;0
09/06/2026 8:31;117;139
09/06/2026 8:32;119;0
09/06/2026 8:33;123;0
09/06/2026 8:34;125;0
09/06/2026 8:35;128;0
09/06/2026 8:36;131;0
09/06/2026 8:37;134;0
09/06/2026 8:38;137;0
09/06/2026 8:39;142;0
09/06/2026 8:40;146;0
09/06/2026 8:41;149;223
09/06/2026 8:42;151;0
09/06/2026 8:43;155;0
09/06/2026 8:44;158;0
09/06/2026 8:45;161;0
09/06/2026 8:46;164;0
09/06/2026 8:47;166;0
09/06/2026 8:48;169;0
09/06/2026 8:49;173;0
09/06/2026 8:50;176;0
09/06/2026 8:51;178;261
09/06/2026 8:52;182;0
09/06/2026 8:53;185;0
09/06/2026 8:54;189;0
09/06/2026 8:55;192;0
09/06/2026 8:56;196;0
09/06/2026 8:57;199;0
09/06/2026 8:58;203;0
09/06/2026 8:59;204;0
09/06/2026 9:00;209;0
09/06/2026 9:01;212;348
09/06/2026 9:02;215;0
09/06/2026 9:03;219;0
09/06/2026 9:04;222;0
09/06/2026 9:05;225;0
09/06/2026 9:06;228;0
09/06/2026 9:07;232;0
09/06/2026 9:08;235;0
09/06/2026 9:09;237;0
09/06/2026 9:10;243;0
09/06/2026 9:11;245;290
09/06/2026 9:12;247;0
09/06/2026 9:13;251;0
09/06/2026 9:14;254;0
09/06/2026 9:15;257;0
09/06/2026 9:16;260;0
09/06/2026 9:17;263;0
09/06/2026 9:18;268;0
09/06/2026 9:19;270;0
09/06/2026 9:20;273;0
09/06/2026 9:21;277;279
09/06/2026 9:22;281;0
09/06/2026 9:23;284;0
09/06/2026 9:24;286;0
09/06/2026 9:25;290;0
09/06/2026 9:26;294;0
09/06/2026 9:27;296;0
09/06/2026 9:28;300;0
09/06/2026 9:29;302;0
09/06/2026 9:30;306;0
09/06/2026 9:31;309;308
09/06/2026 9:32;313;0
09/06/2026 9:33;316;0
09/06/2026 9:34;318;0
09/06/2026 9:35;320;0
09/06/2026 9:36;325;0
09/06/2026 9:37;328;0
09/06/2026 9:38;332;0
09/06/2026 9:39;336;0
09/06/2026 9:40;338;0
09/06/2026 9:41;341;386
09/06/2026 9:42;345;0
09/06/2026 9:43;348;0
09/06/2026 9:44;350;0
09/06/2026 9:45;354;0
09/06/2026 9:46;357;0
09/06/2026 9:47;361;0
09/06/2026 9:48;361;0
09/06/2026 9:49;366;0
09/06/2026 9:50;369;0
09/06/2026 9:51;373;450
09/06/2026 9:52;375;0
09/06/2026 9:53;378;0
09/06/2026 9:54;381;0
09/06/2026 9:55;385;0
09/06/2026 9:56;387;0
09/06/2026 9:57;388;0
09/06/2026 9:58;392;0
09/06/2026 9:59;394;0
09/06/2026 10:00;398;0
09/06/2026 10:01;402;427
09/06/2026 10:02;403;0
09/06/2026 10:03;406;0
09/06/2026 10:04;409;0
09/06/2026 10:05;412;0
09/06/2026 10:06;415;0
09/06/2026 10:07;417;0
09/06/2026 10:08;419;0
09/06/2026 10:09;421;0
09/06/2026 10:10;424;0
09/06/2026 10:11;426;459
09/06/2026 10:12;428;0
09/06/2026 10:13;432;0
09/06/2026 10:14;434;0
09/06/2026 10:15;436;0
09/06/2026 10:16;441;0
09/06/2026 10:17;444;0
09/06/2026 10:18;446;0
09/06/2026 10:19;449;0
09/06/2026 10:20;451;0
09/06/2026 10:21;452;499
09/06/2026 10:22;456;0
09/06/2026 10:23;458;0
09/06/2026 10:24;461;0
09/06/2026 10:25;464;0
09/06/2026 10:26;467;0
09/06/2026 10:27;469;0
09/06/2026 10:28;471;0
09/06/2026 10:29;474;0
09/06/2026 10:30;477;0
09/06/2026 10:31;479;528
09/06/2026 10:32;482;0
09/06/2026 10:33;484;0
09/06/2026 10:34;485;0
09/06/2026 10:35;488;0
09/06/2026 10:36;491;0
09/06/2026 10:37;493;0
09/06/2026 10:38;496;0
09/06/2026 10:39;498;0
09/06/2026 10:40;500;0
09/06/2026 10:41;502;502
09/06/2026 10:42;504;0
09/06/2026 10:43;505;0
09/06/2026 10:44;507;0
09/06/2026 10:45;508;0
09/06/2026 10:46;510;0
09/06/2026 10:47;511;0
09/06/2026 10:48;514;0
09/06/2026 10:49;516;0
09/06/2026 10:50;518;0
09/06/2026 10:51;520;470
09/06/2026 10:52;523;0
09/06/2026 10:53;523;0
09/06/2026 10:54;525;0
09/06/2026 10:55;528;0
09/06/2026 10:56;527;0
09/06/2026 10:57;531;0
09/06/2026 10:58;533;0
09/06/2026 10:59;537;0
09/06/2026 11:00;539;0
09/06/2026 11:01;541;517
09/06/2026 11:02;544;0
09/06/2026 11:03;545;0
09/06/2026 11:04;545;0
09/06/2026 11:05;545;0
09/06/2026 11:06;547;0
09/06/2026 11:07;550;0
09/06/2026 11:08;552;0
09/06/2026 11:09;553;0
09/06/2026 11:10;556;0
09/06/2026 11:11;558;554
09/06/2026 11:12;559;0
09/06/2026 11:13;560;0
09/06/2026 11:14;562;0
09/06/2026 11:15;563;0
09/06/2026 11:16;565;0
09/06/2026 11:17;566;0
09/06/2026 11:18;568;0
09/06/2026 11:19;569;0
09/06/2026 11:20;571;0
09/06/2026 11:21;573;566
09/06/2026 11:22;573;0
09/06/2026 11:23;575;0
09/06/2026 11:24;577;0
09/06/2026 11:25;579;0
09/06/2026 11:26;583;0
09/06/2026 11:27;583;0
09/06/2026 11:28;584;0
09/06/2026 11:29;586;0
09/06/2026 11:30;587;0
09/06/2026 11:31;590;583
09/06/2026 11:32;593;0
09/06/2026 11:33;595;0
09/06/2026 11:34;594;0
09/06/2026 11:35;595;0
09/06/2026 11:36;596;0
09/06/2026 11:37;586;0
09/06/2026 11:38;601;0
09/06/2026 11:39;601;0
09/06/2026 11:40;602;0
09/06/2026 11:41;602;673
09/06/2026 11:42;605;0
09/06/2026 11:43;607;0
09/06/2026 11:44;606;0
09/06/2026 11:45;608;0
09/06/2026 11:46;609;0
09/06/2026 11:47;611;0
09/06/2026 11:48;614;0
09/06/2026 11:49;615;0
09/06/2026 11:50;616;0
09/06/2026 11:51;616;641
09/06/2026 11:52;618;0
09/06/2026 11:53;620;0
09/06/2026 11:54;620;0
09/06/2026 11:55;622;0
09/06/2026 11:56;624;0
09/06/2026 11:57;623;0
09/06/2026 11:58;626;0
09/06/2026 11:59;629;0
09/06/2026 12:00;630;0
09/06/2026 12:01;629;656
09/06/2026 12:02;630;0
09/06/2026 12:03;630;0
09/06/2026 12:04;630;0
09/06/2026 12:05;632;0
09/06/2026 12:06;634;0
09/06/2026 12:07;634;0
09/06/2026 12:08;634;0
09/06/2026 12:09;634;0
09/06/2026 12:10;634;0
09/06/2026 12:11;636;641
09/06/2026 12:12;638;0
09/06/2026 12:13;640;0
09/06/2026 12:14;638;0
09/06/2026 12:15;641;0
09/06/2026 12:16;640;0
09/06/2026 12:17;642;0
09/06/2026 12:18;646;0
09/06/2026 12:19;647;0
09/06/2026 12:20;647;0
09/06/2026 12:21;649;595
09/06/2026 12:22;650;0
09/06/2026 12:23;649;0
09/06/2026 12:24;648;0
09/06/2026 12:25;650;0
09/06/2026 12:26;651;0
09/06/2026 12:27;653;0
09/06/2026 12:28;654;0
09/06/2026 12:29;653;0
09/06/2026 12:30;653;0
09/06/2026 12:31;655;641
09/06/2026 12:32;658;0
09/06/2026 12:33;660;0
09/06/2026 12:34;660;0
09/06/2026 12:35;659;0
09/06/2026 12:36;661;0
09/06/2026 12:37;662;0
09/06/2026 12:38;662;0
09/06/2026 12:39;664;0
09/06/2026 12:40;663;0
09/06/2026 12:41;660;627
09/06/2026 12:42;662;0
09/06/2026 12:43;661;0
09/06/2026 12:44;662;0
09/06/2026 12:45;661;0
09/06/2026 12:46;663;0
09/06/2026 12:47;665;0
09/06/2026 12:48;667;0
09/06/2026 12:49;668;0
09/06/2026 12:50;669;0
09/06/2026 12:51;669;618
09/06/2026 12:52;669;0
09/06/2026 12:53;669;0
09/06/2026 12:54;669;0
09/06/2026 12:55;671;0
09/06/2026 12:56;670;0
09/06/2026 12:57;670;0
09/06/2026 12:58;671;0
09/06/2026 12:59;672;0
09/06/2026 13:00;674;0
09/06/2026 13:01;672;644
09/06/2026 13:02;673;0
09/06/2026 13:03;674;0
09/06/2026 13:04;674;0
09/06/2026 13:05;672;0
09/06/2026 13:06;672;0
09/06/2026 13:07;670;0
09/06/2026 13:08;671;0
09/06/2026 13:09;672;0
09/06/2026 13:10;672;0
09/06/2026 13:11;672;633
09/06/2026 13:12;674;0
09/06/2026 13:13;674;0
09/06/2026 13:14;674;0
09/06/2026 13:15;676;0
09/06/2026 13:16;675;0
09/06/2026 13:17;675;0
09/06/2026 13:18;675;0
09/06/2026 13:19;677;0
09/06/2026 13:20;677;0
09/06/2026 13:21;680;604
09/06/2026 13:22;679;0
09/06/2026 13:23;678;0
09/06/2026 13:24;677;0
09/06/2026 13:25;680;0
09/06/2026 13:26;678;0
09/06/2026 13:27;678;0
09/06/2026 13:28;677;0
09/06/2026 13:29;677;0
09/06/2026 13:30;679;0
09/06/2026 13:31;678;630
09/06/2026 13:32;677;0
09/06/2026 13:33;676;0
09/06/2026 13:34;674;0
09/06/2026 13:35;677;0
09/06/2026 13:36;679;0
09/06/2026 13:37;681;0
09/06/2026 13:38;679;0
09/06/2026 13:39;679;0
09/06/2026 13:40;681;0
09/06/2026 13:41;682;624
09/06/2026 13:42;683;0
09/06/2026 13:43;683;0
09/06/2026 13:44;681;0
09/06/2026 13:45;680;0
09/06/2026 13:46;681;0
09/06/2026 13:47;680;0
09/06/2026 13:48;678;0
09/06/2026 13:49;675;0
09/06/2026 13:50;679;0
09/06/2026 13:51;679;624
09/06/2026 13:52;679;0
09/06/2026 13:53;677;0
09/06/2026 13:54;678;0
09/06/2026 13:55;679;0
09/06/2026 13:56;678;0
09/06/2026 13:57;682;0
09/06/2026 13:58;682;0
09/06/2026 13:59;684;0
09/06/2026 14:00;682;0
09/06/2026 14:01;680;598
09/06/2026 14:02;676;0
09/06/2026 14:03;676;0
09/06/2026 14:04;679;0
09/06/2026 14:05;679;0
09/06/2026 14:06;676;0
09/06/2026 14:07;678;0
09/06/2026 14:08;677;0
09/06/2026 14:09;674;0
09/06/2026 14:10;671;0
09/06/2026 14:11;672;633
09/06/2026 14:12;672;0
09/06/2026 14:13;672;0
09/06/2026 14:14;670;0
09/06/2026 14:15;668;0
09/06/2026 14:16;666;0
09/06/2026 14:17;663;0
09/06/2026 14:18;666;0
09/06/2026 14:19;667;0
09/06/2026 14:20;668;0
09/06/2026 14:21;665;621
09/06/2026 14:22;663;0
09/06/2026 14:23;665;0
09/06/2026 14:24;662;0
09/06/2026 14:25;661;0
09/06/2026 14:26;659;0
09/06/2026 14:27;659;0
09/06/2026 14:28;659;0
09/06/2026 14:29;659;0
09/06/2026 14:30;656;0
09/06/2026 14:31;659;604
09/06/2026 14:32;660;0
09/06/2026 14:33;659;0
09/06/2026 14:34;660;0
09/06/2026 14:35;656;0
09/06/2026 14:36;659;0
09/06/2026 14:37;662;0
09/06/2026 14:38;662;0
09/06/2026 14:39;660;0
09/06/2026 14:40;659;0
09/06/2026 14:41;660;551
09/06/2026 14:42;659;0
09/06/2026 14:43;660;0
09/06/2026 14:44;660;0
09/06/2026 14:45;660;0
09/06/2026 14:46;659;0
09/06/2026 14:47;656;0
09/06/2026 14:48;654;0
09/06/2026 14:49;652;0
09/06/2026 14:50;647;0
09/06/2026 14:51;646;485
09/06/2026 14:52;642;0
09/06/2026 14:53;640;0
09/06/2026 14:54;637;0
09/06/2026 14:55;635;0
09/06/2026 14:56;632;0
09/06/2026 14:57;636;0
09/06/2026 14:58;638;0
09/06/2026 14:59;638;0
09/06/2026 15:00;637;0
09/06/2026 15:01;635;499
09/06/2026 15:02;634;0
09/06/2026 15:03;637;0
09/06/2026 15:04;634;0
09/06/2026 15:05;631;0
09/06/2026 15:06;633;0
09/06/2026 15:07;631;0
09/06/2026 15:08;630;0
09/06/2026 15:09;629;0
09/06/2026 15:10;630;0
09/06/2026 15:11;627;488
09/06/2026 15:12;625;0
09/06/2026 15:13;625;0
09/06/2026 15:14;624;0
09/06/2026 15:15;623;0
09/06/2026 15:16;619;0
09/06/2026 15:17;618;0
09/06/2026 15:18;619;0
09/06/2026 15:19;620;0
09/06/2026 15:20;615;0
09/06/2026 15:21;615;499
09/06/2026 15:22;616;0
09/06/2026 15:23;620;0
09/06/2026 15:24;621;0
09/06/2026 15:25;617;0
09/06/2026 15:26;615;0
09/06/2026 15:27;615;0
09/06/2026 15:28;613;0
09/06/2026 15:29;614;0
09/06/2026 15:30;615;0
09/06/2026 15:31;615;505
09/06/2026 15:32;613;0
09/06/2026 15:33;610;0
09/06/2026 15:34;607;0
09/06/2026 15:35;607;0
09/06/2026 15:36;603;0
09/06/2026 15:37;602;0
09/06/2026 15:38;604;0
09/06/2026 15:39;603;0
09/06/2026 15:40;600;0
09/06/2026 15:41;596;444
09/06/2026 15:42;588;0
09/06/2026 15:43;589;0
09/06/2026 15:44;588;0
09/06/2026 15:45;587;0
09/06/2026 15:46;586;0
09/06/2026 15:47;585;0
09/06/2026 15:48;584;0
09/06/2026 15:49;582;0
09/06/2026 15:50;580;0
09/06/2026 15:51;579;432
09/06/2026 15:52;580;0
09/06/2026 15:53;579;0
09/06/2026 15:54;580;0
09/06/2026 15:55;577;0
09/06/2026 15:56;575;0
09/06/2026 15:57;575;0
09/06/2026 15:58;576;0
09/06/2026 15:59;572;0
09/06/2026 16:00;573;0
09/06/2026 16:01;569;401
09/06/2026 16:02;563;0
09/06/2026 16:03;561;0
09/06/2026 16:04;558;0
09/06/2026 16:05;556;0
09/06/2026 16:06;557;0
09/06/2026 16:07;560;0
09/06/2026 16:08;556;0
09/06/2026 16:09;554;0
09/06/2026 16:10;549;0
09/06/2026 16:11;546;374
09/06/2026 16:12;544;0
09/06/2026 16:13;544;0
09/06/2026 16:14;543;0
09/06/2026 16:15;542;0
09/06/2026 16:16;541;0
09/06/2026 16:17;540;0
09/06/2026 16:18;541;0
09/06/2026 16:19;537;0
09/06/2026 16:20;536;0
09/06/2026 16:21;533;360
09/06/2026 16:22;531;0
09/06/2026 16:23;531;0
09/06/2026 16:24;529;0
09/06/2026 16:25;526;0
09/06/2026 16:26;526;0
09/06/2026 16:27;525;0
09/06/2026 16:28;519;0
09/06/2026 16:29;517;0
09/06/2026 16:30;513;0
09/06/2026 16:31;507;334
09/06/2026 16:32;504;0
09/06/2026 16:33;504;0
09/06/2026 16:34;502;0
09/06/2026 16:35;504;0
09/06/2026 16:36;502;0
09/06/2026 16:37;501;0
09/06/2026 16:38;499;0
09/06/2026 16:39;499;0
09/06/2026 16:40;498;0
09/06/2026 16:41;498;293
09/06/2026 16:42;497;0
09/06/2026 16:43;495;0
09/06/2026 16:44;495;0
09/06/2026 16:45;493;0
09/06/2026 16:46;491;0
09/06/2026 16:47;489;0
09/06/2026 16:48;486;0
09/06/2026 16:49;483;0
09/06/2026 16:50;477;0
09/06/2026 16:51;473;273
09/06/2026 16:52;472;0
09/06/2026 16:53;472;0
09/06/2026 16:54;470;0
09/06/2026 16:55;468;0
09/06/2026 16:56;467;0
09/06/2026 16:57;467;0
09/06/2026 16:58;464;0
09/06/2026 16:59;460;0
09/06/2026 17:00;459;0
09/06/2026 17:01;456;235
09/06/2026 17:02;455;0
09/06/2026 17:03;452;0
09/06/2026 17:04;450;0
09/06/2026 17:05;448;0
09/06/2026 17:06;445;0
09/06/2026 17:07;443;0
09/06/2026 17:08;441;0
09/06/2026 17:09;439;0
09/06/2026 17:10;435;0
09/06/2026 17:11;432;247
09/06/2026 17:12;431;0
09/06/2026 17:13;430;0
09/06/2026 17:14;428;0
09/06/2026 17:15;423;0
09/06/2026 17:16;419;0
09/06/2026 17:17;417;0
09/06/2026 17:18;417;0
09/06/2026 17:19;413;0
09/06/2026 17:20;410;0
09/06/2026 17:21;409;218
09/06/2026 17:22;407;0
09/06/2026 17:23;404;0
09/06/2026 17:24;399;0
09/06/2026 17:25;397;0
09/06/2026 17:26;394;0
09/06/2026 17:27;392;0
09/06/2026 17:28;389;0
09/06/2026 17:29;385;0
09/06/2026 17:30;382;0
09/06/2026 17:31;380;189
09/06/2026 17:32;377;0
09/06/2026 17:33;375;0
09/06/2026 17:34;373;0
09/06/2026 17:35;371;0
09/06/2026 17:36;368;0
09/06/2026 17:37;364;0
09/06/2026 17:38;362;0
09/06/2026 17:39;359;0
09/06/2026 17:40;356;0
09/06/2026 17:41;354;168
09/06/2026 17:42;351;0
09/06/2026 17:43;349;0
09/06/2026 17:44;346;0
09/06/2026 17:45;344;0
09/06/2026 17:46;342;0
09/06/2026 17:47;334;0
09/06/2026 17:48;332;0
09/06/2026 17:49;330;0
09/06/2026 17:50;329;0
09/06/2026 17:51;324;157
09/06/2026 17:52;322;0
09/06/2026 17:53;321;0
09/06/2026 17:54;319;0
09/06/2026 17:55;315;0
09/06/2026 17:56;313;0
09/06/2026 17:57;310;0
09/06/2026 17:58;306;0
09/06/2026 17:59;295;0
09/06/2026 18:00;293;0
09/06/2026 18:01;289;125
09/06/2026 18:02;262;0
09/06/2026 18:03;273;0
09/06/2026 18:04;270;0
09/06/2026 18:05;268;0
09/06/2026 18:06;266;0
09/06/2026 18:07;261;0
09/06/2026 18:08;254;0
09/06/2026 18:09;251;0
09/06/2026 18:10;249;0
09/06/2026 18:11;246;107
09/06/2026 18:12;237;0
09/06/2026 18:13;233;0
09/06/2026 18:14;230;0
09/06/2026 18:15;228;0
09/06/2026 18:16;228;0
09/06/2026 18:17;225;0
09/06/2026 18:18;173;0
09/06/2026 18:19;210;0
09/06/2026 18:20;213;0
09/06/2026 18:21;205;107
09/06/2026 18:22;203;0
09/06/2026 18:23;201;0
09/06/2026 18:24;198;0
09/06/2026 18:25;193;0
09/06/2026 18:26;188;0
09/06/2026 18:27;179;0
09/06/2026 18:28;175;0
09/06/2026 18:29;173;0
09/06/2026 18:30;162;0
09/06/2026 18:31;161;95,8
09/06/2026 18:32;158;0
09/06/2026 18:33;155;0
09/06/2026 18:34;142;0
09/06/2026 18:35;143;0
09/06/2026 18:36;147;0
09/06/2026 18:37;137;0
09/06/2026 18:38;136;0
09/06/2026 18:39;135;0
09/06/2026 18:40;137;0
09/06/2026 18:41;140;95,8
09/06/2026 18:42;135;0
09/06/2026 18:43;131;0
09/06/2026 18:44;129;0
09/06/2026 18:45;131;0
09/06/2026 18:46;130;0
09/06/2026 18:47;127;0
09/06/2026 18:48;118;0
09/06/2026 18:49;96;0
09/06/2026 18:50;108;0
09/06/2026 18:51;10;87,1
09/06/2026 18:52;7;0
09/06/2026 18:53;64;0
09/06/2026 18:54;13;0
09/06/2026 18:55;97;0
09/06/2026 18:56;97;0
09/06/2026 18:57;95;0
09/06/2026 18:58;6;0
09/06/2026 18:59;5;0
09/06/2026 19:00;4;0
09/06/2026 19:01;3;0
09/06/2026 19:02;30;0
09/06/2026 19:03;64;0
09/06/2026 19:04;0;0
09/06/2026 19:05;73;0
09/06/2026 19:06;67;0
09/06/2026 19:07;64;0
09/06/2026 19:08;60;0
09/06/2026 19:09;60;0
09/06/2026 19:10;57;0
09/06/2026 19:11;47;81,3
09/06/2026 19:12;28;0
09/06/2026 19:13;3;0
09/06/2026 19:14;3;0
09/06/2026 19:15;22;0
09/06/2026 19:16;34;0
09/06/2026 19:17;17;0
09/06/2026 19:18;31;0
09/06/2026 19:19;32;0
09/06/2026 19:20;32;0
09/06/2026 19:21;30;81,3
09/06/2026 19:22;27;0
09/06/2026 19:23;27;0
09/06/2026 19:24;25;0
09/06/2026 19:25;23;0
09/06/2026 19:26;22;0
09/06/2026 19:27;21;0
09/06/2026 19:28;20;0
09/06/2026 19:29;21;0
09/06/2026 19:30;19;0
09/06/2026 19:31;21;84,2
09/06/2026 19:32;21;0
09/06/2026 19:33;21;0
09/06/2026 19:34;19;0
09/06/2026 19:35;20;0
09/06/2026 19:36;25;0
09/06/2026 19:37;28;0
09/06/2026 19:38;35;0
09/06/2026 19:39;36;0
09/06/2026 19:40;37;0
09/06/2026 19:41;37;84,2
09/06/2026 19:42;40;0
09/06/2026 19:43;40;0
09/06/2026 19:44;39;0
09/06/2026 19:45;39;0
09/06/2026 19:46;40;0
09/06/2026 19:47;40;0
09/06/2026 19:48;40;0
09/06/2026 19:49;40;0
09/06/2026 19:50;40;0
09/06/2026 19:51;38;81,3
09/06/2026 19:52;38;0
09/06/2026 19:53;36;0
09/06/2026 19:54;35;0
09/06/2026 19:55;34;0
09/06/2026 19:56;33;0
09/06/2026 19:57;34;0
09/06/2026 19:58;34;0
09/06/2026 19:59;33;0
09/06/2026 20:00;32;0
09/06/2026 20:01;32;69,7
09/06/2026 20:02;33;0
09/06/2026 20:03;32;0
09/06/2026 20:04;33;0
09/06/2026 20:05;33;0
09/06/2026 20:06;32;0
09/06/2026 20:07;30;0
09/06/2026 20:08;30;0
09/06/2026 20:09;27;0
09/06/2026 20:10;29;0
09/06/2026 20:11;27;60,9
09/06/2026 20:12;27;0
09/06/2026 20:13;26;0
09/06/2026 20:14;25;0
09/06/2026 20:15;23;0
09/06/2026 20:16;20;0
09/06/2026 20:17;18;0
09/06/2026 20:18;15;0
09/06/2026 20:19;13;0
09/06/2026 20:20;11;0
09/06/2026 20:21;9;58
09/06/2026 20:22;7;0
09/06/2026 20:23;5;0
09/06/2026 20:24;4;0
09/06/2026 20:25;2;0
09/06/2026 20:26;1;0
09/06/2026 20:27;1;0
09/06/2026 20:28;0;0
09/06/2026 20:29;0;0
09/06/2026 20:30;0;0
09/06/2026 20:31;0;0
09/06/2026 20:32;0;0
09/06/2026 20:33;0;0
09/06/2026 20:34;0;0
09/06/2026 20:35;0;0
09/06/2026 20:36;0;0
09/06/2026 20:37;0;0
09/06/2026 20:38;0;0
09/06/2026 20:39;0;0
09/06/2026 20:40;0;0
09/06/2026 20:41;0;0
09/06/2026 20:42;0;0
09/06/2026 20:43;0;0
09/06/2026 20:44;0;0
09/06/2026 20:45;0;0
09/06/2026 20:46;0;0
09/06/2026 20:47;0;0
09/06/2026 20:48;0;0
09/06/2026 20:49;0;0
09/06/2026 20:50;0;0
09/06/2026 20:51;0;0
09/06/2026 20:52;0;0
09/06/2026 20:53;0;0
09/06/2026 20:54;0;0
09/06/2026 20:55;0;0
09/06/2026 20:56;0;0
09/06/2026 20:57;0;0
09/06/2026 20:58;0;0
09/06/2026 20:59;0;0
09/06/2026 21:00;0;0
09/06/2026 21:01;0;0
09/06/2026 21:02;0;0
09/06/2026 21:03;0;0
09/06/2026 21:04;0;0
09/06/2026 21:05;0;0
09/06/2026 21:06;0;0
09/06/2026 21:07;0;0
09/06/2026 21:08;0;0
09/06/2026 21:09;0;0
09/06/2026 21:10;0;0
09/06/2026 21:11;0;0
09/06/2026 21:12;0;0
09/06/2026 21:13;0;0
09/06/2026 21:14;0;0
09/06/2026 21:15;0;0
09/06/2026 21:16;0;0
09/06/2026 21:17;0;0
09/06/2026 21:18;0;0
09/06/2026 21:19;0;0
09/06/2026 21:20;0;0
09/06/2026 21:21;0;0
09/06/2026 21:22;0;0
09/06/2026 21:23;0;0
09/06/2026 21:24;0;0
09/06/2026 21:25;0;0
09/06/2026 21:26;0;0
09/06/2026 21:27;0;0
09/06/2026 21:28;0;0
09/06/2026 21:29;0;0
09/06/2026 21:30;0;0
09/06/2026 21:31;0;0
09/06/2026 21:32;0;0
09/06/2026 21:33;0;0
09/06/2026 21:34;0;0
09/06/2026 21:35;0;0
09/06/2026 21:36;0;0
09/06/2026 21:37;0;0
09/06/2026 21:38;0;0
09/06/2026 21:39;0;0
09/06/2026 21:40;0;0
09/06/2026 21:41;0;0
09/06/2026 21:42;0;0
09/06/2026 21:43;0;0
09/06/2026 21:44;0;0
09/06/2026 21:45;0;0
09/06/2026 21:46;0;0
09/06/2026 21:47;0;0
09/06/2026 21:48;0;0
09/06/2026 21:49;0;0
09/06/2026 21:50;0;0
09/06/2026 21:51;0;0
09/06/2026 21:52;0;0
09/06/2026 21:53;0;0
09/06/2026 21:54;0;0
09/06/2026 21:55;0;0
09/06/2026 21:56;0;0
09/06/2026 21:57;0;0
09/06/2026 21:58;0;0
09/06/2026 21:59;0;0
09/06/2026 22:00;0;0
09/06/2026 22:01;0;0
09/06/2026 22:02;0;0
09/06/2026 22:03;0;0
09/06/2026 22:04;0;0
09/06/2026 22:05;0;0
09/06/2026 22:06;0;0
09/06/2026 22:07;0;0
09/06/2026 22:08;0;0
09/06/2026 22:09;0;0
09/06/2026 22:10;0;0
09/06/2026 22:11;0;0
09/06/2026 22:12;0;0
09/06/2026 22:13;0;0
09/06/2026 22:14;0;0
09/06/2026 22:15;0;0
09/06/2026 22:16;0;0
09/06/2026 22:17;0;0
09/06/2026 22:18;0;0
09/06/2026 22:19;0;0
09/06/2026 22:20;0;0
09/06/2026 22:21;0;0
09/06/2026 22:22;0;0
09/06/2026 22:23;0;0
09/06/2026 22:24;0;0
09/06/2026 22:25;0;0
09/06/2026 22:26;0;0
09/06/2026 22:27;0;0
09/06/2026 22:28;0;0
09/06/2026 22:29;0;0
09/06/2026 22:30;0;0
09/06/2026 22:31;0;0
09/06/2026 22:32;0;0
09/06/2026 22:33;0;0
09/06/2026 22:34;0;0
09/06/2026 22:35;0;0
09/06/2026 22:36;0;0
09/06/2026 22:37;0;0
09/06/2026 22:38;0;0
09/06/2026 22:39;0;0
09/06/2026 22:40;0;0
09/06/2026 22:41;0;0
09/06/2026 22:42;0;0
09/06/2026 22:43;0;0
09/06/2026 22:44;0;0
09/06/2026 22:45;0;0
09/06/2026 22:46;0;0
09/06/2026 22:47;0;0
09/06/2026 22:48;0;0
09/06/2026 22:49;0;0
09/06/2026 22:50;0;0
09/06/2026 22:51;0;0
09/06/2026 22:52;0;0
09/06/2026 22:53;0;0
09/06/2026 22:54;0;0
09/06/2026 22:55;0;0
09/06/2026 22:56;0;0
09/06/2026 22:57;0;0
09/06/2026 22:58;0;0
09/06/2026 22:59;0;0
09/06/2026 23:00;0;0
09/06/2026 23:01;0;0
09/06/2026 23:02;0;0
09/06/2026 23:03;0;0
09/06/2026 23:04;0;0
09/06/2026 23:05;0;0
09/06/2026 23:06;0;0
09/06/2026 23:07;0;0
09/06/2026 23:08;0;0
09/06/2026 23:09;0;0
09/06/2026 23:10;0;0
09/06/2026 23:11;0;0
09/06/2026 23:12;0;0
09/06/2026 23:13;0;0
09/06/2026 23:14;0;0
09/06/2026 23:15;0;0
09/06/2026 23:16;0;0
09/06/2026 23:17;0;0
09/06/2026 23:18;0;0
09/06/2026 23:19;0;0
09/06/2026 23:20;0;0
09/06/2026 23:21;0;0
09/06/2026 23:22;0;0
09/06/2026 23:23;0;0
09/06/2026 23:24;0;0
09/06/2026 23:25;0;0
09/06/2026 23:26;0;0
09/06/2026 23:27;0;0
09/06/2026 23:28;0;0
09/06/2026 23:29;0;0
09/06/2026 23:30;0;0
09/06/2026 23:31;0;0
09/06/2026 23:32;0;0
09/06/2026 23:33;0;0
09/06/2026 23:34;0;0
09/06/2026 23:35;0;0
09/06/2026 23:36;0;0
09/06/2026 23:37;0;0
09/06/2026 23:38;0;0
09/06/2026 23:39;0;0
09/06/2026 23:40;0;0
09/06/2026 23:41;0;0
09/06/2026 23:42;0;0
09/06/2026 23:43;0;0
09/06/2026 23:44;0;0
09/06/2026 23:45;0;0
09/06/2026 23:46;0;0
09/06/2026 23:47;0;0
09/06/2026 23:48;0;0
09/06/2026 23:49;0;0
09/06/2026 23:50;0;0
09/06/2026 23:51;0;0
09/06/2026 23:52;0;0
09/06/2026 23:53;0;0
09/06/2026 23:54;0;0
09/06/2026 23:55;0;0
09/06/2026 23:56;0;0
09/06/2026 23:57;0;0
09/06/2026 23:58;0;0
09/06/2026 23:59;0;0
10/06/2026 0:00;0;0
10/06/2026 0:01;0;0
10/06/2026 0:02;0;0
10/06/2026 0:03;0;0
10/06/2026 0:04;0;0
10/06/2026 0:05;0;0
10/06/2026 0:06;0;0
10/06/2026 0:07;0;0
10/06/2026 0:08;0;0
10/06/2026 0:09;0;0
10/06/2026 0:10;0;0
10/06/2026 0:11;0;0
10/06/2026 0:12;0;0
10/06/2026 0:13;0;0
10/06/2026 0:14;0;0
10/06/2026 0:15;0;0
10/06/2026 0:16;0;0
10/06/2026 0:17;0;0
10/06/2026 0:18;0;0
10/06/2026 0:19;0;0
10/06/2026 0:20;0;0
10/06/2026 0:21;0;0
10/06/2026 0:22;0;0
10/06/2026 0:23;0;0
10/06/2026 0:24;0;0
10/06/2026 0:25;0;0
10/06/2026 0:26;0;0
10/06/2026 0:27;0;0
10/06/2026 0:28;0;0
10/06/2026 0:29;0;0
10/06/2026 0:30;0;0
10/06/2026 0:31;0;0
10/06/2026 0:32;0;0
10/06/2026 0:33;0;0
10/06/2026 0:34;0;0
10/06/2026 0:35;0;0
10/06/2026 0:36;0;0
10/06/2026 0:37;0;0
10/06/2026 0:38;0;0
10/06/2026 0:39;0;0
10/06/2026 0:40;0;0
10/06/2026 0:41;0;0
10/06/2026 0:42;0;0
10/06/2026 0:43;0;0
10/06/2026 0:44;0;0
10/06/2026 0:45;0;0
10/06/2026 0:46;0;0
10/06/2026 0:47;0;0
10/06/2026 0:48;0;0
10/06/2026 0:49;0;0
10/06/2026 0:50;0;0
10/06/2026 0:51;0;0
10/06/2026 0:52;0;0
10/06/2026 0:53;0;0
10/06/2026 0:54;0;0
10/06/2026 0:55;0;0
10/06/2026 0:56;0;0
10/06/2026 0:57;0;0
10/06/2026 0:58;0;0
10/06/2026 0:59;0;0
10/06/2026 1:00;0;0
10/06/2026 1:01;0;0
10/06/2026 1:02;0;0
10/06/2026 1:03;0;0
10/06/2026 1:04;0;0
10/06/2026 1:05;0;0
10/06/2026 1:06;0;0
10/06/2026 1:07;0;0
10/06/2026 1:08;0;0
10/06/2026 1:09;0;0
10/06/2026 1:10;0;0
10/06/2026 1:11;0;0
10/06/2026 1:12;0;0
10/06/2026 1:13;0;0
10/06/2026 1:14;0;0
10/06/2026 1:15;0;0
10/06/2026 1:16;0;0
10/06/2026 1:17;0;0
10/06/2026 1:18;0;0
10/06/2026 1:19;0;0
10/06/2026 1:20;0;0
10/06/2026 1:21;0;0
10/06/2026 1:22;0;0
10/06/2026 1:23;0;0
10/06/2026 1:24;0;0
10/06/2026 1:25;0;0
10/06/2026 1:26;0;0
10/06/2026 1:27;0;0
10/06/2026 1:28;0;0
10/06/2026 1:29;0;0
10/06/2026 1:30;0;0
10/06/2026 1:31;0;0
10/06/2026 1:32;0;0
10/06/2026 1:33;0;0
10/06/2026 1:34;0;0
10/06/2026 1:35;0;0
10/06/2026 1:36;0;0
10/06/2026 1:37;0;0
10/06/2026 1:38;0;0
10/06/2026 1:39;0;0
10/06/2026 1:40;0;0
10/06/2026 1:41;0;0
10/06/2026 1:42;0;0
10/06/2026 1:43;0;0
10/06/2026 1:44;0;0
10/06/2026 1:45;0;0
10/06/2026 1:46;0;0
10/06/2026 1:47;0;0
10/06/2026 1:48;0;0
10/06/2026 1:49;0;0
10/06/2026 1:50;0;0
10/06/2026 1:51;0;0
10/06/2026 1:52;0;0
10/06/2026 1:53;0;0
10/06/2026 1:54;0;0
10/06/2026 1:55;0;0
10/06/2026 1:56;0;0
10/06/2026 1:57;0;0
10/06/2026 1:58;0;0
10/06/2026 1:59;0;0
10/06/2026 2:00;0;0
10/06/2026 2:01;0;0
10/06/2026 2:02;0;0
10/06/2026 2:03;0;0
10/06/2026 2:04;0;0
10/06/2026 2:05;0;0
10/06/2026 2:06;0;0
10/06/2026 2:07;0;0
10/06/2026 2:08;0;0
10/06/2026 2:09;0;0
10/06/2026 2:10;0;0
10/06/2026 2:11;0;0
10/06/2026 2:12;0;0
10/06/2026 2:13;0;0
10/06/2026 2:14;0;0
10/06/2026 2:15;0;0
10/06/2026 2:16;0;0
10/06/2026 2:17;0;0
10/06/2026 2:18;0;0
10/06/2026 2:19;0;0
10/06/2026 2:20;0;0
10/06/2026 2:21;0;0
10/06/2026 2:22;0;0
10/06/2026 2:23;0;0
10/06/2026 2:24;0;0
10/06/2026 2:25;0;0
10/06/2026 2:26;0;0
10/06/2026 2:27;0;0
10/06/2026 2:28;0;0
10/06/2026 2:29;0;0
10/06/2026 2:30;0;0
10/06/2026 2:31;0;0
10/06/2026 2:32;0;0
10/06/2026 2:33;0;0
10/06/2026 2:34;0;0
10/06/2026 2:35;0;0
10/06/2026 2:36;0;0
10/06/2026 2:37;0;0
10/06/2026 2:38;0;0
10/06/2026 2:39;0;0
10/06/2026 2:40;0;0
10/06/2026 2:41;0;0
10/06/2026 2:42;0;0
10/06/2026 2:43;0;0
10/06/2026 2:44;0;0
10/06/2026 2:45;0;0
10/06/2026 2:46;0;0
10/06/2026 2:47;0;0
10/06/2026 2:48;0;0
10/06/2026 2:49;0;0
10/06/2026 2:50;0;0
10/06/2026 2:51;0;0
10/06/2026 2:52;0;0
10/06/2026 2:53;0;0
10/06/2026 2:54;0;0
10/06/2026 2:55;0;0
10/06/2026 2:56;0;0
10/06/2026 2:57;0;0
10/06/2026 2:58;0;0
10/06/2026 2:59;0;0
10/06/2026 3:00;0;0
10/06/2026 3:01;0;0
10/06/2026 3:02;0;0
10/06/2026 3:03;0;0
10/06/2026 3:04;0;0
10/06/2026 3:05;0;0
10/06/2026 3:06;0;0
10/06/2026 3:07;0;0
10/06/2026 3:08;0;0
10/06/2026 3:09;0;0
10/06/2026 3:10;0;0
10/06/2026 3:11;0;0
10/06/2026 3:12;0;0
10/06/2026 3:13;0;0
10/06/2026 3:14;0;0
10/06/2026 3:15;0;0
10/06/2026 3:16;0;0
10/06/2026 3:17;0;0
10/06/2026 3:18;0;0
10/06/2026 3:19;0;0
10/06/2026 3:20;0;0
10/06/2026 3:21;0;0
10/06/2026 3:22;0;0
10/06/2026 3:23;0;0
10/06/2026 3:24;0;0
10/06/2026 3:25;0;0
10/06/2026 3:26;0;0
10/06/2026 3:27;0;0
10/06/2026 3:28;0;0
10/06/2026 3:29;0;0
10/06/2026 3:30;0;0
10/06/2026 3:31;0;0
10/06/2026 3:32;0;0
10/06/2026 3:33;0;0
10/06/2026 3:34;0;0
10/06/2026 3:35;0;0
10/06/2026 3:36;0;0
10/06/2026 3:37;0;0
10/06/2026 3:38;0;0
10/06/2026 3:39;0;0
10/06/2026 3:40;0;0
10/06/2026 3:41;0;0
10/06/2026 3:42;0;0
10/06/2026 3:43;0;0
10/06/2026 3:44;0;0
10/06/2026 3:45;0;0
10/06/2026 3:46;0;0
10/06/2026 3:47;0;0
10/06/2026 3:48;0;0
10/06/2026 3:49;0;0
10/06/2026 3:50;0;0
10/06/2026 3:51;0;0
10/06/2026 3:52;0;0
10/06/2026 3:53;0;0
10/06/2026 3:54;0;0
10/06/2026 3:55;0;0
10/06/2026 3:56;0;0
10/06/2026 3:57;0;0
10/06/2026 3:58;0;0
10/06/2026 3:59;0;0
10/06/2026 4:00;0;0
10/06/2026 4:01;0;0
10/06/2026 4:02;0;0
10/06/2026 4:03;0;0
10/06/2026 4:04;0;0
10/06/2026 4:05;0;0
10/06/2026 4:06;0;0
10/06/2026 4:07;0;0
10/06/2026 4:08;0;0
10/06/2026 4:09;0;0
10/06/2026 4:10;0;0
10/06/2026 4:11;0;0
10/06/2026 4:12;0;0
10/06/2026 4:13;0;0
10/06/2026 4:14;0;0
10/06/2026 4:15;0;0
10/06/2026 4:16;0;0
10/06/2026 4:17;0;0
10/06/2026 4:18;0;0
10/06/2026 4:19;0;0
10/06/2026 4:20;0;0
10/06/2026 4:21;0;0
10/06/2026 4:22;0;0
10/06/2026 4:23;0;0
10/06/2026 4:24;0;0
10/06/2026 4:25;0;0
10/06/2026 4:26;0;0
10/06/2026 4:27;0;0
10/06/2026 4:28;0;0
10/06/2026 4:29;0;0
10/06/2026 4:30;0;0
10/06/2026 4:31;0;0
10/06/2026 4:32;0;0
10/06/2026 4:33;0;0
10/06/2026 4:34;0;0
10/06/2026 4:35;0;0
10/06/2026 4:36;0;0
10/06/2026 4:37;0;0
10/06/2026 4:38;0;0
10/06/2026 4:39;0;0
10/06/2026 4:40;0;0
10/06/2026 4:41;0;0
10/06/2026 4:42;0;0
10/06/2026 4:43;0;0
10/06/2026 4:44;0;0
10/06/2026 4:45;0;0
10/06/2026 4:46;0;0
10/06/2026 4:47;0;0
10/06/2026 4:48;0;0
10/06/2026 4:49;0;0
10/06/2026 4:50;0;0
10/06/2026 4:51;0;0
10/06/2026 4:52;0;0
10/06/2026 4:53;0;0
10/06/2026 4:54;0;0
10/06/2026 4:55;0;0
10/06/2026 4:56;0;0
10/06/2026 4:57;0;0
10/06/2026 4:58;0;0
10/06/2026 4:59;0;0
10/06/2026 5:00;0;0
10/06/2026 5:01;0;0
10/06/2026 5:02;0;0
10/06/2026 5:03;0;0
10/06/2026 5:04;0;0
10/06/2026 5:05;0;0
10/06/2026 5:06;0;0
10/06/2026 5:07;0;0
10/06/2026 5:08;0;0
10/06/2026 5:09;0;0
10/06/2026 5:10;0;0
10/06/2026 5:11;0;0
10/06/2026 5:12;0;0
10/06/2026 5:13;0;0
10/06/2026 5:14;0;0
10/06/2026 5:15;0;0
10/06/2026 5:16;0;0
10/06/2026 5:17;0;0
10/06/2026 5:18;0;0
10/06/2026 5:19;0;0
10/06/2026 5:20;0;0
10/06/2026 5:21;0;0
10/06/2026 5:22;0;0
10/06/2026 5:23;0;0
10/06/2026 5:24;0;0
10/06/2026 5:25;0;0
10/06/2026 5:26;0;0
10/06/2026 5:27;0;0
10/06/2026 5:28;0;0
10/06/2026 5:29;0;0
10/06/2026 5:30;0;0
10/06/2026 5:31;0;0
10/06/2026 5:32;0;0
10/06/2026 5:33;0;0
10/06/2026 5:34;0;0
10/06/2026 5:35;0;0
10/06/2026 5:36;0;0
10/06/2026 5:37;0;0
10/06/2026 5:38;0;0
10/06/2026 5:39;0;0
10/06/2026 5:40;0;0
10/06/2026 5:41;0;0
10/06/2026 5:42;0;0
10/06/2026 5:43;0;0
10/06/2026 5:44;0;0
10/06/2026 5:45;0;0
10/06/2026 5:46;0;0
10/06/2026 5:47;0;0
10/06/2026 5:48;0;0
10/06/2026 5:49;0;0
10/06/2026 5:50;0;0
10/06/2026 5:51;0;0
10/06/2026 5:52;0;0
10/06/2026 5:53;0;0
10/06/2026 5:54;0;0
10/06/2026 5:55;0;0
10/06/2026 5:56;0;0
10/06/2026 5:57;0;0
10/06/2026 5:58;0;0
10/06/2026 5:59;0;0
10/06/2026 6:00;0;0
10/06/2026 6:01;0;0
10/06/2026 6:02;0;0
10/06/2026 6:03;0;0
10/06/2026 6:04;0;0
10/06/2026 6:05;0;0
10/06/2026 6:06;0;0
10/06/2026 6:07;0;0
10/06/2026 6:08;0;0
10/06/2026 6:09;0;0
10/06/2026 6:10;0;0
10/06/2026 6:11;0;0
10/06/2026 6:12;0;0
10/06/2026 6:13;0;0
10/06/2026 6:14;0;0
10/06/2026 6:15;0;0
10/06/2026 6:16;0;0
10/06/2026 6:17;0;0
10/06/2026 6:18;0;0
10/06/2026 6:19;0;0
10/06/2026 6:20;0;0
10/06/2026 6:21;0;0
10/06/2026 6:22;0;0
10/06/2026 6:23;0;0
10/06/2026 6:24;0;0
10/06/2026 6:25;0;0
10/06/2026 6:26;0;0
10/06/2026 6:27;0;0
10/06/2026 6:28;0;0
10/06/2026 6:29;0;0
10/06/2026 6:30;0;0
10/06/2026 6:31;0;0
10/06/2026 6:32;0;0
10/06/2026 6:33;0;0
10/06/2026 6:34;0;0
10/06/2026 6:35;0;0
10/06/2026 6:36;0;0
10/06/2026 6:37;0;0
10/06/2026 6:38;0;0
10/06/2026 6:39;0;0
10/06/2026 6:40;0;0
10/06/2026 6:41;0;0
10/06/2026 6:42;0;0
10/06/2026 6:43;0;0
10/06/2026 6:44;0;0
10/06/2026 6:45;0;0
10/06/2026 6:46;0;0
10/06/2026 6:47;0;0
10/06/2026 6:48;0;0
10/06/2026 6:49;0;0
10/06/2026 6:50;0;0
10/06/2026 6:51;0;0
10/06/2026 6:52;0;0
10/06/2026 6:53;0;0
10/06/2026 6:54;0;0
10/06/2026 6:55;0;0
10/06/2026 6:56;0;0
10/06/2026 6:57;0;0
10/06/2026 6:58;0;0
10/06/2026 6:59;0;0
10/06/2026 7:00;0;0
10/06/2026 7:01;0;0
10/06/2026 7:02;0;0
10/06/2026 7:03;0;0
10/06/2026 7:04;0;0
10/06/2026 7:05;0;0
10/06/2026 7:06;0;0
10/06/2026 7:07;0;0
10/06/2026 7:08;0;0
10/06/2026 7:09;0;0
10/06/2026 7:10;0;0
10/06/2026 7:11;0;0
10/06/2026 7:12;0;0
10/06/2026 7:13;0;0
10/06/2026 7:14;0;0
10/06/2026 7:15;0;0
10/06/2026 7:16;0;0
10/06/2026 7:17;0;0
10/06/2026 7:18;0;0
10/06/2026 7:19;0;0
10/06/2026 7:20;0;0
10/06/2026 7:21;0;0
10/06/2026 7:22;0;0
10/06/2026 7:23;0;0
10/06/2026 7:24;0;0
10/06/2026 7:25;0;0
10/06/2026 7:26;0;0
10/06/2026 7:27;0;0
10/06/2026 7:28;0;0
10/06/2026 7:29;0;0
10/06/2026 7:30;0;0
10/06/2026 7:31;0;0
10/06/2026 7:32;0;0
10/06/2026 7:33;0;0
10/06/2026 7:34;0;0
10/06/2026 7:35;0;0
10/06/2026 7:36;0;0
10/06/2026 7:37;0;0
10/06/2026 7:38;0;0
10/06/2026 7:39;0;0
10/06/2026 7:40;0;0
10/06/2026 7:41;0;0
10/06/2026 7:42;0;0
10/06/2026 7:43;0;0
10/06/2026 7:44;0;0
10/06/2026 7:45;0;0
10/06/2026 7:46;0;0
10/06/2026 7:47;1;0
10/06/2026 7:48;2;0
10/06/2026 7:49;3;0
10/06/2026 7:50;7;0
10/06/2026 7:51;11;78,4
10/06/2026 7:52;13;0
10/06/2026 7:53;16;0
10/06/2026 7:54;24;0
10/06/2026 7:55;27;0
10/06/2026 7:56;30;0
10/06/2026 7:57;31;0
10/06/2026 7:58;34;0
10/06/2026 7:59;37;0
10/06/2026 8:00;39;0
10/06/2026 8:01;41;116
10/06/2026 8:02;43;0
10/06/2026 8:03;45;0
10/06/2026 8:04;46;0
10/06/2026 8:05;49;0
10/06/2026 8:06;49;0
10/06/2026 8:07;51;0
10/06/2026 8:08;57;0
10/06/2026 8:09;62;0
10/06/2026 8:10;59;0
10/06/2026 8:11;53;95,8
10/06/2026 8:12;57;0
10/06/2026 8:13;68;0
10/06/2026 8:14;61;0
10/06/2026 8:15;61;0
10/06/2026 8:16;62;0
10/06/2026 8:17;78;0
10/06/2026 8:18;70;0
10/06/2026 8:19;46;0
10/06/2026 8:20;74;0
10/06/2026 8:21;94;160
10/06/2026 8:22;96;0
10/06/2026 8:23;97;0
10/06/2026 8:24;82;0
10/06/2026 8:25;92;0
10/06/2026 8:26;103;0
10/06/2026 8:27;102;0
10/06/2026 8:28;104;0
10/06/2026 8:29;115;0
10/06/2026 8:30;106;0
10/06/2026 8:31;120;223
10/06/2026 8:32;122;0
10/06/2026 8:33;121;0
10/06/2026 8:34;122;0
10/06/2026 8:35;117;0
10/06/2026 8:36;137;0
10/06/2026 8:37;134;0
10/06/2026 8:38;145;0
10/06/2026 8:39;148;0
10/06/2026 8:40;134;0
10/06/2026 8:41;154;212
10/06/2026 8:42;158;0
10/06/2026 8:43;161;0
10/06/2026 8:44;163;0
10/06/2026 8:45;167;0
10/06/2026 8:46;169;0
10/06/2026 8:47;172;0
10/06/2026 8:48;175;0
10/06/2026 8:49;178;0
10/06/2026 8:50;180;0
10/06/2026 8:51;185;194
10/06/2026 8:52;189;0
10/06/2026 8:53;191;0
10/06/2026 8:54;193;0
10/06/2026 8:55;197;0
10/06/2026 8:56;200;0
10/06/2026 8:57;204;0
10/06/2026 8:58;208;0
10/06/2026 8:59;213;0
10/06/2026 9:00;214;0
10/06/2026 9:01;217;276
10/06/2026 9:02;220;0
10/06/2026 9:03;224;0
10/06/2026 9:04;228;0
10/06/2026 9:05;230;0
10/06/2026 9:06;235;0
10/06/2026 9:07;237;0
10/06/2026 9:08;238;0
10/06/2026 9:09;242;0
10/06/2026 9:10;244;0
10/06/2026 9:11;247;258
10/06/2026 9:12;251;0
10/06/2026 9:13;256;0
10/06/2026 9:14;260;0
10/06/2026 9:15;263;0
10/06/2026 9:16;267;0
10/06/2026 9:17;270;0
10/06/2026 9:18;273;0
10/06/2026 9:19;276;0
10/06/2026 9:20;279;0
10/06/2026 9:21;283;342
10/06/2026 9:22;276;0
10/06/2026 9:23;279;0
10/06/2026 9:24;292;0
10/06/2026 9:25;295;0
10/06/2026 9:26;299;0
10/06/2026 9:27;303;0
10/06/2026 9:28;305;0
10/06/2026 9:29;308;0
10/06/2026 9:30;311;0
10/06/2026 9:31;314;348
10/06/2026 9:32;317;0
10/06/2026 9:33;320;0
10/06/2026 9:34;324;0
10/06/2026 9:35;327;0
10/06/2026 9:36;330;0
10/06/2026 9:37;332;0
10/06/2026 9:38;335;0
10/06/2026 9:39;338;0
10/06/2026 9:40;341;0
10/06/2026 9:41;344;418
10/06/2026 9:42;348;0
10/06/2026 9:43;350;0
10/06/2026 9:44;354;0
10/06/2026 9:45;356;0
10/06/2026 9:46;359;0
10/06/2026 9:47;363;0
10/06/2026 9:48;364;0
10/06/2026 9:49;367;0
10/06/2026 9:50;372;0
10/06/2026 9:51;373;366
10/06/2026 9:52;377;0
10/06/2026 9:53;378;0
10/06/2026 9:54;381;0
10/06/2026 9:55;383;0
10/06/2026 9:56;386;0
10/06/2026 9:57;389;0
10/06/2026 9:58;392;0
10/06/2026 9:59;397;0
10/06/2026 10:00;398;0
10/06/2026 10:01;402;398
10/06/2026 10:02;405;0
10/06/2026 10:03;408;0
10/06/2026 10:04;411;0
10/06/2026 10:05;413;0
10/06/2026 10:06;416;0
10/06/2026 10:07;418;0
10/06/2026 10:08;422;0
10/06/2026 10:09;424;0
10/06/2026 10:10;426;0
10/06/2026 10:11;428;485
10/06/2026 10:12;431;0
10/06/2026 10:13;432;0
10/06/2026 10:14;436;0
10/06/2026 10:15;439;0
10/06/2026 10:16;440;0
10/06/2026 10:17;444;0
10/06/2026 10:18;445;0
10/06/2026 10:19;448;0
10/06/2026 10:20;452;0
10/06/2026 10:21;453;543
10/06/2026 10:22;455;0
10/06/2026 10:23;457;0
10/06/2026 10:24;460;0
10/06/2026 10:25;463;0
10/06/2026 10:26;465;0
10/06/2026 10:27;467;0
10/06/2026 10:28;471;0
10/06/2026 10:29;473;0
10/06/2026 10:30;474;0
10/06/2026 10:31;477;499
10/06/2026 10:32;478;0
10/06/2026 10:33;481;0
10/06/2026 10:34;483;0
10/06/2026 10:35;485;0
10/06/2026 10:36;488;0
10/06/2026 10:37;489;0
10/06/2026 10:38;491;0
10/06/2026 10:39;495;0
10/06/2026 10:40;498;0
10/06/2026 10:41;502;459
10/06/2026 10:42;505;0
10/06/2026 10:43;504;0
10/06/2026 10:44;505;0
10/06/2026 10:45;508;0
10/06/2026 10:46;512;0
10/06/2026 10:47;513;0
10/06/2026 10:48;513;0
10/06/2026 10:49;516;0
10/06/2026 10:50;518;0
10/06/2026 10:51;520;525
10/06/2026 10:52;521;0
10/06/2026 10:53;524;0
10/06/2026 10:54;526;0
10/06/2026 10:55;530;0
10/06/2026 10:56;533;0
10/06/2026 10:57;536;0
10/06/2026 10:58;536;0
10/06/2026 10:59;538;0
10/06/2026 11:00;539;0
10/06/2026 11:01;542;598
10/06/2026 11:02;544;0
10/06/2026 11:03;545;0
10/06/2026 11:04;546;0
10/06/2026 11:05;548;0
10/06/2026 11:06;550;0
10/06/2026 11:07;552;0
10/06/2026 11:08;552;0
10/06/2026 11:09;553;0
10/06/2026 11:10;558;0
10/06/2026 11:11;562;607
10/06/2026 11:12;565;0
10/06/2026 11:13;567;0
10/06/2026 11:14;569;0
10/06/2026 11:15;570;0
10/06/2026 11:16;572;0
10/06/2026 11:17;574;0
10/06/2026 11:18;573;0
10/06/2026 11:19;576;0
10/06/2026 11:20;573;0
10/06/2026 11:21;576;609
10/06/2026 11:22;576;0
10/06/2026 11:23;578;0
10/06/2026 11:24;581;0
10/06/2026 11:25;582;0
10/06/2026 11:26;585;0
10/06/2026 11:27;590;0
10/06/2026 11:28;589;0
10/06/2026 11:29;590;0
10/06/2026 11:30;593;0
10/06/2026 11:31;596;546
10/06/2026 11:32;596;0
10/06/2026 11:33;600;0
10/06/2026 11:34;602;0
10/06/2026 11:35;604;0
10/06/2026 11:36;606;0
10/06/2026 11:37;607;0
10/06/2026 11:38;607;0
10/06/2026 11:39;608;0
10/06/2026 11:40;607;0
10/06/2026 11:41;611;604
10/06/2026 11:42;611;0
10/06/2026 11:43;612;0
10/06/2026 11:44;613;0
10/06/2026 11:45;616;0
10/06/2026 11:46;616;0
10/06/2026 11:47;615;0
10/06/2026 11:48;616;0
10/06/2026 11:49;618;0
10/06/2026 11:50;620;0
10/06/2026 11:51;622;595
10/06/2026 11:52;625;0
10/06/2026 11:53;628;0
10/06/2026 11:54;629;0
10/06/2026 11:55;628;0
10/06/2026 11:56;628;0
10/06/2026 11:57;627;0
10/06/2026 11:58;626;0
10/06/2026 11:59;628;0
10/06/2026 12:00;630;0
10/06/2026 12:01;634;569
10/06/2026 12:02;637;0
10/06/2026 12:03;632;0
10/06/2026 12:04;639;0
10/06/2026 12:05;638;0
10/06/2026 12:06;639;0
10/06/2026 12:07;639;0
10/06/2026 12:08;642;0
10/06/2026 12:09;643;0
10/06/2026 12:10;641;0
10/06/2026 12:11;642;546
10/06/2026 12:12;641;0
10/06/2026 12:13;643;0
10/06/2026 12:14;644;0
10/06/2026 12:15;647;0
10/06/2026 12:16;646;0
10/06/2026 12:17;646;0
10/06/2026 12:18;646;0
10/06/2026 12:19;646;0
10/06/2026 12:20;649;0
10/06/2026 12:21;646;621
10/06/2026 12:22;644;0
10/06/2026 12:23;644;0
10/06/2026 12:24;641;0
10/06/2026 12:25;650;0
10/06/2026 12:26;654;0
10/06/2026 12:27;653;0
10/06/2026 12:28;652;0
10/06/2026 12:29;653;0
10/06/2026 12:30;654;0
10/06/2026 12:31;654;624
10/06/2026 12:32;655;0
10/06/2026 12:33;656;0
10/06/2026 12:34;658;0
10/06/2026 12:35;658;0
10/06/2026 12:36;663;0
10/06/2026 12:37;663;0
10/06/2026 12:38;665;0
10/06/2026 12:39;668;0
10/06/2026 12:40;670;0
10/06/2026 12:41;671;670
10/06/2026 12:42;668;0
10/06/2026 12:43;668;0
10/06/2026 12:44;669;0
10/06/2026 12:45;668;0
10/06/2026 12:46;651;0
10/06/2026 12:47;663;0
10/06/2026 12:48;670;0
10/06/2026 12:49;670;0
10/06/2026 12:50;660;0
10/06/2026 12:51;640;656
10/06/2026 12:52;649;0
10/06/2026 12:53;654;0
10/06/2026 12:54;676;0
10/06/2026 12:55;678;0
10/06/2026 12:56;679;0
10/06/2026 12:57;684;0
10/06/2026 12:58;686;0
10/06/2026 12:59;667;0
10/06/2026 13:00;644;0
10/06/2026 13:01;635;546
10/06/2026 13:02;662;0
10/06/2026 13:03;668;0
10/06/2026 13:04;684;0
10/06/2026 13:05;685;0
10/06/2026 13:06;683;0
10/06/2026 13:07;683;0
10/06/2026 13:08;685;0
10/06/2026 13:09;685;0
10/06/2026 13:10;682;0
10/06/2026 13:11;679;662
10/06/2026 13:12;681;0
10/06/2026 13:13;678;0
10/06/2026 13:14;680;0
10/06/2026 13:15;678;0
10/06/2026 13:16;678;0
10/06/2026 13:17;677;0
10/06/2026 13:18;680;0
10/06/2026 13:19;675;0
10/06/2026 13:20;665;0
10/06/2026 13:21;683;708
10/06/2026 13:22;688;0
10/06/2026 13:23;687;0
10/06/2026 13:24;686;0
10/06/2026 13:25;685;0
10/06/2026 13:26;676;0
10/06/2026 13:27;684;0
10/06/2026 13:28;679;0
10/06/2026 13:29;686;0
10/06/2026 13:30;687;0
10/06/2026 13:31;681;641
10/06/2026 13:32;687;0
10/06/2026 13:33;679;0
10/06/2026 13:34;690;0
10/06/2026 13:35;691;0
10/06/2026 13:36;692;0
10/06/2026 13:37;693;0
10/06/2026 13:38;688;0
10/06/2026 13:39;689;0
10/06/2026 13:40;692;0
10/06/2026 13:41;693;633
10/06/2026 13:42;695;0
10/06/2026 13:43;657;0
10/06/2026 13:44;679;0
10/06/2026 13:45;658;0
10/06/2026 13:46;683;0
10/06/2026 13:47;691;0
10/06/2026 13:48;676;0
10/06/2026 13:49;677;0
10/06/2026 13:50;681;0
10/06/2026 13:51;694;682
10/06/2026 13:52;697;0
10/06/2026 13:53;701;0
10/06/2026 13:54;695;0
10/06/2026 13:55;691;0
10/06/2026 13:56;675;0
10/06/2026 13:57;677;0
10/06/2026 13:58;637;0
10/06/2026 13:59;666;0
10/06/2026 14:00;668;0
10/06/2026 14:01;673;633
10/06/2026 14:02;688;0
10/06/2026 14:03;687;0
10/06/2026 14:04;688;0
10/06/2026 14:05;685;0
10/06/2026 14:06;684;0
10/06/2026 14:07;684;0
10/06/2026 14:08;681;0
10/06/2026 14:09;679;0
10/06/2026 14:10;676;0
10/06/2026 14:11;681;595
10/06/2026 14:12;682;0
10/06/2026 14:13;680;0
10/06/2026 14:14;679;0
10/06/2026 14:15;682;0
10/06/2026 14:16;681;0
10/06/2026 14:17;678;0
10/06/2026 14:18;672;0
10/06/2026 14:19;673;0
10/06/2026 14:20;665;0
10/06/2026 14:21;672;537
10/06/2026 14:22;670;0
10/06/2026 14:23;670;0
10/06/2026 14:24;667;0
10/06/2026 14:25;669;0
10/06/2026 14:26;669;0
10/06/2026 14:27;673;0
10/06/2026 14:28;670;0
10/06/2026 14:29;668;0
10/06/2026 14:30;666;0
10/06/2026 14:31;664;517
10/06/2026 14:32;669;0
10/06/2026 14:33;675;0
10/06/2026 14:34;675;0
10/06/2026 14:35;675;0
10/06/2026 14:36;676;0
10/06/2026 14:37;674;0
10/06/2026 14:38;674;0
10/06/2026 14:39;673;0
10/06/2026 14:40;675;0
10/06/2026 14:41;673;589
10/06/2026 14:42;674;0
10/06/2026 14:43;674;0
10/06/2026 14:44;672;0
10/06/2026 14:45;668;0
10/06/2026 14:46;667;0
10/06/2026 14:47;664;0
10/06/2026 14:48;662;0
10/06/2026 14:49;660;0
10/06/2026 14:50;659;0
10/06/2026 14:51;659;554
10/06/2026 14:52;658;0
10/06/2026 14:53;656;0
10/06/2026 14:54;656;0
10/06/2026 14:55;655;0
10/06/2026 14:56;657;0
10/06/2026 14:57;656;0
10/06/2026 14:58;655;0
10/06/2026 14:59;654;0
10/06/2026 15:00;653;0
10/06/2026 15:01;646;560
10/06/2026 15:02;649;0
10/06/2026 15:03;613;0
10/06/2026 15:04;617;0
10/06/2026 15:05;623;0
10/06/2026 15:06;632;0
10/06/2026 15:07;614;0
10/06/2026 15:08;620;0
10/06/2026 15:09;599;0
10/06/2026 15:10;650;0
10/06/2026 15:11;650;540
10/06/2026 15:12;649;0
10/06/2026 15:13;647;0
10/06/2026 15:14;645;0
10/06/2026 15:15;643;0
10/06/2026 15:16;597;0
10/06/2026 15:17;641;0
10/06/2026 15:18;639;0
10/06/2026 15:19;636;0
10/06/2026 15:20;636;0
10/06/2026 15:21;629;490
10/06/2026 15:22;629;0
10/06/2026 15:23;632;0
10/06/2026 15:24;632;0
10/06/2026 15:25;634;0
10/06/2026 15:26;633;0
10/06/2026 15:27;630;0
10/06/2026 15:28;629;0
10/06/2026 15:29;627;0
10/06/2026 15:30;626;0
10/06/2026 15:31;625;430
10/06/2026 15:32;624;0
10/06/2026 15:33;623;0
10/06/2026 15:34;622;0
10/06/2026 15:35;615;0
10/06/2026 15:36;613;0
10/06/2026 15:37;611;0
10/06/2026 15:38;610;0
10/06/2026 15:39;610;0
10/06/2026 15:40;611;0
10/06/2026 15:41;614;490
10/06/2026 15:42;603;0
10/06/2026 15:43;606;0
10/06/2026 15:44;594;0
10/06/2026 15:45;607;0
10/06/2026 15:46;601;0
10/06/2026 15:47;599;0
10/06/2026 15:48;601;0
10/06/2026 15:49;604;0
10/06/2026 15:50;605;0
10/06/2026 15:51;608;496
10/06/2026 15:52;606;0
10/06/2026 15:53;588;0
10/06/2026 15:54;584;0
10/06/2026 15:55;604;0
10/06/2026 15:56;608;0
10/06/2026 15:57;553;0
10/06/2026 15:58;421;0
10/06/2026 15:59;548;0
10/06/2026 16:00;624;0
10/06/2026 16:01;610;430
10/06/2026 16:02;625;0
10/06/2026 16:03;623;0
10/06/2026 16:04;595;0
10/06/2026 16:05;588;0
10/06/2026 16:06;555;0
10/06/2026 16:07;555;0
10/06/2026 16:08;511;0
10/06/2026 16:09;402;0
10/06/2026 16:10;340;0
10/06/2026 16:11;273;203
10/06/2026 16:12;342;0
10/06/2026 16:13;363;0
10/06/2026 16:14;445;0
10/06/2026 16:15;310;0
10/06/2026 16:16;409;0
10/06/2026 16:17;285;0
10/06/2026 16:18;268;0
10/06/2026 16:19;271;0
10/06/2026 16:20;375;0
10/06/2026 16:21;416;157
10/06/2026 16:22;382;0
10/06/2026 16:23;275;0
10/06/2026 16:24;284;0
10/06/2026 16:25;284;0
10/06/2026 16:26;299;0
10/06/2026 16:27;461;0
10/06/2026 16:28;608;0
10/06/2026 16:29;524;0
10/06/2026 16:30;416;0
10/06/2026 16:31;449;186
10/06/2026 16:32;488;0
10/06/2026 16:33;410;0
10/06/2026 16:34;461;0
10/06/2026 16:35;289;0
10/06/2026 16:36;279;0
10/06/2026 16:37;313;0
10/06/2026 16:38;302;0
10/06/2026 16:39;434;0
10/06/2026 16:40;475;0
10/06/2026 16:41;508;258
10/06/2026 16:42;460;0
10/06/2026 16:43;492;0
10/06/2026 16:44;580;0
10/06/2026 16:45;558;0
10/06/2026 16:46;544;0
10/06/2026 16:47;559;0
10/06/2026 16:48;551;0
10/06/2026 16:49;514;0
10/06/2026 16:50;477;0
10/06/2026 16:51;404;267
10/06/2026 16:52;463;0
10/06/2026 16:53;467;0
10/06/2026 16:54;503;0
10/06/2026 16:55;503;0
10/06/2026 16:56;442;0
10/06/2026 16:57;407;0
10/06/2026 16:58;429;0
10/06/2026 16:59;431;0
10/06/2026 17:00;427;0
10/06/2026 17:01;437;267
10/06/2026 17:02;451;0
10/06/2026 17:03;432;0
10/06/2026 17:04;430;0
10/06/2026 17:05;426;0
10/06/2026 17:06;376;0
10/06/2026 17:07;365;0
10/06/2026 17:08;341;0
10/06/2026 17:09;406;0
10/06/2026 17:10;445;0
10/06/2026 17:11;445;270
10/06/2026 17:12;398;0
10/06/2026 17:13;401;0
10/06/2026 17:14;378;0
10/06/2026 17:15;395;0
10/06/2026 17:16;438;0
10/06/2026 17:17;422;0
10/06/2026 17:18;445;0
10/06/2026 17:19;449;0
10/06/2026 17:20;437;0
10/06/2026 17:21;430;255
10/06/2026 17:22;424;0
10/06/2026 17:23;424;0
10/06/2026 17:24;423;0
10/06/2026 17:25;415;0
10/06/2026 17:26;398;0
10/06/2026 17:27;407;0
10/06/2026 17:28;407;0
10/06/2026 17:29;406;0
10/06/2026 17:30;393;0
10/06/2026 17:31;397;252
10/06/2026 17:32;384;0
10/06/2026 17:33;391;0
10/06/2026 17:34;392;0
10/06/2026 17:35;388;0
10/06/2026 17:36;384;0
10/06/2026 17:37;377;0
10/06/2026 17:38;374;0
10/06/2026 17:39;372;0
10/06/2026 17:40;370;0
10/06/2026 17:41;363;168
10/06/2026 17:42;358;0
10/06/2026 17:43;354;0
10/06/2026 17:44;356;0
10/06/2026 17:45;354;0
10/06/2026 17:46;351;0
10/06/2026 17:47;348;0
10/06/2026 17:48;346;0
10/06/2026 17:49;342;0
10/06/2026 17:50;339;0
10/06/2026 17:51;335;168
10/06/2026 17:52;329;0
10/06/2026 17:53;326;0
10/06/2026 17:54;325;0
10/06/2026 17:55;325;0
10/06/2026 17:56;324;0
10/06/2026 17:57;319;0
10/06/2026 17:58;317;0
10/06/2026 17:59;305;0
10/06/2026 18:00;301;0
10/06/2026 18:01;297;136
10/06/2026 18:02;294;0
10/06/2026 18:03;281;0
10/06/2026 18:04;279;0
10/06/2026 18:05;276;0
10/06/2026 18:06;274;0
10/06/2026 18:07;270;0
10/06/2026 18:08;267;0
10/06/2026 18:09;255;0
10/06/2026 18:10;253;0
10/06/2026 18:11;250;113
10/06/2026 18:12;240;0
10/06/2026 18:13;236;0
10/06/2026 18:14;233;0
10/06/2026 18:15;231;0
10/06/2026 18:16;230;0
10/06/2026 18:17;227;0
10/06/2026 18:18;201;0
10/06/2026 18:19;215;0
10/06/2026 18:20;212;0
10/06/2026 18:21;209;119
10/06/2026 18:22;199;0
10/06/2026 18:23;196;0
10/06/2026 18:24;195;0
10/06/2026 18:25;192;0
10/06/2026 18:26;188;0
10/06/2026 18:27;183;0
10/06/2026 18:28;176;0
10/06/2026 18:29;173;0
10/06/2026 18:30;163;0
10/06/2026 18:31;162;102
10/06/2026 18:32;160;0
10/06/2026 18:33;157;0
10/06/2026 18:34;155;0
10/06/2026 18:35;152;0
10/06/2026 18:36;150;0
10/06/2026 18:37;134;0
10/06/2026 18:38;138;0
10/06/2026 18:39;136;0
10/06/2026 18:40;140;0
10/06/2026 18:41;143;92,9
10/06/2026 18:42;135;0
10/06/2026 18:43;133;0
10/06/2026 18:44;133;0
10/06/2026 18:45;134;0
10/06/2026 18:46;129;0
10/06/2026 18:47;129;0
10/06/2026 18:48;112;0
10/06/2026 18:49;98;0
10/06/2026 18:50;117;0
10/06/2026 18:51;120;90
10/06/2026 18:52;110;0
10/06/2026 18:53;110;0
10/06/2026 18:54;104;0
10/06/2026 18:55;101;0
10/06/2026 18:56;99;0
10/06/2026 18:57;97;0
10/06/2026 18:58;90;0
10/06/2026 18:59;92;0
10/06/2026 19:00;90;0
10/06/2026 19:01;82;84,2
10/06/2026 19:02;79;0
10/06/2026 19:03;79;0
10/06/2026 19:04;72;0
10/06/2026 19:05;68;0
10/06/2026 19:06;65;0
10/06/2026 19:07;62;0
10/06/2026 19:08;60;0
10/06/2026 19:09;55;0
10/06/2026 19:10;51;0
10/06/2026 19:11;49;84,2
10/06/2026 19:12;43;0
10/06/2026 19:13;39;0
10/06/2026 19:14;39;0
10/06/2026 19:15;38;0
10/06/2026 19:16;36;0
10/06/2026 19:17;35;0
10/06/2026 19:18;33;0
10/06/2026 19:19;31;0
10/06/2026 19:20;29;0
10/06/2026 19:21;27;81,3
10/06/2026 19:22;25;0
10/06/2026 19:23;22;0
10/06/2026 19:24;19;0
10/06/2026 19:25;18;0
10/06/2026 19:26;17;0
10/06/2026 19:27;16;0
10/06/2026 19:28;15;0
10/06/2026 19:29;12;0
10/06/2026 19:30;13;0
10/06/2026 19:31;12;72,6
10/06/2026 19:32;10;0
10/06/2026 19:33;9;0
10/06/2026 19:34;8;0
10/06/2026 19:35;6;0
10/06/2026 19:36;5;0
10/06/2026 19:37;4;0
10/06/2026 19:38;3;0
10/06/2026 19:39;2;0
10/06/2026 19:40;2;0
10/06/2026 19:41;1;72,6
10/06/2026 19:42;76;0
10/06/2026 19:43;0;0
10/06/2026 19:44;0;0
10/06/2026 19:45;0;0
10/06/2026 19:46;0;0
10/06/2026 19:47;0;0
10/06/2026 19:48;0;0
10/06/2026 19:49;0;0
10/06/2026 19:50;0;0
10/06/2026 19:51;0;0
10/06/2026 19:52;0;0
10/06/2026 19:53;0;0
10/06/2026 19:54;0;0
10/06/2026 19:55;0;0
10/06/2026 19:56;0;0
10/06/2026 19:57;0;0
10/06/2026 19:58;0;0
10/06/2026 19:59;0;0
10/06/2026 20:00;0;0
10/06/2026 20:01;0;0
10/06/2026 20:02;0;0
10/06/2026 20:03;0;0
10/06/2026 20:04;0;0
10/06/2026 20:05;0;0
10/06/2026 20:06;0;0
10/06/2026 20:07;0;0
10/06/2026 20:08;0;0
10/06/2026 20:09;0;0
10/06/2026 20:10;0;0
10/06/2026 20:11;0;0
10/06/2026 20:12;0;0
10/06/2026 20:13;2;0
10/06/2026 20:14;0;0
10/06/2026 20:15;0;0
10/06/2026 20:16;0;0
10/06/2026 20:17;0;0
10/06/2026 20:18;0;0
10/06/2026 20:19;0;0
10/06/2026 20:20;0;0
10/06/2026 20:21;0;0
10/06/2026 20:22;0;0
10/06/2026 20:23;0;0
10/06/2026 20:24;0;0
10/06/2026 20:25;0;0
10/06/2026 20:26;0;0
10/06/2026 20:27;0;0
10/06/2026 20:28;0;0
10/06/2026 20:29;0;0
10/06/2026 20:30;0;0
10/06/2026 20:31;0;0
10/06/2026 20:32;0;0
10/06/2026 20:33;0;0
10/06/2026 20:34;0;0
10/06/2026 20:35;0;0
10/06/2026 20:36;0;0
10/06/2026 20:37;0;0
10/06/2026 20:38;0;0
10/06/2026 20:39;0;0
10/06/2026 20:40;0;0
10/06/2026 20:41;0;0
10/06/2026 20:42;0;0
10/06/2026 20:43;0;0
10/06/2026 20:44;0;0
10/06/2026 20:45;0;0
10/06/2026 20:46;0;0
10/06/2026 20:47;0;0
10/06/2026 20:48;0;0
10/06/2026 20:49;0;0
10/06/2026 20:50;0;0
10/06/2026 20:51;0;0
10/06/2026 20:52;0;0
10/06/2026 20:53;0;0
10/06/2026 20:54;35;0
10/06/2026 20:55;0;0
10/06/2026 20:56;0;0
10/06/2026 20:57;0;0
10/06/2026 20:58;0;0
10/06/2026 20:59;0;0
10/06/2026 21:00;0;0
10/06/2026 21:01;0;0
10/06/2026 21:02;0;0
10/06/2026 21:03;0;0
10/06/2026 21:04;0;0
10/06/2026 21:05;0;0
10/06/2026 21:06;0;0
10/06/2026 21:07;0;0
10/06/2026 21:08;0;0
10/06/2026 21:09;0;0
10/06/2026 21:10;0;0
10/06/2026 21:11;0;0
10/06/2026 21:12;0;0
10/06/2026 21:13;0;0
10/06/2026 21:14;0;0
10/06/2026 21:15;0;0
10/06/2026 21:16;0;0
10/06/2026 21:17;0;0
10/06/2026 21:18;0;0
10/06/2026 21:19;0;0
10/06/2026 21:20;0;0
10/06/2026 21:21;0;0
10/06/2026 21:22;0;0
10/06/2026 21:23;0;0
10/06/2026 21:24;0;0
10/06/2026 21:25;0;0
10/06/2026 21:26;0;0
10/06/2026 21:27;0;0
10/06/2026 21:28;0;0
10/06/2026 21:29;0;0
10/06/2026 21:30;0;0
10/06/2026 21:31;0;0
10/06/2026 21:32;0;0
10/06/2026 21:33;0;0
10/06/2026 21:34;0;0
10/06/2026 21:35;0;0
10/06/2026 21:36;0;0
10/06/2026 21:37;0;0
10/06/2026 21:38;0;0
10/06/2026 21:39;0;0
10/06/2026 21:40;0;0
10/06/2026 21:41;0;0
10/06/2026 21:42;0;0
10/06/2026 21:43;0;0
10/06/2026 21:44;0;0
10/06/2026 21:45;0;0
10/06/2026 21:46;0;0
10/06/2026 21:47;0;0
10/06/2026 21:48;0;0
10/06/2026 21:49;0;0
10/06/2026 21:50;0;0
10/06/2026 21:51;0;0
10/06/2026 21:52;0;0
10/06/2026 21:53;0;0
10/06/2026 21:54;0;0
10/06/2026 21:55;0;0
10/06/2026 21:56;0;0
10/06/2026 21:57;0;0
10/06/2026 21:58;0;0
10/06/2026 21:59;0;0
10/06/2026 22:00;0;0
10/06/2026 22:01;0;0
10/06/2026 22:02;0;0
10/06/2026 22:03;0;0
10/06/2026 22:04;0;0
10/06/2026 22:05;0;0
10/06/2026 22:06;0;0
10/06/2026 22:07;0;0
10/06/2026 22:08;0;0
10/06/2026 22:09;0;0
10/06/2026 22:10;0;0
10/06/2026 22:11;0;0
10/06/2026 22:12;0;0
10/06/2026 22:13;0;0
10/06/2026 22:14;0;0
10/06/2026 22:15;0;0
10/06/2026 22:16;0;0
10/06/2026 22:17;0;0
10/06/2026 22:18;0;0
10/06/2026 22:19;0;0
10/06/2026 22:20;0;0
10/06/2026 22:21;0;0
10/06/2026 22:22;0;0
10/06/2026 22:23;0;0
10/06/2026 22:24;0;0
10/06/2026 22:25;0;0
10/06/2026 22:26;0;0
10/06/2026 22:27;0;0
10/06/2026 22:28;0;0
10/06/2026 22:29;0;0
10/06/2026 22:30;0;0
10/06/2026 22:31;0;0
10/06/2026 22:32;0;0
10/06/2026 22:33;0;0
10/06/2026 22:34;0;0
10/06/2026 22:35;0;0
10/06/2026 22:36;0;0
10/06/2026 22:37;0;0
10/06/2026 22:38;0;0
10/06/2026 22:39;0;0
10/06/2026 22:40;0;0
10/06/2026 22:41;0;0
10/06/2026 22:42;0;0
10/06/2026 22:43;0;0
10/06/2026 22:44;0;0
10/06/2026 22:45;0;0
10/06/2026 22:46;0;0
10/06/2026 22:47;0;0
10/06/2026 22:48;0;0
10/06/2026 22:49;0;0
10/06/2026 22:50;0;0
10/06/2026 22:51;0;0
10/06/2026 22:52;0;0
10/06/2026 22:53;0;0
10/06/2026 22:54;0;0
10/06/2026 22:55;0;0
10/06/2026 22:56;0;0
10/06/2026 22:57;0;0
10/06/2026 22:58;0;0
10/06/2026 22:59;0;0
10/06/2026 23:00;0;0
10/06/2026 23:01;0;0
10/06/2026 23:02;0;0
10/06/2026 23:03;0;0
10/06/2026 23:04;0;0
10/06/2026 23:05;0;0
10/06/2026 23:06;0;0
10/06/2026 23:07;0;0
10/06/2026 23:08;0;0
10/06/2026 23:09;0;0
10/06/2026 23:10;0;0
10/06/2026 23:11;0;0
10/06/2026 23:12;0;0
10/06/2026 23:13;0;0
10/06/2026 23:14;0;0
10/06/2026 23:15;0;0
10/06/2026 23:16;0;0
10/06/2026 23:17;0;0
10/06/2026 23:18;0;0
10/06/2026 23:19;0;0
10/06/2026 23:20;0;0
10/06/2026 23:21;0;0
10/06/2026 23:22;0;0
10/06/2026 23:23;0;0
10/06/2026 23:24;0;0
10/06/2026 23:25;0;0
10/06/2026 23:26;0;0
10/06/2026 23:27;0;0
10/06/2026 23:28;0;0
10/06/2026 23:29;0;0
10/06/2026 23:30;0;0
10/06/2026 23:31;0;0
10/06/2026 23:32;0;0
10/06/2026 23:33;0;0
10/06/2026 23:34;0;0
10/06/2026 23:35;0;0
10/06/2026 23:36;0;0
10/06/2026 23:37;0;0
10/06/2026 23:38;0;0
10/06/2026 23:39;0;0
10/06/2026 23:40;0;0
10/06/2026 23:41;0;0
10/06/2026 23:42;0;0
10/06/2026 23:43;0;0
10/06/2026 23:44;0;0
10/06/2026 23:45;0;0
10/06/2026 23:46;0;0
10/06/2026 23:47;0;0
10/06/2026 23:48;0;0
10/06/2026 23:49;0;0
10/06/2026 23:50;0;0
10/06/2026 23:51;0;0
10/06/2026 23:52;0;0
10/06/2026 23:53;0;0
10/06/2026 23:54;0;0
10/06/2026 23:55;0;0
10/06/2026 23:56;0;0
10/06/2026 23:57;0;0
10/06/2026 23:58;0;0
10/06/2026 23:59;0;0
11/06/2026 0:00;0;0
11/06/2026 0:01;0;0
11/06/2026 0:02;0;0
11/06/2026 0:03;0;0
11/06/2026 0:04;0;0
11/06/2026 0:05;0;0
11/06/2026 0:06;0;0
11/06/2026 0:07;0;0
11/06/2026 0:08;0;0
11/06/2026 0:09;0;0
11/06/2026 0:10;0;0
11/06/2026 0:11;0;0
11/06/2026 0:12;0;0
11/06/2026 0:13;0;0
11/06/2026 0:14;0;0
11/06/2026 0:15;0;0
11/06/2026 0:16;0;0
11/06/2026 0:17;0;0
11/06/2026 0:18;0;0
11/06/2026 0:19;0;0
11/06/2026 0:20;0;0
11/06/2026 0:21;0;0
11/06/2026 0:22;0;0
11/06/2026 0:23;0;0
11/06/2026 0:24;0;0
11/06/2026 0:25;0;0
11/06/2026 0:26;0;0
11/06/2026 0:27;0;0
11/06/2026 0:28;0;0
11/06/2026 0:29;0;0
11/06/2026 0:30;0;0
11/06/2026 0:31;0;0
11/06/2026 0:32;0;0
11/06/2026 0:33;0;0
11/06/2026 0:34;0;0
11/06/2026 0:35;0;0
11/06/2026 0:36;0;0
11/06/2026 0:37;0;0
11/06/2026 0:38;0;0
11/06/2026 0:39;0;0
11/06/2026 0:40;0;0
11/06/2026 0:41;0;0
11/06/2026 0:42;0;0
11/06/2026 0:43;0;0
11/06/2026 0:44;0;0
11/06/2026 0:45;0;0
11/06/2026 0:46;0;0
11/06/2026 0:47;0;0
11/06/2026 0:48;0;0
11/06/2026 0:49;0;0
11/06/2026 0:50;0;0
11/06/2026 0:51;0;0
11/06/2026 0:52;0;0
11/06/2026 0:53;0;0
11/06/2026 0:54;0;0
11/06/2026 0:55;0;0
11/06/2026 0:56;0;0
11/06/2026 0:57;0;0
11/06/2026 0:58;0;0
11/06/2026 0:59;0;0
11/06/2026 1:00;0;0
11/06/2026 1:01;0;0
11/06/2026 1:02;0;0
11/06/2026 1:03;0;0
11/06/2026 1:04;0;0
11/06/2026 1:05;0;0
11/06/2026 1:06;0;0
11/06/2026 1:07;0;0
11/06/2026 1:08;0;0
11/06/2026 1:09;0;0
11/06/2026 1:10;0;0
11/06/2026 1:11;0;0
11/06/2026 1:12;0;0
11/06/2026 1:13;0;0
11/06/2026 1:14;0;0
11/06/2026 1:15;0;0
11/06/2026 1:16;0;0
11/06/2026 1:17;0;0
11/06/2026 1:18;0;0
11/06/2026 1:19;0;0
11/06/2026 1:20;0;0
11/06/2026 1:21;0;0
11/06/2026 1:22;0;0
11/06/2026 1:23;0;0
11/06/2026 1:24;0;0
11/06/2026 1:25;0;0
11/06/2026 1:26;0;0
11/06/2026 1:27;0;0
11/06/2026 1:28;0;0
11/06/2026 1:29;0;0
11/06/2026 1:30;0;0
11/06/2026 1:31;0;0
11/06/2026 1:32;0;0
11/06/2026 1:33;0;0
11/06/2026 1:34;0;0
11/06/2026 1:35;0;0
11/06/2026 1:36;0;0
11/06/2026 1:37;0;0
11/06/2026 1:38;0;0
11/06/2026 1:39;0;0
11/06/2026 1:40;0;0
11/06/2026 1:41;0;0
11/06/2026 1:42;0;0
11/06/2026 1:43;0;0
11/06/2026 1:44;0;0
11/06/2026 1:45;0;0
11/06/2026 1:46;0;0
11/06/2026 1:47;0;0
11/06/2026 1:48;0;0
11/06/2026 1:49;0;0
11/06/2026 1:50;0;0
11/06/2026 1:51;0;0
11/06/2026 1:52;0;0
11/06/2026 1:53;0;0
11/06/2026 1:54;0;0
11/06/2026 1:55;0;0
11/06/2026 1:56;0;0
11/06/2026 1:57;0;0
11/06/2026 1:58;0;0
11/06/2026 1:59;0;0
11/06/2026 2:00;0;0
11/06/2026 2:01;0;0
11/06/2026 2:02;0;0
11/06/2026 2:03;0;0
11/06/2026 2:04;0;0
11/06/2026 2:05;0;0
11/06/2026 2:06;0;0
11/06/2026 2:07;0;0
11/06/2026 2:08;0;0
11/06/2026 2:09;0;0
11/06/2026 2:10;0;0
11/06/2026 2:11;0;0
11/06/2026 2:12;0;0
11/06/2026 2:13;0;0
11/06/2026 2:14;0;0
11/06/2026 2:15;0;0
11/06/2026 2:16;0;0
11/06/2026 2:17;0;0
11/06/2026 2:18;0;0
11/06/2026 2:19;0;0
11/06/2026 2:20;0;0
11/06/2026 2:21;0;0
11/06/2026 2:22;0;0
11/06/2026 2:23;0;0
11/06/2026 2:24;0;0
11/06/2026 2:25;0;0
11/06/2026 2:26;0;0
11/06/2026 2:27;0;0
11/06/2026 2:28;0;0
11/06/2026 2:29;0;0
11/06/2026 2:30;0;0
11/06/2026 2:31;0;0
11/06/2026 2:32;0;0
11/06/2026 2:33;0;0
11/06/2026 2:34;0;0
11/06/2026 2:35;0;0
11/06/2026 2:36;0;0
11/06/2026 2:37;0;0
11/06/2026 2:38;0;0
11/06/2026 2:39;0;0
11/06/2026 2:40;0;0
11/06/2026 2:41;0;0
11/06/2026 2:42;0;0
11/06/2026 2:43;0;0
11/06/2026 2:44;0;0
11/06/2026 2:45;0;0
11/06/2026 2:46;0;0
11/06/2026 2:47;0;0
11/06/2026 2:48;0;0
11/06/2026 2:49;0;0
11/06/2026 2:50;0;0
11/06/2026 2:51;0;0
11/06/2026 2:52;0;0
11/06/2026 2:53;0;0
11/06/2026 2:54;0;0
11/06/2026 2:55;0;0
11/06/2026 2:56;0;0
11/06/2026 2:57;0;0
11/06/2026 2:58;0;0
11/06/2026 2:59;0;0
11/06/2026 3:00;0;0
11/06/2026 3:01;0;0
11/06/2026 3:02;0;0
11/06/2026 3:03;0;0
11/06/2026 3:04;0;0
11/06/2026 3:05;0;0
11/06/2026 3:06;0;0
11/06/2026 3:07;0;0
11/06/2026 3:08;0;0
11/06/2026 3:09;0;0
11/06/2026 3:10;0;0
11/06/2026 3:11;0;0
11/06/2026 3:12;0;0
11/06/2026 3:13;0;0
11/06/2026 3:14;0;0
11/06/2026 3:15;0;0
11/06/2026 3:16;0;0
11/06/2026 3:17;0;0
11/06/2026 3:18;0;0
11/06/2026 3:19;0;0
11/06/2026 3:20;0;0
11/06/2026 3:21;0;0
11/06/2026 3:22;0;0
11/06/2026 3:23;0;0
11/06/2026 3:24;0;0
11/06/2026 3:25;0;0
11/06/2026 3:26;0;0
11/06/2026 3:27;0;0
11/06/2026 3:28;0;0
11/06/2026 3:29;0;0
11/06/2026 3:30;0;0
11/06/2026 3:31;0;0
11/06/2026 3:32;0;0
11/06/2026 3:33;0;0
11/06/2026 3:34;0;0
11/06/2026 3:35;0;0
11/06/2026 3:36;0;0
11/06/2026 3:37;0;0
11/06/2026 3:38;0;0
11/06/2026 3:39;0;0
11/06/2026 3:40;0;0
11/06/2026 3:41;0;0
11/06/2026 3:42;0;0
11/06/2026 3:43;0;0
11/06/2026 3:44;0;0
11/06/2026 3:45;0;0
11/06/2026 3:46;0;0
11/06/2026 3:47;0;0
11/06/2026 3:48;0;0
11/06/2026 3:49;0;0
11/06/2026 3:50;0;0
11/06/2026 3:51;0;0
11/06/2026 3:52;0;0
11/06/2026 3:53;0;0
11/06/2026 3:54;0;0
11/06/2026 3:55;0;0
11/06/2026 3:56;0;0
11/06/2026 3:57;0;0
11/06/2026 3:58;0;0
11/06/2026 3:59;0;0
11/06/2026 4:00;0;0
11/06/2026 4:01;0;0
11/06/2026 4:02;0;0
11/06/2026 4:03;0;0
11/06/2026 4:04;0;0
11/06/2026 4:05;0;0
11/06/2026 4:06;0;0
11/06/2026 4:07;0;0
11/06/2026 4:08;0;0
11/06/2026 4:09;0;0
11/06/2026 4:10;0;0
11/06/2026 4:11;0;0
11/06/2026 4:12;0;0
11/06/2026 4:13;0;0
11/06/2026 4:14;0;0
11/06/2026 4:15;0;0
11/06/2026 4:16;0;0
11/06/2026 4:17;0;0
11/06/2026 4:18;0;0
11/06/2026 4:19;0;0
11/06/2026 4:20;0;0
11/06/2026 4:21;0;0
11/06/2026 4:22;0;0
11/06/2026 4:23;0;0
11/06/2026 4:24;0;0
11/06/2026 4:25;0;0
11/06/2026 4:26;0;0
11/06/2026 4:27;0;0
11/06/2026 4:28;0;0
11/06/2026 4:29;0;0
11/06/2026 4:30;0;0
11/06/2026 4:31;0;0
11/06/2026 4:32;0;0
11/06/2026 4:33;0;0
11/06/2026 4:34;0;0
11/06/2026 4:35;0;0
11/06/2026 4:36;0;0
11/06/2026 4:37;0;0
11/06/2026 4:38;0;0
11/06/2026 4:39;0;0
11/06/2026 4:40;0;0
11/06/2026 4:41;0;0
11/06/2026 4:42;0;0
11/06/2026 4:43;0;0
11/06/2026 4:44;0;0
11/06/2026 4:45;0;0
11/06/2026 4:46;0;0
11/06/2026 4:47;0;0
11/06/2026 4:48;0;0
11/06/2026 4:49;0;0
11/06/2026 4:50;0;0
11/06/2026 4:51;0;0
11/06/2026 4:52;0;0
11/06/2026 4:53;0;0
11/06/2026 4:54;0;0
11/06/2026 4:55;0;0
11/06/2026 4:56;0;0
11/06/2026 4:57;0;0
11/06/2026 4:58;0;0
11/06/2026 4:59;0;0
11/06/2026 5:00;0;0
11/06/2026 5:01;0;0
11/06/2026 5:02;0;0
11/06/2026 5:03;0;0
11/06/2026 5:04;0;0
11/06/2026 5:05;0;0
11/06/2026 5:06;0;0
11/06/2026 5:07;0;0
11/06/2026 5:08;0;0
11/06/2026 5:09;0;0
11/06/2026 5:10;0;0
11/06/2026 5:11;0;0
11/06/2026 5:12;0;0
11/06/2026 5:13;0;0
11/06/2026 5:14;0;0
11/06/2026 5:15;0;0
11/06/2026 5:16;0;0
11/06/2026 5:17;0;0
11/06/2026 5:18;0;0
11/06/2026 5:19;0;0
11/06/2026 5:20;0;0
11/06/2026 5:21;0;0
11/06/2026 5:22;0;0
11/06/2026 5:23;0;0
11/06/2026 5:24;0;0
11/06/2026 5:25;0;0
11/06/2026 5:26;0;0
11/06/2026 5:27;0;0
11/06/2026 5:28;0;0
11/06/2026 5:29;0;0
11/06/2026 5:30;0;0
11/06/2026 5:31;0;0
11/06/2026 5:32;0;0
11/06/2026 5:33;0;0
11/06/2026 5:34;0;0
11/06/2026 5:35;0;0
11/06/2026 5:36;0;0
11/06/2026 5:37;0;0
11/06/2026 5:38;0;0
11/06/2026 5:39;0;0
11/06/2026 5:40;0;0
11/06/2026 5:41;0;0
11/06/2026 5:42;0;0
11/06/2026 5:43;0;0
11/06/2026 5:44;0;0
11/06/2026 5:45;0;0
11/06/2026 5:46;0;0
11/06/2026 5:47;0;0
11/06/2026 5:48;0;0
11/06/2026 5:49;0;0
11/06/2026 5:50;0;0
11/06/2026 5:51;0;0
11/06/2026 5:52;0;0
11/06/2026 5:53;0;0
11/06/2026 5:54;0;0
11/06/2026 5:55;0;0
11/06/2026 5:56;0;0
11/06/2026 5:57;0;0
11/06/2026 5:58;0;0
11/06/2026 5:59;0;0
11/06/2026 6:00;0;0
11/06/2026 6:01;0;0
11/06/2026 6:02;0;0
11/06/2026 6:03;0;0
11/06/2026 6:04;0;0
11/06/2026 6:05;0;0
11/06/2026 6:06;0;0
11/06/2026 6:07;0;0
11/06/2026 6:08;0;0
11/06/2026 6:09;0;0
11/06/2026 6:10;0;0
11/06/2026 6:11;0;0
11/06/2026 6:12;0;0
11/06/2026 6:13;0;0
11/06/2026 6:14;0;0
11/06/2026 6:15;0;0
11/06/2026 6:16;0;0
11/06/2026 6:17;0;0
11/06/2026 6:18;0;0
11/06/2026 6:19;0;0
11/06/2026 6:20;0;0
11/06/2026 6:21;0;0
11/06/2026 6:22;0;0
11/06/2026 6:23;0;0
11/06/2026 6:24;0;0
11/06/2026 6:25;0;0
11/06/2026 6:26;0;0
11/06/2026 6:27;0;0
11/06/2026 6:28;0;0
11/06/2026 6:29;0;0
11/06/2026 6:30;0;0
11/06/2026 6:31;0;0
11/06/2026 6:32;0;0
11/06/2026 6:33;0;0
11/06/2026 6:34;0;0
11/06/2026 6:35;0;0
11/06/2026 6:36;0;0
11/06/2026 6:37;0;0
11/06/2026 6:38;0;0
11/06/2026 6:39;0;0
11/06/2026 6:40;0;0
11/06/2026 6:41;0;0
11/06/2026 6:42;0;0
11/06/2026 6:43;0;0
11/06/2026 6:44;0;0
11/06/2026 6:45;0;0
11/06/2026 6:46;0;0
11/06/2026 6:47;0;0
11/06/2026 6:48;0;0
11/06/2026 6:49;0;0
11/06/2026 6:50;0;0
11/06/2026 6:51;0;0
11/06/2026 6:52;0;0
11/06/2026 6:53;0;0
11/06/2026 6:54;0;0
11/06/2026 6:55;0;0
11/06/2026 6:56;0;0
11/06/2026 6:57;0;0
11/06/2026 6:58;0;0
11/06/2026 6:59;0;0
11/06/2026 7:00;0;0
11/06/2026 7:01;0;0
11/06/2026 7:02;0;0
11/06/2026 7:03;0;0
11/06/2026 7:04;0;0
11/06/2026 7:05;0;0
11/06/2026 7:06;0;0
11/06/2026 7:07;0;0
11/06/2026 7:08;0;0
11/06/2026 7:09;0;0
11/06/2026 7:10;0;0
11/06/2026 7:11;0;0
11/06/2026 7:12;0;0
11/06/2026 7:13;0;0
11/06/2026 7:14;0;0
11/06/2026 7:15;0;0
11/06/2026 7:16;0;0
11/06/2026 7:17;0;0
11/06/2026 7:18;0;0
11/06/2026 7:19;0;0
11/06/2026 7:20;0;0
11/06/2026 7:21;0;0
11/06/2026 7:22;0;0
11/06/2026 7:23;0;0
11/06/2026 7:24;0;0
11/06/2026 7:25;0;0
11/06/2026 7:26;0;0
11/06/2026 7:27;0;0
11/06/2026 7:28;0;0
11/06/2026 7:29;0;0
11/06/2026 7:30;0;0
11/06/2026 7:31;0;0
11/06/2026 7:32;0;0
11/06/2026 7:33;0;0
11/06/2026 7:34;0;0
11/06/2026 7:35;0;0
11/06/2026 7:36;0;0
11/06/2026 7:37;0;0
11/06/2026 7:38;1;0
11/06/2026 7:39;1;0
11/06/2026 7:40;3;0
11/06/2026 7:41;5;125
11/06/2026 7:42;5;0
11/06/2026 7:43;7;0
11/06/2026 7:44;8;0
11/06/2026 7:45;9;0
11/06/2026 7:46;11;0
11/06/2026 7:47;13;0
11/06/2026 7:48;14;0
11/06/2026 7:49;18;0
11/06/2026 7:50;19;0
11/06/2026 7:51;21;136
11/06/2026 7:52;23;0
11/06/2026 7:53;25;0
11/06/2026 7:54;26;0
11/06/2026 7:55;27;0
11/06/2026 7:56;28;0
11/06/2026 7:57;30;0
11/06/2026 7:58;33;0
11/06/2026 7:59;34;0
11/06/2026 8:00;36;0
11/06/2026 8:01;35;154
11/06/2026 8:02;35;0
11/06/2026 8:03;37;0
11/06/2026 8:04;40;0
11/06/2026 8:05;41;0
11/06/2026 8:06;43;0
11/06/2026 8:07;46;0
11/06/2026 8:08;48;0
11/06/2026 8:09;49;0
11/06/2026 8:10;50;0
11/06/2026 8:11;52;203
11/06/2026 8:12;56;0
11/06/2026 8:13;57;0
11/06/2026 8:14;60;0
11/06/2026 8:15;65;0
11/06/2026 8:16;66;0
11/06/2026 8:17;70;0
11/06/2026 8:18;74;0
11/06/2026 8:19;79;0
11/06/2026 8:20;85;0
11/06/2026 8:21;90;194
11/06/2026 8:22;94;0
11/06/2026 8:23;96;0
11/06/2026 8:24;99;0
11/06/2026 8:25;100;0
11/06/2026 8:26;103;0
11/06/2026 8:27;106;0
11/06/2026 8:28;109;0
11/06/2026 8:29;112;0
11/06/2026 8:30;115;0
11/06/2026 8:31;120;221
11/06/2026 8:32;123;0
11/06/2026 8:33;126;0
11/06/2026 8:34;130;0
11/06/2026 8:35;134;0
11/06/2026 8:36;135;0
11/06/2026 8:37;138;0
11/06/2026 8:38;141;0
11/06/2026 8:39;144;0
11/06/2026 8:40;147;0
11/06/2026 8:41;152;238
11/06/2026 8:42;155;0
11/06/2026 8:43;157;0
11/06/2026 8:44;159;0
11/06/2026 8:45;161;0
11/06/2026 8:46;163;0
11/06/2026 8:47;168;0
11/06/2026 8:48;167;0
11/06/2026 8:49;170;0
11/06/2026 8:50;171;0
11/06/2026 8:51;179;276
11/06/2026 8:52;183;0
11/06/2026 8:53;186;0
11/06/2026 8:54;189;0
11/06/2026 8:55;191;0
11/06/2026 8:56;197;0
11/06/2026 8:57;200;0
11/06/2026 8:58;201;0
11/06/2026 8:59;208;0
11/06/2026 9:00;212;0
11/06/2026 9:01;216;264
11/06/2026 9:02;220;0
11/06/2026 9:03;221;0
11/06/2026 9:04;226;0
11/06/2026 9:05;230;0
11/06/2026 9:06;233;0
11/06/2026 9:07;235;0
11/06/2026 9:08;237;0
11/06/2026 9:09;239;0
11/06/2026 9:10;241;0
11/06/2026 9:11;245;241
11/06/2026 9:12;246;0
11/06/2026 9:13;249;0
11/06/2026 9:14;254;0
11/06/2026 9:15;256;0
11/06/2026 9:16;260;0
11/06/2026 9:17;263;0
11/06/2026 9:18;267;0
11/06/2026 9:19;268;0
11/06/2026 9:20;272;0
11/06/2026 9:21;276;284
11/06/2026 9:22;283;0
11/06/2026 9:23;286;0
11/06/2026 9:24;287;0
11/06/2026 9:25;293;0
11/06/2026 9:26;294;0
11/06/2026 9:27;299;0
11/06/2026 9:28;300;0
11/06/2026 9:29;301;0
11/06/2026 9:30;305;0
11/06/2026 9:31;306;328
11/06/2026 9:32;312;0
11/06/2026 9:33;320;0
11/06/2026 9:34;325;0
11/06/2026 9:35;328;0
11/06/2026 9:36;331;0
11/06/2026 9:37;334;0
11/06/2026 9:38;336;0
11/06/2026 9:39;339;0
11/06/2026 9:40;342;0
11/06/2026 9:41;343;435
11/06/2026 9:42;345;0
11/06/2026 9:43;348;0
11/06/2026 9:44;351;0
11/06/2026 9:45;353;0
11/06/2026 9:46;357;0
11/06/2026 9:47;360;0
11/06/2026 9:48;363;0
11/06/2026 9:49;368;0
11/06/2026 9:50;371;0
11/06/2026 9:51;365;444
11/06/2026 9:52;369;0
11/06/2026 9:53;379;0
11/06/2026 9:54;381;0
11/06/2026 9:55;385;0
11/06/2026 9:56;388;0
11/06/2026 9:57;390;0
11/06/2026 9:58;393;0
11/06/2026 9:59;396;0
11/06/2026 10:00;400;0
11/06/2026 10:01;404;467
11/06/2026 10:02;404;0
11/06/2026 10:03;407;0
11/06/2026 10:04;409;0
11/06/2026 10:05;403;0
11/06/2026 10:06;411;0
11/06/2026 10:07;395;0
11/06/2026 10:08;419;0
11/06/2026 10:09;423;0
11/06/2026 10:10;425;0
11/06/2026 10:11;428;450
11/06/2026 10:12;429;0
11/06/2026 10:13;430;0
11/06/2026 10:14;434;0
11/06/2026 10:15;437;0
11/06/2026 10:16;440;0
11/06/2026 10:17;440;0
11/06/2026 10:18;442;0
11/06/2026 10:19;445;0
11/06/2026 10:20;447;0
11/06/2026 10:21;448;508
11/06/2026 10:22;452;0
11/06/2026 10:23;454;0
11/06/2026 10:24;457;0
11/06/2026 10:25;458;0
11/06/2026 10:26;460;0
11/06/2026 10:27;463;0
11/06/2026 10:28;465;0
11/06/2026 10:29;469;0
11/06/2026 10:30;474;0
11/06/2026 10:31;477;514
11/06/2026 10:32;478;0
11/06/2026 10:33;480;0
11/06/2026 10:34;481;0
11/06/2026 10:35;483;0
11/06/2026 10:36;485;0
11/06/2026 10:37;488;0
11/06/2026 10:38;490;0
11/06/2026 10:39;492;0
11/06/2026 10:40;496;0
11/06/2026 10:41;497;554
11/06/2026 10:42;500;0
11/06/2026 10:43;503;0
11/06/2026 10:44;504;0
11/06/2026 10:45;502;0
11/06/2026 10:46;507;0
11/06/2026 10:47;508;0
11/06/2026 10:48;511;0
11/06/2026 10:49;513;0
11/06/2026 10:50;516;0
11/06/2026 10:51;518;528
11/06/2026 10:52;518;0
11/06/2026 10:53;521;0
11/06/2026 10:54;525;0
11/06/2026 10:55;529;0
11/06/2026 10:56;530;0
11/06/2026 10:57;530;0
11/06/2026 10:58;533;0
11/06/2026 10:59;536;0
11/06/2026 11:00;537;0
11/06/2026 11:01;539;566
11/06/2026 11:02;541;0
11/06/2026 11:03;542;0
11/06/2026 11:04;542;0
11/06/2026 11:05;543;0
11/06/2026 11:06;545;0
11/06/2026 11:07;550;0
11/06/2026 11:08;549;0
11/06/2026 11:09;550;0
11/06/2026 11:10;550;0
11/06/2026 11:11;551;537
11/06/2026 11:12;551;0
11/06/2026 11:13;556;0
11/06/2026 11:14;557;0
11/06/2026 11:15;559;0
11/06/2026 11:16;560;0
11/06/2026 11:17;562;0
11/06/2026 11:18;564;0
11/06/2026 11:19;567;0
11/06/2026 11:20;569;0
11/06/2026 11:21;571;604
11/06/2026 11:22;574;0
11/06/2026 11:23;576;0
11/06/2026 11:24;576;0
11/06/2026 11:25;578;0
11/06/2026 11:26;579;0
11/06/2026 11:27;580;0
11/06/2026 11:28;575;0
11/06/2026 11:29;586;0
11/06/2026 11:30;587;0
11/06/2026 11:31;587;650
11/06/2026 11:32;588;0
11/06/2026 11:33;590;0
11/06/2026 11:34;590;0
11/06/2026 11:35;593;0
11/06/2026 11:36;590;0
11/06/2026 11:37;593;0
11/06/2026 11:38;597;0
11/06/2026 11:39;596;0
11/06/2026 11:40;598;0
11/06/2026 11:41;604;650
11/06/2026 11:42;606;0
11/06/2026 11:43;608;0
11/06/2026 11:44;611;0
11/06/2026 11:45;612;0
11/06/2026 11:46;610;0
11/06/2026 11:47;609;0
11/06/2026 11:48;609;0
11/06/2026 11:49;612;0
11/06/2026 11:50;613;0
11/06/2026 11:51;613;580
11/06/2026 11:52;615;0
11/06/2026 11:53;616;0
11/06/2026 11:54;621;0
11/06/2026 11:55;619;0
11/06/2026 11:56;621;0
11/06/2026 11:57;622;0
11/06/2026 11:58;625;0
11/06/2026 11:59;625;0
11/06/2026 12:00;625;0
11/06/2026 12:01;624;627
11/06/2026 12:02;627;0
11/06/2026 12:03;624;0
11/06/2026 12:04;629;0
11/06/2026 12:05;632;0
11/06/2026 12:06;634;0
11/06/2026 12:07;635;0
11/06/2026 12:08;634;0
11/06/2026 12:09;639;0
11/06/2026 12:10;638;0
11/06/2026 12:11;640;656
11/06/2026 12:12;641;0
11/06/2026 12:13;641;0
11/06/2026 12:14;643;0
11/06/2026 12:15;646;0
11/06/2026 12:16;646;0
11/06/2026 12:17;646;0
11/06/2026 12:18;644;0
11/06/2026 12:19;646;0
11/06/2026 12:20;648;0
11/06/2026 12:21;649;641
11/06/2026 12:22;649;0
11/06/2026 12:23;648;0
11/06/2026 12:24;652;0
11/06/2026 12:25;650;0
11/06/2026 12:26;649;0
11/06/2026 12:27;651;0
11/06/2026 12:28;650;0
11/06/2026 12:29;648;0
11/06/2026 12:30;649;0
11/06/2026 12:31;651;668
11/06/2026 12:32;651;0
11/06/2026 12:33;656;0
11/06/2026 12:34;655;0
11/06/2026 12:35;655;0
11/06/2026 12:36;656;0
11/06/2026 12:37;656;0
11/06/2026 12:38;657;0
11/06/2026 12:39;652;0
11/06/2026 12:40;651;0
11/06/2026 12:41;655;644
11/06/2026 12:42;659;0
11/06/2026 12:43;656;0
11/06/2026 12:44;660;0
11/06/2026 12:45;662;0
11/06/2026 12:46;661;0
11/06/2026 12:47;666;0
11/06/2026 12:48;670;0
11/06/2026 12:49;675;0
11/06/2026 12:50;673;0
11/06/2026 12:51;671;665
11/06/2026 12:52;670;0
11/06/2026 12:53;672;0
11/06/2026 12:54;673;0
11/06/2026 12:55;674;0
11/06/2026 12:56;672;0
11/06/2026 12:57;674;0
11/06/2026 12:58;675;0
11/06/2026 12:59;681;0
11/06/2026 13:00;671;0
11/06/2026 13:01;672;665
11/06/2026 13:02;671;0
11/06/2026 13:03;676;0
11/06/2026 13:04;677;0
11/06/2026 13:05;672;0
11/06/2026 13:06;673;0
11/06/2026 13:07;678;0
11/06/2026 13:08;678;0
11/06/2026 13:09;666;0
11/06/2026 13:10;674;0
11/06/2026 13:11;675;618
11/06/2026 13:12;673;0
11/06/2026 13:13;672;0
11/06/2026 13:14;672;0
11/06/2026 13:15;679;0
11/06/2026 13:16;686;0
11/06/2026 13:17;680;0
11/06/2026 13:18;678;0
11/06/2026 13:19;678;0
11/06/2026 13:20;678;0
11/06/2026 13:21;683;618
11/06/2026 13:22;685;0
11/06/2026 13:23;686;0
11/06/2026 13:24;686;0
11/06/2026 13:25;686;0
11/06/2026 13:26;687;0
11/06/2026 13:27;687;0
11/06/2026 13:28;686;0
11/06/2026 13:29;687;0
11/06/2026 13:30;686;0
11/06/2026 13:31;684;615
11/06/2026 13:32;686;0
11/06/2026 13:33;681;0
11/06/2026 13:34;684;0
11/06/2026 13:35;686;0
11/06/2026 13:36;682;0
11/06/2026 13:37;683;0
11/06/2026 13:38;683;0
11/06/2026 13:39;683;0
11/06/2026 13:40;682;0
11/06/2026 13:41;684;612
11/06/2026 13:42;681;0
11/06/2026 13:43;678;0
11/06/2026 13:44;679;0
11/06/2026 13:45;679;0
11/06/2026 13:46;679;0
11/06/2026 13:47;678;0
11/06/2026 13:48;681;0
11/06/2026 13:49;680;0
11/06/2026 13:50;677;0
11/06/2026 13:51;676;638
11/06/2026 13:52;675;0
11/06/2026 13:53;673;0
11/06/2026 13:54;673;0
11/06/2026 13:55;673;0
11/06/2026 13:56;673;0
11/06/2026 13:57;675;0
11/06/2026 13:58;675;0
11/06/2026 13:59;676;0
11/06/2026 14:00;673;0
11/06/2026 14:01;673;638
11/06/2026 14:02;674;0
11/06/2026 14:03;673;0
11/06/2026 14:04;676;0
11/06/2026 14:05;676;0
11/06/2026 14:06;680;0
11/06/2026 14:07;681;0
11/06/2026 14:08;682;0
11/06/2026 14:09;680;0
11/06/2026 14:10;680;0
11/06/2026 14:11;682;630
11/06/2026 14:12;682;0
11/06/2026 14:13;682;0
11/06/2026 14:14;679;0
11/06/2026 14:15;676;0
11/06/2026 14:16;676;0
11/06/2026 14:17;673;0
11/06/2026 14:18;670;0
11/06/2026 14:19;671;0
11/06/2026 14:20;673;0
11/06/2026 14:21;673;580
11/06/2026 14:22;673;0
11/06/2026 14:23;671;0
11/06/2026 14:24;670;0
11/06/2026 14:25;668;0
11/06/2026 14:26;668;0
11/06/2026 14:27;668;0
11/06/2026 14:28;668;0
11/06/2026 14:29;666;0
11/06/2026 14:30;670;0
11/06/2026 14:31;670;578
11/06/2026 14:32;671;0
11/06/2026 14:33;669;0
11/06/2026 14:34;669;0
11/06/2026 14:35;663;0
11/06/2026 14:36;661;0
11/06/2026 14:37;660;0
11/06/2026 14:38;661;0
11/06/2026 14:39;659;0
11/06/2026 14:40;660;0
11/06/2026 14:41;658;519
11/06/2026 14:42;658;0
11/06/2026 14:43;658;0
11/06/2026 14:44;658;0
11/06/2026 14:45;658;0
11/06/2026 14:46;659;0
11/06/2026 14:47;655;0
11/06/2026 14:48;653;0
11/06/2026 14:49;653;0
11/06/2026 14:50;653;0
11/06/2026 14:51;649;560
11/06/2026 14:52;651;0
11/06/2026 14:53;650;0
11/06/2026 14:54;648;0
11/06/2026 14:55;647;0
11/06/2026 14:56;646;0
11/06/2026 14:57;644;0
11/06/2026 14:58;647;0
11/06/2026 14:59;646;0
11/06/2026 15:00;647;0
11/06/2026 15:01;649;569
11/06/2026 15:02;647;0
11/06/2026 15:03;647;0
11/06/2026 15:04;643;0
11/06/2026 15:05;640;0
11/06/2026 15:06;642;0
11/06/2026 15:07;634;0
11/06/2026 15:08;635;0
11/06/2026 15:09;632;0
11/06/2026 15:10;635;0
11/06/2026 15:11;639;543
11/06/2026 15:12;637;0
11/06/2026 15:13;637;0
11/06/2026 15:14;634;0
11/06/2026 15:15;628;0
11/06/2026 15:16;627;0
11/06/2026 15:17;623;0
11/06/2026 15:18;623;0
11/06/2026 15:19;624;0
11/06/2026 15:20;621;0
11/06/2026 15:21;618;531
11/06/2026 15:22;617;0
11/06/2026 15:23;618;0
11/06/2026 15:24;616;0
11/06/2026 15:25;615;0
11/06/2026 15:26;616;0
11/06/2026 15:27;610;0
11/06/2026 15:28;604;0
11/06/2026 15:29;602;0
11/06/2026 15:30;600;0
11/06/2026 15:31;602;441
11/06/2026 15:32;599;0
11/06/2026 15:33;599;0
11/06/2026 15:34;600;0
11/06/2026 15:35;599;0
11/06/2026 15:36;600;0
11/06/2026 15:37;602;0
11/06/2026 15:38;600;0
11/06/2026 15:39;598;0
11/06/2026 15:40;598;0
11/06/2026 15:41;598;432
11/06/2026 15:42;599;0
11/06/2026 15:43;597;0
11/06/2026 15:44;596;0
11/06/2026 15:45;593;0
11/06/2026 15:46;590;0
11/06/2026 15:47;589;0
11/06/2026 15:48;585;0
11/06/2026 15:49;582;0
11/06/2026 15:50;585;0
11/06/2026 15:51;526;398
11/06/2026 15:52;579;0
11/06/2026 15:53;575;0
11/06/2026 15:54;574;0
11/06/2026 15:55;574;0
11/06/2026 15:56;572;0
11/06/2026 15:57;567;0
11/06/2026 15:58;568;0
11/06/2026 15:59;567;0
11/06/2026 16:00;568;0
11/06/2026 16:01;549;401
11/06/2026 16:02;562;0
11/06/2026 16:03;563;0
11/06/2026 16:04;564;0
11/06/2026 16:05;563;0
11/06/2026 16:06;561;0
11/06/2026 16:07;558;0
11/06/2026 16:08;555;0
11/06/2026 16:09;554;0
11/06/2026 16:10;554;0
11/06/2026 16:11;552;366
11/06/2026 16:12;551;0
11/06/2026 16:13;550;0
11/06/2026 16:14;546;0
11/06/2026 16:15;544;0
11/06/2026 16:16;546;0
11/06/2026 16:17;544;0
11/06/2026 16:18;541;0
11/06/2026 16:19;537;0
11/06/2026 16:20;535;0
11/06/2026 16:21;535;371
11/06/2026 16:22;534;0
11/06/2026 16:23;532;0
11/06/2026 16:24;532;0
11/06/2026 16:25;530;0
11/06/2026 16:26;530;0
11/06/2026 16:27;528;0
11/06/2026 16:28;528;0
11/06/2026 16:29;526;0
11/06/2026 16:30;523;0
11/06/2026 16:31;522;354
11/06/2026 16:32;519;0
11/06/2026 16:33;516;0
11/06/2026 16:34;515;0
11/06/2026 16:35;513;0
11/06/2026 16:36;513;0
11/06/2026 16:37;512;0
11/06/2026 16:38;509;0
11/06/2026 16:39;507;0
11/06/2026 16:40;503;0
11/06/2026 16:41;502;316
11/06/2026 16:42;500;0
11/06/2026 16:43;494;0
11/06/2026 16:44;491;0
11/06/2026 16:45;490;0
11/06/2026 16:46;486;0
11/06/2026 16:47;487;0
11/06/2026 16:48;486;0
11/06/2026 16:49;482;0
11/06/2026 16:50;480;0
11/06/2026 16:51;477;311
11/06/2026 16:52;475;0
11/06/2026 16:53;473;0
11/06/2026 16:54;471;0
11/06/2026 16:55;469;0
11/06/2026 16:56;467;0
11/06/2026 16:57;465;0
11/06/2026 16:58;465;0
11/06/2026 16:59;462;0
11/06/2026 17:00;458;0
11/06/2026 17:01;459;258
11/06/2026 17:02;455;0
11/06/2026 17:03;452;0
11/06/2026 17:04;448;0
11/06/2026 17:05;447;0
11/06/2026 17:06;445;0
11/06/2026 17:07;444;0
11/06/2026 17:08;441;0
11/06/2026 17:09;437;0
11/06/2026 17:10;434;0
11/06/2026 17:11;432;250
11/06/2026 17:12;428;0
11/06/2026 17:13;424;0
11/06/2026 17:14;420;0
11/06/2026 17:15;416;0
11/06/2026 17:16;415;0
11/06/2026 17:17;411;0
11/06/2026 17:18;408;0
11/06/2026 17:19;405;0
11/06/2026 17:20;403;0
11/06/2026 17:21;402;218
11/06/2026 17:22;400;0
11/06/2026 17:23;396;0
11/06/2026 17:24;394;0
11/06/2026 17:25;391;0
11/06/2026 17:26;390;0
11/06/2026 17:27;389;0
11/06/2026 17:28;387;0
11/06/2026 17:29;384;0
11/06/2026 17:30;381;0
11/06/2026 17:31;379;174
11/06/2026 17:32;376;0
11/06/2026 17:33;375;0
11/06/2026 17:34;373;0
11/06/2026 17:35;371;0
11/06/2026 17:36;369;0
11/06/2026 17:37;365;0
11/06/2026 17:38;361;0
11/06/2026 17:39;360;0
11/06/2026 17:40;357;0
11/06/2026 17:41;354;192
11/06/2026 17:42;353;0
11/06/2026 17:43;350;0
11/06/2026 17:44;347;0
11/06/2026 17:45;345;0
11/06/2026 17:46;343;0
11/06/2026 17:47;340;0
11/06/2026 17:48;338;0
11/06/2026 17:49;336;0
11/06/2026 17:50;333;0
11/06/2026 17:51;330;183
11/06/2026 17:52;329;0
11/06/2026 17:53;326;0
11/06/2026 17:54;325;0
11/06/2026 17:55;322;0
11/06/2026 17:56;320;0
11/06/2026 17:57;317;0
11/06/2026 17:58;315;0
11/06/2026 17:59;312;0
11/06/2026 18:00;299;0
11/06/2026 18:01;296;142
11/06/2026 18:02;292;0
11/06/2026 18:03;269;0
11/06/2026 18:04;276;0
11/06/2026 18:05;272;0
11/06/2026 18:06;269;0
11/06/2026 18:07;266;0
11/06/2026 18:08;263;0
11/06/2026 18:09;250;0
11/06/2026 18:10;248;0
11/06/2026 18:11;246;125
11/06/2026 18:12;244;0
11/06/2026 18:13;235;0
11/06/2026 18:14;232;0
11/06/2026 18:15;229;0
11/06/2026 18:16;226;0
11/06/2026 18:17;223;0
11/06/2026 18:18;215;0
11/06/2026 18:19;157;0
11/06/2026 18:20;199;0
11/06/2026 18:21;205;104
11/06/2026 18:22;196;0
11/06/2026 18:23;194;0
11/06/2026 18:24;191;0
11/06/2026 18:25;189;0
11/06/2026 18:26;186;0
11/06/2026 18:27;183;0
11/06/2026 18:28;175;0
11/06/2026 18:29;172;0
11/06/2026 18:30;170;0
11/06/2026 18:31;161;104
11/06/2026 18:32;158;0
11/06/2026 18:33;156;0
11/06/2026 18:34;155;0
11/06/2026 18:35;151;0
11/06/2026 18:36;150;0
11/06/2026 18:37;131;0
11/06/2026 18:38;139;0
11/06/2026 18:39;139;0
11/06/2026 18:40;141;0
11/06/2026 18:41;144;95,8
11/06/2026 18:42;136;0
11/06/2026 18:43;134;0
11/06/2026 18:44;135;0
11/06/2026 18:45;135;0
11/06/2026 18:46;132;0
11/06/2026 18:47;127;0
11/06/2026 18:48;111;0
11/06/2026 18:49;105;0
11/06/2026 18:50;119;0
11/06/2026 18:51;120;92,9
11/06/2026 18:52;111;0
11/06/2026 18:53;112;0
11/06/2026 18:54;105;0
11/06/2026 18:55;104;0
11/06/2026 18:56;101;0
11/06/2026 18:57;99;0
11/06/2026 18:58;94;0
11/06/2026 18:59;95;0
11/06/2026 19:00;91;0
11/06/2026 19:01;88;90
11/06/2026 19:02;82;0
11/06/2026 19:03;81;0
11/06/2026 19:04;78;0
11/06/2026 19:05;68;0
11/06/2026 19:06;66;0
11/06/2026 19:07;64;0
11/06/2026 19:08;62;0
11/06/2026 19:09;59;0
11/06/2026 19:10;52;0
11/06/2026 19:11;51;78,4
11/06/2026 19:12;48;0
11/06/2026 19:13;43;0
11/06/2026 19:14;36;0
11/06/2026 19:15;40;0
11/06/2026 19:16;44;0
11/06/2026 19:17;36;0
11/06/2026 19:18;35;0
11/06/2026 19:19;34;0
11/06/2026 19:20;30;0
11/06/2026 19:21;29;84,2
11/06/2026 19:22;27;0
11/06/2026 19:23;25;0
11/06/2026 19:24;23;0
11/06/2026 19:25;21;0
11/06/2026 19:26;0;0
11/06/2026 19:27;18;0
11/06/2026 19:28;17;0
11/06/2026 19:29;18;0
11/06/2026 19:30;16;0
11/06/2026 19:31;15;78,4
11/06/2026 19:32;12;0
11/06/2026 19:33;13;0
11/06/2026 19:34;9;0
11/06/2026 19:35;6;0
11/06/2026 19:36;5;0
11/06/2026 19:37;3;0
11/06/2026 19:38;5;0
11/06/2026 19:39;3;0
11/06/2026 19:40;2;0
11/06/2026 19:41;2;69,7
11/06/2026 19:42;1;0
11/06/2026 19:43;0;0
11/06/2026 19:44;0;0
11/06/2026 19:45;0;0
11/06/2026 19:46;0;0
11/06/2026 19:47;0;0
11/06/2026 19:48;0;0
11/06/2026 19:49;0;0
11/06/2026 19:50;0;0
11/06/2026 19:51;0;0
11/06/2026 19:52;0;0
11/06/2026 19:53;0;0
11/06/2026 19:54;0;0
11/06/2026 19:55;0;0
11/06/2026 19:56;0;0
11/06/2026 19:57;2;0
11/06/2026 19:58;0;0
11/06/2026 19:59;0;0
11/06/2026 20:00;0;0
11/06/2026 20:01;0;0
11/06/2026 20:02;0;0
11/06/2026 20:03;0;0
11/06/2026 20:04;0;0
11/06/2026 20:05;0;0
11/06/2026 20:06;0;0
11/06/2026 20:07;0;0
11/06/2026 20:08;0;0
11/06/2026 20:09;0;0
11/06/2026 20:10;0;0
11/06/2026 20:11;0;0
11/06/2026 20:12;0;0
11/06/2026 20:13;0;0
11/06/2026 20:14;0;0
11/06/2026 20:15;0;0
11/06/2026 20:16;0;0
11/06/2026 20:17;0;0
11/06/2026 20:18;0;0
11/06/2026 20:19;0;0
11/06/2026 20:20;0;0
11/06/2026 20:21;0;0
11/06/2026 20:22;0;0
11/06/2026 20:23;0;0
11/06/2026 20:24;0;0
11/06/2026 20:25;0;0
11/06/2026 20:26;0;0
11/06/2026 20:27;0;0
11/06/2026 20:28;0;0
11/06/2026 20:29;0;0
11/06/2026 20:30;0;0
11/06/2026 20:31;0;0
11/06/2026 20:32;0;0
11/06/2026 20:33;0;0
11/06/2026 20:34;0;0
11/06/2026 20:35;0;0
11/06/2026 20:36;0;0
11/06/2026 20:37;0;0
11/06/2026 20:38;0;0
11/06/2026 20:39;0;0
11/06/2026 20:40;0;0
11/06/2026 20:41;0;0
11/06/2026 20:42;0;0
11/06/2026 20:43;0;0
11/06/2026 20:44;0;0
11/06/2026 20:45;0;0
11/06/2026 20:46;0;0
11/06/2026 20:47;0;0
11/06/2026 20:48;0;0
11/06/2026 20:49;0;0
11/06/2026 20:50;0;0
11/06/2026 20:51;0;0
11/06/2026 20:52;0;0
11/06/2026 20:53;0;0
11/06/2026 20:54;0;0
11/06/2026 20:55;0;0
11/06/2026 20:56;0;0
11/06/2026 20:57;0;0
11/06/2026 20:58;0;0
11/06/2026 20:59;0;0
11/06/2026 21:00;0;0
11/06/2026 21:01;0;0
11/06/2026 21:02;0;0
11/06/2026 21:03;0;0
11/06/2026 21:04;0;0
11/06/2026 21:05;0;0
11/06/2026 21:06;0;0
11/06/2026 21:07;0;0
11/06/2026 21:08;0;0
11/06/2026 21:09;0;0
11/06/2026 21:10;0;0
11/06/2026 21:11;0;0
11/06/2026 21:12;0;0
11/06/2026 21:13;0;0
11/06/2026 21:14;0;0
11/06/2026 21:15;0;0
11/06/2026 21:16;0;0
11/06/2026 21:17;0;0
11/06/2026 21:18;0;0
11/06/2026 21:19;0;0
11/06/2026 21:20;0;0
11/06/2026 21:21;0;0
11/06/2026 21:22;0;0
11/06/2026 21:23;0;0
11/06/2026 21:24;0;0
11/06/2026 21:25;0;0
11/06/2026 21:26;0;0
11/06/2026 21:27;0;0
11/06/2026 21:28;0;0
11/06/2026 21:29;0;0
11/06/2026 21:30;0;0
11/06/2026 21:31;0;0
11/06/2026 21:32;0;0
11/06/2026 21:33;0;0
11/06/2026 21:34;0;0
11/06/2026 21:35;0;0
11/06/2026 21:36;0;0
11/06/2026 21:37;0;0
11/06/2026 21:38;0;0
11/06/2026 21:39;0;0
11/06/2026 21:40;0;0
11/06/2026 21:41;0;0
11/06/2026 21:42;0;0
11/06/2026 21:43;0;0
11/06/2026 21:44;0;0
11/06/2026 21:45;0;0
11/06/2026 21:46;0;0
11/06/2026 21:47;0;0
11/06/2026 21:48;0;0
11/06/2026 21:49;0;0
11/06/2026 21:50;0;0
11/06/2026 21:51;0;0
11/06/2026 21:52;0;0
11/06/2026 21:53;0;0
11/06/2026 21:54;0;0
11/06/2026 21:55;0;0
11/06/2026 21:56;0;0
11/06/2026 21:57;0;0
11/06/2026 21:58;0;0
11/06/2026 21:59;0;0
11/06/2026 22:00;0;0
11/06/2026 22:01;0;0
11/06/2026 22:02;0;0
11/06/2026 22:03;0;0
11/06/2026 22:04;0;0
11/06/2026 22:05;0;0
11/06/2026 22:06;0;0
11/06/2026 22:07;0;0
11/06/2026 22:08;0;0
11/06/2026 22:09;0;0
11/06/2026 22:10;0;0
11/06/2026 22:11;0;0
11/06/2026 22:12;0;0
11/06/2026 22:13;0;0
11/06/2026 22:14;0;0
11/06/2026 22:15;0;0
11/06/2026 22:16;0;0
11/06/2026 22:17;0;0
11/06/2026 22:18;0;0
11/06/2026 22:19;0;0
11/06/2026 22:20;0;0
11/06/2026 22:21;0;0
11/06/2026 22:22;0;0
11/06/2026 22:23;0;0
11/06/2026 22:24;0;0
11/06/2026 22:25;0;0
11/06/2026 22:26;0;0
11/06/2026 22:27;0;0
11/06/2026 22:28;0;0
11/06/2026 22:29;0;0
11/06/2026 22:30;0;0
11/06/2026 22:31;0;0
11/06/2026 22:32;0;0
11/06/2026 22:33;0;0
11/06/2026 22:34;0;0
11/06/2026 22:35;0;0
11/06/2026 22:36;0;0
11/06/2026 22:37;0;0
11/06/2026 22:38;0;0
11/06/2026 22:39;0;0
11/06/2026 22:40;0;0
11/06/2026 22:41;0;0
11/06/2026 22:42;0;0
11/06/2026 22:43;0;0
11/06/2026 22:44;0;0
11/06/2026 22:45;0;0
11/06/2026 22:46;0;0
11/06/2026 22:47;0;0
11/06/2026 22:48;0;0
11/06/2026 22:49;0;0
11/06/2026 22:50;0;0
11/06/2026 22:51;0;0
11/06/2026 22:52;0;0
11/06/2026 22:53;0;0
11/06/2026 22:54;0;0
11/06/2026 22:55;0;0
11/06/2026 22:56;0;0
11/06/2026 22:57;0;0
11/06/2026 22:58;0;0
11/06/2026 22:59;0;0
11/06/2026 23:00;0;0
11/06/2026 23:01;0;0
11/06/2026 23:02;0;0
11/06/2026 23:03;0;0
11/06/2026 23:04;0;0
11/06/2026 23:05;0;0
11/06/2026 23:06;0;0
11/06/2026 23:07;0;0
11/06/2026 23:08;0;0
11/06/2026 23:09;0;0
11/06/2026 23:10;0;0
11/06/2026 23:11;0;0
11/06/2026 23:12;0;0
11/06/2026 23:13;0;0
11/06/2026 23:14;0;0
11/06/2026 23:15;0;0
11/06/2026 23:16;0;0
11/06/2026 23:17;0;0
11/06/2026 23:18;0;0
11/06/2026 23:19;0;0
11/06/2026 23:20;0;0
11/06/2026 23:21;0;0
11/06/2026 23:22;0;0
11/06/2026 23:23;0;0
11/06/2026 23:24;0;0
11/06/2026 23:25;0;0
11/06/2026 23:26;0;0
11/06/2026 23:27;0;0
11/06/2026 23:28;0;0
11/06/2026 23:29;0;0
11/06/2026 23:30;0;0
11/06/2026 23:31;0;0
11/06/2026 23:32;0;0
11/06/2026 23:33;0;0
11/06/2026 23:34;0;0
11/06/2026 23:35;0;0
11/06/2026 23:36;0;0
11/06/2026 23:37;0;0
11/06/2026 23:38;0;0
11/06/2026 23:39;0;0
11/06/2026 23:40;0;0
11/06/2026 23:41;0;0
11/06/2026 23:42;0;0
11/06/2026 23:43;0;0
11/06/2026 23:44;0;0
11/06/2026 23:45;0;0
11/06/2026 23:46;0;0
11/06/2026 23:47;0;0
11/06/2026 23:48;0;0
11/06/2026 23:49;0;0
11/06/2026 23:50;0;0
11/06/2026 23:51;0;0
11/06/2026 23:52;0;0
11/06/2026 23:53;0;0
11/06/2026 23:54;0;0
11/06/2026 23:55;0;0
11/06/2026 23:56;0;0
11/06/2026 23:57;0;0
11/06/2026 23:58;0;0
11/06/2026 23:59;0;0
12/06/2026 0:00;0;0
12/06/2026 0:01;0;0
12/06/2026 0:02;0;0
12/06/2026 0:03;0;0
12/06/2026 0:04;0;0
12/06/2026 0:05;0;0
12/06/2026 0:06;0;0
12/06/2026 0:07;0;0
12/06/2026 0:08;0;0
12/06/2026 0:09;0;0
12/06/2026 0:10;0;0
12/06/2026 0:11;0;0
12/06/2026 0:12;0;0
12/06/2026 0:13;0;0
12/06/2026 0:14;0;0
12/06/2026 0:15;0;0
12/06/2026 0:16;0;0
12/06/2026 0:17;0;0
12/06/2026 0:18;0;0
12/06/2026 0:19;0;0
12/06/2026 0:20;0;0
12/06/2026 0:21;0;0
12/06/2026 0:22;0;0
12/06/2026 0:23;0;0
12/06/2026 0:24;0;0
12/06/2026 0:25;0;0
12/06/2026 0:26;0;0
12/06/2026 0:27;0;0
12/06/2026 0:28;0;0
12/06/2026 0:29;0;0
12/06/2026 0:30;0;0
12/06/2026 0:31;0;0
12/06/2026 0:32;0;0
12/06/2026 0:33;0;0
12/06/2026 0:34;0;0
12/06/2026 0:35;0;0
12/06/2026 0:36;0;0
12/06/2026 0:37;0;0
12/06/2026 0:38;0;0
12/06/2026 0:39;0;0
12/06/2026 0:40;0;0
12/06/2026 0:41;0;0
12/06/2026 0:42;0;0
12/06/2026 0:43;0;0
12/06/2026 0:44;0;0
12/06/2026 0:45;0;0
12/06/2026 0:46;0;0
12/06/2026 0:47;0;0
12/06/2026 0:48;0;0
12/06/2026 0:49;0;0
12/06/2026 0:50;0;0
12/06/2026 0:51;0;0
12/06/2026 0:52;0;0
12/06/2026 0:53;0;0
12/06/2026 0:54;0;0
12/06/2026 0:55;0;0
12/06/2026 0:56;0;0
12/06/2026 0:57;0;0
12/06/2026 0:58;0;0
12/06/2026 0:59;0;0
12/06/2026 1:00;0;0
12/06/2026 1:01;0;0
12/06/2026 1:02;0;0
12/06/2026 1:03;0;0
12/06/2026 1:04;0;0
12/06/2026 1:05;0;0
12/06/2026 1:06;0;0
12/06/2026 1:07;0;0
12/06/2026 1:08;0;0
12/06/2026 1:09;0;0
12/06/2026 1:10;0;0
12/06/2026 1:11;0;0
12/06/2026 1:12;0;0
12/06/2026 1:13;0;0
12/06/2026 1:14;0;0
12/06/2026 1:15;0;0
12/06/2026 1:16;0;0
12/06/2026 1:17;0;0
12/06/2026 1:18;0;0
12/06/2026 1:19;0;0
12/06/2026 1:20;0;0
12/06/2026 1:21;0;0
12/06/2026 1:22;0;0
12/06/2026 1:23;0;0
12/06/2026 1:24;0;0
12/06/2026 1:25;0;0
12/06/2026 1:26;0;0
12/06/2026 1:27;0;0
12/06/2026 1:28;0;0
12/06/2026 1:29;0;0
12/06/2026 1:30;0;0
12/06/2026 1:31;0;0
12/06/2026 1:32;0;0
12/06/2026 1:33;0;0
12/06/2026 1:34;0;0
12/06/2026 1:35;0;0
12/06/2026 1:36;0;0
12/06/2026 1:37;0;0
12/06/2026 1:38;0;0
12/06/2026 1:39;0;0
12/06/2026 1:40;0;0
12/06/2026 1:41;0;0
12/06/2026 1:42;0;0
12/06/2026 1:43;0;0
12/06/2026 1:44;0;0
12/06/2026 1:45;0;0
12/06/2026 1:46;0;0
12/06/2026 1:47;0;0
12/06/2026 1:48;0;0
12/06/2026 1:49;0;0
12/06/2026 1:50;0;0
12/06/2026 1:51;0;0
12/06/2026 1:52;0;0
12/06/2026 1:53;0;0
12/06/2026 1:54;0;0
12/06/2026 1:55;0;0
12/06/2026 1:56;0;0
12/06/2026 1:57;0;0
12/06/2026 1:58;0;0
12/06/2026 1:59;0;0
12/06/2026 2:00;0;0
12/06/2026 2:01;0;0
12/06/2026 2:02;0;0
12/06/2026 2:03;0;0
12/06/2026 2:04;0;0
12/06/2026 2:05;0;0
12/06/2026 2:06;0;0
12/06/2026 2:07;0;0
12/06/2026 2:08;0;0
12/06/2026 2:09;0;0
12/06/2026 2:10;0;0
12/06/2026 2:11;0;0
12/06/2026 2:12;0;0
12/06/2026 2:13;0;0
12/06/2026 2:14;0;0
12/06/2026 2:15;0;0
12/06/2026 2:16;0;0
12/06/2026 2:17;0;0
12/06/2026 2:18;0;0
12/06/2026 2:19;0;0
12/06/2026 2:20;0;0
12/06/2026 2:21;0;0
12/06/2026 2:22;0;0
12/06/2026 2:23;0;0
12/06/2026 2:24;0;0
12/06/2026 2:25;0;0
12/06/2026 2:26;0;0
12/06/2026 2:27;0;0
12/06/2026 2:28;0;0
12/06/2026 2:29;0;0
12/06/2026 2:30;0;0
12/06/2026 2:31;0;0
12/06/2026 2:32;0;0
12/06/2026 2:33;0;0
12/06/2026 2:34;0;0
12/06/2026 2:35;0;0
12/06/2026 2:36;0;0
12/06/2026 2:37;0;0
12/06/2026 2:38;0;0
12/06/2026 2:39;0;0
12/06/2026 2:40;0;0
12/06/2026 2:41;0;0
12/06/2026 2:42;0;0
12/06/2026 2:43;0;0
12/06/2026 2:44;0;0
12/06/2026 2:45;0;0
12/06/2026 2:46;0;0
12/06/2026 2:47;0;0
12/06/2026 2:48;0;0
12/06/2026 2:49;0;0
12/06/2026 2:50;0;0
12/06/2026 2:51;0;0
12/06/2026 2:52;0;0
12/06/2026 2:53;0;0
12/06/2026 2:54;0;0
12/06/2026 2:55;0;0
12/06/2026 2:56;0;0
12/06/2026 2:57;0;0
12/06/2026 2:58;0;0
12/06/2026 2:59;0;0
12/06/2026 3:00;0;0
12/06/2026 3:01;0;0
12/06/2026 3:02;0;0
12/06/2026 3:03;0;0
12/06/2026 3:04;0;0
12/06/2026 3:05;0;0
12/06/2026 3:06;0;0
12/06/2026 3:07;0;0
12/06/2026 3:08;0;0
12/06/2026 3:09;0;0
12/06/2026 3:10;0;0
12/06/2026 3:11;0;0
12/06/2026 3:12;0;0
12/06/2026 3:13;0;0
12/06/2026 3:14;0;0
12/06/2026 3:15;0;0
12/06/2026 3:16;0;0
12/06/2026 3:17;0;0
12/06/2026 3:18;0;0
12/06/2026 3:19;0;0
12/06/2026 3:20;0;0
12/06/2026 3:21;0;0
12/06/2026 3:22;0;0
12/06/2026 3:23;0;0
12/06/2026 3:24;0;0
12/06/2026 3:25;0;0
12/06/2026 3:26;0;0
12/06/2026 3:27;0;0
12/06/2026 3:28;0;0
12/06/2026 3:29;0;0
12/06/2026 3:30;0;0
12/06/2026 3:31;0;0
12/06/2026 3:32;0;0
12/06/2026 3:33;0;0
12/06/2026 3:34;0;0
12/06/2026 3:35;0;0
12/06/2026 3:36;0;0
12/06/2026 3:37;0;0
12/06/2026 3:38;0;0
12/06/2026 3:39;0;0
12/06/2026 3:40;0;0
12/06/2026 3:41;0;0
12/06/2026 3:42;0;0
12/06/2026 3:43;0;0
12/06/2026 3:44;0;0
12/06/2026 3:45;0;0
12/06/2026 3:46;0;0
12/06/2026 3:47;0;0
12/06/2026 3:48;0;0
12/06/2026 3:49;0;0
12/06/2026 3:50;0;0
12/06/2026 3:51;0;0
12/06/2026 3:52;0;0
12/06/2026 3:53;0;0
12/06/2026 3:54;0;0
12/06/2026 3:55;0;0
12/06/2026 3:56;0;0
12/06/2026 3:57;0;0
12/06/2026 3:58;0;0
12/06/2026 3:59;0;0
12/06/2026 4:00;0;0
12/06/2026 4:01;0;0
12/06/2026 4:02;0;0
12/06/2026 4:03;0;0
12/06/2026 4:04;0;0
12/06/2026 4:05;0;0
12/06/2026 4:06;0;0
12/06/2026 4:07;0;0
12/06/2026 4:08;0;0
12/06/2026 4:09;0;0
12/06/2026 4:10;0;0
12/06/2026 4:11;0;0
12/06/2026 4:12;0;0
12/06/2026 4:13;0;0
12/06/2026 4:14;0;0
12/06/2026 4:15;0;0
12/06/2026 4:16;0;0
12/06/2026 4:17;0;0
12/06/2026 4:18;0;0
12/06/2026 4:19;0;0
12/06/2026 4:20;0;0
12/06/2026 4:21;0;0
12/06/2026 4:22;0;0
12/06/2026 4:23;0;0
12/06/2026 4:24;0;0
12/06/2026 4:25;0;0
12/06/2026 4:26;0;0
12/06/2026 4:27;0;0
12/06/2026 4:28;0;0
12/06/2026 4:29;0;0
12/06/2026 4:30;0;0
12/06/2026 4:31;0;0
12/06/2026 4:32;0;0
12/06/2026 4:33;0;0
12/06/2026 4:34;0;0
12/06/2026 4:35;0;0
12/06/2026 4:36;0;0
12/06/2026 4:37;0;0
12/06/2026 4:38;0;0
12/06/2026 4:39;0;0
12/06/2026 4:40;0;0
12/06/2026 4:41;0;0
12/06/2026 4:42;0;0
12/06/2026 4:43;0;0
12/06/2026 4:44;0;0
12/06/2026 4:45;0;0
12/06/2026 4:46;0;0
12/06/2026 4:47;0;0
12/06/2026 4:48;0;0
12/06/2026 4:49;0;0
12/06/2026 4:50;0;0
12/06/2026 4:51;0;0
12/06/2026 4:52;0;0
12/06/2026 4:53;0;0
12/06/2026 4:54;0;0
12/06/2026 4:55;0;0
12/06/2026 4:56;0;0
12/06/2026 4:57;0;0
12/06/2026 4:58;0;0
12/06/2026 4:59;0;0
12/06/2026 5:00;0;0
12/06/2026 5:01;0;0
12/06/2026 5:02;0;0
12/06/2026 5:03;0;0
12/06/2026 5:04;0;0
12/06/2026 5:05;0;0
12/06/2026 5:06;0;0
12/06/2026 5:07;0;0
12/06/2026 5:08;0;0
12/06/2026 5:09;0;0
12/06/2026 5:10;0;0
12/06/2026 5:11;0;0
12/06/2026 5:12;0;0
12/06/2026 5:13;0;0
12/06/2026 5:14;0;0
12/06/2026 5:15;0;0
12/06/2026 5:16;0;0
12/06/2026 5:17;0;0
12/06/2026 5:18;0;0
12/06/2026 5:19;0;0
12/06/2026 5:20;0;0
12/06/2026 5:21;0;0
12/06/2026 5:22;0;0
12/06/2026 5:23;0;0
12/06/2026 5:24;0;0
12/06/2026 5:25;0;0
12/06/2026 5:26;0;0
12/06/2026 5:27;0;0
12/06/2026 5:28;0;0
12/06/2026 5:29;0;0
12/06/2026 5:30;0;0
12/06/2026 5:31;0;0
12/06/2026 5:32;0;0
12/06/2026 5:33;0;0
12/06/2026 5:34;0;0
12/06/2026 5:35;0;0
12/06/2026 5:36;0;0
12/06/2026 5:37;0;0
12/06/2026 5:38;0;0
12/06/2026 5:39;0;0
12/06/2026 5:40;0;0
12/06/2026 5:41;0;0
12/06/2026 5:42;0;0
12/06/2026 5:43;0;0
12/06/2026 5:44;0;0
12/06/2026 5:45;0;0
12/06/2026 5:46;0;0
12/06/2026 5:47;0;0
12/06/2026 5:48;0;0
12/06/2026 5:49;0;0
12/06/2026 5:50;0;0
12/06/2026 5:51;0;0
12/06/2026 5:52;0;0
12/06/2026 5:53;0;0
12/06/2026 5:54;0;0
12/06/2026 5:55;0;0
12/06/2026 5:56;0;0
12/06/2026 5:57;0;0
12/06/2026 5:58;0;0
12/06/2026 5:59;0;0
12/06/2026 6:00;0;0
12/06/2026 6:01;0;0
12/06/2026 6:02;0;0
12/06/2026 6:03;0;0
12/06/2026 6:04;0;0
12/06/2026 6:05;0;0
12/06/2026 6:06;0;0
12/06/2026 6:07;0;0
12/06/2026 6:08;0;0
12/06/2026 6:09;0;0
12/06/2026 6:10;0;0
12/06/2026 6:11;0;0
12/06/2026 6:12;0;0
12/06/2026 6:13;0;0
12/06/2026 6:14;0;0
12/06/2026 6:15;0;0
12/06/2026 6:16;0;0
12/06/2026 6:17;0;0
12/06/2026 6:18;0;0
12/06/2026 6:19;0;0
12/06/2026 6:20;0;0
12/06/2026 6:21;0;0
12/06/2026 6:22;0;0
12/06/2026 6:23;0;0
12/06/2026 6:24;0;0
12/06/2026 6:25;0;0
12/06/2026 6:26;0;0
12/06/2026 6:27;0;0
12/06/2026 6:28;0;0
12/06/2026 6:29;0;0
12/06/2026 6:30;0;0
12/06/2026 6:31;0;0
12/06/2026 6:32;0;0
12/06/2026 6:33;0;0
12/06/2026 6:34;0;0
12/06/2026 6:35;0;0
12/06/2026 6:36;0;0
12/06/2026 6:37;0;0
12/06/2026 6:38;0;0
12/06/2026 6:39;0;0
12/06/2026 6:40;0;0
12/06/2026 6:41;0;0
12/06/2026 6:42;0;0
12/06/2026 6:43;0;0
12/06/2026 6:44;0;0
12/06/2026 6:45;0;0
12/06/2026 6:46;0;0
12/06/2026 6:47;0;0
12/06/2026 6:48;0;0
12/06/2026 6:49;0;0
12/06/2026 6:50;0;0
12/06/2026 6:51;0;0
12/06/2026 6:52;0;0
12/06/2026 6:53;0;0
12/06/2026 6:54;0;0
12/06/2026 6:55;0;0
12/06/2026 6:56;0;0
12/06/2026 6:57;0;0
12/06/2026 6:58;0;0
12/06/2026 6:59;0;0
12/06/2026 7:00;0;0
12/06/2026 7:01;0;0
12/06/2026 7:02;0;0
12/06/2026 7:03;0;0
12/06/2026 7:04;0;0
12/06/2026 7:05;0;0
12/06/2026 7:06;0;0
12/06/2026 7:07;0;0
12/06/2026 7:08;0;0
12/06/2026 7:09;0;0
12/06/2026 7:10;0;0
12/06/2026 7:11;0;0
12/06/2026 7:12;0;0
12/06/2026 7:13;0;0
12/06/2026 7:14;0;0
12/06/2026 7:15;0;0
12/06/2026 7:16;0;0
12/06/2026 7:17;0;0
12/06/2026 7:18;0;0
12/06/2026 7:19;0;0
12/06/2026 7:20;0;0
12/06/2026 7:21;0;0
12/06/2026 7:22;0;0
12/06/2026 7:23;0;0
12/06/2026 7:24;0;0
12/06/2026 7:25;0;0
12/06/2026 7:26;0;0
12/06/2026 7:27;0;0
12/06/2026 7:28;0;0
12/06/2026 7:29;0;0
12/06/2026 7:30;0;0
12/06/2026 7:31;0;0
12/06/2026 7:32;0;0
12/06/2026 7:33;0;0
12/06/2026 7:34;0;0
12/06/2026 7:35;0;0
12/06/2026 7:36;0;0
12/06/2026 7:37;0;0
12/06/2026 7:38;0;0
12/06/2026 7:39;0;0
12/06/2026 7:40;0;0
12/06/2026 7:41;0;0
12/06/2026 7:42;0;0
12/06/2026 7:43;0;0
12/06/2026 7:44;1;0
12/06/2026 7:45;5;0
12/06/2026 7:46;5;0
12/06/2026 7:47;6;0
12/06/2026 7:48;7;0
12/06/2026 7:49;10;0
12/06/2026 7:50;12;0
12/06/2026 7:51;15;128
12/06/2026 7:52;17;0
12/06/2026 7:53;22;0
12/06/2026 7:54;23;0
12/06/2026 7:55;25;0
12/06/2026 7:56;28;0
12/06/2026 7:57;30;0
12/06/2026 7:58;33;0
12/06/2026 7:59;34;0
12/06/2026 8:00;36;0
12/06/2026 8:01;37;119
12/06/2026 8:02;39;0
12/06/2026 8:03;41;0
12/06/2026 8:04;43;0
12/06/2026 8:05;45;0
12/06/2026 8:06;46;0
12/06/2026 8:07;49;0
12/06/2026 8:08;52;0
12/06/2026 8:09;53;0
12/06/2026 8:10;56;0
12/06/2026 8:11;58;142
12/06/2026 8:12;62;0
12/06/2026 8:13;64;0
12/06/2026 8:14;75;0
12/06/2026 8:15;68;0
12/06/2026 8:16;71;0
12/06/2026 8:17;75;0
12/06/2026 8:18;77;0
12/06/2026 8:19;81;0
12/06/2026 8:20;83;0
12/06/2026 8:21;86;136
12/06/2026 8:22;88;0
12/06/2026 8:23;91;0
12/06/2026 8:24;94;0
12/06/2026 8:25;96;0
12/06/2026 8:26;98;0
12/06/2026 8:27;102;0
12/06/2026 8:28;104;0
12/06/2026 8:29;109;0
12/06/2026 8:30;110;0
12/06/2026 8:31;114;177
12/06/2026 8:32;117;0
12/06/2026 8:33;120;0
12/06/2026 8:34;124;0
12/06/2026 8:35;128;0
12/06/2026 8:36;131;0
12/06/2026 8:37;133;0
12/06/2026 8:38;136;0
12/06/2026 8:39;141;0
12/06/2026 8:40;143;0
12/06/2026 8:41;147;244
12/06/2026 8:42;149;0
12/06/2026 8:43;152;0
12/06/2026 8:44;156;0
12/06/2026 8:45;158;0
12/06/2026 8:46;161;0
12/06/2026 8:47;164;0
12/06/2026 8:48;167;0
12/06/2026 8:49;169;0
12/06/2026 8:50;174;0
12/06/2026 8:51;176;264
12/06/2026 8:52;179;0
12/06/2026 8:53;182;0
12/06/2026 8:54;185;0
12/06/2026 8:55;188;0
12/06/2026 8:56;192;0
12/06/2026 8:57;194;0
12/06/2026 8:58;196;0
12/06/2026 8:59;199;0
12/06/2026 9:00;202;0
12/06/2026 9:01;206;287
12/06/2026 9:02;210;0
12/06/2026 9:03;214;0
12/06/2026 9:04;217;0
12/06/2026 9:05;220;0
12/06/2026 9:06;223;0
12/06/2026 9:07;227;0
12/06/2026 9:08;229;0
12/06/2026 9:09;234;0
12/06/2026 9:10;238;0
12/06/2026 9:11;241;287
12/06/2026 9:12;245;0
12/06/2026 9:13;247;0
12/06/2026 9:14;251;0
12/06/2026 9:15;254;0
12/06/2026 9:16;257;0
12/06/2026 9:17;260;0
12/06/2026 9:18;263;0
12/06/2026 9:19;266;0
12/06/2026 9:20;269;0
12/06/2026 9:21;272;316
12/06/2026 9:22;276;0
12/06/2026 9:23;280;0
12/06/2026 9:24;282;0
12/06/2026 9:25;286;0
12/06/2026 9:26;289;0
12/06/2026 9:27;292;0
12/06/2026 9:28;295;0
12/06/2026 9:29;297;0
12/06/2026 9:30;300;0
12/06/2026 9:31;304;342
12/06/2026 9:32;307;0
12/06/2026 9:33;309;0
12/06/2026 9:34;312;0
12/06/2026 9:35;316;0
12/06/2026 9:36;317;0
12/06/2026 9:37;322;0
12/06/2026 9:38;323;0
12/06/2026 9:39;328;0
12/06/2026 9:40;332;0
12/06/2026 9:41;334;409
12/06/2026 9:42;338;0
12/06/2026 9:43;341;0
12/06/2026 9:44;341;0
12/06/2026 9:45;346;0
12/06/2026 9:46;347;0
12/06/2026 9:47;349;0
12/06/2026 9:48;353;0
12/06/2026 9:49;356;0
12/06/2026 9:50;360;0
12/06/2026 9:51;364;360
12/06/2026 9:52;367;0
12/06/2026 9:53;369;0
12/06/2026 9:54;372;0
12/06/2026 9:55;375;0
12/06/2026 9:56;378;0
12/06/2026 9:57;380;0
12/06/2026 9:58;383;0
12/06/2026 9:59;385;0
12/06/2026 10:00;389;0
12/06/2026 10:01;392;409
12/06/2026 10:02;394;0
12/06/2026 10:03;398;0
12/06/2026 10:04;399;0
12/06/2026 10:05;402;0
12/06/2026 10:06;406;0
12/06/2026 10:07;407;0
12/06/2026 10:08;409;0
12/06/2026 10:09;412;0
12/06/2026 10:10;414;0
12/06/2026 10:11;417;412
12/06/2026 10:12;420;0
12/06/2026 10:13;421;0
12/06/2026 10:14;424;0
12/06/2026 10:15;426;0
12/06/2026 10:16;429;0
12/06/2026 10:17;432;0
12/06/2026 10:18;434;0
12/06/2026 10:19;436;0
12/06/2026 10:20;439;0
12/06/2026 10:21;442;514
12/06/2026 10:22;445;0
12/06/2026 10:23;447;0
12/06/2026 10:24;449;0
12/06/2026 10:25;451;0
12/06/2026 10:26;410;0
12/06/2026 10:27;456;0
12/06/2026 10:28;458;0
12/06/2026 10:29;461;0
12/06/2026 10:30;463;0
12/06/2026 10:31;466;534
12/06/2026 10:32;470;0
12/06/2026 10:33;470;0
12/06/2026 10:34;472;0
12/06/2026 10:35;476;0
12/06/2026 10:36;478;0
12/06/2026 10:37;481;0
12/06/2026 10:38;485;0
12/06/2026 10:39;486;0
12/06/2026 10:40;487;0
12/06/2026 10:41;490;563
12/06/2026 10:42;493;0
12/06/2026 10:43;495;0
12/06/2026 10:44;497;0
12/06/2026 10:45;500;0
12/06/2026 10:46;502;0
12/06/2026 10:47;506;0
12/06/2026 10:48;509;0
12/06/2026 10:49;511;0
12/06/2026 10:50;510;0
12/06/2026 10:51;512;580
12/06/2026 10:52;516;0
12/06/2026 10:53;519;0
12/06/2026 10:54;522;0
12/06/2026 10:55;523;0
12/06/2026 10:56;520;0
12/06/2026 10:57;516;0
12/06/2026 10:58;514;0
12/06/2026 10:59;518;0
12/06/2026 11:00;523;0
12/06/2026 11:01;522;583
12/06/2026 11:02;522;0
12/06/2026 11:03;529;0
12/06/2026 11:04;534;0
12/06/2026 11:05;532;0
12/06/2026 11:06;535;0
12/06/2026 11:07;539;0
12/06/2026 11:08;536;0
12/06/2026 11:09;535;0
12/06/2026 11:10;543;0
12/06/2026 11:11;549;615
12/06/2026 11:12;552;0
12/06/2026 11:13;553;0
12/06/2026 11:14;553;0
12/06/2026 11:15;555;0
12/06/2026 11:16;558;0
12/06/2026 11:17;560;0
12/06/2026 11:18;561;0
12/06/2026 11:19;563;0
12/06/2026 11:20;565;0
12/06/2026 11:21;566;572
12/06/2026 11:22;568;0
12/06/2026 11:23;570;0
12/06/2026 11:24;570;0
12/06/2026 11:25;567;0
12/06/2026 11:26;564;0
12/06/2026 11:27;572;0
12/06/2026 11:28;574;0
12/06/2026 11:29;574;0
12/06/2026 11:30;576;0
12/06/2026 11:31;580;630
12/06/2026 11:32;577;0
12/06/2026 11:33;583;0
12/06/2026 11:34;584;0
12/06/2026 11:35;586;0
12/06/2026 11:36;587;0
12/06/2026 11:37;587;0
12/06/2026 11:38;589;0
12/06/2026 11:39;590;0
12/06/2026 11:40;594;0
12/06/2026 11:41;590;566
12/06/2026 11:42;596;0
12/06/2026 11:43;597;0
12/06/2026 11:44;598;0
12/06/2026 11:45;599;0
12/06/2026 11:46;599;0
12/06/2026 11:47;600;0
12/06/2026 11:48;599;0
12/06/2026 11:49;600;0
12/06/2026 11:50;601;0
12/06/2026 11:51;601;621
12/06/2026 11:52;604;0
12/06/2026 11:53;605;0
12/06/2026 11:54;605;0
12/06/2026 11:55;608;0
12/06/2026 11:56;608;0
12/06/2026 11:57;558;0
12/06/2026 11:58;613;0
12/06/2026 11:59;617;0
12/06/2026 12:00;620;0
12/06/2026 12:01;622;601
12/06/2026 12:02;621;0
12/06/2026 12:03;620;0
12/06/2026 12:04;621;0
12/06/2026 12:05;621;0
12/06/2026 12:06;622;0
12/06/2026 12:07;622;0
12/06/2026 12:08;623;0
12/06/2026 12:09;622;0
12/06/2026 12:10;624;0
12/06/2026 12:11;624;612
12/06/2026 12:12;625;0
12/06/2026 12:13;624;0
12/06/2026 12:14;626;0
12/06/2026 12:15;622;0
12/06/2026 12:16;625;0
12/06/2026 12:17;627;0
12/06/2026 12:18;632;0
12/06/2026 12:19;631;0
12/06/2026 12:20;634;0
12/06/2026 12:21;636;638
12/06/2026 12:22;636;0
12/06/2026 12:23;635;0
12/06/2026 12:24;639;0
12/06/2026 12:25;638;0
12/06/2026 12:26;639;0
12/06/2026 12:27;640;0
12/06/2026 12:28;641;0
12/06/2026 12:29;641;0
12/06/2026 12:30;641;0
12/06/2026 12:31;640;650
12/06/2026 12:32;640;0
12/06/2026 12:33;639;0
12/06/2026 12:34;641;0
12/06/2026 12:35;643;0
12/06/2026 12:36;645;0
12/06/2026 12:37;646;0
12/06/2026 12:38;646;0
12/06/2026 12:39;651;0
12/06/2026 12:40;654;0
12/06/2026 12:41;655;601
12/06/2026 12:42;650;0
12/06/2026 12:43;652;0
12/06/2026 12:44;651;0
12/06/2026 12:45;653;0
12/06/2026 12:46;656;0
12/06/2026 12:47;659;0
12/06/2026 12:48;652;0
12/06/2026 12:49;655;0
12/06/2026 12:50;654;0
12/06/2026 12:51;648;615
12/06/2026 12:52;648;0
12/06/2026 12:53;651;0
12/06/2026 12:54;649;0
12/06/2026 12:55;651;0
12/06/2026 12:56;651;0
12/06/2026 12:57;656;0
12/06/2026 12:58;658;0
12/06/2026 12:59;658;0
12/06/2026 13:00;659;0
12/06/2026 13:01;662;685
12/06/2026 13:02;667;0
12/06/2026 13:03;658;0
12/06/2026 13:04;655;0
12/06/2026 13:05;658;0
12/06/2026 13:06;659;0
12/06/2026 13:07;656;0
12/06/2026 13:08;660;0
12/06/2026 13:09;657;0
12/06/2026 13:10;654;0
12/06/2026 13:11;654;653
12/06/2026 13:12;655;0
12/06/2026 13:13;660;0
12/06/2026 13:14;665;0
12/06/2026 13:15;664;0
12/06/2026 13:16;661;0
12/06/2026 13:17;656;0
12/06/2026 13:18;660;0
12/06/2026 13:19;661;0
12/06/2026 13:20;664;0
12/06/2026 13:21;666;630
12/06/2026 13:22;666;0
12/06/2026 13:23;668;0
12/06/2026 13:24;668;0
12/06/2026 13:25;668;0
12/06/2026 13:26;666;0
12/06/2026 13:27;668;0
12/06/2026 13:28;626;0
12/06/2026 13:29;672;0
12/06/2026 13:30;674;0
12/06/2026 13:31;673;618
12/06/2026 13:32;675;0
12/06/2026 13:33;674;0
12/06/2026 13:34;673;0
12/06/2026 13:35;670;0
12/06/2026 13:36;674;0
12/06/2026 13:37;679;0
12/06/2026 13:38;680;0
12/06/2026 13:39;677;0
12/06/2026 13:40;674;0
12/06/2026 13:41;674;618
12/06/2026 13:42;675;0
12/06/2026 13:43;674;0
12/06/2026 13:44;673;0
12/06/2026 13:45;672;0
12/06/2026 13:46;668;0
12/06/2026 13:47;668;0
12/06/2026 13:48;670;0
12/06/2026 13:49;673;0
12/06/2026 13:50;669;0
12/06/2026 13:51;674;636
12/06/2026 13:52;670;0
12/06/2026 13:53;673;0
12/06/2026 13:54;668;0
12/06/2026 13:55;673;0
12/06/2026 13:56;676;0
12/06/2026 13:57;676;0
12/06/2026 13:58;682;0
12/06/2026 13:59;669;0
12/06/2026 14:00;672;0
12/06/2026 14:01;667;630
12/06/2026 14:02;664;0
12/06/2026 14:03;669;0
12/06/2026 14:04;669;0
12/06/2026 14:05;670;0
12/06/2026 14:06;667;0
12/06/2026 14:07;667;0
12/06/2026 14:08;666;0
12/06/2026 14:09;665;0
12/06/2026 14:10;664;0
12/06/2026 14:11;660;572
12/06/2026 14:12;657;0
12/06/2026 14:13;657;0
12/06/2026 14:14;653;0
12/06/2026 14:15;658;0
12/06/2026 14:16;658;0
12/06/2026 14:17;659;0
12/06/2026 14:18;659;0
12/06/2026 14:19;662;0
12/06/2026 14:20;663;0
12/06/2026 14:21;667;583
12/06/2026 14:22;665;0
12/06/2026 14:23;664;0
12/06/2026 14:24;664;0
12/06/2026 14:25;666;0
12/06/2026 14:26;664;0
12/06/2026 14:27;666;0
12/06/2026 14:28;664;0
12/06/2026 14:29;663;0
12/06/2026 14:30;661;0
12/06/2026 14:31;660;586
12/06/2026 14:32;659;0
12/06/2026 14:33;656;0
12/06/2026 14:34;657;0
12/06/2026 14:35;658;0
12/06/2026 14:36;657;0
12/06/2026 14:37;656;0
12/06/2026 14:38;655;0
12/06/2026 14:39;644;0
12/06/2026 14:40;652;0
12/06/2026 14:41;651;609
12/06/2026 14:42;652;0
12/06/2026 14:43;652;0
12/06/2026 14:44;652;0
12/06/2026 14:45;649;0
12/06/2026 14:46;649;0
12/06/2026 14:47;649;0
12/06/2026 14:48;649;0
12/06/2026 14:49;647;0
12/06/2026 14:50;646;0
12/06/2026 14:51;643;575
12/06/2026 14:52;641;0
12/06/2026 14:53;638;0
12/06/2026 14:54;636;0
12/06/2026 14:55;636;0
12/06/2026 14:56;636;0
12/06/2026 14:57;636;0
12/06/2026 14:58;634;0
12/06/2026 14:59;631;0
12/06/2026 15:00;632;0
12/06/2026 15:01;634;505
12/06/2026 15:02;634;0
12/06/2026 15:03;635;0
12/06/2026 15:04;632;0
12/06/2026 15:05;628;0
12/06/2026 15:06;621;0
12/06/2026 15:07;622;0
12/06/2026 15:08;625;0
12/06/2026 15:09;624;0
12/06/2026 15:10;624;0
12/06/2026 15:11;624;482
12/06/2026 15:12;621;0
12/06/2026 15:13;624;0
12/06/2026 15:14;624;0
12/06/2026 15:15;625;0
12/06/2026 15:16;623;0
12/06/2026 15:17;619;0
12/06/2026 15:18;624;0
12/06/2026 15:19;624;0
12/06/2026 15:20;622;0
12/06/2026 15:21;621;464
12/06/2026 15:22;621;0
12/06/2026 15:23;618;0
12/06/2026 15:24;616;0
12/06/2026 15:25;612;0
12/06/2026 15:26;610;0
12/06/2026 15:27;610;0
12/06/2026 15:28;609;0
12/06/2026 15:29;607;0
12/06/2026 15:30;602;0
12/06/2026 15:31;600;464
12/06/2026 15:32;596;0
12/06/2026 15:33;597;0
12/06/2026 15:34;597;0
12/06/2026 15:35;593;0
12/06/2026 15:36;594;0
12/06/2026 15:37;596;0
12/06/2026 15:38;591;0
12/06/2026 15:39;590;0
12/06/2026 15:40;584;0
12/06/2026 15:41;590;450
12/06/2026 15:42;588;0
12/06/2026 15:43;586;0
12/06/2026 15:44;585;0
12/06/2026 15:45;586;0
12/06/2026 15:46;583;0
12/06/2026 15:47;584;0
12/06/2026 15:48;585;0
12/06/2026 15:49;583;0
12/06/2026 15:50;581;0
12/06/2026 15:51;584;401
12/06/2026 15:52;584;0
12/06/2026 15:53;582;0
12/06/2026 15:54;581;0
12/06/2026 15:55;577;0
12/06/2026 15:56;575;0
12/06/2026 15:57;572;0
12/06/2026 15:58;566;0
12/06/2026 15:59;565;0
12/06/2026 16:00;564;0
12/06/2026 16:01;563;392
12/06/2026 16:02;561;0
12/06/2026 16:03;558;0
12/06/2026 16:04;557;0
12/06/2026 16:05;559;0
12/06/2026 16:06;562;0
12/06/2026 16:07;560;0
12/06/2026 16:08;557;0
12/06/2026 16:09;555;0
12/06/2026 16:10;555;0
12/06/2026 16:11;556;383
12/06/2026 16:12;555;0
12/06/2026 16:13;555;0
12/06/2026 16:14;552;0
12/06/2026 16:15;547;0
12/06/2026 16:16;546;0
12/06/2026 16:17;547;0
12/06/2026 16:18;547;0
12/06/2026 16:19;542;0
12/06/2026 16:20;539;0
12/06/2026 16:21;538;380
12/06/2026 16:22;535;0
12/06/2026 16:23;532;0
12/06/2026 16:24;529;0
12/06/2026 16:25;527;0
12/06/2026 16:26;529;0
12/06/2026 16:27;525;0
12/06/2026 16:28;522;0
12/06/2026 16:29;521;0
12/06/2026 16:30;519;0
12/06/2026 16:31;517;380
12/06/2026 16:32;519;0
12/06/2026 16:33;517;0
12/06/2026 16:34;514;0
12/06/2026 16:35;510;0
12/06/2026 16:36;506;0
12/06/2026 16:37;505;0
12/06/2026 16:38;502;0
12/06/2026 16:39;499;0
12/06/2026 16:40;497;0
12/06/2026 16:41;494;325
12/06/2026 16:42;492;0
12/06/2026 16:43;489;0
12/06/2026 16:44;488;0
12/06/2026 16:45;486;0
12/06/2026 16:46;483;0
12/06/2026 16:47;479;0
12/06/2026 16:48;480;0
12/06/2026 16:49;478;0
12/06/2026 16:50;478;0
12/06/2026 16:51;474;273
12/06/2026 16:52;469;0
12/06/2026 16:53;469;0
12/06/2026 16:54;468;0
12/06/2026 16:55;466;0
12/06/2026 16:56;464;0
12/06/2026 16:57;461;0
12/06/2026 16:58;458;0
12/06/2026 16:59;455;0
12/06/2026 17:00;450;0
12/06/2026 17:01;447;241
12/06/2026 17:02;445;0
12/06/2026 17:03;441;0
12/06/2026 17:04;445;0
12/06/2026 17:05;440;0
12/06/2026 17:06;440;0
12/06/2026 17:07;439;0
12/06/2026 17:08;433;0
12/06/2026 17:09;430;0
12/06/2026 17:10;429;0
12/06/2026 17:11;427;241
12/06/2026 17:12;420;0
12/06/2026 17:13;417;0
12/06/2026 17:14;416;0
12/06/2026 17:15;414;0
12/06/2026 17:16;414;0
12/06/2026 17:17;414;0
12/06/2026 17:18;410;0
12/06/2026 17:19;405;0
12/06/2026 17:20;405;0
12/06/2026 17:21;401;241
12/06/2026 17:22;397;0
12/06/2026 17:23;397;0
12/06/2026 17:24;398;0
12/06/2026 17:25;396;0
12/06/2026 17:26;393;0
12/06/2026 17:27;391;0
12/06/2026 17:28;386;0
12/06/2026 17:29;384;0
12/06/2026 17:30;382;0
12/06/2026 17:31;377;218
12/06/2026 17:32;375;0
12/06/2026 17:33;372;0
12/06/2026 17:34;369;0
12/06/2026 17:35;367;0
12/06/2026 17:36;365;0
12/06/2026 17:37;365;0
12/06/2026 17:38;362;0
12/06/2026 17:39;360;0
12/06/2026 17:40;358;0
12/06/2026 17:41;354;186
12/06/2026 17:42;350;0
12/06/2026 17:43;348;0
12/06/2026 17:44;345;0
12/06/2026 17:45;343;0
12/06/2026 17:46;339;0
12/06/2026 17:47;335;0
12/06/2026 17:48;331;0
12/06/2026 17:49;329;0
12/06/2026 17:50;328;0
12/06/2026 17:51;325;154
12/06/2026 17:52;323;0
12/06/2026 17:53;320;0
12/06/2026 17:54;316;0
12/06/2026 17:55;314;0
12/06/2026 17:56;311;0
12/06/2026 17:57;308;0
12/06/2026 17:58;306;0
12/06/2026 17:59;301;0
12/06/2026 18:00;290;0
12/06/2026 18:01;288;151
12/06/2026 18:02;285;0
12/06/2026 18:03;275;0
12/06/2026 18:04;269;0
12/06/2026 18:05;268;0
12/06/2026 18:06;265;0
12/06/2026 18:07;263;0
12/06/2026 18:08;259;0
12/06/2026 18:09;255;0
12/06/2026 18:10;245;0
12/06/2026 18:11;243;107
12/06/2026 18:12;240;0
12/06/2026 18:13;230;0
12/06/2026 18:14;228;0
12/06/2026 18:15;225;0
12/06/2026 18:16;222;0
12/06/2026 18:17;220;0
12/06/2026 18:18;217;0
12/06/2026 18:19;201;0
12/06/2026 18:20;206;0
12/06/2026 18:21;202;98,7
12/06/2026 18:22;199;0
12/06/2026 18:23;190;0
12/06/2026 18:24;187;0
12/06/2026 18:25;184;0
12/06/2026 18:26;184;0
12/06/2026 18:27;181;0
12/06/2026 18:28;176;0
12/06/2026 18:29;170;0
12/06/2026 18:30;167;0
12/06/2026 18:31;158;102
12/06/2026 18:32;156;0
12/06/2026 18:33;154;0
12/06/2026 18:34;151;0
12/06/2026 18:35;153;0
12/06/2026 18:36;145;0
12/06/2026 18:37;137;0
12/06/2026 18:38;135;0
12/06/2026 18:39;140;0
12/06/2026 18:40;141;0
12/06/2026 18:41;140;95,8
12/06/2026 18:42;133;0
12/06/2026 18:43;131;0
12/06/2026 18:44;132;0
12/06/2026 18:45;131;0
12/06/2026 18:46;128;0
12/06/2026 18:47;123;0
12/06/2026 18:48;103;0
12/06/2026 18:49;105;0
12/06/2026 18:50;118;0
12/06/2026 18:51;116;92,9
12/06/2026 18:52;111;0
12/06/2026 18:53;107;0
12/06/2026 18:54;101;0
12/06/2026 18:55;100;0
12/06/2026 18:56;98;0
12/06/2026 18:57;94;0
12/06/2026 18:58;91;0
12/06/2026 18:59;91;0
12/06/2026 19:00;88;0
12/06/2026 19:01;84;81,3
12/06/2026 19:02;74;0
12/06/2026 19:03;77;0
12/06/2026 19:04;75;0
12/06/2026 19:05;65;0
12/06/2026 19:06;63;0
12/06/2026 19:07;61;0
12/06/2026 19:08;59;0
12/06/2026 19:09;57;0
12/06/2026 19:10;51;0
12/06/2026 19:11;48;81,3
12/06/2026 19:12;47;0
12/06/2026 19:13;43;0
12/06/2026 19:14;37;0
12/06/2026 19:15;28;0
12/06/2026 19:16;31;0
12/06/2026 19:17;34;0
12/06/2026 19:18;33;0
12/06/2026 19:19;31;0
12/06/2026 19:20;28;0
12/06/2026 19:21;27;81,3
12/06/2026 19:22;25;0
12/06/2026 19:23;22;0
12/06/2026 19:24;21;0
12/06/2026 19:25;20;0
12/06/2026 19:26;18;0
12/06/2026 19:27;16;0
12/06/2026 19:28;15;0
12/06/2026 19:29;15;0
12/06/2026 19:30;13;0
12/06/2026 19:31;13;81,3
12/06/2026 19:32;10;0
12/06/2026 19:33;9;0
12/06/2026 19:34;8;0
12/06/2026 19:35;7;0
12/06/2026 19:36;4;0
12/06/2026 19:37;2;0
12/06/2026 19:38;3;0
12/06/2026 19:39;3;0
12/06/2026 19:40;2;0
12/06/2026 19:41;1;72,6
12/06/2026 19:42;0;0
12/06/2026 19:43;0;0
12/06/2026 19:44;0;0
12/06/2026 19:45;0;0
12/06/2026 19:46;0;0
12/06/2026 19:47;0;0
12/06/2026 19:48;0;0
12/06/2026 19:49;0;0
12/06/2026 19:50;0;0
12/06/2026 19:51;0;0
12/06/2026 19:52;0;0
12/06/2026 19:53;0;0
12/06/2026 19:54;0;0
12/06/2026 19:55;0;0
12/06/2026 19:56;0;0
12/06/2026 19:57;0;0
12/06/2026 19:58;0;0
12/06/2026 19:59;0;0
12/06/2026 20:00;0;0
12/06/2026 20:01;0;0
12/06/2026 20:02;0;0
12/06/2026 20:03;0;0
12/06/2026 20:04;4;0
12/06/2026 20:05;0;0
12/06/2026 20:06;0;0
12/06/2026 20:07;0;0
12/06/2026 20:08;0;0
12/06/2026 20:09;0;0
12/06/2026 20:10;0;0
12/06/2026 20:11;0;0
12/06/2026 20:12;0;0
12/06/2026 20:13;0;0
12/06/2026 20:14;0;0
12/06/2026 20:15;0;0
12/06/2026 20:16;0;0
12/06/2026 20:17;0;0
12/06/2026 20:18;0;0
12/06/2026 20:19;0;0
12/06/2026 20:20;0;0
12/06/2026 20:21;0;0
12/06/2026 20:22;0;0
12/06/2026 20:23;0;0
12/06/2026 20:24;0;0
12/06/2026 20:25;0;0
12/06/2026 20:26;0;0
12/06/2026 20:27;0;0
12/06/2026 20:28;0;0
12/06/2026 20:29;0;0
12/06/2026 20:30;0;0
12/06/2026 20:31;0;0
12/06/2026 20:32;0;0
12/06/2026 20:33;0;0
12/06/2026 20:34;0;0
12/06/2026 20:35;0;0
12/06/2026 20:36;0;0
12/06/2026 20:37;0;0
12/06/2026 20:38;0;0
12/06/2026 20:39;0;0
12/06/2026 20:40;0;0
12/06/2026 20:41;0;0
12/06/2026 20:42;0;0
12/06/2026 20:43;0;0
12/06/2026 20:44;0;0
12/06/2026 20:45;0;0
12/06/2026 20:46;0;0
12/06/2026 20:47;0;0
12/06/2026 20:48;0;0
12/06/2026 20:49;0;0
12/06/2026 20:50;0;0
12/06/2026 20:51;0;0
12/06/2026 20:52;0;0
12/06/2026 20:53;0;0
12/06/2026 20:54;0;0
12/06/2026 20:55;0;0
12/06/2026 20:56;0;0
12/06/2026 20:57;0;0
12/06/2026 20:58;0;0
12/06/2026 20:59;0;0
12/06/2026 21:00;0;0
12/06/2026 21:01;0;0
12/06/2026 21:02;0;0
12/06/2026 21:03;0;0
12/06/2026 21:04;0;0
12/06/2026 21:05;0;0
12/06/2026 21:06;0;0
12/06/2026 21:07;0;0
12/06/2026 21:08;0;0
12/06/2026 21:09;0;0
12/06/2026 21:10;0;0
12/06/2026 21:11;0;0
12/06/2026 21:12;0;0
12/06/2026 21:13;0;0
12/06/2026 21:14;0;0
12/06/2026 21:15;0;0
12/06/2026 21:16;0;0
12/06/2026 21:17;0;0
12/06/2026 21:18;0;0
12/06/2026 21:19;0;0
12/06/2026 21:20;0;0
12/06/2026 21:21;0;0
12/06/2026 21:22;0;0
12/06/2026 21:23;0;0
12/06/2026 21:24;0;0
12/06/2026 21:25;0;0
12/06/2026 21:26;0;0
12/06/2026 21:27;0;0
12/06/2026 21:28;0;0
12/06/2026 21:29;0;0
12/06/2026 21:30;0;0
12/06/2026 21:31;0;0
12/06/2026 21:32;0;0
12/06/2026 21:33;0;0
12/06/2026 21:34;0;0
12/06/2026 21:35;0;0
12/06/2026 21:36;0;0
12/06/2026 21:37;0;0
12/06/2026 21:38;0;0
12/06/2026 21:39;0;0
12/06/2026 21:40;0;0
12/06/2026 21:41;0;0
12/06/2026 21:42;0;0
12/06/2026 21:43;0;0
12/06/2026 21:44;0;0
12/06/2026 21:45;0;0
12/06/2026 21:46;0;0
12/06/2026 21:47;0;0
12/06/2026 21:48;0;0
12/06/2026 21:49;0;0
12/06/2026 21:50;0;0
12/06/2026 21:51;0;0
12/06/2026 21:52;0;0
12/06/2026 21:53;0;0
12/06/2026 21:54;0;0
12/06/2026 21:55;0;0
12/06/2026 21:56;0;0
12/06/2026 21:57;0;0
12/06/2026 21:58;0;0
12/06/2026 21:59;0;0
12/06/2026 22:00;0;0
12/06/2026 22:01;0;0
12/06/2026 22:02;0;0
12/06/2026 22:03;0;0
12/06/2026 22:04;0;0
12/06/2026 22:05;0;0
12/06/2026 22:06;0;0
12/06/2026 22:07;0;0
12/06/2026 22:08;0;0
12/06/2026 22:09;0;0
12/06/2026 22:10;0;0
12/06/2026 22:11;0;0
12/06/2026 22:12;0;0
12/06/2026 22:13;0;0
12/06/2026 22:14;0;0
12/06/2026 22:15;0;0
12/06/2026 22:16;0;0
12/06/2026 22:17;0;0
12/06/2026 22:18;0;0
12/06/2026 22:19;0;0
12/06/2026 22:20;0;0
12/06/2026 22:21;0;0
12/06/2026 22:22;0;0
12/06/2026 22:23;0;0
12/06/2026 22:24;0;0
12/06/2026 22:25;0;0
12/06/2026 22:26;0;0
12/06/2026 22:27;0;0
12/06/2026 22:28;0;0
12/06/2026 22:29;0;0
12/06/2026 22:30;0;0
12/06/2026 22:31;0;0
12/06/2026 22:32;0;0
12/06/2026 22:33;0;0
12/06/2026 22:34;0;0
12/06/2026 22:35;0;0
12/06/2026 22:36;0;0
12/06/2026 22:37;0;0
12/06/2026 22:38;0;0
12/06/2026 22:39;0;0
12/06/2026 22:40;0;0
12/06/2026 22:41;0;0
12/06/2026 22:42;0;0
12/06/2026 22:43;0;0
12/06/2026 22:44;0;0
12/06/2026 22:45;0;0
12/06/2026 22:46;0;0
12/06/2026 22:47;0;0
12/06/2026 22:48;0;0
12/06/2026 22:49;0;0
12/06/2026 22:50;0;0
12/06/2026 22:51;0;0
12/06/2026 22:52;0;0
12/06/2026 22:53;0;0
12/06/2026 22:54;0;0
12/06/2026 22:55;0;0
12/06/2026 22:56;0;0
12/06/2026 22:57;0;0
12/06/2026 22:58;0;0
12/06/2026 22:59;0;0
12/06/2026 23:00;0;0
12/06/2026 23:01;0;0
12/06/2026 23:02;0;0
12/06/2026 23:03;0;0
12/06/2026 23:04;0;0
12/06/2026 23:05;0;0
12/06/2026 23:06;0;0
12/06/2026 23:07;0;0
12/06/2026 23:08;0;0
12/06/2026 23:09;0;0
12/06/2026 23:10;0;0
12/06/2026 23:11;0;0
12/06/2026 23:12;0;0
12/06/2026 23:13;0;0
12/06/2026 23:14;0;0
12/06/2026 23:15;0;0
12/06/2026 23:16;0;0
12/06/2026 23:17;0;0
12/06/2026 23:18;0;0
12/06/2026 23:19;0;0
12/06/2026 23:20;0;0
12/06/2026 23:21;0;0
12/06/2026 23:22;0;0
12/06/2026 23:23;0;0
12/06/2026 23:24;0;0
12/06/2026 23:25;0;0
12/06/2026 23:26;0;0
12/06/2026 23:27;0;0
12/06/2026 23:28;0;0
12/06/2026 23:29;0;0
12/06/2026 23:30;0;0
12/06/2026 23:31;0;0
12/06/2026 23:32;0;0
12/06/2026 23:33;0;0
12/06/2026 23:34;0;0
12/06/2026 23:35;0;0
12/06/2026 23:36;0;0
12/06/2026 23:37;0;0
12/06/2026 23:38;0;0
12/06/2026 23:39;0;0
12/06/2026 23:40;0;0
12/06/2026 23:41;0;0
12/06/2026 23:42;0;0
12/06/2026 23:43;0;0
12/06/2026 23:44;0;0
12/06/2026 23:45;0;0
12/06/2026 23:46;0;0
12/06/2026 23:47;0;0
12/06/2026 23:48;0;0
12/06/2026 23:49;0;0
12/06/2026 23:50;0;0
12/06/2026 23:51;0;0
12/06/2026 23:52;0;0
12/06/2026 23:53;0;0
12/06/2026 23:54;0;0
12/06/2026 23:55;0;0
12/06/2026 23:56;0;0
12/06/2026 23:57;0;0
12/06/2026 23:58;0;0
12/06/2026 23:59;0;0
13/06/2026 0:00;0;0
13/06/2026 0:01;0;0
13/06/2026 0:02;0;0
13/06/2026 0:03;0;0
13/06/2026 0:04;0;0
13/06/2026 0:05;0;0
13/06/2026 0:06;0;0
13/06/2026 0:07;0;0
13/06/2026 0:08;0;0
13/06/2026 0:09;0;0
13/06/2026 0:10;0;0
13/06/2026 0:11;0;0
13/06/2026 0:12;0;0
13/06/2026 0:13;0;0
13/06/2026 0:14;0;0
13/06/2026 0:15;0;0
13/06/2026 0:16;0;0
13/06/2026 0:17;0;0
13/06/2026 0:18;0;0
13/06/2026 0:19;0;0
13/06/2026 0:20;0;0
13/06/2026 0:21;0;0
13/06/2026 0:22;0;0
13/06/2026 0:23;0;0
13/06/2026 0:24;0;0
13/06/2026 0:25;0;0
13/06/2026 0:26;0;0
13/06/2026 0:27;0;0
13/06/2026 0:28;0;0
13/06/2026 0:29;0;0
13/06/2026 0:30;0;0
13/06/2026 0:31;0;0
13/06/2026 0:32;0;0
13/06/2026 0:33;0;0
13/06/2026 0:34;0;0
13/06/2026 0:35;0;0
13/06/2026 0:36;0;0
13/06/2026 0:37;0;0
13/06/2026 0:38;0;0
13/06/2026 0:39;0;0
13/06/2026 0:40;0;0
13/06/2026 0:41;0;0
13/06/2026 0:42;0;0
13/06/2026 0:43;0;0
13/06/2026 0:44;0;0
13/06/2026 0:45;0;0
13/06/2026 0:46;0;0
13/06/2026 0:47;0;0
13/06/2026 0:48;0;0
13/06/2026 0:49;0;0
13/06/2026 0:50;0;0
13/06/2026 0:51;0;0
13/06/2026 0:52;0;0
13/06/2026 0:53;0;0
13/06/2026 0:54;0;0
13/06/2026 0:55;0;0
13/06/2026 0:56;0;0
13/06/2026 0:57;0;0
13/06/2026 0:58;0;0
13/06/2026 0:59;0;0
13/06/2026 1:00;0;0
13/06/2026 1:01;0;0
13/06/2026 1:02;0;0
13/06/2026 1:03;0;0
13/06/2026 1:04;0;0
13/06/2026 1:05;0;0
13/06/2026 1:06;0;0
13/06/2026 1:07;0;0
13/06/2026 1:08;0;0
13/06/2026 1:09;0;0
13/06/2026 1:10;0;0
13/06/2026 1:11;0;0
13/06/2026 1:12;0;0
13/06/2026 1:13;0;0
13/06/2026 1:14;0;0
13/06/2026 1:15;0;0
13/06/2026 1:16;0;0
13/06/2026 1:17;0;0
13/06/2026 1:18;0;0
13/06/2026 1:19;0;0
13/06/2026 1:20;0;0
13/06/2026 1:21;0;0
13/06/2026 1:22;0;0
13/06/2026 1:23;0;0
13/06/2026 1:24;0;0
13/06/2026 1:25;0;0
13/06/2026 1:26;0;0
13/06/2026 1:27;0;0
13/06/2026 1:28;0;0
13/06/2026 1:29;0;0
13/06/2026 1:30;0;0
13/06/2026 1:31;0;0
13/06/2026 1:32;0;0
13/06/2026 1:33;0;0
13/06/2026 1:34;0;0
13/06/2026 1:35;0;0
13/06/2026 1:36;0;0
13/06/2026 1:37;0;0
13/06/2026 1:38;0;0
13/06/2026 1:39;0;0
13/06/2026 1:40;0;0
13/06/2026 1:41;0;0
13/06/2026 1:42;0;0
13/06/2026 1:43;0;0
13/06/2026 1:44;0;0
13/06/2026 1:45;0;0
13/06/2026 1:46;0;0
13/06/2026 1:47;0;0
13/06/2026 1:48;0;0
13/06/2026 1:49;0;0
13/06/2026 1:50;0;0
13/06/2026 1:51;0;0
13/06/2026 1:52;0;0
13/06/2026 1:53;0;0
13/06/2026 1:54;0;0
13/06/2026 1:55;0;0
13/06/2026 1:56;0;0
13/06/2026 1:57;0;0
13/06/2026 1:58;0;0
13/06/2026 1:59;0;0
13/06/2026 2:00;0;0
13/06/2026 2:01;0;0
13/06/2026 2:02;0;0
13/06/2026 2:03;0;0
13/06/2026 2:04;0;0
13/06/2026 2:05;0;0
13/06/2026 2:06;0;0
13/06/2026 2:07;0;0
13/06/2026 2:08;0;0
13/06/2026 2:09;0;0
13/06/2026 2:10;0;0
13/06/2026 2:11;0;0
13/06/2026 2:12;0;0
13/06/2026 2:13;0;0
13/06/2026 2:14;0;0
13/06/2026 2:15;0;0
13/06/2026 2:16;0;0
13/06/2026 2:17;0;0
13/06/2026 2:18;0;0
13/06/2026 2:19;0;0
13/06/2026 2:20;0;0
13/06/2026 2:21;0;0
13/06/2026 2:22;0;0
13/06/2026 2:23;0;0
13/06/2026 2:24;0;0
13/06/2026 2:25;0;0
13/06/2026 2:26;0;0
13/06/2026 2:27;0;0
13/06/2026 2:28;0;0
13/06/2026 2:29;0;0
13/06/2026 2:30;0;0
13/06/2026 2:31;0;0
13/06/2026 2:32;0;0
13/06/2026 2:33;0;0
13/06/2026 2:34;0;0
13/06/2026 2:35;0;0
13/06/2026 2:36;0;0
13/06/2026 2:37;0;0
13/06/2026 2:38;0;0
13/06/2026 2:39;0;0
13/06/2026 2:40;0;0
13/06/2026 2:41;0;0
13/06/2026 2:42;0;0
13/06/2026 2:43;0;0
13/06/2026 2:44;0;0
13/06/2026 2:45;0;0
13/06/2026 2:46;0;0
13/06/2026 2:47;0;0
13/06/2026 2:48;0;0
13/06/2026 2:49;0;0
13/06/2026 2:50;0;0
13/06/2026 2:51;0;0
13/06/2026 2:52;0;0
13/06/2026 2:53;0;0
13/06/2026 2:54;0;0
13/06/2026 2:55;0;0
13/06/2026 2:56;0;0
13/06/2026 2:57;0;0
13/06/2026 2:58;0;0
13/06/2026 2:59;0;0
13/06/2026 3:00;0;0
13/06/2026 3:01;0;0
13/06/2026 3:02;0;0
13/06/2026 3:03;0;0
13/06/2026 3:04;0;0
13/06/2026 3:05;0;0
13/06/2026 3:06;0;0
13/06/2026 3:07;0;0
13/06/2026 3:08;0;0
13/06/2026 3:09;0;0
13/06/2026 3:10;0;0
13/06/2026 3:11;0;0
13/06/2026 3:12;0;0
13/06/2026 3:13;0;0
13/06/2026 3:14;0;0
13/06/2026 3:15;0;0
13/06/2026 3:16;0;0
13/06/2026 3:17;0;0
13/06/2026 3:18;0;0
13/06/2026 3:19;0;0
13/06/2026 3:20;0;0
13/06/2026 3:21;0;0
13/06/2026 3:22;0;0
13/06/2026 3:23;0;0
13/06/2026 3:24;0;0
13/06/2026 3:25;0;0
13/06/2026 3:26;0;0
13/06/2026 3:27;0;0
13/06/2026 3:28;0;0
13/06/2026 3:29;0;0
13/06/2026 3:30;0;0
13/06/2026 3:31;0;0
13/06/2026 3:32;0;0
13/06/2026 3:33;0;0
13/06/2026 3:34;0;0
13/06/2026 3:35;0;0
13/06/2026 3:36;0;0
13/06/2026 3:37;0;0
13/06/2026 3:38;0;0
13/06/2026 3:39;0;0
13/06/2026 3:40;0;0
13/06/2026 3:41;0;0
13/06/2026 3:42;0;0
13/06/2026 3:43;0;0
13/06/2026 3:44;0;0
13/06/2026 3:45;0;0
13/06/2026 3:46;0;0
13/06/2026 3:47;0;0
13/06/2026 3:48;0;0
13/06/2026 3:49;0;0
13/06/2026 3:50;0;0
13/06/2026 3:51;0;0
13/06/2026 3:52;0;0
13/06/2026 3:53;0;0
13/06/2026 3:54;0;0
13/06/2026 3:55;0;0
13/06/2026 3:56;0;0
13/06/2026 3:57;0;0
13/06/2026 3:58;0;0
13/06/2026 3:59;0;0
13/06/2026 4:00;0;0
13/06/2026 4:01;0;0
13/06/2026 4:02;0;0
13/06/2026 4:03;0;0
13/06/2026 4:04;0;0
13/06/2026 4:05;0;0
13/06/2026 4:06;0;0
13/06/2026 4:07;0;0
13/06/2026 4:08;0;0
13/06/2026 4:09;0;0
13/06/2026 4:10;0;0
13/06/2026 4:11;0;0
13/06/2026 4:12;0;0
13/06/2026 4:13;0;0
13/06/2026 4:14;0;0
13/06/2026 4:15;0;0
13/06/2026 4:16;0;0
13/06/2026 4:17;0;0
13/06/2026 4:18;0;0
13/06/2026 4:19;0;0
13/06/2026 4:20;0;0
13/06/2026 4:21;0;0
13/06/2026 4:22;0;0
13/06/2026 4:23;0;0
13/06/2026 4:24;0;0
13/06/2026 4:25;0;0
13/06/2026 4:26;0;0
13/06/2026 4:27;0;0
13/06/2026 4:28;0;0
13/06/2026 4:29;0;0
13/06/2026 4:30;0;0
13/06/2026 4:31;0;0
13/06/2026 4:32;0;0
13/06/2026 4:33;0;0
13/06/2026 4:34;0;0
13/06/2026 4:35;0;0
13/06/2026 4:36;0;0
13/06/2026 4:37;0;0
13/06/2026 4:38;0;0
13/06/2026 4:39;0;0
13/06/2026 4:40;0;0
13/06/2026 4:41;0;0
13/06/2026 4:42;0;0
13/06/2026 4:43;0;0
13/06/2026 4:44;0;0
13/06/2026 4:45;0;0
13/06/2026 4:46;0;0
13/06/2026 4:47;0;0
13/06/2026 4:48;0;0
13/06/2026 4:49;0;0
13/06/2026 4:50;0;0
13/06/2026 4:51;0;0
13/06/2026 4:52;0;0
13/06/2026 4:53;0;0
13/06/2026 4:54;0;0
13/06/2026 4:55;0;0
13/06/2026 4:56;0;0
13/06/2026 4:57;0;0
13/06/2026 4:58;0;0
13/06/2026 4:59;0;0
13/06/2026 5:00;0;0
13/06/2026 5:01;0;0
13/06/2026 5:02;0;0
13/06/2026 5:03;0;0
13/06/2026 5:04;0;0
13/06/2026 5:05;0;0
13/06/2026 5:06;0;0
13/06/2026 5:07;0;0
13/06/2026 5:08;0;0
13/06/2026 5:09;0;0
13/06/2026 5:10;0;0
13/06/2026 5:11;0;0
13/06/2026 5:12;0;0
13/06/2026 5:13;0;0
13/06/2026 5:14;0;0
13/06/2026 5:15;0;0
13/06/2026 5:16;0;0
13/06/2026 5:17;0;0
13/06/2026 5:18;0;0
13/06/2026 5:19;0;0
13/06/2026 5:20;0;0
13/06/2026 5:21;0;0
13/06/2026 5:22;0;0
13/06/2026 5:23;0;0
13/06/2026 5:24;0;0
13/06/2026 5:25;0;0
13/06/2026 5:26;0;0
13/06/2026 5:27;0;0
13/06/2026 5:28;0;0
13/06/2026 5:29;0;0
13/06/2026 5:30;0;0
13/06/2026 5:31;0;0
13/06/2026 5:32;0;0
13/06/2026 5:33;0;0
13/06/2026 5:34;0;0
13/06/2026 5:35;0;0
13/06/2026 5:36;0;0
13/06/2026 5:37;0;0
13/06/2026 5:38;0;0
13/06/2026 5:39;0;0
13/06/2026 5:40;0;0
13/06/2026 5:41;0;0
13/06/2026 5:42;0;0
13/06/2026 5:43;0;0
13/06/2026 5:44;0;0
13/06/2026 5:45;0;0
13/06/2026 5:46;0;0
13/06/2026 5:47;0;0
13/06/2026 5:48;0;0
13/06/2026 5:49;0;0
13/06/2026 5:50;0;0
13/06/2026 5:51;0;0
13/06/2026 5:52;0;0
13/06/2026 5:53;0;0
13/06/2026 5:54;0;0
13/06/2026 5:55;0;0
13/06/2026 5:56;0;0
13/06/2026 5:57;0;0
13/06/2026 5:58;0;0
13/06/2026 5:59;0;0
13/06/2026 6:00;0;0
13/06/2026 6:01;0;0
13/06/2026 6:02;0;0
13/06/2026 6:03;0;0
13/06/2026 6:04;0;0
13/06/2026 6:05;0;0
13/06/2026 6:06;0;0
13/06/2026 6:07;0;0
13/06/2026 6:08;0;0
13/06/2026 6:09;0;0
13/06/2026 6:10;0;0
13/06/2026 6:11;0;0
13/06/2026 6:12;0;0
13/06/2026 6:13;0;0
13/06/2026 6:14;0;0
13/06/2026 6:15;0;0
13/06/2026 6:16;0;0
13/06/2026 6:17;0;0
13/06/2026 6:18;0;0
13/06/2026 6:19;0;0
13/06/2026 6:20;0;0
13/06/2026 6:21;0;0
13/06/2026 6:22;0;0
13/06/2026 6:23;0;0
13/06/2026 6:24;0;0
13/06/2026 6:25;0;0
13/06/2026 6:26;0;0
13/06/2026 6:27;0;0
13/06/2026 6:28;0;0
13/06/2026 6:29;0;0
13/06/2026 6:30;0;0
13/06/2026 6:31;0;0
13/06/2026 6:32;0;0
13/06/2026 6:33;0;0
13/06/2026 6:34;0;0
13/06/2026 6:35;0;0
13/06/2026 6:36;0;0
13/06/2026 6:37;0;0
13/06/2026 6:38;0;0
13/06/2026 6:39;0;0
13/06/2026 6:40;0;0
13/06/2026 6:41;0;0
13/06/2026 6:42;0;0
13/06/2026 6:43;0;0
13/06/2026 6:44;0;0
13/06/2026 6:45;0;0
13/06/2026 6:46;0;0
13/06/2026 6:47;0;0
13/06/2026 6:48;0;0
13/06/2026 6:49;0;0
13/06/2026 6:50;0;0
13/06/2026 6:51;0;0
13/06/2026 6:52;0;0
13/06/2026 6:53;0;0
13/06/2026 6:54;0;0
13/06/2026 6:55;0;0
13/06/2026 6:56;0;0
13/06/2026 6:57;0;0
13/06/2026 6:58;0;0
13/06/2026 6:59;0;0
13/06/2026 7:00;0;0
13/06/2026 7:01;0;0
13/06/2026 7:02;0;0
13/06/2026 7:03;0;0
13/06/2026 7:04;0;0
13/06/2026 7:05;0;0
13/06/2026 7:06;0;0
13/06/2026 7:07;0;0
13/06/2026 7:08;0;0
13/06/2026 7:09;0;0
13/06/2026 7:10;0;0
13/06/2026 7:11;0;0
13/06/2026 7:12;0;0
13/06/2026 7:13;0;0
13/06/2026 7:14;0;0
13/06/2026 7:15;0;0
13/06/2026 7:16;0;0
13/06/2026 7:17;0;0
13/06/2026 7:18;0;0
13/06/2026 7:19;0;0
13/06/2026 7:20;0;0
13/06/2026 7:21;0;0
13/06/2026 7:22;0;0
13/06/2026 7:23;0;0
13/06/2026 7:24;0;0
13/06/2026 7:25;0;0
13/06/2026 7:26;0;0
13/06/2026 7:27;0;0
13/06/2026 7:28;0;0
13/06/2026 7:29;0;0
13/06/2026 7:30;0;0
13/06/2026 7:31;0;0
13/06/2026 7:32;0;0
13/06/2026 7:33;0;0
13/06/2026 7:34;0;0
13/06/2026 7:35;0;0
13/06/2026 7:36;0;0
13/06/2026 7:37;0;0
13/06/2026 7:38;1;0
13/06/2026 7:39;0;0
13/06/2026 7:40;0;0
13/06/2026 7:41;1;84,2
13/06/2026 7:42;1;0
13/06/2026 7:43;3;0
13/06/2026 7:44;5;0
13/06/2026 7:45;3;0
13/06/2026 7:46;6;0
13/06/2026 7:47;9;0
13/06/2026 7:48;12;0
13/06/2026 7:49;15;0
13/06/2026 7:50;19;0
13/06/2026 7:51;26;87,1
13/06/2026 7:52;82;0
13/06/2026 7:53;30;0
13/06/2026 7:54;33;0
13/06/2026 7:55;35;0
13/06/2026 7:56;40;0
13/06/2026 7:57;40;0
13/06/2026 7:58;42;0
13/06/2026 7:59;46;0
13/06/2026 8:00;48;0
13/06/2026 8:01;51;139
13/06/2026 8:02;51;0
13/06/2026 8:03;50;0
13/06/2026 8:04;48;0
13/06/2026 8:05;46;0
13/06/2026 8:06;48;0
13/06/2026 8:07;50;0
13/06/2026 8:08;52;0
13/06/2026 8:09;53;0
13/06/2026 8:10;53;0
13/06/2026 8:11;55;163
13/06/2026 8:12;53;0
13/06/2026 8:13;50;0
13/06/2026 8:14;51;0
13/06/2026 8:15;52;0
13/06/2026 8:16;55;0
13/06/2026 8:17;55;0
13/06/2026 8:18;61;0
13/06/2026 8:19;68;0
13/06/2026 8:20;72;0
13/06/2026 8:21;73;145
13/06/2026 8:22;78;0
13/06/2026 8:23;99;0
13/06/2026 8:24;91;0
13/06/2026 8:25;93;0
13/06/2026 8:26;95;0
13/06/2026 8:27;98;0
13/06/2026 8:28;103;0
13/06/2026 8:29;105;0
13/06/2026 8:30;109;0
13/06/2026 8:31;113;157
13/06/2026 8:32;117;0
13/06/2026 8:33;120;0
13/06/2026 8:34;112;0
13/06/2026 8:35;114;0
13/06/2026 8:36;112;0
13/06/2026 8:37;95;0
13/06/2026 8:38;87;0
13/06/2026 8:39;84;0
13/06/2026 8:40;90;0
13/06/2026 8:41;88;119
13/06/2026 8:42;117;0
13/06/2026 8:43;128;0
13/06/2026 8:44;130;0
13/06/2026 8:45;136;0
13/06/2026 8:46;139;0
13/06/2026 8:47;142;0
13/06/2026 8:48;139;0
13/06/2026 8:49;137;0
13/06/2026 8:50;140;0
13/06/2026 8:51;145;189
13/06/2026 8:52;154;0
13/06/2026 8:53;162;0
13/06/2026 8:54;164;0
13/06/2026 8:55;175;0
13/06/2026 8:56;180;0
13/06/2026 8:57;185;0
13/06/2026 8:58;195;0
13/06/2026 8:59;200;0
13/06/2026 9:00;206;0
13/06/2026 9:01;210;284
13/06/2026 9:02;212;0
13/06/2026 9:03;199;0
13/06/2026 9:04;218;0
13/06/2026 9:05;219;0
13/06/2026 9:06;234;0
13/06/2026 9:07;241;0
13/06/2026 9:08;250;0
13/06/2026 9:09;257;0
13/06/2026 9:10;261;0
13/06/2026 9:11;265;328
13/06/2026 9:12;269;0
13/06/2026 9:13;271;0
13/06/2026 9:14;276;0
13/06/2026 9:15;228;0
13/06/2026 9:16;246;0
13/06/2026 9:17;271;0
13/06/2026 9:18;275;0
13/06/2026 9:19;276;0
13/06/2026 9:20;292;0
13/06/2026 9:21;296;412
13/06/2026 9:22;300;0
13/06/2026 9:23;304;0
13/06/2026 9:24;308;0
13/06/2026 9:25;311;0
13/06/2026 9:26;316;0
13/06/2026 9:27;319;0
13/06/2026 9:28;322;0
13/06/2026 9:29;327;0
13/06/2026 9:30;332;0
13/06/2026 9:31;334;331
13/06/2026 9:32;339;0
13/06/2026 9:33;341;0
13/06/2026 9:34;348;0
13/06/2026 9:35;351;0
13/06/2026 9:36;353;0
13/06/2026 9:37;357;0
13/06/2026 9:38;363;0
13/06/2026 9:39;366;0
13/06/2026 9:40;372;0
13/06/2026 9:41;376;354
13/06/2026 9:42;379;0
13/06/2026 9:43;379;0
13/06/2026 9:44;385;0
13/06/2026 9:45;390;0
13/06/2026 9:46;396;0
13/06/2026 9:47;395;0
13/06/2026 9:48;398;0
13/06/2026 9:49;399;0
13/06/2026 9:50;402;0
13/06/2026 9:51;398;403
13/06/2026 9:52;379;0
13/06/2026 9:53;371;0
13/06/2026 9:54;375;0
13/06/2026 9:55;369;0
13/06/2026 9:56;346;0
13/06/2026 9:57;334;0
13/06/2026 9:58;349;0
13/06/2026 9:59;355;0
13/06/2026 10:00;364;0
13/06/2026 10:01;321;340
13/06/2026 10:02;345;0
13/06/2026 10:03;377;0
13/06/2026 10:04;389;0
13/06/2026 10:05;411;0
13/06/2026 10:06;409;0
13/06/2026 10:07;418;0
13/06/2026 10:08;414;0
13/06/2026 10:09;418;0
13/06/2026 10:10;425;0
13/06/2026 10:11;430;467
13/06/2026 10:12;432;0
13/06/2026 10:13;433;0
13/06/2026 10:14;419;0
13/06/2026 10:15;427;0
13/06/2026 10:16;434;0
13/06/2026 10:17;433;0
13/06/2026 10:18;440;0
13/06/2026 10:19;454;0
13/06/2026 10:20;445;0
13/06/2026 10:21;429;432
13/06/2026 10:22;442;0
13/06/2026 10:23;441;0
13/06/2026 10:24;450;0
13/06/2026 10:25;452;0
13/06/2026 10:26;442;0
13/06/2026 10:27;439;0
13/06/2026 10:28;440;0
13/06/2026 10:29;442;0
13/06/2026 10:30;452;0
13/06/2026 10:31;469;511
13/06/2026 10:32;455;0
13/06/2026 10:33;444;0
13/06/2026 10:34;426;0
13/06/2026 10:35;418;0
13/06/2026 10:36;392;0
13/06/2026 10:37;425;0
13/06/2026 10:38;435;0
13/06/2026 10:39;460;0
13/06/2026 10:40;485;0
13/06/2026 10:41;503;592
13/06/2026 10:42;502;0
13/06/2026 10:43;475;0
13/06/2026 10:44;445;0
13/06/2026 10:45;434;0
13/06/2026 10:46;417;0
13/06/2026 10:47;357;0
13/06/2026 10:48;378;0
13/06/2026 10:49;421;0
13/06/2026 10:50;443;0
13/06/2026 10:51;452;537
13/06/2026 10:52;417;0
13/06/2026 10:53;396;0
13/06/2026 10:54;353;0
13/06/2026 10:55;336;0
13/06/2026 10:56;331;0
13/06/2026 10:57;337;0
13/06/2026 10:58;332;0
13/06/2026 10:59;338;0
13/06/2026 11:00;328;0
13/06/2026 11:01;297;363
13/06/2026 11:02;321;0
13/06/2026 11:03;336;0
13/06/2026 11:04;342;0
13/06/2026 11:05;350;0
13/06/2026 11:06;354;0
13/06/2026 11:07;333;0
13/06/2026 11:08;330;0
13/06/2026 11:09;381;0
13/06/2026 11:10;388;0
13/06/2026 11:11;414;331
13/06/2026 11:12;440;0
13/06/2026 11:13;455;0
13/06/2026 11:14;508;0
13/06/2026 11:15;496;0
13/06/2026 11:16;524;0
13/06/2026 11:17;495;0
13/06/2026 11:18;460;0
13/06/2026 11:19;441;0
13/06/2026 11:20;445;0
13/06/2026 11:21;456;380
13/06/2026 11:22;475;0
13/06/2026 11:23;483;0
13/06/2026 11:24;488;0
13/06/2026 11:25;482;0
13/06/2026 11:26;481;0
13/06/2026 11:27;486;0
13/06/2026 11:28;499;0
13/06/2026 11:29;501;0
13/06/2026 11:30;513;0
13/06/2026 11:31;515;537
13/06/2026 11:32;518;0
13/06/2026 11:33;495;0
13/06/2026 11:34;493;0
13/06/2026 11:35;507;0
13/06/2026 11:36;502;0
13/06/2026 11:37;493;0
13/06/2026 11:38;505;0
13/06/2026 11:39;518;0
13/06/2026 11:40;525;0
13/06/2026 11:41;560;668
13/06/2026 11:42;570;0
13/06/2026 11:43;569;0
13/06/2026 11:44;551;0
13/06/2026 11:45;558;0
13/06/2026 11:46;549;0
13/06/2026 11:47;543;0
13/06/2026 11:48;541;0
13/06/2026 11:49;542;0
13/06/2026 11:50;463;0
13/06/2026 11:51;470;563
13/06/2026 11:52;433;0
13/06/2026 11:53;466;0
13/06/2026 11:54;519;0
13/06/2026 11:55;575;0
13/06/2026 11:56;532;0
13/06/2026 11:57;557;0
13/06/2026 11:58;547;0
13/06/2026 11:59;520;0
13/06/2026 12:00;466;0
13/06/2026 12:01;437;453
13/06/2026 12:02;445;0
13/06/2026 12:03;383;0
13/06/2026 12:04;333;0
13/06/2026 12:05;267;0
13/06/2026 12:06;350;0
13/06/2026 12:07;484;0
13/06/2026 12:08;541;0
13/06/2026 12:09;561;0
13/06/2026 12:10;581;0
13/06/2026 12:11;534;464
13/06/2026 12:12;546;0
13/06/2026 12:13;500;0
13/06/2026 12:14;503;0
13/06/2026 12:15;544;0
13/06/2026 12:16;556;0
13/06/2026 12:17;568;0
13/06/2026 12:18;594;0
13/06/2026 12:19;575;0
13/06/2026 12:20;573;0
13/06/2026 12:21;443;409
13/06/2026 12:22;406;0
13/06/2026 12:23;427;0
13/06/2026 12:24;496;0
13/06/2026 12:25;414;0
13/06/2026 12:26;561;0
13/06/2026 12:27;607;0
13/06/2026 12:28;627;0
13/06/2026 12:29;648;0
13/06/2026 12:30;630;0
13/06/2026 12:31;561;461
13/06/2026 12:32;597;0
13/06/2026 12:33;517;0
13/06/2026 12:34;535;0
13/06/2026 12:35;633;0
13/06/2026 12:36;689;0
13/06/2026 12:37;690;0
13/06/2026 12:38;699;0
13/06/2026 12:39;640;0
13/06/2026 12:40;607;0
13/06/2026 12:41;515;476
13/06/2026 12:42;540;0
13/06/2026 12:43;692;0
13/06/2026 12:44;657;0
13/06/2026 12:45;647;0
13/06/2026 12:46;675;0
13/06/2026 12:47;702;0
13/06/2026 12:48;703;0
13/06/2026 12:49;700;0
13/06/2026 12:50;690;0
13/06/2026 12:51;679;685
13/06/2026 12:52;553;0
13/06/2026 12:53;581;0
13/06/2026 12:54;656;0
13/06/2026 12:55;670;0
13/06/2026 12:56;673;0
13/06/2026 12:57;650;0
13/06/2026 12:58;676;0
13/06/2026 12:59;672;0
13/06/2026 13:00;682;0
13/06/2026 13:01;688;737
13/06/2026 13:02;688;0
13/06/2026 13:03;681;0
13/06/2026 13:04;679;0
13/06/2026 13:05;678;0
13/06/2026 13:06;680;0
13/06/2026 13:07;681;0
13/06/2026 13:08;684;0
13/06/2026 13:09;679;0
13/06/2026 13:10;681;0
13/06/2026 13:11;682;737
13/06/2026 13:12;684;0
13/06/2026 13:13;683;0
13/06/2026 13:14;683;0
13/06/2026 13:15;680;0
13/06/2026 13:16;681;0
13/06/2026 13:17;683;0
13/06/2026 13:18;683;0
13/06/2026 13:19;681;0
13/06/2026 13:20;679;0
13/06/2026 13:21;678;708
13/06/2026 13:22;677;0
13/06/2026 13:23;675;0
13/06/2026 13:24;675;0
13/06/2026 13:25;675;0
13/06/2026 13:26;675;0
13/06/2026 13:27;676;0
13/06/2026 13:28;673;0
13/06/2026 13:29;673;0
13/06/2026 13:30;670;0
13/06/2026 13:31;671;656
13/06/2026 13:32;674;0
13/06/2026 13:33;672;0
13/06/2026 13:34;675;0
13/06/2026 13:35;676;0
13/06/2026 13:36;676;0
13/06/2026 13:37;677;0
13/06/2026 13:38;677;0
13/06/2026 13:39;679;0
13/06/2026 13:40;676;0
13/06/2026 13:41;674;607
13/06/2026 13:42;674;0
13/06/2026 13:43;678;0
13/06/2026 13:44;679;0
13/06/2026 13:45;677;0
13/06/2026 13:46;678;0
13/06/2026 13:47;681;0
13/06/2026 13:48;682;0
13/06/2026 13:49;683;0
13/06/2026 13:50;680;0
13/06/2026 13:51;674;641
13/06/2026 13:52;668;0
13/06/2026 13:53;676;0
13/06/2026 13:54;674;0
13/06/2026 13:55;677;0
13/06/2026 13:56;675;0
13/06/2026 13:57;676;0
13/06/2026 13:58;677;0
13/06/2026 13:59;677;0
13/06/2026 14:00;678;0
13/06/2026 14:01;677;609
13/06/2026 14:02;679;0
13/06/2026 14:03;676;0
13/06/2026 14:04;673;0
13/06/2026 14:05;673;0
13/06/2026 14:06;670;0
13/06/2026 14:07;667;0
13/06/2026 14:08;669;0
13/06/2026 14:09;670;0
13/06/2026 14:10;669;0
13/06/2026 14:11;666;598
13/06/2026 14:12;665;0
13/06/2026 14:13;665;0
13/06/2026 14:14;663;0
13/06/2026 14:15;667;0
13/06/2026 14:16;665;0
13/06/2026 14:17;666;0
13/06/2026 14:18;666;0
13/06/2026 14:19;665;0
13/06/2026 14:20;666;0
13/06/2026 14:21;666;589
13/06/2026 14:22;665;0
13/06/2026 14:23;666;0
13/06/2026 14:24;665;0
13/06/2026 14:25;666;0
13/06/2026 14:26;667;0
13/06/2026 14:27;663;0
13/06/2026 14:28;661;0
13/06/2026 14:29;661;0
13/06/2026 14:30;659;0
13/06/2026 14:31;659;549
13/06/2026 14:32;659;0
13/06/2026 14:33;661;0
13/06/2026 14:34;661;0
13/06/2026 14:35;660;0
13/06/2026 14:36;660;0
13/06/2026 14:37;660;0
13/06/2026 14:38;660;0
13/06/2026 14:39;661;0
13/06/2026 14:40;660;0
13/06/2026 14:41;660;560
13/06/2026 14:42;662;0
13/06/2026 14:43;658;0
13/06/2026 14:44;660;0
13/06/2026 14:45;660;0
13/06/2026 14:46;658;0
13/06/2026 14:47;658;0
13/06/2026 14:48;654;0
13/06/2026 14:49;652;0
13/06/2026 14:50;651;0
13/06/2026 14:51;649;598
13/06/2026 14:52;647;0
13/06/2026 14:53;643;0
13/06/2026 14:54;644;0
13/06/2026 14:55;642;0
13/06/2026 14:56;642;0
13/06/2026 14:57;642;0
13/06/2026 14:58;644;0
13/06/2026 14:59;640;0
13/06/2026 15:00;636;0
13/06/2026 15:01;635;586
13/06/2026 15:02;632;0
13/06/2026 15:03;630;0
13/06/2026 15:04;628;0
13/06/2026 15:05;625;0
13/06/2026 15:06;624;0
13/06/2026 15:07;624;0
13/06/2026 15:08;623;0
13/06/2026 15:09;625;0
13/06/2026 15:10;625;0
13/06/2026 15:11;625;499
13/06/2026 15:12;623;0
13/06/2026 15:13;622;0
13/06/2026 15:14;623;0
13/06/2026 15:15;624;0
13/06/2026 15:16;623;0
13/06/2026 15:17;626;0
13/06/2026 15:18;623;0
13/06/2026 15:19;621;0
13/06/2026 15:20;622;0
13/06/2026 15:21;623;496
13/06/2026 15:22;621;0
13/06/2026 15:23;620;0
13/06/2026 15:24;616;0
13/06/2026 15:25;615;0
13/06/2026 15:26;615;0
13/06/2026 15:27;616;0
13/06/2026 15:28;615;0
13/06/2026 15:29;614;0
13/06/2026 15:30;616;0
13/06/2026 15:31;616;534
13/06/2026 15:32;614;0
13/06/2026 15:33;611;0
13/06/2026 15:34;610;0
13/06/2026 15:35;605;0
13/06/2026 15:36;606;0
13/06/2026 15:37;604;0
13/06/2026 15:38;602;0
13/06/2026 15:39;601;0
13/06/2026 15:40;598;0
13/06/2026 15:41;597;519
13/06/2026 15:42;598;0
13/06/2026 15:43;598;0
13/06/2026 15:44;597;0
13/06/2026 15:45;597;0
13/06/2026 15:46;593;0
13/06/2026 15:47;594;0
13/06/2026 15:48;590;0
13/06/2026 15:49;590;0
13/06/2026 15:50;587;0
13/06/2026 15:51;584;438
13/06/2026 15:52;583;0
13/06/2026 15:53;582;0
13/06/2026 15:54;580;0
13/06/2026 15:55;577;0
13/06/2026 15:56;576;0
13/06/2026 15:57;574;0
13/06/2026 15:58;571;0
13/06/2026 15:59;567;0
13/06/2026 16:00;567;0
13/06/2026 16:01;566;363
13/06/2026 16:02;565;0
13/06/2026 16:03;562;0
13/06/2026 16:04;558;0
13/06/2026 16:05;555;0
13/06/2026 16:06;555;0
13/06/2026 16:07;555;0
13/06/2026 16:08;553;0
13/06/2026 16:09;551;0
13/06/2026 16:10;550;0
13/06/2026 16:11;549;342
13/06/2026 16:12;545;0
13/06/2026 16:13;544;0
13/06/2026 16:14;541;0
13/06/2026 16:15;541;0
13/06/2026 16:16;540;0
13/06/2026 16:17;542;0
13/06/2026 16:18;540;0
13/06/2026 16:19;540;0
13/06/2026 16:20;538;0
13/06/2026 16:21;536;380
13/06/2026 16:22;535;0
13/06/2026 16:23;531;0
13/06/2026 16:24;529;0
13/06/2026 16:25;529;0
13/06/2026 16:26;528;0
13/06/2026 16:27;524;0
13/06/2026 16:28;521;0
13/06/2026 16:29;518;0
13/06/2026 16:30;516;0
13/06/2026 16:31;513;342
13/06/2026 16:32;512;0
13/06/2026 16:33;509;0
13/06/2026 16:34;510;0
13/06/2026 16:35;509;0
13/06/2026 16:36;507;0
13/06/2026 16:37;505;0
13/06/2026 16:38;502;0
13/06/2026 16:39;499;0
13/06/2026 16:40;498;0
13/06/2026 16:41;496;316
13/06/2026 16:42;495;0
13/06/2026 16:43;492;0
13/06/2026 16:44;491;0
13/06/2026 16:45;487;0
13/06/2026 16:46;484;0
13/06/2026 16:47;481;0
13/06/2026 16:48;481;0
13/06/2026 16:49;476;0
13/06/2026 16:50;472;0
13/06/2026 16:51;468;328
13/06/2026 16:52;468;0
13/06/2026 16:53;464;0
13/06/2026 16:54;461;0
13/06/2026 16:55;463;0
13/06/2026 16:56;461;0
13/06/2026 16:57;460;0
13/06/2026 16:58;458;0
13/06/2026 16:59;456;0
13/06/2026 17:00;454;0
13/06/2026 17:01;451;287
13/06/2026 17:02;448;0
13/06/2026 17:03;444;0
13/06/2026 17:04;436;0
13/06/2026 17:05;434;0
13/06/2026 17:06;433;0
13/06/2026 17:07;432;0
13/06/2026 17:08;429;0
13/06/2026 17:09;432;0
13/06/2026 17:10;429;0
13/06/2026 17:11;427;209
13/06/2026 17:12;423;0
13/06/2026 17:13;424;0
13/06/2026 17:14;420;0
13/06/2026 17:15;420;0
13/06/2026 17:16;418;0
13/06/2026 17:17;417;0
13/06/2026 17:18;415;0
13/06/2026 17:19;412;0
13/06/2026 17:20;409;0
13/06/2026 17:21;406;168
13/06/2026 17:22;403;0
13/06/2026 17:23;402;0
13/06/2026 17:24;396;0
13/06/2026 17:25;395;0
13/06/2026 17:26;395;0
13/06/2026 17:27;392;0
13/06/2026 17:28;389;0
13/06/2026 17:29;386;0
13/06/2026 17:30;384;0
13/06/2026 17:31;378;148
13/06/2026 17:32;376;0
13/06/2026 17:33;372;0
13/06/2026 17:34;370;0
13/06/2026 17:35;367;0
13/06/2026 17:36;367;0
13/06/2026 17:37;364;0
13/06/2026 17:38;361;0
13/06/2026 17:39;358;0
13/06/2026 17:40;356;0
13/06/2026 17:41;354;160
13/06/2026 17:42;352;0
13/06/2026 17:43;349;0
13/06/2026 17:44;349;0
13/06/2026 17:45;348;0
13/06/2026 17:46;345;0
13/06/2026 17:47;343;0
13/06/2026 17:48;337;0
13/06/2026 17:49;334;0
13/06/2026 17:50;334;0
13/06/2026 17:51;331;151
13/06/2026 17:52;328;0
13/06/2026 17:53;324;0
13/06/2026 17:54;321;0
13/06/2026 17:55;319;0
13/06/2026 17:56;315;0
13/06/2026 17:57;313;0
13/06/2026 17:58;312;0
13/06/2026 17:59;309;0
13/06/2026 18:00;301;0
13/06/2026 18:01;290;145
13/06/2026 18:02;287;0
13/06/2026 18:03;285;0
13/06/2026 18:04;270;0
13/06/2026 18:05;271;0
13/06/2026 18:06;268;0
13/06/2026 18:07;265;0
13/06/2026 18:08;262;0
13/06/2026 18:09;262;0
13/06/2026 18:10;246;0
13/06/2026 18:11;249;125
13/06/2026 18:12;247;0
13/06/2026 18:13;242;0
13/06/2026 18:14;225;0
13/06/2026 18:15;228;0
13/06/2026 18:16;226;0
13/06/2026 18:17;223;0
13/06/2026 18:18;220;0
13/06/2026 18:19;211;0
13/06/2026 18:20;178;0
13/06/2026 18:21;204;104
13/06/2026 18:22;200;0
13/06/2026 18:23;191;0
13/06/2026 18:24;189;0
13/06/2026 18:25;187;0
13/06/2026 18:26;184;0
13/06/2026 18:27;181;0
13/06/2026 18:28;180;0
13/06/2026 18:29;172;0
13/06/2026 18:30;169;0
13/06/2026 18:31;163;104
13/06/2026 18:32;157;0
13/06/2026 18:33;155;0
13/06/2026 18:34;152;0
13/06/2026 18:35;154;0
13/06/2026 18:36;140;0
13/06/2026 18:37;137;0
13/06/2026 18:38;135;0
13/06/2026 18:39;140;0
13/06/2026 18:40;143;0
13/06/2026 18:41;139;92,9
13/06/2026 18:42;134;0
13/06/2026 18:43;132;0
13/06/2026 18:44;134;0
13/06/2026 18:45;130;0
13/06/2026 18:46;127;0
13/06/2026 18:47;120;0
13/06/2026 18:48;104;0
13/06/2026 18:49;109;0
13/06/2026 18:50;118;0
13/06/2026 18:51;115;90
13/06/2026 18:52;110;0
13/06/2026 18:53;107;0
13/06/2026 18:54;100;0
13/06/2026 18:55;93;0
13/06/2026 18:56;92;0
13/06/2026 18:57;96;0
13/06/2026 18:58;90;0
13/06/2026 18:59;72;0
13/06/2026 19:00;87;0
13/06/2026 19:01;87;81,3
13/06/2026 19:02;77;0
13/06/2026 19:03;77;0
13/06/2026 19:04;75;0
13/06/2026 19:05;65;0
13/06/2026 19:06;65;0
13/06/2026 19:07;63;0
13/06/2026 19:08;61;0
13/06/2026 19:09;59;0
13/06/2026 19:10;55;0
13/06/2026 19:11;52;81,3
13/06/2026 19:12;37;0
13/06/2026 19:13;47;0
13/06/2026 19:14;12;0
13/06/2026 19:15;16;0
13/06/2026 19:16;18;0
13/06/2026 19:17;28;0
13/06/2026 19:18;22;0
13/06/2026 19:19;10;0
13/06/2026 19:20;15;0
13/06/2026 19:21;33;84,2
13/06/2026 19:22;32;0
13/06/2026 19:23;32;0
13/06/2026 19:24;13;0
13/06/2026 19:25;20;0
13/06/2026 19:26;23;0
13/06/2026 19:27;26;0
13/06/2026 19:28;32;0
13/06/2026 19:29;30;0
13/06/2026 19:30;38;0
13/06/2026 19:31;37;84,2
13/06/2026 19:32;41;0
13/06/2026 19:33;39;0
13/06/2026 19:34;40;0
13/06/2026 19:35;38;0
13/06/2026 19:36;42;0
13/06/2026 19:37;45;0
13/06/2026 19:38;45;0
13/06/2026 19:39;47;0
13/06/2026 19:40;49;0
13/06/2026 19:41;50;78,4
13/06/2026 19:42;51;0
13/06/2026 19:43;51;0
13/06/2026 19:44;49;0
13/06/2026 19:45;39;0
13/06/2026 19:46;43;0
13/06/2026 19:47;41;0
13/06/2026 19:48;39;0
13/06/2026 19:49;37;0
13/06/2026 19:50;30;0
13/06/2026 19:51;33;75,5
13/06/2026 19:52;32;0
13/06/2026 19:53;31;0
13/06/2026 19:54;29;0
13/06/2026 19:55;27;0
13/06/2026 19:56;25;0
13/06/2026 19:57;23;0
13/06/2026 19:58;21;0
13/06/2026 19:59;20;0
13/06/2026 20:00;14;0
13/06/2026 20:01;12;69,7
13/06/2026 20:02;13;0
13/06/2026 20:03;10;0
13/06/2026 20:04;10;0
13/06/2026 20:05;9;0
13/06/2026 20:06;7;0
13/06/2026 20:07;7;0
13/06/2026 20:08;5;0
13/06/2026 20:09;4;0
13/06/2026 20:10;3;0
13/06/2026 20:11;2;69,7
13/06/2026 20:12;1;0
13/06/2026 20:13;1;0
13/06/2026 20:14;0;0
13/06/2026 20:15;1;0
13/06/2026 20:16;0;0
13/06/2026 20:17;0;0
13/06/2026 20:18;0;0
13/06/2026 20:19;0;0
13/06/2026 20:20;0;0
13/06/2026 20:21;0;0
13/06/2026 20:22;0;0
13/06/2026 20:23;0;0
13/06/2026 20:24;0;0
13/06/2026 20:25;0;0
13/06/2026 20:26;0;0
13/06/2026 20:27;0;0
13/06/2026 20:28;0;0
13/06/2026 20:29;0;0
13/06/2026 20:30;0;0
13/06/2026 20:31;0;0
13/06/2026 20:32;0;0
13/06/2026 20:33;0;0
13/06/2026 20:34;0;0
13/06/2026 20:35;0;0
13/06/2026 20:36;0;0
13/06/2026 20:37;0;0
13/06/2026 20:38;0;0
13/06/2026 20:39;0;0
13/06/2026 20:40;0;0
13/06/2026 20:41;0;0
13/06/2026 20:42;0;0
13/06/2026 20:43;0;0
13/06/2026 20:44;0;0
13/06/2026 20:45;0;0
13/06/2026 20:46;0;0
13/06/2026 20:47;0;0
13/06/2026 20:48;0;0
13/06/2026 20:49;0;0
13/06/2026 20:50;0;0
13/06/2026 20:51;0;0
13/06/2026 20:52;0;0
13/06/2026 20:53;0;0
13/06/2026 20:54;0;0
13/06/2026 20:55;0;0
13/06/2026 20:56;0;0
13/06/2026 20:57;0;0
13/06/2026 20:58;0;0
13/06/2026 20:59;0;0
13/06/2026 21:00;0;0
13/06/2026 21:01;0;0
13/06/2026 21:02;0;0
13/06/2026 21:03;0;0
13/06/2026 21:04;0;0
13/06/2026 21:05;0;0
13/06/2026 21:06;0;0
13/06/2026 21:07;0;0
13/06/2026 21:08;0;0
13/06/2026 21:09;0;0
13/06/2026 21:10;0;0
13/06/2026 21:11;0;0
13/06/2026 21:12;0;0
13/06/2026 21:13;0;0
13/06/2026 21:14;0;0
13/06/2026 21:15;0;0
13/06/2026 21:16;0;0
13/06/2026 21:17;0;0
13/06/2026 21:18;0;0
13/06/2026 21:19;0;0
13/06/2026 21:20;0;0
13/06/2026 21:21;0;0
13/06/2026 21:22;0;0
13/06/2026 21:23;0;0
13/06/2026 21:24;0;0
13/06/2026 21:25;0;0
13/06/2026 21:26;0;0
13/06/2026 21:27;0;0
13/06/2026 21:28;0;0
13/06/2026 21:29;0;0
13/06/2026 21:30;0;0
13/06/2026 21:31;0;0
13/06/2026 21:32;0;0
13/06/2026 21:33;0;0
13/06/2026 21:34;0;0
13/06/2026 21:35;0;0
13/06/2026 21:36;0;0
13/06/2026 21:37;0;0
13/06/2026 21:38;0;0
13/06/2026 21:39;0;0
13/06/2026 21:40;0;0
13/06/2026 21:41;0;0
13/06/2026 21:42;0;0
13/06/2026 21:43;0;0
13/06/2026 21:44;0;0
13/06/2026 21:45;0;0
13/06/2026 21:46;0;0
13/06/2026 21:47;0;0
13/06/2026 21:48;0;0
13/06/2026 21:49;0;0
13/06/2026 21:50;0;0
13/06/2026 21:51;0;0
13/06/2026 21:52;0;0
13/06/2026 21:53;0;0
13/06/2026 21:54;0;0
13/06/2026 21:55;0;0
13/06/2026 21:56;0;0
13/06/2026 21:57;0;0
13/06/2026 21:58;0;0
13/06/2026 21:59;0;0
13/06/2026 22:00;0;0
13/06/2026 22:01;0;0
13/06/2026 22:02;0;0
13/06/2026 22:03;0;0
13/06/2026 22:04;0;0
13/06/2026 22:05;0;0
13/06/2026 22:06;0;0
13/06/2026 22:07;0;0
13/06/2026 22:08;0;0
13/06/2026 22:09;0;0
13/06/2026 22:10;0;0
13/06/2026 22:11;0;0
13/06/2026 22:12;0;0
13/06/2026 22:13;0;0
13/06/2026 22:14;0;0
13/06/2026 22:15;0;0
13/06/2026 22:16;0;0
13/06/2026 22:17;0;0
13/06/2026 22:18;0;0
13/06/2026 22:19;0;0
13/06/2026 22:20;0;0
13/06/2026 22:21;0;0
13/06/2026 22:22;0;0
13/06/2026 22:23;0;0
13/06/2026 22:24;0;0
13/06/2026 22:25;0;0
13/06/2026 22:26;0;0
13/06/2026 22:27;0;0
13/06/2026 22:28;0;0
13/06/2026 22:29;0;0
13/06/2026 22:30;0;0
13/06/2026 22:31;0;0
13/06/2026 22:32;0;0
13/06/2026 22:33;0;0
13/06/2026 22:34;0;0
13/06/2026 22:35;0;0
13/06/2026 22:36;0;0
13/06/2026 22:37;0;0
13/06/2026 22:38;0;0
13/06/2026 22:39;0;0
13/06/2026 22:40;0;0
13/06/2026 22:41;0;0
13/06/2026 22:42;0;0
13/06/2026 22:43;0;0
13/06/2026 22:44;0;0
13/06/2026 22:45;0;0
13/06/2026 22:46;0;0
13/06/2026 22:47;0;0
13/06/2026 22:48;0;0
13/06/2026 22:49;0;0
13/06/2026 22:50;0;0
13/06/2026 22:51;0;0
13/06/2026 22:52;0;0
13/06/2026 22:53;0;0
13/06/2026 22:54;0;0
13/06/2026 22:55;0;0
13/06/2026 22:56;0;0
13/06/2026 22:57;0;0
13/06/2026 22:58;0;0
13/06/2026 22:59;0;0
13/06/2026 23:00;0;0
13/06/2026 23:01;0;0
13/06/2026 23:02;0;0
13/06/2026 23:03;0;0
13/06/2026 23:04;0;0
13/06/2026 23:05;0;0
13/06/2026 23:06;0;0
13/06/2026 23:07;0;0
13/06/2026 23:08;0;0
13/06/2026 23:09;0;0
13/06/2026 23:10;0;0
13/06/2026 23:11;0;0
13/06/2026 23:12;0;0
13/06/2026 23:13;0;0
13/06/2026 23:14;0;0
13/06/2026 23:15;0;0
13/06/2026 23:16;0;0
13/06/2026 23:17;0;0
13/06/2026 23:18;0;0
13/06/2026 23:19;0;0
13/06/2026 23:20;0;0
13/06/2026 23:21;0;0
13/06/2026 23:22;0;0
13/06/2026 23:23;0;0
13/06/2026 23:24;0;0
13/06/2026 23:25;0;0
13/06/2026 23:26;0;0
13/06/2026 23:27;0;0
13/06/2026 23:28;0;0
13/06/2026 23:29;0;0
13/06/2026 23:30;0;0
13/06/2026 23:31;0;0
13/06/2026 23:32;0;0
13/06/2026 23:33;0;0
13/06/2026 23:34;0;0
13/06/2026 23:35;0;0
13/06/2026 23:36;0;0
13/06/2026 23:37;0;0
13/06/2026 23:38;0;0
13/06/2026 23:39;0;0
13/06/2026 23:40;0;0
13/06/2026 23:41;0;0
13/06/2026 23:42;0;0
13/06/2026 23:43;0;0
13/06/2026 23:44;0;0
13/06/2026 23:45;0;0
13/06/2026 23:46;0;0
13/06/2026 23:47;0;0
13/06/2026 23:48;0;0
13/06/2026 23:49;0;0
13/06/2026 23:50;0;0
13/06/2026 23:51;0;0
13/06/2026 23:52;0;0
13/06/2026 23:53;0;0
13/06/2026 23:54;0;0
13/06/2026 23:55;0;0
13/06/2026 23:56;0;0
13/06/2026 23:57;0;0
13/06/2026 23:58;0;0
13/06/2026 23:59;0;0
14/06/2026 0:00;0;0
14/06/2026 0:01;0;0
14/06/2026 0:02;0;0
14/06/2026 0:03;0;0
14/06/2026 0:04;0;0
14/06/2026 0:05;0;0
14/06/2026 0:06;0;0
14/06/2026 0:07;0;0
14/06/2026 0:08;0;0
14/06/2026 0:09;0;0
14/06/2026 0:10;0;0
14/06/2026 0:11;0;0
14/06/2026 0:12;0;0
14/06/2026 0:13;0;0
14/06/2026 0:14;0;0
14/06/2026 0:15;0;0
14/06/2026 0:16;0;0
14/06/2026 0:17;0;0
14/06/2026 0:18;0;0
14/06/2026 0:19;0;0
14/06/2026 0:20;0;0
14/06/2026 0:21;0;0
14/06/2026 0:22;0;0
14/06/2026 0:23;0;0
14/06/2026 0:24;0;0
14/06/2026 0:25;0;0
14/06/2026 0:26;0;0
14/06/2026 0:27;0;0
14/06/2026 0:28;0;0
14/06/2026 0:29;0;0
14/06/2026 0:30;0;0
14/06/2026 0:31;0;0
14/06/2026 0:32;0;0
14/06/2026 0:33;0;0
14/06/2026 0:34;0;0
14/06/2026 0:35;0;0
14/06/2026 0:36;0;0
14/06/2026 0:37;0;0
14/06/2026 0:38;0;0
14/06/2026 0:39;0;0
14/06/2026 0:40;0;0
14/06/2026 0:41;0;0
14/06/2026 0:42;0;0
14/06/2026 0:43;0;0
14/06/2026 0:44;0;0
14/06/2026 0:45;0;0
14/06/2026 0:46;0;0
14/06/2026 0:47;0;0
14/06/2026 0:48;0;0
14/06/2026 0:49;0;0
14/06/2026 0:50;0;0
14/06/2026 0:51;0;0
14/06/2026 0:52;0;0
14/06/2026 0:53;0;0
14/06/2026 0:54;0;0
14/06/2026 0:55;0;0
14/06/2026 0:56;0;0
14/06/2026 0:57;0;0
14/06/2026 0:58;0;0
14/06/2026 0:59;0;0
14/06/2026 1:00;0;0
14/06/2026 1:01;0;0
14/06/2026 1:02;0;0
14/06/2026 1:03;0;0
14/06/2026 1:04;0;0
14/06/2026 1:05;0;0
14/06/2026 1:06;0;0
14/06/2026 1:07;0;0
14/06/2026 1:08;0;0
14/06/2026 1:09;0;0
14/06/2026 1:10;0;0
14/06/2026 1:11;0;0
14/06/2026 1:12;0;0
14/06/2026 1:13;0;0
14/06/2026 1:14;0;0
14/06/2026 1:15;0;0
14/06/2026 1:16;0;0
14/06/2026 1:17;0;0
14/06/2026 1:18;0;0
14/06/2026 1:19;0;0
14/06/2026 1:20;0;0
14/06/2026 1:21;0;0
14/06/2026 1:22;0;0
14/06/2026 1:23;0;0
14/06/2026 1:24;0;0
14/06/2026 1:25;0;0
14/06/2026 1:26;0;0
14/06/2026 1:27;0;0
14/06/2026 1:28;0;0
14/06/2026 1:29;0;0
14/06/2026 1:30;0;0
14/06/2026 1:31;0;0
14/06/2026 1:32;0;0
14/06/2026 1:33;0;0
14/06/2026 1:34;0;0
14/06/2026 1:35;0;0
14/06/2026 1:36;0;0
14/06/2026 1:37;0;0
14/06/2026 1:38;0;0
14/06/2026 1:39;0;0
14/06/2026 1:40;0;0
14/06/2026 1:41;0;0
14/06/2026 1:42;0;0
14/06/2026 1:43;0;0
14/06/2026 1:44;0;0
14/06/2026 1:45;0;0
14/06/2026 1:46;0;0
14/06/2026 1:47;0;0
14/06/2026 1:48;0;0
14/06/2026 1:49;0;0
14/06/2026 1:50;0;0
14/06/2026 1:51;0;0
14/06/2026 1:52;0;0
14/06/2026 1:53;0;0
14/06/2026 1:54;0;0
14/06/2026 1:55;0;0
14/06/2026 1:56;0;0
14/06/2026 1:57;0;0
14/06/2026 1:58;0;0
14/06/2026 1:59;0;0
14/06/2026 2:00;0;0
14/06/2026 2:01;0;0
14/06/2026 2:02;0;0
14/06/2026 2:03;0;0
14/06/2026 2:04;0;0
14/06/2026 2:05;0;0
14/06/2026 2:06;0;0
14/06/2026 2:07;0;0
14/06/2026 2:08;0;0
14/06/2026 2:09;0;0
14/06/2026 2:10;0;0
14/06/2026 2:11;0;0
14/06/2026 2:12;0;0
14/06/2026 2:13;0;0
14/06/2026 2:14;0;0
14/06/2026 2:15;0;0
14/06/2026 2:16;0;0
14/06/2026 2:17;0;0
14/06/2026 2:18;0;0
14/06/2026 2:19;0;0
14/06/2026 2:20;0;0
14/06/2026 2:21;0;0
14/06/2026 2:22;0;0
14/06/2026 2:23;0;0
14/06/2026 2:24;0;0
14/06/2026 2:25;0;0
14/06/2026 2:26;0;0
14/06/2026 2:27;0;0
14/06/2026 2:28;0;0
14/06/2026 2:29;0;0
14/06/2026 2:30;0;0
14/06/2026 2:31;0;0
14/06/2026 2:32;0;0
14/06/2026 2:33;0;0
14/06/2026 2:34;0;0
14/06/2026 2:35;0;0
14/06/2026 2:36;0;0
14/06/2026 2:37;0;0
14/06/2026 2:38;0;0
14/06/2026 2:39;0;0
14/06/2026 2:40;0;0
14/06/2026 2:41;0;0
14/06/2026 2:42;0;0
14/06/2026 2:43;0;0
14/06/2026 2:44;0;0
14/06/2026 2:45;0;0
14/06/2026 2:46;0;0
14/06/2026 2:47;0;0
14/06/2026 2:48;0;0
14/06/2026 2:49;0;0
14/06/2026 2:50;0;0
14/06/2026 2:51;0;0
14/06/2026 2:52;0;0
14/06/2026 2:53;0;0
14/06/2026 2:54;0;0
14/06/2026 2:55;0;0
14/06/2026 2:56;0;0
14/06/2026 2:57;0;0
14/06/2026 2:58;0;0
14/06/2026 2:59;0;0
14/06/2026 3:00;0;0
14/06/2026 3:01;0;0
14/06/2026 3:02;0;0
14/06/2026 3:03;0;0
14/06/2026 3:04;0;0
14/06/2026 3:05;0;0
14/06/2026 3:06;0;0
14/06/2026 3:07;0;0
14/06/2026 3:08;0;0
14/06/2026 3:09;0;0
14/06/2026 3:10;0;0
14/06/2026 3:11;0;0
14/06/2026 3:12;0;0
14/06/2026 3:13;0;0
14/06/2026 3:14;0;0
14/06/2026 3:15;0;0
14/06/2026 3:16;0;0
14/06/2026 3:17;0;0
14/06/2026 3:18;0;0
14/06/2026 3:19;0;0
14/06/2026 3:20;0;0
14/06/2026 3:21;0;0
14/06/2026 3:22;0;0
14/06/2026 3:23;0;0
14/06/2026 3:24;0;0
14/06/2026 3:25;0;0
14/06/2026 3:26;0;0
14/06/2026 3:27;0;0
14/06/2026 3:28;0;0
14/06/2026 3:29;0;0
14/06/2026 3:30;0;0
14/06/2026 3:31;0;0
14/06/2026 3:32;0;0
14/06/2026 3:33;0;0
14/06/2026 3:34;0;0
14/06/2026 3:35;0;0
14/06/2026 3:36;0;0
14/06/2026 3:37;0;0
14/06/2026 3:38;0;0
14/06/2026 3:39;0;0
14/06/2026 3:40;0;0
14/06/2026 3:41;0;0
14/06/2026 3:42;0;0
14/06/2026 3:43;0;0
14/06/2026 3:44;0;0
14/06/2026 3:45;0;0
14/06/2026 3:46;0;0
14/06/2026 3:47;0;0
14/06/2026 3:48;0;0
14/06/2026 3:49;0;0
14/06/2026 3:50;0;0
14/06/2026 3:51;0;0
14/06/2026 3:52;0;0
14/06/2026 3:53;0;0
14/06/2026 3:54;0;0
14/06/2026 3:55;0;0
14/06/2026 3:56;0;0
14/06/2026 3:57;0;0
14/06/2026 3:58;0;0
14/06/2026 3:59;0;0
14/06/2026 4:00;0;0
14/06/2026 4:01;0;0
14/06/2026 4:02;0;0
14/06/2026 4:03;0;0
14/06/2026 4:04;0;0
14/06/2026 4:05;0;0
14/06/2026 4:06;0;0
14/06/2026 4:07;0;0
14/06/2026 4:08;0;0
14/06/2026 4:09;0;0
14/06/2026 4:10;0;0
14/06/2026 4:11;0;0
14/06/2026 4:12;0;0
14/06/2026 4:13;0;0
14/06/2026 4:14;0;0
14/06/2026 4:15;0;0
14/06/2026 4:16;0;0
14/06/2026 4:17;0;0
14/06/2026 4:18;0;0
14/06/2026 4:19;0;0
14/06/2026 4:20;0;0
14/06/2026 4:21;0;0
14/06/2026 4:22;0;0
14/06/2026 4:23;0;0
14/06/2026 4:24;0;0
14/06/2026 4:25;0;0
14/06/2026 4:26;0;0
14/06/2026 4:27;0;0
14/06/2026 4:28;0;0
14/06/2026 4:29;0;0
14/06/2026 4:30;0;0
14/06/2026 4:31;0;0
14/06/2026 4:32;0;0
14/06/2026 4:33;0;0
14/06/2026 4:34;0;0
14/06/2026 4:35;0;0
14/06/2026 4:36;0;0
14/06/2026 4:37;0;0
14/06/2026 4:38;0;0
14/06/2026 4:39;0;0
14/06/2026 4:40;0;0
14/06/2026 4:41;0;0
14/06/2026 4:42;0;0
14/06/2026 4:43;0;0
14/06/2026 4:44;0;0
14/06/2026 4:45;0;0
14/06/2026 4:46;0;0
14/06/2026 4:47;0;0
14/06/2026 4:48;0;0
14/06/2026 4:49;0;0
14/06/2026 4:50;0;0
14/06/2026 4:51;0;0
14/06/2026 4:52;0;0
14/06/2026 4:53;0;0
14/06/2026 4:54;0;0
14/06/2026 4:55;0;0
14/06/2026 4:56;0;0
14/06/2026 4:57;0;0
14/06/2026 4:58;0;0
14/06/2026 4:59;0;0
14/06/2026 5:00;0;0
14/06/2026 5:01;0;0
14/06/2026 5:02;0;0
14/06/2026 5:03;0;0
14/06/2026 5:04;0;0
14/06/2026 5:05;0;0
14/06/2026 5:06;0;0
14/06/2026 5:07;0;0
14/06/2026 5:08;0;0
14/06/2026 5:09;0;0
14/06/2026 5:10;0;0
14/06/2026 5:11;0;0
14/06/2026 5:12;0;0
14/06/2026 5:13;0;0
14/06/2026 5:14;0;0
14/06/2026 5:15;0;0
14/06/2026 5:16;0;0
14/06/2026 5:17;0;0
14/06/2026 5:18;0;0
14/06/2026 5:19;0;0
14/06/2026 5:20;0;0
14/06/2026 5:21;0;0
14/06/2026 5:22;0;0
14/06/2026 5:23;0;0
14/06/2026 5:24;0;0
14/06/2026 5:25;0;0
14/06/2026 5:26;0;0
14/06/2026 5:27;0;0
14/06/2026 5:28;0;0
14/06/2026 5:29;0;0
14/06/2026 5:30;0;0
14/06/2026 5:31;0;0
14/06/2026 5:32;0;0
14/06/2026 5:33;0;0
14/06/2026 5:34;0;0
14/06/2026 5:35;0;0
14/06/2026 5:36;0;0
14/06/2026 5:37;0;0
14/06/2026 5:38;0;0
14/06/2026 5:39;0;0
14/06/2026 5:40;0;0
14/06/2026 5:41;0;0
14/06/2026 5:42;0;0
14/06/2026 5:43;0;0
14/06/2026 5:44;0;0
14/06/2026 5:45;0;0
14/06/2026 5:46;0;0
14/06/2026 5:47;0;0
14/06/2026 5:48;0;0
14/06/2026 5:49;0;0
14/06/2026 5:50;0;0
14/06/2026 5:51;0;0
14/06/2026 5:52;0;0
14/06/2026 5:53;0;0
14/06/2026 5:54;0;0
14/06/2026 5:55;0;0
14/06/2026 5:56;0;0
14/06/2026 5:57;0;0
14/06/2026 5:58;0;0
14/06/2026 5:59;0;0
14/06/2026 6:00;0;0
14/06/2026 6:01;0;0
14/06/2026 6:02;0;0
14/06/2026 6:03;0;0
14/06/2026 6:04;0;0
14/06/2026 6:05;0;0
14/06/2026 6:06;0;0
14/06/2026 6:07;0;0
14/06/2026 6:08;0;0
14/06/2026 6:09;0;0
14/06/2026 6:10;0;0
14/06/2026 6:11;0;0
14/06/2026 6:12;0;0
14/06/2026 6:13;0;0
14/06/2026 6:14;0;0
14/06/2026 6:15;0;0
14/06/2026 6:16;0;0
14/06/2026 6:17;0;0
14/06/2026 6:18;0;0
14/06/2026 6:19;0;0
14/06/2026 6:20;0;0
14/06/2026 6:21;0;0
14/06/2026 6:22;0;0
14/06/2026 6:23;0;0
14/06/2026 6:24;0;0
14/06/2026 6:25;0;0
14/06/2026 6:26;0;0
14/06/2026 6:27;0;0
14/06/2026 6:28;0;0
14/06/2026 6:29;0;0
14/06/2026 6:30;0;0
14/06/2026 6:31;0;0
14/06/2026 6:32;0;0
14/06/2026 6:33;0;0
14/06/2026 6:34;0;0
14/06/2026 6:35;0;0
14/06/2026 6:36;0;0
14/06/2026 6:37;0;0
14/06/2026 6:38;0;0
14/06/2026 6:39;0;0
14/06/2026 6:40;0;0
14/06/2026 6:41;0;0
14/06/2026 6:42;0;0
14/06/2026 6:43;0;0
14/06/2026 6:44;0;0
14/06/2026 6:45;0;0
14/06/2026 6:46;0;0
14/06/2026 6:47;0;0
14/06/2026 6:48;0;0
14/06/2026 6:49;0;0
14/06/2026 6:50;0;0
14/06/2026 6:51;0;0
14/06/2026 6:52;0;0
14/06/2026 6:53;0;0
14/06/2026 6:54;0;0
14/06/2026 6:55;0;0
14/06/2026 6:56;0;0
14/06/2026 6:57;0;0
14/06/2026 6:58;0;0
14/06/2026 6:59;0;0
14/06/2026 7:00;0;0
14/06/2026 7:01;0;0
14/06/2026 7:02;0;0
14/06/2026 7:03;0;0
14/06/2026 7:04;0;0
14/06/2026 7:05;0;0
14/06/2026 7:06;0;0
14/06/2026 7:07;0;0
14/06/2026 7:08;0;0
14/06/2026 7:09;0;0
14/06/2026 7:10;0;0
14/06/2026 7:11;0;0
14/06/2026 7:12;0;0
14/06/2026 7:13;0;0
14/06/2026 7:14;0;0
14/06/2026 7:15;0;0
14/06/2026 7:16;0;0
14/06/2026 7:17;0;0
14/06/2026 7:18;0;0
14/06/2026 7:19;0;0
14/06/2026 7:20;0;0
14/06/2026 7:21;0;0
14/06/2026 7:22;0;0
14/06/2026 7:23;0;0
14/06/2026 7:24;0;0
14/06/2026 7:25;0;0
14/06/2026 7:26;0;0
14/06/2026 7:27;0;0
14/06/2026 7:28;0;0
14/06/2026 7:29;0;0
14/06/2026 7:30;0;0
14/06/2026 7:31;0;0
14/06/2026 7:32;0;0
14/06/2026 7:33;0;0
14/06/2026 7:34;0;0
14/06/2026 7:35;0;0
14/06/2026 7:36;0;0
14/06/2026 7:37;0;0
14/06/2026 7:38;0;0
14/06/2026 7:39;0;0
14/06/2026 7:40;0;0
14/06/2026 7:41;0;0
14/06/2026 7:42;0;0
14/06/2026 7:43;2;0
14/06/2026 7:44;7;0
14/06/2026 7:45;9;0
14/06/2026 7:46;14;0
14/06/2026 7:47;18;0
14/06/2026 7:48;23;0
14/06/2026 7:49;25;0
14/06/2026 7:50;26;0
14/06/2026 7:51;24;87,1
14/06/2026 7:52;25;0
14/06/2026 7:53;26;0
14/06/2026 7:54;35;0
14/06/2026 7:55;36;0
14/06/2026 7:56;34;0
14/06/2026 7:57;34;0
14/06/2026 7:58;37;0
14/06/2026 7:59;39;0
14/06/2026 8:00;42;0
14/06/2026 8:01;29;90
14/06/2026 8:02;34;0
14/06/2026 8:03;18;0
14/06/2026 8:04;17;0
14/06/2026 8:05;14;0
14/06/2026 8:06;11;0
14/06/2026 8:07;10;0
14/06/2026 8:08;9;0
14/06/2026 8:09;8;0
14/06/2026 8:10;7;0
14/06/2026 8:11;6;102
14/06/2026 8:12;6;0
14/06/2026 8:13;5;0
14/06/2026 8:14;7;0
14/06/2026 8:15;8;0
14/06/2026 8:16;8;0
14/06/2026 8:17;11;0
14/06/2026 8:18;13;0
14/06/2026 8:19;17;0
14/06/2026 8:20;21;0
14/06/2026 8:21;26;151
14/06/2026 8:22;30;0
14/06/2026 8:23;38;0
14/06/2026 8:24;37;0
14/06/2026 8:25;40;0
14/06/2026 8:26;41;0
14/06/2026 8:27;44;0
14/06/2026 8:28;45;0
14/06/2026 8:29;48;0
14/06/2026 8:30;47;0
14/06/2026 8:31;49;163
14/06/2026 8:32;49;0
14/06/2026 8:33;53;0
14/06/2026 8:34;62;0
14/06/2026 8:35;102;0
14/06/2026 8:36;125;0
14/06/2026 8:37;133;0
14/06/2026 8:38;137;0
14/06/2026 8:39;140;0
14/06/2026 8:40;139;0
14/06/2026 8:41;128;183
14/06/2026 8:42;99;0
14/06/2026 8:43;63;0
14/06/2026 8:44;55;0
14/06/2026 8:45;33;0
14/06/2026 8:46;43;0
14/06/2026 8:47;71;0
14/06/2026 8:48;32;0
14/06/2026 8:49;113;0
14/06/2026 8:50;31;0
14/06/2026 8:51;109;148
14/06/2026 8:52;81;0
14/06/2026 8:53;130;0
14/06/2026 8:54;33;0
14/06/2026 8:55;33;0
14/06/2026 8:56;37;0
14/06/2026 8:57;40;0
14/06/2026 8:58;45;0
14/06/2026 8:59;53;0
14/06/2026 9:00;198;0
14/06/2026 9:01;220;229
14/06/2026 9:02;151;0
14/06/2026 9:03;189;0
14/06/2026 9:04;105;0
14/06/2026 9:05;68;0
14/06/2026 9:06;63;0
14/06/2026 9:07;66;0
14/06/2026 9:08;62;0
14/06/2026 9:09;65;0
14/06/2026 9:10;70;0
14/06/2026 9:11;78;203
14/06/2026 9:12;83;0
14/06/2026 9:13;90;0
14/06/2026 9:14;95;0
14/06/2026 9:15;102;0
14/06/2026 9:16;224;0
14/06/2026 9:17;319;0
14/06/2026 9:18;324;0
14/06/2026 9:19;325;0
14/06/2026 9:20;330;0
14/06/2026 9:21;333;363
14/06/2026 9:22;335;0
14/06/2026 9:23;338;0
14/06/2026 9:24;340;0
14/06/2026 9:25;344;0
14/06/2026 9:26;342;0
14/06/2026 9:27;349;0
14/06/2026 9:28;322;0
14/06/2026 9:29;186;0
14/06/2026 9:30;108;0
14/06/2026 9:31;101;261
14/06/2026 9:32;100;0
14/06/2026 9:33;101;0
14/06/2026 9:34;102;0
14/06/2026 9:35;104;0
14/06/2026 9:36;105;0
14/06/2026 9:37;104;0
14/06/2026 9:38;103;0
14/06/2026 9:39;104;0
14/06/2026 9:40;104;0
14/06/2026 9:41;103;194
14/06/2026 9:42;102;0
14/06/2026 9:43;102;0
14/06/2026 9:44;100;0
14/06/2026 9:45;98;0
14/06/2026 9:46;100;0
14/06/2026 9:47;102;0
14/06/2026 9:48;102;0
14/06/2026 9:49;104;0
14/06/2026 9:50;109;0
14/06/2026 9:51;138;145
14/06/2026 9:52;351;0
14/06/2026 9:53;207;0
14/06/2026 9:54;144;0
14/06/2026 9:55;463;0
14/06/2026 9:56;437;0
14/06/2026 9:57;384;0
14/06/2026 9:58;364;0
14/06/2026 9:59;141;0
14/06/2026 10:00;156;0
14/06/2026 10:01;153;189
14/06/2026 10:02;446;0
14/06/2026 10:03;330;0
14/06/2026 10:04;481;0
14/06/2026 10:05;475;0
14/06/2026 10:06;250;0
14/06/2026 10:07;122;0
14/06/2026 10:08;117;0
14/06/2026 10:09;111;0
14/06/2026 10:10;109;0
14/06/2026 10:11;117;177
14/06/2026 10:12;437;0
14/06/2026 10:13;156;0
14/06/2026 10:14;109;0
14/06/2026 10:15;104;0
14/06/2026 10:16;102;0
14/06/2026 10:17;101;0
14/06/2026 10:18;104;0
14/06/2026 10:19;107;0
14/06/2026 10:20;107;0
14/06/2026 10:21;110;183
14/06/2026 10:22;117;0
14/06/2026 10:23;139;0
14/06/2026 10:24;134;0
14/06/2026 10:25;132;0
14/06/2026 10:26;134;0
14/06/2026 10:27;140;0
14/06/2026 10:28;145;0
14/06/2026 10:29;148;0
14/06/2026 10:30;153;0
14/06/2026 10:31;166;212
14/06/2026 10:32;374;0
14/06/2026 10:33;299;0
14/06/2026 10:34;205;0
14/06/2026 10:35;173;0
14/06/2026 10:36;156;0
14/06/2026 10:37;151;0
14/06/2026 10:38;152;0
14/06/2026 10:39;136;0
14/06/2026 10:40;127;0
14/06/2026 10:41;114;183
14/06/2026 10:42;107;0
14/06/2026 10:43;105;0
14/06/2026 10:44;102;0
14/06/2026 10:45;107;0
14/06/2026 10:46;124;0
14/06/2026 10:47;141;0
14/06/2026 10:48;276;0
14/06/2026 10:49;118;0
14/06/2026 10:50;116;0
14/06/2026 10:51;115;183
14/06/2026 10:52;119;0
14/06/2026 10:53;125;0
14/06/2026 10:54;206;0
14/06/2026 10:55;121;0
14/06/2026 10:56;150;0
14/06/2026 10:57;150;0
14/06/2026 10:58;610;0
14/06/2026 10:59;569;0
14/06/2026 11:00;652;0
14/06/2026 11:01;643;578
14/06/2026 11:02;637;0
14/06/2026 11:03;636;0
14/06/2026 11:04;627;0
14/06/2026 11:05;608;0
14/06/2026 11:06;608;0
14/06/2026 11:07;448;0
14/06/2026 11:08;603;0
14/06/2026 11:09;596;0
14/06/2026 11:10;593;0
14/06/2026 11:11;591;737
14/06/2026 11:12;591;0
14/06/2026 11:13;594;0
14/06/2026 11:14;600;0
14/06/2026 11:15;611;0
14/06/2026 11:16;622;0
14/06/2026 11:17;551;0
14/06/2026 11:18;185;0
14/06/2026 11:19;161;0
14/06/2026 11:20;294;0
14/06/2026 11:21;577;737
14/06/2026 11:22;635;0
14/06/2026 11:23;655;0
14/06/2026 11:24;633;0
14/06/2026 11:25;651;0
14/06/2026 11:26;366;0
14/06/2026 11:27;207;0
14/06/2026 11:28;151;0
14/06/2026 11:29;200;0
14/06/2026 11:30;648;0
14/06/2026 11:31;647;699
14/06/2026 11:32;644;0
14/06/2026 11:33;600;0
14/06/2026 11:34;556;0
14/06/2026 11:35;649;0
14/06/2026 11:36;637;0
14/06/2026 11:37;646;0
14/06/2026 11:38;587;0
14/06/2026 11:39;614;0
14/06/2026 11:40;657;0
14/06/2026 11:41;584;424
14/06/2026 11:42;641;0
14/06/2026 11:43;643;0
14/06/2026 11:44;636;0
14/06/2026 11:45;632;0
14/06/2026 11:46;270;0
14/06/2026 11:47;631;0
14/06/2026 11:48;507;0
14/06/2026 11:49;638;0
14/06/2026 11:50;637;0
14/06/2026 11:51;637;470
14/06/2026 11:52;635;0
14/06/2026 11:53;635;0
14/06/2026 11:54;634;0
14/06/2026 11:55;631;0
14/06/2026 11:56;632;0
14/06/2026 11:57;632;0
14/06/2026 11:58;634;0
14/06/2026 11:59;634;0
14/06/2026 12:00;627;0
14/06/2026 12:01;634;592
14/06/2026 12:02;632;0
14/06/2026 12:03;631;0
14/06/2026 12:04;633;0
14/06/2026 12:05;632;0
14/06/2026 12:06;632;0
14/06/2026 12:07;631;0
14/06/2026 12:08;634;0
14/06/2026 12:09;635;0
14/06/2026 12:10;618;0
14/06/2026 12:11;641;737
14/06/2026 12:12;640;0
14/06/2026 12:13;641;0
14/06/2026 12:14;638;0
14/06/2026 12:15;638;0
14/06/2026 12:16;637;0
14/06/2026 12:17;639;0
14/06/2026 12:18;639;0
14/06/2026 12:19;643;0
14/06/2026 12:20;641;0
14/06/2026 12:21;643;717
14/06/2026 12:22;642;0
14/06/2026 12:23;642;0
14/06/2026 12:24;641;0
14/06/2026 12:25;641;0
14/06/2026 12:26;641;0
14/06/2026 12:27;640;0
14/06/2026 12:28;633;0
14/06/2026 12:29;630;0
14/06/2026 12:30;632;0
14/06/2026 12:31;633;615
14/06/2026 12:32;633;0
14/06/2026 12:33;633;0
14/06/2026 12:34;637;0
14/06/2026 12:35;644;0
14/06/2026 12:36;642;0
14/06/2026 12:37;637;0
14/06/2026 12:38;649;0
14/06/2026 12:39;657;0
14/06/2026 12:40;659;0
14/06/2026 12:41;661;673
14/06/2026 12:42;663;0
14/06/2026 12:43;664;0
14/06/2026 12:44;664;0
14/06/2026 12:45;665;0
14/06/2026 12:46;664;0
14/06/2026 12:47;662;0
14/06/2026 12:48;662;0
14/06/2026 12:49;662;0
14/06/2026 12:50;660;0
14/06/2026 12:51;659;627
14/06/2026 12:52;659;0
14/06/2026 12:53;658;0
14/06/2026 12:54;659;0
14/06/2026 12:55;661;0
14/06/2026 12:56;662;0
14/06/2026 12:57;661;0
14/06/2026 12:58;660;0
14/06/2026 12:59;659;0
14/06/2026 13:00;661;0
14/06/2026 13:01;661;653
14/06/2026 13:02;661;0
14/06/2026 13:03;663;0
14/06/2026 13:04;665;0
14/06/2026 13:05;664;0
14/06/2026 13:06;662;0
14/06/2026 13:07;661;0
14/06/2026 13:08;663;0
14/06/2026 13:09;664;0
14/06/2026 13:10;663;0
14/06/2026 13:11;662;644
14/06/2026 13:12;660;0
14/06/2026 13:13;661;0
14/06/2026 13:14;661;0
14/06/2026 13:15;663;0
14/06/2026 13:16;663;0
14/06/2026 13:17;663;0
14/06/2026 13:18;662;0
14/06/2026 13:19;661;0
14/06/2026 13:20;663;0
14/06/2026 13:21;664;647
14/06/2026 13:22;667;0
14/06/2026 13:23;667;0
14/06/2026 13:24;666;0
14/06/2026 13:25;664;0
14/06/2026 13:26;665;0
14/06/2026 13:27;667;0
14/06/2026 13:28;667;0
14/06/2026 13:29;667;0
14/06/2026 13:30;0;0
14/06/2026 13:31;666;650
14/06/2026 13:32;666;0
14/06/2026 13:33;666;0
14/06/2026 13:34;667;0
14/06/2026 13:35;665;0
14/06/2026 13:36;667;0
14/06/2026 13:37;667;0
14/06/2026 13:38;666;0
14/06/2026 13:39;667;0
14/06/2026 13:40;665;0
14/06/2026 13:41;665;618
14/06/2026 13:42;666;0
14/06/2026 13:43;665;0
14/06/2026 13:44;665;0
14/06/2026 13:45;666;0
14/06/2026 13:46;666;0
14/06/2026 13:47;668;0
14/06/2026 13:48;669;0
14/06/2026 13:49;671;0
14/06/2026 13:50;665;0
14/06/2026 13:51;664;612
14/06/2026 13:52;664;0
14/06/2026 13:53;667;0
14/06/2026 13:54;666;0
14/06/2026 13:55;656;0
14/06/2026 13:56;661;0
14/06/2026 13:57;659;0
14/06/2026 13:58;660;0
14/06/2026 13:59;666;0
14/06/2026 14:00;665;0
14/06/2026 14:01;661;618
14/06/2026 14:02;661;0
14/06/2026 14:03;657;0
14/06/2026 14:04;656;0
14/06/2026 14:05;655;0
14/06/2026 14:06;655;0
14/06/2026 14:07;654;0
14/06/2026 14:08;653;0
14/06/2026 14:09;653;0
14/06/2026 14:10;654;0
14/06/2026 14:11;654;615
14/06/2026 14:12;654;0
14/06/2026 14:13;652;0
14/06/2026 14:14;651;0
14/06/2026 14:15;649;0
14/06/2026 14:16;649;0
14/06/2026 14:17;649;0
14/06/2026 14:18;648;0
14/06/2026 14:19;649;0
14/06/2026 14:20;652;0
14/06/2026 14:21;652;636
14/06/2026 14:22;655;0
14/06/2026 14:23;655;0
14/06/2026 14:24;655;0
14/06/2026 14:25;654;0
14/06/2026 14:26;656;0
14/06/2026 14:27;655;0
14/06/2026 14:28;655;0
14/06/2026 14:29;657;0
14/06/2026 14:30;656;0
14/06/2026 14:31;655;578
14/06/2026 14:32;654;0
14/06/2026 14:33;652;0
14/06/2026 14:34;651;0
14/06/2026 14:35;648;0
14/06/2026 14:36;648;0
14/06/2026 14:37;649;0
14/06/2026 14:38;649;0
14/06/2026 14:39;647;0
14/06/2026 14:40;644;0
14/06/2026 14:41;642;598
14/06/2026 14:42;641;0
14/06/2026 14:43;640;0
14/06/2026 14:44;643;0
14/06/2026 14:45;641;0
14/06/2026 14:46;642;0
14/06/2026 14:47;639;0
14/06/2026 14:48;641;0
14/06/2026 14:49;641;0
14/06/2026 14:50;647;0
14/06/2026 14:51;639;519
14/06/2026 14:52;637;0
14/06/2026 14:53;637;0
14/06/2026 14:54;636;0
14/06/2026 14:55;635;0
14/06/2026 14:56;635;0
14/06/2026 14:57;634;0
14/06/2026 14:58;632;0
14/06/2026 14:59;631;0
14/06/2026 15:00;621;0
14/06/2026 15:01;627;508
14/06/2026 15:02;626;0
14/06/2026 15:03;625;0
14/06/2026 15:04;625;0
14/06/2026 15:05;626;0
14/06/2026 15:06;623;0
14/06/2026 15:07;623;0
14/06/2026 15:08;622;0
14/06/2026 15:09;622;0
14/06/2026 15:10;620;0
14/06/2026 15:11;621;534
14/06/2026 15:12;621;0
14/06/2026 15:13;622;0
14/06/2026 15:14;621;0
14/06/2026 15:15;622;0
14/06/2026 15:16;622;0
14/06/2026 15:17;620;0
14/06/2026 15:18;618;0
14/06/2026 15:19;615;0
14/06/2026 15:20;615;0
14/06/2026 15:21;614;563
14/06/2026 15:22;616;0
14/06/2026 15:23;616;0
14/06/2026 15:24;620;0
14/06/2026 15:25;619;0
14/06/2026 15:26;620;0
14/06/2026 15:27;224;0
14/06/2026 15:28;203;0
14/06/2026 15:29;200;0
14/06/2026 15:30;204;0
14/06/2026 15:31;212;226
14/06/2026 15:32;220;0
14/06/2026 15:33;224;0
14/06/2026 15:34;229;0
14/06/2026 15:35;234;0
14/06/2026 15:36;229;0
14/06/2026 15:37;218;0
14/06/2026 15:38;206;0
14/06/2026 15:39;196;0
14/06/2026 15:40;183;0
14/06/2026 15:41;181;26,1
14/06/2026 15:42;181;0
14/06/2026 15:43;176;0
14/06/2026 15:44;175;0
14/06/2026 15:45;174;0
14/06/2026 15:46;185;0
14/06/2026 15:47;205;0
14/06/2026 15:48;512;0
14/06/2026 15:49;780;0
14/06/2026 15:50;767;0
14/06/2026 15:51;750;276
14/06/2026 15:52;729;0
14/06/2026 15:53;710;0
14/06/2026 15:54;501;0
14/06/2026 15:55;273;0
14/06/2026 15:56;364;0
14/06/2026 15:57;644;0
14/06/2026 15:58;648;0
14/06/2026 15:59;635;0
14/06/2026 16:00;626;0
14/06/2026 16:01;623;528
14/06/2026 16:02;621;0
14/06/2026 16:03;623;0
14/06/2026 16:04;624;0
14/06/2026 16:05;624;0
14/06/2026 16:06;550;0
14/06/2026 16:07;186;0
14/06/2026 16:08;247;0
14/06/2026 16:09;598;0
14/06/2026 16:10;613;0
14/06/2026 16:11;611;618
14/06/2026 16:12;597;0
14/06/2026 16:13;593;0
14/06/2026 16:14;585;0
14/06/2026 16:15;584;0
14/06/2026 16:16;580;0
14/06/2026 16:17;264;0
14/06/2026 16:18;91;0
14/06/2026 16:19;107;0
14/06/2026 16:20;184;0
14/06/2026 16:21;578;566
14/06/2026 16:22;572;0
14/06/2026 16:23;558;0
14/06/2026 16:24;556;0
14/06/2026 16:25;550;0
14/06/2026 16:26;544;0
14/06/2026 16:27;542;0
14/06/2026 16:28;534;0
14/06/2026 16:29;532;0
14/06/2026 16:30;529;0
14/06/2026 16:31;521;380
14/06/2026 16:32;512;0
14/06/2026 16:33;505;0
14/06/2026 16:34;503;0
14/06/2026 16:35;501;0
14/06/2026 16:36;502;0
14/06/2026 16:37;502;0
14/06/2026 16:38;501;0
14/06/2026 16:39;501;0
14/06/2026 16:40;499;0
14/06/2026 16:41;495;340
14/06/2026 16:42;496;0
14/06/2026 16:43;493;0
14/06/2026 16:44;488;0
14/06/2026 16:45;487;0
14/06/2026 16:46;487;0
14/06/2026 16:47;490;0
14/06/2026 16:48;368;0
14/06/2026 16:49;253;0
14/06/2026 16:50;498;0
14/06/2026 16:51;501;302
14/06/2026 16:52;499;0
14/06/2026 16:53;496;0
14/06/2026 16:54;137;0
14/06/2026 16:55;327;0
14/06/2026 16:56;96;0
14/06/2026 16:57;480;0
14/06/2026 16:58;504;0
14/06/2026 16:59;507;0
14/06/2026 17:00;503;0
14/06/2026 17:01;504;270
14/06/2026 17:02;502;0
14/06/2026 17:03;496;0
14/06/2026 17:04;492;0
14/06/2026 17:05;489;0
14/06/2026 17:06;488;0
14/06/2026 17:07;488;0
14/06/2026 17:08;483;0
14/06/2026 17:09;476;0
14/06/2026 17:10;474;0
14/06/2026 17:11;468;273
14/06/2026 17:12;458;0
14/06/2026 17:13;455;0
14/06/2026 17:14;453;0
14/06/2026 17:15;444;0
14/06/2026 17:16;437;0
14/06/2026 17:17;433;0
14/06/2026 17:18;428;0
14/06/2026 17:19;421;0
14/06/2026 17:20;424;0
14/06/2026 17:21;425;241
14/06/2026 17:22;424;0
14/06/2026 17:23;422;0
14/06/2026 17:24;419;0
14/06/2026 17:25;413;0
14/06/2026 17:26;412;0
14/06/2026 17:27;412;0
14/06/2026 17:28;409;0
14/06/2026 17:29;407;0
14/06/2026 17:30;230;0
14/06/2026 17:31;142;87,1
14/06/2026 17:32;162;0
14/06/2026 17:33;102;0
14/06/2026 17:34;150;0
14/06/2026 17:35;117;0
14/06/2026 17:36;406;0
14/06/2026 17:37;400;0
14/06/2026 17:38;397;0
14/06/2026 17:39;390;0
14/06/2026 17:40;386;0
14/06/2026 17:41;64;78,4
14/06/2026 17:42;360;0
14/06/2026 17:43;307;0
14/06/2026 17:44;365;0
14/06/2026 17:45;360;0
14/06/2026 17:46;354;0
14/06/2026 17:47;353;0
14/06/2026 17:48;349;0
14/06/2026 17:49;345;0
14/06/2026 17:50;344;0
14/06/2026 17:51;342;107
14/06/2026 17:52;341;0
14/06/2026 17:53;342;0
14/06/2026 17:54;341;0
14/06/2026 17:55;340;0
14/06/2026 17:56;339;0
14/06/2026 17:57;336;0
14/06/2026 17:58;338;0
14/06/2026 17:59;336;0
14/06/2026 18:00;332;0
14/06/2026 18:01;317;119
14/06/2026 18:02;313;0
14/06/2026 18:03;308;0
14/06/2026 18:04;292;0
14/06/2026 18:05;202;0
14/06/2026 18:06;272;0
14/06/2026 18:07;284;0
14/06/2026 18:08;283;0
14/06/2026 18:09;281;0
14/06/2026 18:10;279;0
14/06/2026 18:11;268;168
14/06/2026 18:12;268;0
14/06/2026 18:13;263;0
14/06/2026 18:14;246;0
14/06/2026 18:15;248;0
14/06/2026 18:16;246;0
14/06/2026 18:17;243;0
14/06/2026 18:18;240;0
14/06/2026 18:19;236;0
14/06/2026 18:20;203;0
14/06/2026 18:21;222;139
14/06/2026 18:22;223;0
14/06/2026 18:23;218;0
14/06/2026 18:24;209;0
14/06/2026 18:25;207;0
14/06/2026 18:26;206;0
14/06/2026 18:27;204;0
14/06/2026 18:28;202;0
14/06/2026 18:29;197;0
14/06/2026 18:30;192;0
14/06/2026 18:31;190;116
14/06/2026 18:32;176;0
14/06/2026 18:33;179;0
14/06/2026 18:34;176;0
14/06/2026 18:35;183;0
14/06/2026 18:36;176;0
14/06/2026 18:37;153;0
14/06/2026 18:38;162;0
14/06/2026 18:39;167;0
14/06/2026 18:40;174;0
14/06/2026 18:41;170;102
14/06/2026 18:42;161;0
14/06/2026 18:43;156;0
14/06/2026 18:44;126;0
14/06/2026 18:45;93;0
14/06/2026 18:46;61;0
14/06/2026 18:47;79;0
14/06/2026 18:48;68;0
14/06/2026 18:49;70;0
14/06/2026 18:50;122;0
14/06/2026 18:51;128;95,8
14/06/2026 18:52;134;0
14/06/2026 18:53;123;0
14/06/2026 18:54;15;0
14/06/2026 18:55;106;0
14/06/2026 18:56;102;0
14/06/2026 18:57;120;0
14/06/2026 18:58;113;0
14/06/2026 18:59;110;0
14/06/2026 19:00;92;0
14/06/2026 19:01;95;84,2
14/06/2026 19:02;96;0
14/06/2026 19:03;101;0
14/06/2026 19:04;107;0
14/06/2026 19:05;106;0
14/06/2026 19:06;113;0
14/06/2026 19:07;114;0
14/06/2026 19:08;115;0
14/06/2026 19:09;116;0
14/06/2026 19:10;117;0
14/06/2026 19:11;120;87,1
14/06/2026 19:12;122;0
14/06/2026 19:13;121;0
14/06/2026 19:14;122;0
14/06/2026 19:15;120;0
14/06/2026 19:16;119;0
14/06/2026 19:17;118;0
14/06/2026 19:18;119;0
14/06/2026 19:19;119;0
14/06/2026 19:20;119;0
14/06/2026 19:21;117;90
14/06/2026 19:22;115;0
14/06/2026 19:23;113;0
14/06/2026 19:24;110;0
14/06/2026 19:25;90;0
14/06/2026 19:26;84;0
14/06/2026 19:27;81;0
14/06/2026 19:28;80;0
14/06/2026 19:29;77;0
14/06/2026 19:30;73;0
14/06/2026 19:31;67;90
14/06/2026 19:32;63;0
14/06/2026 19:33;58;0
14/06/2026 19:34;54;0
14/06/2026 19:35;47;0
14/06/2026 19:36;42;0
14/06/2026 19:37;37;0
14/06/2026 19:38;32;0
14/06/2026 19:39;27;0
14/06/2026 19:40;21;0
14/06/2026 19:41;15;84,2
14/06/2026 19:42;12;0
14/06/2026 19:43;8;0
14/06/2026 19:44;5;0
14/06/2026 19:45;1;0
14/06/2026 19:46;0;0
14/06/2026 19:47;0;0
14/06/2026 19:48;0;0
14/06/2026 19:49;0;0
14/06/2026 19:50;0;0
14/06/2026 19:51;0;0
14/06/2026 19:52;0;0
14/06/2026 19:53;0;0
14/06/2026 19:54;0;0
14/06/2026 19:55;0;0
14/06/2026 19:56;0;0
14/06/2026 19:57;0;0
14/06/2026 19:58;0;0
14/06/2026 19:59;0;0
14/06/2026 20:00;0;0
14/06/2026 20:01;0;0
14/06/2026 20:02;0;0
14/06/2026 20:03;0;0
14/06/2026 20:04;0;0
14/06/2026 20:05;0;0
14/06/2026 20:06;0;0
14/06/2026 20:07;0;0
14/06/2026 20:08;0;0
14/06/2026 20:09;0;0
14/06/2026 20:10;0;0
14/06/2026 20:11;0;0
14/06/2026 20:12;0;0
14/06/2026 20:13;0;0
14/06/2026 20:14;0;0
14/06/2026 20:15;0;0
14/06/2026 20:16;0;0
14/06/2026 20:17;0;0
14/06/2026 20:18;0;0
14/06/2026 20:19;0;0
14/06/2026 20:20;0;0
14/06/2026 20:21;0;0
14/06/2026 20:22;0;0
14/06/2026 20:23;0;0
14/06/2026 20:24;0;0
14/06/2026 20:25;0;0
14/06/2026 20:26;0;0
14/06/2026 20:27;0;0
14/06/2026 20:28;0;0
14/06/2026 20:29;0;0
14/06/2026 20:30;0;0
14/06/2026 20:31;0;0
14/06/2026 20:32;0;0
14/06/2026 20:33;0;0
14/06/2026 20:34;0;0
14/06/2026 20:35;0;0
14/06/2026 20:36;0;0
14/06/2026 20:37;0;0
14/06/2026 20:38;0;0
14/06/2026 20:39;0;0
14/06/2026 20:40;0;0
14/06/2026 20:41;0;0
14/06/2026 20:42;0;0
14/06/2026 20:43;0;0
14/06/2026 20:44;0;0
14/06/2026 20:45;0;0
14/06/2026 20:46;0;0
14/06/2026 20:47;0;0
14/06/2026 20:48;0;0
14/06/2026 20:49;0;0
14/06/2026 20:50;0;0
14/06/2026 20:51;0;0
14/06/2026 20:52;0;0
14/06/2026 20:53;0;0
14/06/2026 20:54;0;0
14/06/2026 20:55;0;0
14/06/2026 20:56;0;0
14/06/2026 20:57;0;0
14/06/2026 20:58;0;0
14/06/2026 20:59;0;0
14/06/2026 21:00;0;0
14/06/2026 21:01;0;0
14/06/2026 21:02;0;0
14/06/2026 21:03;0;0
14/06/2026 21:04;0;0
14/06/2026 21:05;0;0
14/06/2026 21:06;0;0
14/06/2026 21:07;0;0
14/06/2026 21:08;0;0
14/06/2026 21:09;0;0
14/06/2026 21:10;0;0
14/06/2026 21:11;0;0
14/06/2026 21:12;0;0
14/06/2026 21:13;0;0
14/06/2026 21:14;0;0
14/06/2026 21:15;0;0
14/06/2026 21:16;0;0
14/06/2026 21:17;0;0
14/06/2026 21:18;0;0
14/06/2026 21:19;0;0
14/06/2026 21:20;0;0
14/06/2026 21:21;0;0
14/06/2026 21:22;0;0
14/06/2026 21:23;0;0
14/06/2026 21:24;0;0
14/06/2026 21:25;0;0
14/06/2026 21:26;0;0
14/06/2026 21:27;0;0
14/06/2026 21:28;0;0
14/06/2026 21:29;0;0
14/06/2026 21:30;0;0
14/06/2026 21:31;0;0
14/06/2026 21:32;0;0
14/06/2026 21:33;0;0
14/06/2026 21:34;0;0
14/06/2026 21:35;0;0
14/06/2026 21:36;0;0
14/06/2026 21:37;0;0
14/06/2026 21:38;0;0
14/06/2026 21:39;0;0
14/06/2026 21:40;0;0
14/06/2026 21:41;0;0
14/06/2026 21:42;0;0
14/06/2026 21:43;0;0
14/06/2026 21:44;0;0
14/06/2026 21:45;0;0
14/06/2026 21:46;0;0
14/06/2026 21:47;0;0
14/06/2026 21:48;0;0
14/06/2026 21:49;0;0
14/06/2026 21:50;0;0
14/06/2026 21:51;0;0
14/06/2026 21:52;0;0
14/06/2026 21:53;0;0
14/06/2026 21:54;0;0
14/06/2026 21:55;0;0
14/06/2026 21:56;0;0
14/06/2026 21:57;0;0
14/06/2026 21:58;0;0
14/06/2026 21:59;0;0
14/06/2026 22:00;0;0
14/06/2026 22:01;0;0
14/06/2026 22:02;0;0
14/06/2026 22:03;0;0
14/06/2026 22:04;0;0
14/06/2026 22:05;0;0
14/06/2026 22:06;0;0
14/06/2026 22:07;0;0
14/06/2026 22:08;0;0
14/06/2026 22:09;0;0
14/06/2026 22:10;0;0
14/06/2026 22:11;0;0
14/06/2026 22:12;0;0
14/06/2026 22:13;0;0
14/06/2026 22:14;0;0
14/06/2026 22:15;0;0
14/06/2026 22:16;0;0
14/06/2026 22:17;0;0
14/06/2026 22:18;0;0
14/06/2026 22:19;0;0
14/06/2026 22:20;0;0
14/06/2026 22:21;0;0
14/06/2026 22:22;0;0
14/06/2026 22:23;0;0
14/06/2026 22:24;0;0
14/06/2026 22:25;0;0
14/06/2026 22:26;0;0
14/06/2026 22:27;0;0
14/06/2026 22:28;0;0
14/06/2026 22:29;0;0
14/06/2026 22:30;0;0
14/06/2026 22:31;0;0
14/06/2026 22:32;0;0
14/06/2026 22:33;0;0
14/06/2026 22:34;0;0
14/06/2026 22:35;0;0
14/06/2026 22:36;0;0
14/06/2026 22:37;0;0
14/06/2026 22:38;0;0
14/06/2026 22:39;0;0
14/06/2026 22:40;0;0
14/06/2026 22:41;0;0
14/06/2026 22:42;0;0
14/06/2026 22:43;0;0
14/06/2026 22:44;0;0
14/06/2026 22:45;0;0
14/06/2026 22:46;0;0
14/06/2026 22:47;0;0
14/06/2026 22:48;0;0
14/06/2026 22:49;0;0
14/06/2026 22:50;0;0
14/06/2026 22:51;0;0
14/06/2026 22:52;0;0
14/06/2026 22:53;0;0
14/06/2026 22:54;0;0
14/06/2026 22:55;0;0
14/06/2026 22:56;0;0
14/06/2026 22:57;0;0
14/06/2026 22:58;0;0
14/06/2026 22:59;0;0
14/06/2026 23:00;0;0
14/06/2026 23:01;0;0
14/06/2026 23:02;0;0
14/06/2026 23:03;0;0
14/06/2026 23:04;0;0
14/06/2026 23:05;0;0
14/06/2026 23:06;0;0
14/06/2026 23:07;0;0
14/06/2026 23:08;0;0
14/06/2026 23:09;0;0
14/06/2026 23:10;0;0
14/06/2026 23:11;0;0
14/06/2026 23:12;0;0
14/06/2026 23:13;0;0
14/06/2026 23:14;0;0
14/06/2026 23:15;0;0
14/06/2026 23:16;0;0
14/06/2026 23:17;0;0
14/06/2026 23:18;0;0
14/06/2026 23:19;0;0
14/06/2026 23:20;0;0
14/06/2026 23:21;0;0
14/06/2026 23:22;0;0
14/06/2026 23:23;0;0
14/06/2026 23:24;0;0
14/06/2026 23:25;0;0
14/06/2026 23:26;0;0
14/06/2026 23:27;0;0
14/06/2026 23:28;0;0
14/06/2026 23:29;0;0
14/06/2026 23:30;0;0
14/06/2026 23:31;0;0
14/06/2026 23:32;0;0
14/06/2026 23:33;0;0
14/06/2026 23:34;0;0
14/06/2026 23:35;0;0
14/06/2026 23:36;0;0
14/06/2026 23:37;0;0
14/06/2026 23:38;0;0
14/06/2026 23:39;0;0
14/06/2026 23:40;0;0
14/06/2026 23:41;0;0
14/06/2026 23:42;0;0
14/06/2026 23:43;0;0
14/06/2026 23:44;0;0
14/06/2026 23:45;0;0
14/06/2026 23:46;0;0
14/06/2026 23:47;0;0
14/06/2026 23:48;0;0
14/06/2026 23:49;0;0
14/06/2026 23:50;0;0
14/06/2026 23:51;0;0
14/06/2026 23:52;0;0
14/06/2026 23:53;0;0
14/06/2026 23:54;0;0
14/06/2026 23:55;0;0
14/06/2026 23:56;0;0
14/06/2026 23:57;0;0
14/06/2026 23:58;0;0
14/06/2026 23:59;0;0
15/06/2026 0:00;0;0
15/06/2026 0:01;0;0
15/06/2026 0:02;0;0
15/06/2026 0:03;0;0
15/06/2026 0:04;0;0
15/06/2026 0:05;0;0
15/06/2026 0:06;0;0
15/06/2026 0:07;0;0
15/06/2026 0:08;0;0
15/06/2026 0:09;0;0
15/06/2026 0:10;0;0
15/06/2026 0:11;0;0
15/06/2026 0:12;0;0
15/06/2026 0:13;0;0
15/06/2026 0:14;0;0
15/06/2026 0:15;0;0
15/06/2026 0:16;0;0
15/06/2026 0:17;0;0
15/06/2026 0:18;0;0
15/06/2026 0:19;0;0
15/06/2026 0:20;0;0
15/06/2026 0:21;0;0
15/06/2026 0:22;0;0
15/06/2026 0:23;0;0
15/06/2026 0:24;0;0
15/06/2026 0:25;0;0
15/06/2026 0:26;0;0
15/06/2026 0:27;0;0
15/06/2026 0:28;0;0
15/06/2026 0:29;0;0
15/06/2026 0:30;0;0
15/06/2026 0:31;0;0
15/06/2026 0:32;0;0
15/06/2026 0:33;0;0
15/06/2026 0:34;0;0
15/06/2026 0:35;0;0
15/06/2026 0:36;0;0
15/06/2026 0:37;0;0
15/06/2026 0:38;0;0
15/06/2026 0:39;0;0
15/06/2026 0:40;0;0
15/06/2026 0:41;0;0
15/06/2026 0:42;0;0
15/06/2026 0:43;0;0
15/06/2026 0:44;0;0
15/06/2026 0:45;0;0
15/06/2026 0:46;0;0
15/06/2026 0:47;0;0
15/06/2026 0:48;0;0
15/06/2026 0:49;0;0
15/06/2026 0:50;0;0
15/06/2026 0:51;0;0
15/06/2026 0:52;0;0
15/06/2026 0:53;0;0
15/06/2026 0:54;0;0
15/06/2026 0:55;0;0
15/06/2026 0:56;0;0
15/06/2026 0:57;0;0
15/06/2026 0:58;0;0
15/06/2026 0:59;0;0
15/06/2026 1:00;0;0
15/06/2026 1:01;0;0
15/06/2026 1:02;0;0
15/06/2026 1:03;0;0
15/06/2026 1:04;0;0
15/06/2026 1:05;0;0
15/06/2026 1:06;0;0
15/06/2026 1:07;0;0
15/06/2026 1:08;0;0
15/06/2026 1:09;0;0
15/06/2026 1:10;0;0
15/06/2026 1:11;0;0
15/06/2026 1:12;0;0
15/06/2026 1:13;0;0
15/06/2026 1:14;0;0
15/06/2026 1:15;0;0
15/06/2026 1:16;0;0
15/06/2026 1:17;0;0
15/06/2026 1:18;0;0
15/06/2026 1:19;0;0
15/06/2026 1:20;0;0
15/06/2026 1:21;0;0
15/06/2026 1:22;0;0
15/06/2026 1:23;0;0
15/06/2026 1:24;0;0
15/06/2026 1:25;0;0
15/06/2026 1:26;0;0
15/06/2026 1:27;0;0
15/06/2026 1:28;0;0
15/06/2026 1:29;0;0
15/06/2026 1:30;0;0
15/06/2026 1:31;0;0
15/06/2026 1:32;0;0
15/06/2026 1:33;0;0
15/06/2026 1:34;0;0
15/06/2026 1:35;0;0
15/06/2026 1:36;0;0
15/06/2026 1:37;0;0
15/06/2026 1:38;0;0
15/06/2026 1:39;0;0
15/06/2026 1:40;0;0
15/06/2026 1:41;0;0
15/06/2026 1:42;0;0
15/06/2026 1:43;0;0
15/06/2026 1:44;0;0
15/06/2026 1:45;0;0
15/06/2026 1:46;0;0
15/06/2026 1:47;0;0
15/06/2026 1:48;0;0
15/06/2026 1:49;0;0
15/06/2026 1:50;0;0
15/06/2026 1:51;0;0
15/06/2026 1:52;0;0
15/06/2026 1:53;0;0
15/06/2026 1:54;0;0
15/06/2026 1:55;0;0
15/06/2026 1:56;0;0
15/06/2026 1:57;0;0
15/06/2026 1:58;0;0
15/06/2026 1:59;0;0
15/06/2026 2:00;0;0
15/06/2026 2:01;0;0
15/06/2026 2:02;0;0
15/06/2026 2:03;0;0
15/06/2026 2:04;0;0
15/06/2026 2:05;0;0
15/06/2026 2:06;0;0
15/06/2026 2:07;0;0
15/06/2026 2:08;0;0
15/06/2026 2:09;0;0
15/06/2026 2:10;0;0
15/06/2026 2:11;0;0
15/06/2026 2:12;0;0
15/06/2026 2:13;0;0
15/06/2026 2:14;0;0
15/06/2026 2:15;0;0
15/06/2026 2:16;0;0
15/06/2026 2:17;0;0
15/06/2026 2:18;0;0
15/06/2026 2:19;0;0
15/06/2026 2:20;0;0
15/06/2026 2:21;0;0
15/06/2026 2:22;0;0
15/06/2026 2:23;0;0
15/06/2026 2:24;0;0
15/06/2026 2:25;0;0
15/06/2026 2:26;0;0
15/06/2026 2:27;0;0
15/06/2026 2:28;0;0
15/06/2026 2:29;0;0
15/06/2026 2:30;0;0
15/06/2026 2:31;0;0
15/06/2026 2:32;0;0
15/06/2026 2:33;0;0
15/06/2026 2:34;0;0
15/06/2026 2:35;0;0
15/06/2026 2:36;0;0
15/06/2026 2:37;0;0
15/06/2026 2:38;0;0
15/06/2026 2:39;0;0
15/06/2026 2:40;0;0
15/06/2026 2:41;0;0
15/06/2026 2:42;0;0
15/06/2026 2:43;0;0
15/06/2026 2:44;0;0
15/06/2026 2:45;0;0
15/06/2026 2:46;0;0
15/06/2026 2:47;0;0
15/06/2026 2:48;0;0
15/06/2026 2:49;0;0
15/06/2026 2:50;0;0
15/06/2026 2:51;0;0
15/06/2026 2:52;0;0
15/06/2026 2:53;0;0
15/06/2026 2:54;0;0
15/06/2026 2:55;0;0
15/06/2026 2:56;0;0
15/06/2026 2:57;0;0
15/06/2026 2:58;0;0
15/06/2026 2:59;0;0
15/06/2026 3:00;0;0
15/06/2026 3:01;0;0
15/06/2026 3:02;0;0
15/06/2026 3:03;0;0
15/06/2026 3:04;0;0
15/06/2026 3:05;0;0
15/06/2026 3:06;0;0
15/06/2026 3:07;0;0
15/06/2026 3:08;0;0
15/06/2026 3:09;0;0
15/06/2026 3:10;0;0
15/06/2026 3:11;0;0
15/06/2026 3:12;0;0
15/06/2026 3:13;0;0
15/06/2026 3:14;0;0
15/06/2026 3:15;0;0
15/06/2026 3:16;0;0
15/06/2026 3:17;0;0
15/06/2026 3:18;0;0
15/06/2026 3:19;0;0
15/06/2026 3:20;0;0
15/06/2026 3:21;0;0
15/06/2026 3:22;0;0
15/06/2026 3:23;0;0
15/06/2026 3:24;0;0
15/06/2026 3:25;0;0
15/06/2026 3:26;0;0
15/06/2026 3:27;0;0
15/06/2026 3:28;0;0
15/06/2026 3:29;0;0
15/06/2026 3:30;0;0
15/06/2026 3:31;0;0
15/06/2026 3:32;0;0
15/06/2026 3:33;0;0
15/06/2026 3:34;0;0
15/06/2026 3:35;0;0
15/06/2026 3:36;0;0
15/06/2026 3:37;0;0
15/06/2026 3:38;0;0
15/06/2026 3:39;0;0
15/06/2026 3:40;0;0
15/06/2026 3:41;0;0
15/06/2026 3:42;0;0
15/06/2026 3:43;0;0
15/06/2026 3:44;0;0
15/06/2026 3:45;0;0
15/06/2026 3:46;0;0
15/06/2026 3:47;0;0
15/06/2026 3:48;0;0
15/06/2026 3:49;0;0
15/06/2026 3:50;0;0
15/06/2026 3:51;0;0
15/06/2026 3:52;0;0
15/06/2026 3:53;0;0
15/06/2026 3:54;0;0
15/06/2026 3:55;0;0
15/06/2026 3:56;0;0
15/06/2026 3:57;0;0
15/06/2026 3:58;0;0
15/06/2026 3:59;0;0
15/06/2026 4:00;0;0
15/06/2026 4:01;0;0
15/06/2026 4:02;0;0
15/06/2026 4:03;0;0
15/06/2026 4:04;0;0
15/06/2026 4:05;0;0
15/06/2026 4:06;0;0
15/06/2026 4:07;0;0
15/06/2026 4:08;0;0
15/06/2026 4:09;0;0
15/06/2026 4:10;0;0
15/06/2026 4:11;0;0
15/06/2026 4:12;0;0
15/06/2026 4:13;0;0
15/06/2026 4:14;0;0
15/06/2026 4:15;0;0
15/06/2026 4:16;0;0
15/06/2026 4:17;0;0
15/06/2026 4:18;0;0
15/06/2026 4:19;0;0
15/06/2026 4:20;0;0
15/06/2026 4:21;0;0
15/06/2026 4:22;0;0
15/06/2026 4:23;0;0
15/06/2026 4:24;0;0
15/06/2026 4:25;0;0
15/06/2026 4:26;0;0
15/06/2026 4:27;0;0
15/06/2026 4:28;0;0
15/06/2026 4:29;0;0
15/06/2026 4:30;0;0
15/06/2026 4:31;0;0
15/06/2026 4:32;0;0
15/06/2026 4:33;0;0
15/06/2026 4:34;0;0
15/06/2026 4:35;0;0
15/06/2026 4:36;0;0
15/06/2026 4:37;0;0
15/06/2026 4:38;0;0
15/06/2026 4:39;0;0
15/06/2026 4:40;0;0
15/06/2026 4:41;0;0
15/06/2026 4:42;0;0
15/06/2026 4:43;0;0
15/06/2026 4:44;0;0
15/06/2026 4:45;0;0
15/06/2026 4:46;0;0
15/06/2026 4:47;0;0
15/06/2026 4:48;0;0
15/06/2026 4:49;0;0
15/06/2026 4:50;0;0
15/06/2026 4:51;0;0
15/06/2026 4:52;0;0
15/06/2026 4:53;0;0
15/06/2026 4:54;0;0
15/06/2026 4:55;0;0
15/06/2026 4:56;0;0
15/06/2026 4:57;0;0
15/06/2026 4:58;0;0
15/06/2026 4:59;0;0
15/06/2026 5:00;0;0
15/06/2026 5:01;0;0
15/06/2026 5:02;0;0
15/06/2026 5:03;0;0
15/06/2026 5:04;0;0
15/06/2026 5:05;0;0
15/06/2026 5:06;0;0
15/06/2026 5:07;0;0
15/06/2026 5:08;0;0
15/06/2026 5:09;0;0
15/06/2026 5:10;0;0
15/06/2026 5:11;0;0
15/06/2026 5:12;0;0
15/06/2026 5:13;0;0
15/06/2026 5:14;0;0
15/06/2026 5:15;0;0
15/06/2026 5:16;0;0
15/06/2026 5:17;0;0
15/06/2026 5:18;0;0
15/06/2026 5:19;0;0
15/06/2026 5:20;0;0
15/06/2026 5:21;0;0
15/06/2026 5:22;0;0
15/06/2026 5:23;0;0
15/06/2026 5:24;0;0
15/06/2026 5:25;0;0
15/06/2026 5:26;0;0
15/06/2026 5:27;0;0
15/06/2026 5:28;0;0
15/06/2026 5:29;0;0
15/06/2026 5:30;0;0
15/06/2026 5:31;0;0
15/06/2026 5:32;0;0
15/06/2026 5:33;0;0
15/06/2026 5:34;0;0
15/06/2026 5:35;0;0
15/06/2026 5:36;0;0
15/06/2026 5:37;0;0
15/06/2026 5:38;0;0
15/06/2026 5:39;0;0
15/06/2026 5:40;0;0
15/06/2026 5:41;0;0
15/06/2026 5:42;0;0
15/06/2026 5:43;0;0
15/06/2026 5:44;0;0
15/06/2026 5:45;0;0
15/06/2026 5:46;0;0
15/06/2026 5:47;0;0
15/06/2026 5:48;0;0
15/06/2026 5:49;0;0
15/06/2026 5:50;0;0
15/06/2026 5:51;0;0
15/06/2026 5:52;0;0
15/06/2026 5:53;0;0
15/06/2026 5:54;0;0
15/06/2026 5:55;0;0
15/06/2026 5:56;0;0
15/06/2026 5:57;0;0
15/06/2026 5:58;0;0
15/06/2026 5:59;0;0
15/06/2026 6:00;0;0
15/06/2026 6:01;0;0
15/06/2026 6:02;0;0
15/06/2026 6:03;0;0
15/06/2026 6:04;0;0
15/06/2026 6:05;0;0
15/06/2026 6:06;0;0
15/06/2026 6:07;0;0
15/06/2026 6:08;0;0
15/06/2026 6:09;0;0
15/06/2026 6:10;0;0
15/06/2026 6:11;0;0
15/06/2026 6:12;0;0
15/06/2026 6:13;0;0
15/06/2026 6:14;0;0
15/06/2026 6:15;0;0
15/06/2026 6:16;0;0
15/06/2026 6:17;0;0
15/06/2026 6:18;0;0
15/06/2026 6:19;0;0
15/06/2026 6:20;0;0
15/06/2026 6:21;0;0
15/06/2026 6:22;0;0
15/06/2026 6:23;0;0
15/06/2026 6:24;0;0
15/06/2026 6:25;0;0
15/06/2026 6:26;0;0
15/06/2026 6:27;0;0
15/06/2026 6:28;0;0
15/06/2026 6:29;0;0
15/06/2026 6:30;0;0
15/06/2026 6:31;0;0
15/06/2026 6:32;0;0
15/06/2026 6:33;0;0
15/06/2026 6:34;0;0
15/06/2026 6:35;0;0
15/06/2026 6:36;0;0
15/06/2026 6:37;0;0
15/06/2026 6:38;0;0
15/06/2026 6:39;0;0
15/06/2026 6:40;0;0
15/06/2026 6:41;0;0
15/06/2026 6:42;0;0
15/06/2026 6:43;0;0
15/06/2026 6:44;0;0
15/06/2026 6:45;0;0
15/06/2026 6:46;0;0
15/06/2026 6:47;0;0
15/06/2026 6:48;0;0
15/06/2026 6:49;0;0
15/06/2026 6:50;0;0
15/06/2026 6:51;0;0
15/06/2026 6:52;0;0
15/06/2026 6:53;0;0
15/06/2026 6:54;0;0
15/06/2026 6:55;0;0
15/06/2026 6:56;0;0
15/06/2026 6:57;0;0
15/06/2026 6:58;0;0
15/06/2026 6:59;0;0
15/06/2026 7:00;0;0
15/06/2026 7:01;0;0
15/06/2026 7:02;0;0
15/06/2026 7:03;0;0
15/06/2026 7:04;0;0
15/06/2026 7:05;0;0
15/06/2026 7:06;0;0
15/06/2026 7:07;0;0
15/06/2026 7:08;0;0
15/06/2026 7:09;0;0
15/06/2026 7:10;0;0
15/06/2026 7:11;0;0
15/06/2026 7:12;0;0
15/06/2026 7:13;0;0
15/06/2026 7:14;0;0
15/06/2026 7:15;0;0
15/06/2026 7:16;0;0
15/06/2026 7:17;0;0
15/06/2026 7:18;0;0
15/06/2026 7:19;0;0
15/06/2026 7:20;0;0
15/06/2026 7:21;0;0
15/06/2026 7:22;0;0
15/06/2026 7:23;0;0
15/06/2026 7:24;0;0
15/06/2026 7:25;0;0
15/06/2026 7:26;0;0
15/06/2026 7:27;0;0
15/06/2026 7:28;0;0
15/06/2026 7:29;0;0
15/06/2026 7:30;0;0
15/06/2026 7:31;0;0
15/06/2026 7:32;0;0
15/06/2026 7:33;0;0
15/06/2026 7:34;0;0
15/06/2026 7:35;0;0
15/06/2026 7:36;0;0
15/06/2026 7:37;0;0
15/06/2026 7:38;0;0
15/06/2026 7:39;0;0
15/06/2026 7:40;0;0
15/06/2026 7:41;0;0
15/06/2026 7:42;1;0
15/06/2026 7:43;3;0
15/06/2026 7:44;4;0
15/06/2026 7:45;6;0
15/06/2026 7:46;9;0
15/06/2026 7:47;12;0
15/06/2026 7:48;15;0
15/06/2026 7:49;17;0
15/06/2026 7:50;20;0
15/06/2026 7:51;24;92,9
15/06/2026 7:52;25;0
15/06/2026 7:53;27;0
15/06/2026 7:54;28;0
15/06/2026 7:55;30;0
15/06/2026 7:56;33;0
15/06/2026 7:57;35;0
15/06/2026 7:58;37;0
15/06/2026 7:59;37;0
15/06/2026 8:00;39;0
15/06/2026 8:01;41;119
15/06/2026 8:02;42;0
15/06/2026 8:03;44;0
15/06/2026 8:04;46;0
15/06/2026 8:05;46;0
15/06/2026 8:06;47;0
15/06/2026 8:07;51;0
15/06/2026 8:08;56;0
15/06/2026 8:09;58;0
15/06/2026 8:10;59;0
15/06/2026 8:11;60;165
15/06/2026 8:12;62;0
15/06/2026 8:13;65;0
15/06/2026 8:14;67;0
15/06/2026 8:15;69;0
15/06/2026 8:16;71;0
15/06/2026 8:17;73;0
15/06/2026 8:18;75;0
15/06/2026 8:19;76;0
15/06/2026 8:20;78;0
15/06/2026 8:21;79;215
15/06/2026 8:22;83;0
15/06/2026 8:23;89;0
15/06/2026 8:24;91;0
15/06/2026 8:25;93;0
15/06/2026 8:26;94;0
15/06/2026 8:27;96;0
15/06/2026 8:28;99;0
15/06/2026 8:29;104;0
15/06/2026 8:30;107;0
15/06/2026 8:31;113;221
15/06/2026 8:32;118;0
15/06/2026 8:33;121;0
15/06/2026 8:34;124;0
15/06/2026 8:35;126;0
15/06/2026 8:36;127;0
15/06/2026 8:37;128;0
15/06/2026 8:38;132;0
15/06/2026 8:39;130;0
15/06/2026 8:40;130;0
15/06/2026 8:41;131;200
15/06/2026 8:42;133;0
15/06/2026 8:43;138;0
15/06/2026 8:44;142;0
15/06/2026 8:45;147;0
15/06/2026 8:46;151;0
15/06/2026 8:47;153;0
15/06/2026 8:48;152;0
15/06/2026 8:49;153;0
15/06/2026 8:50;163;0
15/06/2026 8:51;171;192
15/06/2026 8:52;174;0
15/06/2026 8:53;175;0
15/06/2026 8:54;176;0
15/06/2026 8:55;176;0
15/06/2026 8:56;181;0
15/06/2026 8:57;185;0
15/06/2026 8:58;180;0
15/06/2026 8:59;181;0
15/06/2026 9:00;177;0
15/06/2026 9:01;190;197
15/06/2026 9:02;200;0
15/06/2026 9:03;199;0
15/06/2026 9:04;209;0
15/06/2026 9:05;206;0
15/06/2026 9:06;208;0
15/06/2026 9:07;207;0
15/06/2026 9:08;205;0
15/06/2026 9:09;203;0
15/06/2026 9:10;207;0
15/06/2026 9:11;214;276
15/06/2026 9:12;226;0
15/06/2026 9:13;237;0
15/06/2026 9:14;241;0
15/06/2026 9:15;243;0
15/06/2026 9:16;247;0
15/06/2026 9:17;250;0
15/06/2026 9:18;251;0
15/06/2026 9:19;243;0
15/06/2026 9:20;253;0
15/06/2026 9:21;259;369
15/06/2026 9:22;264;0
15/06/2026 9:23;267;0
15/06/2026 9:24;266;0
15/06/2026 9:25;267;0
15/06/2026 9:26;268;0
15/06/2026 9:27;260;0
15/06/2026 9:28;275;0
15/06/2026 9:29;284;0
15/06/2026 9:30;290;0
15/06/2026 9:31;293;334
15/06/2026 9:32;294;0
15/06/2026 9:33;295;0
15/06/2026 9:34;296;0
15/06/2026 9:35;300;0
15/06/2026 9:36;301;0
15/06/2026 9:37;305;0
15/06/2026 9:38;309;0
15/06/2026 9:39;311;0
15/06/2026 9:40;313;0
15/06/2026 9:41;318;305
15/06/2026 9:42;321;0
15/06/2026 9:43;324;0
15/06/2026 9:44;340;0
15/06/2026 9:45;329;0
15/06/2026 9:46;331;0
15/06/2026 9:47;333;0
15/06/2026 9:48;332;0
15/06/2026 9:49;334;0
15/06/2026 9:50;323;0
15/06/2026 9:51;317;316
15/06/2026 9:52;330;0
15/06/2026 9:53;336;0
15/06/2026 9:54;329;0
15/06/2026 9:55;350;0
15/06/2026 9:56;345;0
15/06/2026 9:57;338;0
15/06/2026 9:58;347;0
15/06/2026 9:59;361;0
15/06/2026 10:00;361;0
15/06/2026 10:01;364;351
15/06/2026 10:02;372;0
15/06/2026 10:03;374;0
15/06/2026 10:04;376;0
15/06/2026 10:05;370;0
15/06/2026 10:06;373;0
15/06/2026 10:07;372;0
15/06/2026 10:08;392;0
15/06/2026 10:09;396;0
15/06/2026 10:10;399;0
15/06/2026 10:11;398;380
15/06/2026 10:12;399;0
15/06/2026 10:13;404;0
15/06/2026 10:14;407;0
15/06/2026 10:15;410;0
15/06/2026 10:16;417;0
15/06/2026 10:17;418;0
15/06/2026 10:18;419;0
15/06/2026 10:19;420;0
15/06/2026 10:20;421;0
15/06/2026 10:21;423;383
15/06/2026 10:22;425;0
15/06/2026 10:23;429;0
15/06/2026 10:24;432;0
15/06/2026 10:25;437;0
15/06/2026 10:26;440;0
15/06/2026 10:27;443;0
15/06/2026 10:28;445;0
15/06/2026 10:29;449;0
15/06/2026 10:30;452;0
15/06/2026 10:31;454;476
15/06/2026 10:32;453;0
15/06/2026 10:33;448;0
15/06/2026 10:34;421;0
15/06/2026 10:35;422;0
15/06/2026 10:36;448;0
15/06/2026 10:37;456;0
15/06/2026 10:38;462;0
15/06/2026 10:39;465;0
15/06/2026 10:40;470;0
15/06/2026 10:41;471;583
15/06/2026 10:42;471;0
15/06/2026 10:43;475;0
15/06/2026 10:44;477;0
15/06/2026 10:45;470;0
15/06/2026 10:46;481;0
15/06/2026 10:47;486;0
15/06/2026 10:48;489;0
15/06/2026 10:49;490;0
15/06/2026 10:50;491;0
15/06/2026 10:51;490;578
15/06/2026 10:52;496;0
15/06/2026 10:53;497;0
15/06/2026 10:54;500;0
15/06/2026 10:55;504;0
15/06/2026 10:56;507;0
15/06/2026 10:57;508;0
15/06/2026 10:58;508;0
15/06/2026 10:59;507;0
15/06/2026 11:00;510;0
15/06/2026 11:01;513;551
15/06/2026 11:02;513;0
15/06/2026 11:03;519;0
15/06/2026 11:04;523;0
15/06/2026 11:05;525;0
15/06/2026 11:06;525;0
15/06/2026 11:07;526;0
15/06/2026 11:08;528;0
15/06/2026 11:09;527;0
15/06/2026 11:10;526;0
15/06/2026 11:11;526;511
15/06/2026 11:12;527;0
15/06/2026 11:13;533;0
15/06/2026 11:14;538;0
15/06/2026 11:15;541;0
15/06/2026 11:16;541;0
15/06/2026 11:17;544;0
15/06/2026 11:18;546;0
15/06/2026 11:19;547;0
15/06/2026 11:20;548;0
15/06/2026 11:21;552;566
15/06/2026 11:22;554;0
15/06/2026 11:23;555;0
15/06/2026 11:24;556;0
15/06/2026 11:25;558;0
15/06/2026 11:26;561;0
15/06/2026 11:27;562;0
15/06/2026 11:28;561;0
15/06/2026 11:29;563;0
15/06/2026 11:30;564;0
15/06/2026 11:31;567;601
15/06/2026 11:32;570;0
15/06/2026 11:33;572;0
15/06/2026 11:34;572;0
15/06/2026 11:35;565;0
15/06/2026 11:36;562;0
15/06/2026 11:37;583;0
15/06/2026 11:38;582;0
15/06/2026 11:39;581;0
15/06/2026 11:40;581;0
15/06/2026 11:41;583;578
15/06/2026 11:42;584;0
15/06/2026 11:43;586;0
15/06/2026 11:44;588;0
15/06/2026 11:45;582;0
15/06/2026 11:46;581;0
15/06/2026 11:47;585;0
15/06/2026 11:48;589;0
15/06/2026 11:49;590;0
15/06/2026 11:50;592;0
15/06/2026 11:51;590;656
15/06/2026 11:52;591;0
15/06/2026 11:53;594;0
15/06/2026 11:54;598;0
15/06/2026 11:55;597;0
15/06/2026 11:56;599;0
15/06/2026 11:57;603;0
15/06/2026 11:58;608;0
15/06/2026 11:59;607;0
15/06/2026 12:00;608;0
15/06/2026 12:01;610;665
15/06/2026 12:02;611;0
15/06/2026 12:03;612;0
15/06/2026 12:04;611;0
15/06/2026 12:05;612;0
15/06/2026 12:06;615;0
15/06/2026 12:07;617;0
15/06/2026 12:08;619;0
15/06/2026 12:09;619;0
15/06/2026 12:10;621;0
15/06/2026 12:11;622;676
15/06/2026 12:12;621;0
15/06/2026 12:13;622;0
15/06/2026 12:14;622;0
15/06/2026 12:15;622;0
15/06/2026 12:16;625;0
15/06/2026 12:17;626;0
15/06/2026 12:18;625;0
15/06/2026 12:19;625;0
15/06/2026 12:20;628;0
15/06/2026 12:21;629;618
15/06/2026 12:22;629;0
15/06/2026 12:23;628;0
15/06/2026 12:24;630;0
15/06/2026 12:25;632;0
15/06/2026 12:26;633;0
15/06/2026 12:27;632;0
15/06/2026 12:28;632;0
15/06/2026 12:29;631;0
15/06/2026 12:30;634;0
15/06/2026 12:31;637;598
15/06/2026 12:32;638;0
15/06/2026 12:33;643;0
15/06/2026 12:34;642;0
15/06/2026 12:35;643;0
15/06/2026 12:36;643;0
15/06/2026 12:37;642;0
15/06/2026 12:38;642;0
15/06/2026 12:39;642;0
15/06/2026 12:40;644;0
15/06/2026 12:41;646;578
15/06/2026 12:42;645;0
15/06/2026 12:43;647;0
15/06/2026 12:44;649;0
15/06/2026 12:45;649;0
15/06/2026 12:46;657;0
15/06/2026 12:47;655;0
15/06/2026 12:48;657;0
15/06/2026 12:49;659;0
15/06/2026 12:50;659;0
15/06/2026 12:51;655;618
15/06/2026 12:52;652;0
15/06/2026 12:53;650;0
15/06/2026 12:54;647;0
15/06/2026 12:55;652;0
15/06/2026 12:56;659;0
15/06/2026 12:57;658;0
15/06/2026 12:58;656;0
15/06/2026 12:59;652;0
15/06/2026 13:00;656;0
15/06/2026 13:01;654;638
15/06/2026 13:02;655;0
15/06/2026 13:03;660;0
15/06/2026 13:04;657;0
15/06/2026 13:05;657;0
15/06/2026 13:06;661;0
15/06/2026 13:07;662;0
15/06/2026 13:08;662;0
15/06/2026 13:09;662;0
15/06/2026 13:10;663;0
15/06/2026 13:11;661;650
15/06/2026 13:12;659;0
15/06/2026 13:13;660;0
15/06/2026 13:14;662;0
15/06/2026 13:15;659;0
15/06/2026 13:16;657;0
15/06/2026 13:17;662;0
15/06/2026 13:18;662;0
15/06/2026 13:19;664;0
15/06/2026 13:20;667;0
15/06/2026 13:21;668;575
15/06/2026 13:22;670;0
15/06/2026 13:23;669;0
15/06/2026 13:24;670;0
15/06/2026 13:25;669;0
15/06/2026 13:26;668;0
15/06/2026 13:27;665;0
15/06/2026 13:28;663;0
15/06/2026 13:29;664;0
15/06/2026 13:30;664;0
15/06/2026 13:31;663;586
15/06/2026 13:32;661;0
15/06/2026 13:33;659;0
15/06/2026 13:34;657;0
15/06/2026 13:35;655;0
15/06/2026 13:36;657;0
15/06/2026 13:37;657;0
15/06/2026 13:38;657;0
15/06/2026 13:39;657;0
15/06/2026 13:40;657;0
15/06/2026 13:41;656;601
15/06/2026 13:42;657;0
15/06/2026 13:43;656;0
15/06/2026 13:44;659;0
15/06/2026 13:45;658;0
15/06/2026 13:46;658;0
15/06/2026 13:47;660;0
15/06/2026 13:48;662;0
15/06/2026 13:49;663;0
15/06/2026 13:50;660;0
15/06/2026 13:51;660;650
15/06/2026 13:52;661;0
15/06/2026 13:53;663;0
15/06/2026 13:54;661;0
15/06/2026 13:55;658;0
15/06/2026 13:56;659;0
15/06/2026 13:57;660;0
15/06/2026 13:58;659;0
15/06/2026 13:59;657;0
15/06/2026 14:00;655;0
15/06/2026 14:01;657;595
15/06/2026 14:02;656;0
15/06/2026 14:03;657;0
15/06/2026 14:04;656;0
15/06/2026 14:05;655;0
15/06/2026 14:06;653;0
15/06/2026 14:07;653;0
15/06/2026 14:08;652;0
15/06/2026 14:09;650;0
15/06/2026 14:10;651;0
15/06/2026 14:11;653;580
15/06/2026 14:12;653;0
15/06/2026 14:13;655;0
15/06/2026 14:14;655;0
15/06/2026 14:15;655;0
15/06/2026 14:16;654;0
15/06/2026 14:17;656;0
15/06/2026 14:18;658;0
15/06/2026 14:19;657;0
15/06/2026 14:20;657;0
15/06/2026 14:21;660;601
15/06/2026 14:22;661;0
15/06/2026 14:23;660;0
15/06/2026 14:24;658;0
15/06/2026 14:25;658;0
15/06/2026 14:26;655;0
15/06/2026 14:27;655;0
15/06/2026 14:28;656;0
15/06/2026 14:29;655;0
15/06/2026 14:30;657;0
15/06/2026 14:31;658;604
15/06/2026 14:32;656;0
15/06/2026 14:33;653;0
15/06/2026 14:34;651;0
15/06/2026 14:35;649;0
15/06/2026 14:36;647;0
15/06/2026 14:37;648;0
15/06/2026 14:38;647;0
15/06/2026 14:39;645;0
15/06/2026 14:40;645;0
15/06/2026 14:41;646;575
15/06/2026 14:42;645;0
15/06/2026 14:43;647;0
15/06/2026 14:44;646;0
15/06/2026 14:45;647;0
15/06/2026 14:46;647;0
15/06/2026 14:47;646;0
15/06/2026 14:48;644;0
15/06/2026 14:49;642;0
15/06/2026 14:50;639;0
15/06/2026 14:51;635;517
15/06/2026 14:52;631;0
15/06/2026 14:53;631;0
15/06/2026 14:54;628;0
15/06/2026 14:55;627;0
15/06/2026 14:56;629;0
15/06/2026 14:57;628;0
15/06/2026 14:58;631;0
15/06/2026 14:59;628;0
15/06/2026 15:00;628;0
15/06/2026 15:01;627;496
15/06/2026 15:02;626;0
15/06/2026 15:03;626;0
15/06/2026 15:04;627;0
15/06/2026 15:05;625;0
15/06/2026 15:06;627;0
15/06/2026 15:07;627;0
15/06/2026 15:08;625;0
15/06/2026 15:09;625;0
15/06/2026 15:10;624;0
15/06/2026 15:11;623;470
15/06/2026 15:12;623;0
15/06/2026 15:13;623;0
15/06/2026 15:14;621;0
15/06/2026 15:15;620;0
15/06/2026 15:16;622;0
15/06/2026 15:17;624;0
15/06/2026 15:18;621;0
15/06/2026 15:19;619;0
15/06/2026 15:20;620;0
15/06/2026 15:21;620;473
15/06/2026 15:22;618;0
15/06/2026 15:23;618;0
15/06/2026 15:24;617;0
15/06/2026 15:25;612;0
15/06/2026 15:26;610;0
15/06/2026 15:27;610;0
15/06/2026 15:28;610;0
15/06/2026 15:29;606;0
15/06/2026 15:30;602;0
15/06/2026 15:31;599;485
15/06/2026 15:32;592;0
15/06/2026 15:33;589;0
15/06/2026 15:34;590;0
15/06/2026 15:35;587;0
15/06/2026 15:36;592;0
15/06/2026 15:37;589;0
15/06/2026 15:38;592;0
15/06/2026 15:39;583;0
15/06/2026 15:40;585;0
15/06/2026 15:41;586;450
15/06/2026 15:42;587;0
15/06/2026 15:43;585;0
15/06/2026 15:44;586;0
15/06/2026 15:45;584;0
15/06/2026 15:46;583;0
15/06/2026 15:47;585;0
15/06/2026 15:48;583;0
15/06/2026 15:49;580;0
15/06/2026 15:50;579;0
15/06/2026 15:51;576;386
15/06/2026 15:52;576;0
15/06/2026 15:53;578;0
15/06/2026 15:54;578;0
15/06/2026 15:55;577;0
15/06/2026 15:56;575;0
15/06/2026 15:57;577;0
15/06/2026 15:58;576;0
15/06/2026 15:59;573;0
15/06/2026 16:00;573;0
15/06/2026 16:01;572;421
15/06/2026 16:02;571;0
15/06/2026 16:03;567;0
15/06/2026 16:04;566;0
15/06/2026 16:05;560;0
15/06/2026 16:06;554;0
15/06/2026 16:07;548;0
15/06/2026 16:08;539;0
15/06/2026 16:09;536;0
15/06/2026 16:10;538;0
15/06/2026 16:11;541;325
15/06/2026 16:12;539;0
15/06/2026 16:13;542;0
15/06/2026 16:14;536;0
15/06/2026 16:15;526;0
15/06/2026 16:16;524;0
15/06/2026 16:17;525;0
15/06/2026 16:18;526;0
15/06/2026 16:19;528;0
15/06/2026 16:20;523;0
15/06/2026 16:21;523;328
15/06/2026 16:22;524;0
15/06/2026 16:23;523;0
15/06/2026 16:24;521;0
15/06/2026 16:25;520;0
15/06/2026 16:26;518;0
15/06/2026 16:27;515;0
15/06/2026 16:28;515;0
15/06/2026 16:29;509;0
15/06/2026 16:30;511;0
15/06/2026 16:31;514;308
15/06/2026 16:32;516;0
15/06/2026 16:33;507;0
15/06/2026 16:34;503;0
15/06/2026 16:35;503;0
15/06/2026 16:36;502;0
15/06/2026 16:37;505;0
15/06/2026 16:38;501;0
15/06/2026 16:39;505;0
15/06/2026 16:40;503;0
15/06/2026 16:41;500;331
15/06/2026 16:42;494;0
15/06/2026 16:43;501;0
15/06/2026 16:44;493;0
15/06/2026 16:45;452;0
15/06/2026 16:46;57;0
15/06/2026 16:47;57;0
15/06/2026 16:48;53;0
15/06/2026 16:49;52;0
15/06/2026 16:50;61;0
15/06/2026 16:51;497;279
15/06/2026 16:52;501;0
15/06/2026 16:53;489;0
15/06/2026 16:54;483;0
15/06/2026 16:55;479;0
15/06/2026 16:56;476;0
15/06/2026 16:57;477;0
15/06/2026 16:58;475;0
15/06/2026 16:59;474;0
15/06/2026 17:00;469;0
15/06/2026 17:01;468;247
15/06/2026 17:02;465;0
15/06/2026 17:03;464;0
15/06/2026 17:04;464;0
15/06/2026 17:05;464;0
15/06/2026 17:06;464;0
15/06/2026 17:07;460;0
15/06/2026 17:08;458;0
15/06/2026 17:09;454;0
15/06/2026 17:10;448;0
15/06/2026 17:11;444;203
15/06/2026 17:12;439;0
15/06/2026 17:13;434;0
15/06/2026 17:14;430;0
15/06/2026 17:15;427;0
15/06/2026 17:16;425;0
15/06/2026 17:17;424;0
15/06/2026 17:18;422;0
15/06/2026 17:19;424;0
15/06/2026 17:20;417;0
15/06/2026 17:21;415;171
15/06/2026 17:22;414;0
15/06/2026 17:23;412;0
15/06/2026 17:24;409;0
15/06/2026 17:25;407;0
15/06/2026 17:26;401;0
15/06/2026 17:27;396;0
15/06/2026 17:28;389;0
15/06/2026 17:29;389;0
15/06/2026 17:30;392;0
15/06/2026 17:31;390;206
15/06/2026 17:32;388;0
15/06/2026 17:33;386;0
15/06/2026 17:34;385;0
15/06/2026 17:35;389;0
15/06/2026 17:36;377;0
15/06/2026 17:37;370;0
15/06/2026 17:38;378;0
15/06/2026 17:39;380;0
15/06/2026 17:40;377;0
15/06/2026 17:41;373;212
15/06/2026 17:42;368;0
15/06/2026 17:43;368;0
15/06/2026 17:44;367;0
15/06/2026 17:45;364;0
15/06/2026 17:46;356;0
15/06/2026 17:47;353;0
15/06/2026 17:48;348;0
15/06/2026 17:49;346;0
15/06/2026 17:50;338;0
15/06/2026 17:51;341;139
15/06/2026 17:52;334;0
15/06/2026 17:53;327;0
15/06/2026 17:54;320;0
15/06/2026 17:55;326;0
15/06/2026 17:56;318;0
15/06/2026 17:57;306;0
15/06/2026 17:58;312;0
15/06/2026 17:59;306;0
15/06/2026 18:00;300;0
15/06/2026 18:01;278;125
15/06/2026 18:02;267;0
15/06/2026 18:03;276;0
15/06/2026 18:04;280;0
15/06/2026 18:05;213;0
15/06/2026 18:06;254;0
15/06/2026 18:07;256;0
15/06/2026 18:08;223;0
15/06/2026 18:09;187;0
15/06/2026 18:10;199;0
15/06/2026 18:11;178;95,8
15/06/2026 18:12;214;0
15/06/2026 18:13;35;0
15/06/2026 18:14;38;0
15/06/2026 18:15;50;0
15/06/2026 18:16;75;0
15/06/2026 18:17;144;0
15/06/2026 18:18;222;0
15/06/2026 18:19;218;0
15/06/2026 18:20;205;0
15/06/2026 18:21;204;98,7
15/06/2026 18:22;205;0
15/06/2026 18:23;202;0
15/06/2026 18:24;196;0
15/06/2026 18:25;195;0
15/06/2026 18:26;189;0
15/06/2026 18:27;187;0
15/06/2026 18:28;188;0
15/06/2026 18:29;183;0
15/06/2026 18:30;173;0
15/06/2026 18:31;174;98,7
15/06/2026 18:32;166;0
15/06/2026 18:33;158;0
15/06/2026 18:34;151;0
15/06/2026 18:35;159;0
15/06/2026 18:36;147;0
15/06/2026 18:37;138;0
15/06/2026 18:38;125;0
15/06/2026 18:39;124;0
15/06/2026 18:40;93;0
15/06/2026 18:41;89;95,8
15/06/2026 18:42;142;0
15/06/2026 18:43;139;0
15/06/2026 18:44;140;0
15/06/2026 18:45;135;0
15/06/2026 18:46;125;0
15/06/2026 18:47;99;0
15/06/2026 18:48;107;0
15/06/2026 18:49;122;0
15/06/2026 18:50;126;0
15/06/2026 18:51;114;90
15/06/2026 18:52;108;0
15/06/2026 18:53;116;0
15/06/2026 18:54;112;0
15/06/2026 18:55;112;0
15/06/2026 18:56;105;0
15/06/2026 18:57;109;0
15/06/2026 18:58;106;0
15/06/2026 18:59;93;0
15/06/2026 19:00;77;0
15/06/2026 19:01;91;87,1
15/06/2026 19:02;100;0
15/06/2026 19:03;81;0
15/06/2026 19:04;80;0
15/06/2026 19:05;60;0
15/06/2026 19:06;39;0
15/06/2026 19:07;37;0
15/06/2026 19:08;44;0
15/06/2026 19:09;48;0
15/06/2026 19:10;55;0
15/06/2026 19:11;47;84,2
15/06/2026 19:12;47;0
15/06/2026 19:13;53;0
15/06/2026 19:14;51;0
15/06/2026 19:15;41;0
15/06/2026 19:16;39;0
15/06/2026 19:17;38;0
15/06/2026 19:18;39;0
15/06/2026 19:19;37;0
15/06/2026 19:20;38;0
15/06/2026 19:21;39;84,2
15/06/2026 19:22;40;0
15/06/2026 19:23;40;0
15/06/2026 19:24;39;0
15/06/2026 19:25;39;0
15/06/2026 19:26;37;0
15/06/2026 19:27;39;0
15/06/2026 19:28;42;0
15/06/2026 19:29;42;0
15/06/2026 19:30;41;0
15/06/2026 19:31;41;84,2
15/06/2026 19:32;38;0
15/06/2026 19:33;36;0
15/06/2026 19:34;32;0
15/06/2026 19:35;31;0
15/06/2026 19:36;28;0
15/06/2026 19:37;28;0
15/06/2026 19:38;24;0
15/06/2026 19:39;24;0
15/06/2026 19:40;22;0
15/06/2026 19:41;22;78,4
15/06/2026 19:42;22;0
15/06/2026 19:43;20;0
15/06/2026 19:44;16;0
15/06/2026 19:45;17;0
15/06/2026 19:46;14;0
15/06/2026 19:47;13;0
15/06/2026 19:48;13;0
15/06/2026 19:49;13;0
15/06/2026 19:50;11;0
15/06/2026 19:51;11;66,8
15/06/2026 19:52;11;0
15/06/2026 19:53;10;0
15/06/2026 19:54;9;0
15/06/2026 19:55;8;0
15/06/2026 19:56;7;0
15/06/2026 19:57;6;0
15/06/2026 19:58;6;0
15/06/2026 19:59;4;0
15/06/2026 20:00;5;0
15/06/2026 20:01;5;60,9
15/06/2026 20:02;4;0
15/06/2026 20:03;4;0
15/06/2026 20:04;3;0
15/06/2026 20:05;3;0
15/06/2026 20:06;3;0
15/06/2026 20:07;3;0
15/06/2026 20:08;2;0
15/06/2026 20:09;1;0
15/06/2026 20:10;0;0
15/06/2026 20:11;0;0
15/06/2026 20:12;0;0
15/06/2026 20:13;0;0
15/06/2026 20:14;0;0
15/06/2026 20:15;0;0
15/06/2026 20:16;0;0
15/06/2026 20:17;0;0
15/06/2026 20:18;0;0
15/06/2026 20:19;0;0
15/06/2026 20:20;0;0
15/06/2026 20:21;0;0
15/06/2026 20:22;0;0
15/06/2026 20:23;0;0
15/06/2026 20:24;0;0
15/06/2026 20:25;1;0
15/06/2026 20:26;0;0
15/06/2026 20:27;0;0
15/06/2026 20:28;0;0
15/06/2026 20:29;0;0
15/06/2026 20:30;0;0
15/06/2026 20:31;0;0
15/06/2026 20:32;0;0
15/06/2026 20:33;0;0
15/06/2026 20:34;1;0
15/06/2026 20:35;1;0
15/06/2026 20:36;4;0
15/06/2026 20:37;2;0
15/06/2026 20:38;1;0
15/06/2026 20:39;2;0
15/06/2026 20:40;2;0
15/06/2026 20:41;2;49,3
15/06/2026 20:42;1;0
15/06/2026 20:43;2;0
15/06/2026 20:44;1;0
15/06/2026 20:45;0;0
15/06/2026 20:46;0;0
15/06/2026 20:47;0;0
15/06/2026 20:48;0;0
15/06/2026 20:49;0;0
15/06/2026 20:50;0;0
15/06/2026 20:51;0;0
15/06/2026 20:52;0;0
15/06/2026 20:53;0;0
15/06/2026 20:54;0;0
15/06/2026 20:55;0;0
15/06/2026 20:56;0;0
15/06/2026 20:57;0;0
15/06/2026 20:58;0;0
15/06/2026 20:59;0;0
15/06/2026 21:00;0;0
15/06/2026 21:01;0;0
15/06/2026 21:02;0;0
15/06/2026 21:03;0;0
15/06/2026 21:04;0;0
15/06/2026 21:05;0;0
15/06/2026 21:06;0;0
15/06/2026 21:07;0;0
15/06/2026 21:08;0;0
15/06/2026 21:09;0;0
15/06/2026 21:10;0;0
15/06/2026 21:11;0;0
15/06/2026 21:12;0;0
15/06/2026 21:13;0;0
15/06/2026 21:14;0;0
15/06/2026 21:15;0;0
15/06/2026 21:16;0;0
15/06/2026 21:17;0;0
15/06/2026 21:18;0;0
15/06/2026 21:19;0;0
15/06/2026 21:20;0;0
15/06/2026 21:21;0;0
15/06/2026 21:22;0;0
15/06/2026 21:23;0;0
15/06/2026 21:24;0;0
15/06/2026 21:25;0;0
15/06/2026 21:26;0;0
15/06/2026 21:27;0;0
15/06/2026 21:28;0;0
15/06/2026 21:29;0;0
15/06/2026 21:30;0;0
15/06/2026 21:31;0;0
15/06/2026 21:32;0;0
15/06/2026 21:33;0;0
15/06/2026 21:34;0;0
15/06/2026 21:35;0;0
15/06/2026 21:36;0;0
15/06/2026 21:37;0;0
15/06/2026 21:38;0;0
15/06/2026 21:39;0;0
15/06/2026 21:40;0;0
15/06/2026 21:41;0;0
15/06/2026 21:42;0;0
15/06/2026 21:43;0;0
15/06/2026 21:44;0;0
15/06/2026 21:45;0;0
15/06/2026 21:46;0;0
15/06/2026 21:47;0;0
15/06/2026 21:48;0;0
15/06/2026 21:49;0;0
15/06/2026 21:50;0;0
15/06/2026 21:51;0;0
15/06/2026 21:52;0;0
15/06/2026 21:53;0;0
15/06/2026 21:54;0;0
15/06/2026 21:55;0;0
15/06/2026 21:56;0;0
15/06/2026 21:57;0;0
15/06/2026 21:58;0;0
15/06/2026 21:59;0;0
15/06/2026 22:00;0;0
15/06/2026 22:01;0;0
15/06/2026 22:02;0;0
15/06/2026 22:03;0;0
15/06/2026 22:04;0;0
15/06/2026 22:05;0;0
15/06/2026 22:06;0;0
15/06/2026 22:07;0;0
15/06/2026 22:08;0;0
15/06/2026 22:09;0;0
15/06/2026 22:10;0;0
15/06/2026 22:11;0;0
15/06/2026 22:12;0;0
15/06/2026 22:13;0;0
15/06/2026 22:14;0;0
15/06/2026 22:15;0;0
15/06/2026 22:16;0;0
15/06/2026 22:17;0;0
15/06/2026 22:18;0;0
15/06/2026 22:19;0;0
15/06/2026 22:20;0;0
15/06/2026 22:21;0;0
15/06/2026 22:22;0;0
15/06/2026 22:23;0;0
15/06/2026 22:24;0;0
15/06/2026 22:25;0;0
15/06/2026 22:26;0;0
15/06/2026 22:27;0;0
15/06/2026 22:28;0;0
15/06/2026 22:29;0;0
15/06/2026 22:30;0;0
15/06/2026 22:31;0;0
15/06/2026 22:32;0;0
15/06/2026 22:33;0;0
15/06/2026 22:34;0;0
15/06/2026 22:35;0;0
15/06/2026 22:36;0;0
15/06/2026 22:37;0;0
15/06/2026 22:38;0;0
15/06/2026 22:39;0;0
15/06/2026 22:40;0;0
15/06/2026 22:41;0;0
15/06/2026 22:42;0;0
15/06/2026 22:43;0;0
15/06/2026 22:44;0;0
15/06/2026 22:45;0;0
15/06/2026 22:46;0;0
15/06/2026 22:47;0;0
15/06/2026 22:48;0;0
15/06/2026 22:49;0;0
15/06/2026 22:50;0;0
15/06/2026 22:51;0;0
15/06/2026 22:52;0;0
15/06/2026 22:53;0;0
15/06/2026 22:54;0;0
15/06/2026 22:55;0;0
15/06/2026 22:56;0;0
15/06/2026 22:57;0;0
15/06/2026 22:58;0;0
15/06/2026 22:59;0;0
15/06/2026 23:00;0;0
15/06/2026 23:01;0;0
15/06/2026 23:02;0;0
15/06/2026 23:03;0;0
15/06/2026 23:04;0;0
15/06/2026 23:05;0;0
15/06/2026 23:06;0;0
15/06/2026 23:07;0;0
15/06/2026 23:08;0;0
15/06/2026 23:09;0;0
15/06/2026 23:10;0;0
15/06/2026 23:11;0;0
15/06/2026 23:12;0;0
15/06/2026 23:13;0;0
15/06/2026 23:14;0;0
15/06/2026 23:15;0;0
15/06/2026 23:16;0;0
15/06/2026 23:17;0;0
15/06/2026 23:18;0;0
15/06/2026 23:19;0;0
15/06/2026 23:20;0;0
15/06/2026 23:21;0;0
15/06/2026 23:22;0;0
15/06/2026 23:23;0;0
15/06/2026 23:24;0;0
15/06/2026 23:25;0;0
15/06/2026 23:26;0;0
15/06/2026 23:27;0;0
15/06/2026 23:28;0;0
15/06/2026 23:29;0;0
15/06/2026 23:30;0;0
15/06/2026 23:31;0;0
15/06/2026 23:32;0;0
15/06/2026 23:33;0;0
15/06/2026 23:34;0;0
15/06/2026 23:35;0;0
15/06/2026 23:36;0;0
15/06/2026 23:37;0;0
15/06/2026 23:38;0;0
15/06/2026 23:39;0;0
15/06/2026 23:40;0;0
15/06/2026 23:41;0;0
15/06/2026 23:42;0;0
15/06/2026 23:43;0;0
15/06/2026 23:44;0;0
15/06/2026 23:45;0;0
15/06/2026 23:46;0;0
15/06/2026 23:47;0;0
15/06/2026 23:48;0;0
15/06/2026 23:49;0;0
15/06/2026 23:50;0;0
15/06/2026 23:51;0;0
15/06/2026 23:52;0;0
15/06/2026 23:53;0;0
15/06/2026 23:54;0;0
15/06/2026 23:55;0;0
15/06/2026 23:56;0;0
15/06/2026 23:57;0;0
15/06/2026 23:58;0;0
15/06/2026 23:59;0;0
16/06/2026 0:00;0;0
16/06/2026 0:01;0;0
16/06/2026 0:02;0;0
16/06/2026 0:03;0;0
16/06/2026 0:04;0;0
16/06/2026 0:05;0;0
16/06/2026 0:06;0;0
16/06/2026 0:07;0;0
16/06/2026 0:08;0;0
16/06/2026 0:09;0;0
16/06/2026 0:10;0;0
16/06/2026 0:11;0;0
16/06/2026 0:12;0;0
16/06/2026 0:13;0;0
16/06/2026 0:14;0;0
16/06/2026 0:15;0;0
16/06/2026 0:16;0;0
16/06/2026 0:17;0;0
16/06/2026 0:18;0;0
16/06/2026 0:19;0;0
16/06/2026 0:20;0;0
16/06/2026 0:21;0;0
16/06/2026 0:22;0;0
16/06/2026 0:23;0;0
16/06/2026 0:24;0;0
16/06/2026 0:25;0;0
16/06/2026 0:26;0;0
16/06/2026 0:27;0;0
16/06/2026 0:28;0;0
16/06/2026 0:29;0;0
16/06/2026 0:30;0;0
16/06/2026 0:31;0;0
16/06/2026 0:32;0;0
16/06/2026 0:33;0;0
16/06/2026 0:34;0;0
16/06/2026 0:35;0;0
16/06/2026 0:36;0;0
16/06/2026 0:37;0;0
16/06/2026 0:38;0;0
16/06/2026 0:39;0;0
16/06/2026 0:40;0;0
16/06/2026 0:41;0;0
16/06/2026 0:42;0;0
16/06/2026 0:43;0;0
16/06/2026 0:44;0;0
16/06/2026 0:45;0;0
16/06/2026 0:46;0;0
16/06/2026 0:47;0;0
16/06/2026 0:48;0;0
16/06/2026 0:49;0;0
16/06/2026 0:50;0;0
16/06/2026 0:51;0;0
16/06/2026 0:52;0;0
16/06/2026 0:53;0;0
16/06/2026 0:54;0;0
16/06/2026 0:55;0;0
16/06/2026 0:56;0;0
16/06/2026 0:57;0;0
16/06/2026 0:58;0;0
16/06/2026 0:59;0;0
16/06/2026 1:00;0;0
16/06/2026 1:01;0;0
16/06/2026 1:02;0;0
16/06/2026 1:03;0;0
16/06/2026 1:04;0;0
16/06/2026 1:05;0;0
16/06/2026 1:06;0;0
16/06/2026 1:07;0;0
16/06/2026 1:08;0;0
16/06/2026 1:09;0;0
16/06/2026 1:10;0;0
16/06/2026 1:11;0;0
16/06/2026 1:12;0;0
16/06/2026 1:13;0;0
16/06/2026 1:14;0;0
16/06/2026 1:15;0;0
16/06/2026 1:16;0;0
16/06/2026 1:17;0;0
16/06/2026 1:18;0;0
16/06/2026 1:19;0;0
16/06/2026 1:20;0;0
16/06/2026 1:21;0;0
16/06/2026 1:22;0;0
16/06/2026 1:23;0;0
16/06/2026 1:24;0;0
16/06/2026 1:25;0;0
16/06/2026 1:26;0;0
16/06/2026 1:27;0;0
16/06/2026 1:28;0;0
16/06/2026 1:29;0;0
16/06/2026 1:30;0;0
16/06/2026 1:31;0;0
16/06/2026 1:32;0;0
16/06/2026 1:33;0;0
16/06/2026 1:34;0;0
16/06/2026 1:35;0;0
16/06/2026 1:36;0;0
16/06/2026 1:37;0;0
16/06/2026 1:38;0;0
16/06/2026 1:39;0;0
16/06/2026 1:40;0;0
16/06/2026 1:41;0;0
16/06/2026 1:42;0;0
16/06/2026 1:43;0;0
16/06/2026 1:44;0;0
16/06/2026 1:45;0;0
16/06/2026 1:46;0;0
16/06/2026 1:47;0;0
16/06/2026 1:48;0;0
16/06/2026 1:49;0;0
16/06/2026 1:50;0;0
16/06/2026 1:51;0;0
16/06/2026 1:52;0;0
16/06/2026 1:53;0;0
16/06/2026 1:54;0;0
16/06/2026 1:55;0;0
16/06/2026 1:56;0;0
16/06/2026 1:57;0;0
16/06/2026 1:58;0;0
16/06/2026 1:59;0;0
16/06/2026 2:00;0;0
16/06/2026 2:01;0;0
16/06/2026 2:02;0;0
16/06/2026 2:03;0;0
16/06/2026 2:04;0;0
16/06/2026 2:05;0;0
16/06/2026 2:06;0;0
16/06/2026 2:07;0;0
16/06/2026 2:08;0;0
16/06/2026 2:09;0;0
16/06/2026 2:10;0;0
16/06/2026 2:11;0;0
16/06/2026 2:12;0;0
16/06/2026 2:13;0;0
16/06/2026 2:14;0;0
16/06/2026 2:15;0;0
16/06/2026 2:16;0;0
16/06/2026 2:17;0;0
16/06/2026 2:18;0;0
16/06/2026 2:19;0;0
16/06/2026 2:20;0;0
16/06/2026 2:21;0;0
16/06/2026 2:22;0;0
16/06/2026 2:23;0;0
16/06/2026 2:24;0;0
16/06/2026 2:25;0;0
16/06/2026 2:26;0;0
16/06/2026 2:27;0;0
16/06/2026 2:28;0;0
16/06/2026 2:29;0;0
16/06/2026 2:30;0;0
16/06/2026 2:31;0;0
16/06/2026 2:32;0;0
16/06/2026 2:33;0;0
16/06/2026 2:34;0;0
16/06/2026 2:35;0;0
16/06/2026 2:36;0;0
16/06/2026 2:37;0;0
16/06/2026 2:38;0;0
16/06/2026 2:39;0;0
16/06/2026 2:40;0;0
16/06/2026 2:41;0;0
16/06/2026 2:42;0;0
16/06/2026 2:43;0;0
16/06/2026 2:44;0;0
16/06/2026 2:45;0;0
16/06/2026 2:46;0;0
16/06/2026 2:47;0;0
16/06/2026 2:48;0;0
16/06/2026 2:49;0;0
16/06/2026 2:50;0;0
16/06/2026 2:51;0;0
16/06/2026 2:52;0;0
16/06/2026 2:53;0;0
16/06/2026 2:54;0;0
16/06/2026 2:55;0;0
16/06/2026 2:56;0;0
16/06/2026 2:57;0;0
16/06/2026 2:58;0;0
16/06/2026 2:59;0;0
16/06/2026 3:00;0;0
16/06/2026 3:01;0;0
16/06/2026 3:02;0;0
16/06/2026 3:03;0;0
16/06/2026 3:04;0;0
16/06/2026 3:05;0;0
16/06/2026 3:06;0;0
16/06/2026 3:07;0;0
16/06/2026 3:08;0;0
16/06/2026 3:09;0;0
16/06/2026 3:10;0;0
16/06/2026 3:11;0;0
16/06/2026 3:12;0;0
16/06/2026 3:13;0;0
16/06/2026 3:14;0;0
16/06/2026 3:15;0;0
16/06/2026 3:16;0;0
16/06/2026 3:17;0;0
16/06/2026 3:18;0;0
16/06/2026 3:19;0;0
16/06/2026 3:20;0;0
16/06/2026 3:21;0;0
16/06/2026 3:22;0;0
16/06/2026 3:23;0;0
16/06/2026 3:24;0;0
16/06/2026 3:25;0;0
16/06/2026 3:26;0;0
16/06/2026 3:27;0;0
16/06/2026 3:28;0;0
16/06/2026 3:29;0;0
16/06/2026 3:30;0;0
16/06/2026 3:31;0;0
16/06/2026 3:32;0;0
16/06/2026 3:33;0;0
16/06/2026 3:34;0;0
16/06/2026 3:35;0;0
16/06/2026 3:36;0;0
16/06/2026 3:37;0;0
16/06/2026 3:38;0;0
16/06/2026 3:39;0;0
16/06/2026 3:40;0;0
16/06/2026 3:41;0;0
16/06/2026 3:42;0;0
16/06/2026 3:43;0;0
16/06/2026 3:44;0;0
16/06/2026 3:45;0;0
16/06/2026 3:46;0;0
16/06/2026 3:47;0;0
16/06/2026 3:48;0;0
16/06/2026 3:49;0;0
16/06/2026 3:50;0;0
16/06/2026 3:51;0;0
16/06/2026 3:52;0;0
16/06/2026 3:53;0;0
16/06/2026 3:54;0;0
16/06/2026 3:55;0;0
16/06/2026 3:56;0;0
16/06/2026 3:57;0;0
16/06/2026 3:58;0;0
16/06/2026 3:59;0;0
16/06/2026 4:00;0;0
16/06/2026 4:01;0;0
16/06/2026 4:02;0;0
16/06/2026 4:03;0;0
16/06/2026 4:04;0;0
16/06/2026 4:05;0;0
16/06/2026 4:06;0;0
16/06/2026 4:07;0;0
16/06/2026 4:08;0;0
16/06/2026 4:09;0;0
16/06/2026 4:10;0;0
16/06/2026 4:11;0;0
16/06/2026 4:12;0;0
16/06/2026 4:13;0;0
16/06/2026 4:14;0;0
16/06/2026 4:15;0;0
16/06/2026 4:16;0;0
16/06/2026 4:17;0;0
16/06/2026 4:18;0;0
16/06/2026 4:19;0;0
16/06/2026 4:20;0;0
16/06/2026 4:21;0;0
16/06/2026 4:22;0;0
16/06/2026 4:23;0;0
16/06/2026 4:24;0;0
16/06/2026 4:25;0;0
16/06/2026 4:26;0;0
16/06/2026 4:27;0;0
16/06/2026 4:28;0;0
16/06/2026 4:29;0;0
16/06/2026 4:30;0;0
16/06/2026 4:31;0;0
16/06/2026 4:32;0;0
16/06/2026 4:33;0;0
16/06/2026 4:34;0;0
16/06/2026 4:35;0;0
16/06/2026 4:36;0;0
16/06/2026 4:37;0;0
16/06/2026 4:38;0;0
16/06/2026 4:39;0;0
16/06/2026 4:40;0;0
16/06/2026 4:41;0;0
16/06/2026 4:42;0;0
16/06/2026 4:43;0;0
16/06/2026 4:44;0;0
16/06/2026 4:45;0;0
16/06/2026 4:46;0;0
16/06/2026 4:47;0;0
16/06/2026 4:48;0;0
16/06/2026 4:49;0;0
16/06/2026 4:50;0;0
16/06/2026 4:51;0;0
16/06/2026 4:52;0;0
16/06/2026 4:53;0;0
16/06/2026 4:54;0;0
16/06/2026 4:55;0;0
16/06/2026 4:56;0;0
16/06/2026 4:57;0;0
16/06/2026 4:58;0;0
16/06/2026 4:59;0;0
16/06/2026 5:00;0;0
16/06/2026 5:01;0;0
16/06/2026 5:02;0;0
16/06/2026 5:03;0;0
16/06/2026 5:04;0;0
16/06/2026 5:05;0;0
16/06/2026 5:06;0;0
16/06/2026 5:07;0;0
16/06/2026 5:08;0;0
16/06/2026 5:09;0;0
16/06/2026 5:10;0;0
16/06/2026 5:11;0;0
16/06/2026 5:12;0;0
16/06/2026 5:13;0;0
16/06/2026 5:14;0;0
16/06/2026 5:15;0;0
16/06/2026 5:16;0;0
16/06/2026 5:17;0;0
16/06/2026 5:18;0;0
16/06/2026 5:19;0;0
16/06/2026 5:20;0;0
16/06/2026 5:21;0;0
16/06/2026 5:22;0;0
16/06/2026 5:23;0;0
16/06/2026 5:24;0;0
16/06/2026 5:25;0;0
16/06/2026 5:26;0;0
16/06/2026 5:27;0;0
16/06/2026 5:28;0;0
16/06/2026 5:29;0;0
16/06/2026 5:30;0;0
16/06/2026 5:31;0;0
16/06/2026 5:32;0;0
16/06/2026 5:33;0;0
16/06/2026 5:34;0;0
16/06/2026 5:35;0;0
16/06/2026 5:36;0;0
16/06/2026 5:37;0;0
16/06/2026 5:38;0;0
16/06/2026 5:39;0;0
16/06/2026 5:40;0;0
16/06/2026 5:41;0;0
16/06/2026 5:42;0;0
16/06/2026 5:43;0;0
16/06/2026 5:44;0;0
16/06/2026 5:45;0;0
16/06/2026 5:46;0;0
16/06/2026 5:47;0;0
16/06/2026 5:48;0;0
16/06/2026 5:49;0;0
16/06/2026 5:50;0;0
16/06/2026 5:51;0;0
16/06/2026 5:52;0;0
16/06/2026 5:53;0;0
16/06/2026 5:54;0;0
16/06/2026 5:55;0;0
16/06/2026 5:56;0;0
16/06/2026 5:57;0;0
16/06/2026 5:58;0;0
16/06/2026 5:59;0;0
16/06/2026 6:00;0;0
16/06/2026 6:01;0;0
16/06/2026 6:02;0;0
16/06/2026 6:03;0;0
16/06/2026 6:04;0;0
16/06/2026 6:05;0;0
16/06/2026 6:06;0;0
16/06/2026 6:07;0;0
16/06/2026 6:08;0;0
16/06/2026 6:09;0;0
16/06/2026 6:10;0;0
16/06/2026 6:11;0;0
16/06/2026 6:12;0;0
16/06/2026 6:13;0;0
16/06/2026 6:14;0;0
16/06/2026 6:15;0;0
16/06/2026 6:16;0;0
16/06/2026 6:17;0;0
16/06/2026 6:18;0;0
16/06/2026 6:19;0;0
16/06/2026 6:20;0;0
16/06/2026 6:21;0;0
16/06/2026 6:22;0;0
16/06/2026 6:23;0;0
16/06/2026 6:24;0;0
16/06/2026 6:25;0;0
16/06/2026 6:26;0;0
16/06/2026 6:27;0;0
16/06/2026 6:28;0;0
16/06/2026 6:29;0;0
16/06/2026 6:30;0;0
16/06/2026 6:31;0;0
16/06/2026 6:32;0;0
16/06/2026 6:33;0;0
16/06/2026 6:34;0;0
16/06/2026 6:35;0;0
16/06/2026 6:36;0;0
16/06/2026 6:37;0;0
16/06/2026 6:38;0;0
16/06/2026 6:39;0;0
16/06/2026 6:40;0;0
16/06/2026 6:41;0;0
16/06/2026 6:42;0;0
16/06/2026 6:43;0;0
16/06/2026 6:44;0;0
16/06/2026 6:45;0;0
16/06/2026 6:46;0;0
16/06/2026 6:47;0;0
16/06/2026 6:48;0;0
16/06/2026 6:49;0;0
16/06/2026 6:50;0;0
16/06/2026 6:51;0;0
16/06/2026 6:52;0;0
16/06/2026 6:53;0;0
16/06/2026 6:54;0;0
16/06/2026 6:55;0;0
16/06/2026 6:56;0;0
16/06/2026 6:57;0;0
16/06/2026 6:58;0;0
16/06/2026 6:59;0;0
16/06/2026 7:00;0;0
16/06/2026 7:01;0;0
16/06/2026 7:02;0;0
16/06/2026 7:03;0;0
16/06/2026 7:04;0;0
16/06/2026 7:05;0;0
16/06/2026 7:06;0;0
16/06/2026 7:07;0;0
16/06/2026 7:08;0;0
16/06/2026 7:09;0;0
16/06/2026 7:10;0;0
16/06/2026 7:11;0;0
16/06/2026 7:12;0;0
16/06/2026 7:13;0;0
16/06/2026 7:14;0;0
16/06/2026 7:15;0;0
16/06/2026 7:16;0;0
16/06/2026 7:17;0;0
16/06/2026 7:18;0;0
16/06/2026 7:19;0;0
16/06/2026 7:20;0;0
16/06/2026 7:21;0;0
16/06/2026 7:22;0;0
16/06/2026 7:23;0;0
16/06/2026 7:24;0;0
16/06/2026 7:25;0;0
16/06/2026 7:26;0;0
16/06/2026 7:27;0;0
16/06/2026 7:28;0;0
16/06/2026 7:29;0;0
16/06/2026 7:30;0;0
16/06/2026 7:31;0;0
16/06/2026 7:32;0;0
16/06/2026 7:33;0;0
16/06/2026 7:34;0;0
16/06/2026 7:35;0;0
16/06/2026 7:36;0;0
16/06/2026 7:37;0;0
16/06/2026 7:38;0;0
16/06/2026 7:39;0;0
16/06/2026 7:40;0;0
16/06/2026 7:41;0;0
16/06/2026 7:42;0;0
16/06/2026 7:43;0;0
16/06/2026 7:44;0;0
16/06/2026 7:45;0;0
16/06/2026 7:46;0;0
16/06/2026 7:47;0;0
16/06/2026 7:48;0;0
16/06/2026 7:49;0;0
16/06/2026 7:50;0;0
16/06/2026 7:51;0;0
16/06/2026 7:52;0;0
16/06/2026 7:53;0;0
16/06/2026 7:54;0;0
16/06/2026 7:55;0;0
16/06/2026 7:56;7;0
16/06/2026 7:57;4;0
16/06/2026 7:58;1;0
16/06/2026 7:59;2;0
16/06/2026 8:00;3;0
16/06/2026 8:01;3;98,7
16/06/2026 8:02;4;0
16/06/2026 8:03;3;0
16/06/2026 8:04;4;0
16/06/2026 8:05;4;0
16/06/2026 8:06;5;0
16/06/2026 8:07;5;0
16/06/2026 8:08;5;0
16/06/2026 8:09;6;0
16/06/2026 8:10;8;0
16/06/2026 8:11;9;90
16/06/2026 8:12;9;0
16/06/2026 8:13;9;0
16/06/2026 8:14;9;0
16/06/2026 8:15;9;0
16/06/2026 8:16;11;0
16/06/2026 8:17;30;0
16/06/2026 8:18;31;0
16/06/2026 8:19;40;0
16/06/2026 8:20;52;0
16/06/2026 8:21;66;90
16/06/2026 8:22;29;0
16/06/2026 8:23;36;0
16/06/2026 8:24;44;0
16/06/2026 8:25;63;0
16/06/2026 8:26;106;0
16/06/2026 8:27;106;0
16/06/2026 8:28;107;0
16/06/2026 8:29;109;0
16/06/2026 8:30;112;0
16/06/2026 8:31;116;148
16/06/2026 8:32;118;0
16/06/2026 8:33;123;0
16/06/2026 8:34;127;0
16/06/2026 8:35;129;0
16/06/2026 8:36;135;0
16/06/2026 8:37;138;0
16/06/2026 8:38;142;0
16/06/2026 8:39;147;0
16/06/2026 8:40;150;0
16/06/2026 8:41;154;232
16/06/2026 8:42;159;0
16/06/2026 8:43;161;0
16/06/2026 8:44;165;0
16/06/2026 8:45;165;0
16/06/2026 8:46;169;0
16/06/2026 8:47;169;0
16/06/2026 8:48;171;0
16/06/2026 8:49;170;0
16/06/2026 8:50;171;0
16/06/2026 8:51;172;270
16/06/2026 8:52;173;0
16/06/2026 8:53;175;0
16/06/2026 8:54;178;0
16/06/2026 8:55;182;0
16/06/2026 8:56;184;0
16/06/2026 8:57;186;0
16/06/2026 8:58;189;0
16/06/2026 8:59;190;0
16/06/2026 9:00;192;0
16/06/2026 9:01;193;279
16/06/2026 9:02;198;0
16/06/2026 9:03;200;0
16/06/2026 9:04;205;0
16/06/2026 9:05;207;0
16/06/2026 9:06;210;0
16/06/2026 9:07;214;0
16/06/2026 9:08;217;0
16/06/2026 9:09;221;0
16/06/2026 9:10;223;0
16/06/2026 9:11;226;226
16/06/2026 9:12;228;0
16/06/2026 9:13;232;0
16/06/2026 9:14;236;0
16/06/2026 9:15;240;0
16/06/2026 9:16;243;0
16/06/2026 9:17;245;0
16/06/2026 9:18;249;0
16/06/2026 9:19;252;0
16/06/2026 9:20;257;0
16/06/2026 9:21;259;311
16/06/2026 9:22;261;0
16/06/2026 9:23;264;0
16/06/2026 9:24;266;0
16/06/2026 9:25;272;0
16/06/2026 9:26;272;0
16/06/2026 9:27;276;0
16/06/2026 9:28;279;0
16/06/2026 9:29;284;0
16/06/2026 9:30;287;0
16/06/2026 9:31;290;311
16/06/2026 9:32;294;0
16/06/2026 9:33;296;0
16/06/2026 9:34;300;0
16/06/2026 9:35;302;0
16/06/2026 9:36;304;0
16/06/2026 9:37;307;0
16/06/2026 9:38;311;0
16/06/2026 9:39;313;0
16/06/2026 9:40;318;0
16/06/2026 9:41;319;296
16/06/2026 9:42;322;0
16/06/2026 9:43;322;0
16/06/2026 9:44;326;0
16/06/2026 9:45;328;0
16/06/2026 9:46;330;0
16/06/2026 9:47;333;0
16/06/2026 9:48;335;0
16/06/2026 9:49;335;0
16/06/2026 9:50;337;0
16/06/2026 9:51;337;342
16/06/2026 9:52;342;0
16/06/2026 9:53;344;0
16/06/2026 9:54;347;0
16/06/2026 9:55;350;0
16/06/2026 9:56;354;0
16/06/2026 9:57;356;0
16/06/2026 9:58;360;0
16/06/2026 9:59;361;0
16/06/2026 10:00;364;0
16/06/2026 10:01;367;453
16/06/2026 10:02;367;0
16/06/2026 10:03;369;0
16/06/2026 10:04;371;0
16/06/2026 10:05;374;0
16/06/2026 10:06;377;0
16/06/2026 10:07;382;0
16/06/2026 10:08;389;0
16/06/2026 10:09;394;0
16/06/2026 10:10;403;0
16/06/2026 10:11;415;412
16/06/2026 10:12;421;0
16/06/2026 10:13;429;0
16/06/2026 10:14;392;0
16/06/2026 10:15;425;0
16/06/2026 10:16;429;0
16/06/2026 10:17;429;0
16/06/2026 10:18;428;0
16/06/2026 10:19;426;0
16/06/2026 10:20;419;0
16/06/2026 10:21;421;470
16/06/2026 10:22;422;0
16/06/2026 10:23;424;0
16/06/2026 10:24;427;0
16/06/2026 10:25;428;0
16/06/2026 10:26;429;0
16/06/2026 10:27;430;0
16/06/2026 10:28;435;0
16/06/2026 10:29;438;0
16/06/2026 10:30;439;0
16/06/2026 10:31;440;511
16/06/2026 10:32;444;0
16/06/2026 10:33;447;0
16/06/2026 10:34;449;0
16/06/2026 10:35;452;0
16/06/2026 10:36;455;0
16/06/2026 10:37;233;0
16/06/2026 10:38;160;0
16/06/2026 10:39;323;0
16/06/2026 10:40;322;0
16/06/2026 10:41;461;557
16/06/2026 10:42;268;0
16/06/2026 10:43;471;0
16/06/2026 10:44;473;0
16/06/2026 10:45;476;0
16/06/2026 10:46;500;0
16/06/2026 10:47;483;0
16/06/2026 10:48;483;0
16/06/2026 10:49;485;0
16/06/2026 10:50;487;0
16/06/2026 10:51;487;528
16/06/2026 10:52;490;0
16/06/2026 10:53;493;0
16/06/2026 10:54;491;0
16/06/2026 10:55;494;0
16/06/2026 10:56;496;0
16/06/2026 10:57;497;0
16/06/2026 10:58;499;0
16/06/2026 10:59;500;0
16/06/2026 11:00;502;0
16/06/2026 11:01;506;525
16/06/2026 11:02;507;0
16/06/2026 11:03;509;0
16/06/2026 11:04;511;0
16/06/2026 11:05;513;0
16/06/2026 11:06;515;0
16/06/2026 11:07;518;0
16/06/2026 11:08;521;0
16/06/2026 11:09;522;0
16/06/2026 11:10;522;0
16/06/2026 11:11;523;519
16/06/2026 11:12;523;0
16/06/2026 11:13;525;0
16/06/2026 11:14;527;0
16/06/2026 11:15;526;0
16/06/2026 11:16;527;0
16/06/2026 11:17;529;0
16/06/2026 11:18;530;0
16/06/2026 11:19;532;0
16/06/2026 11:20;534;0
16/06/2026 11:21;534;563
16/06/2026 11:22;537;0
16/06/2026 11:23;539;0
16/06/2026 11:24;540;0
16/06/2026 11:25;544;0
16/06/2026 11:26;544;0
16/06/2026 11:27;544;0
16/06/2026 11:28;545;0
16/06/2026 11:29;547;0
16/06/2026 11:30;548;0
16/06/2026 11:31;551;609
16/06/2026 11:32;554;0
16/06/2026 11:33;555;0
16/06/2026 11:34;556;0
16/06/2026 11:35;556;0
16/06/2026 11:36;557;0
16/06/2026 11:37;558;0
16/06/2026 11:38;560;0
16/06/2026 11:39;562;0
16/06/2026 11:40;561;0
16/06/2026 11:41;563;583
16/06/2026 11:42;562;0
16/06/2026 11:43;563;0
16/06/2026 11:44;566;0
16/06/2026 11:45;568;0
16/06/2026 11:46;570;0
16/06/2026 11:47;570;0
16/06/2026 11:48;570;0
16/06/2026 11:49;567;0
16/06/2026 11:50;569;0
16/06/2026 11:51;571;592
16/06/2026 11:52;570;0
16/06/2026 11:53;574;0
16/06/2026 11:54;576;0
16/06/2026 11:55;577;0
16/06/2026 11:56;577;0
16/06/2026 11:57;578;0
16/06/2026 11:58;584;0
16/06/2026 11:59;585;0
16/06/2026 12:00;585;0
16/06/2026 12:01;587;607
16/06/2026 12:02;588;0
16/06/2026 12:03;588;0
16/06/2026 12:04;590;0
16/06/2026 12:05;592;0
16/06/2026 12:06;593;0
16/06/2026 12:07;596;0
16/06/2026 12:08;596;0
16/06/2026 12:09;594;0
16/06/2026 12:10;596;0
16/06/2026 12:11;599;624
16/06/2026 12:12;600;0
16/06/2026 12:13;602;0
16/06/2026 12:14;603;0
16/06/2026 12:15;603;0
16/06/2026 12:16;604;0
16/06/2026 12:17;601;0
16/06/2026 12:18;601;0
16/06/2026 12:19;603;0
16/06/2026 12:20;604;0
16/06/2026 12:21;606;592
16/06/2026 12:22;609;0
16/06/2026 12:23;611;0
16/06/2026 12:24;612;0
16/06/2026 12:25;612;0
16/06/2026 12:26;611;0
16/06/2026 12:27;613;0
16/06/2026 12:28;613;0
16/06/2026 12:29;614;0
16/06/2026 12:30;616;0
16/06/2026 12:31;617;598
16/06/2026 12:32;618;0
16/06/2026 12:33;618;0
16/06/2026 12:34;617;0
16/06/2026 12:35;619;0
16/06/2026 12:36;621;0
16/06/2026 12:37;617;0
16/06/2026 12:38;620;0
16/06/2026 12:39;620;0
16/06/2026 12:40;622;0
16/06/2026 12:41;625;624
16/06/2026 12:42;627;0
16/06/2026 12:43;627;0
16/06/2026 12:44;627;0
16/06/2026 12:45;631;0
16/06/2026 12:46;632;0
16/06/2026 12:47;632;0
16/06/2026 12:48;631;0
16/06/2026 12:49;631;0
16/06/2026 12:50;635;0
16/06/2026 12:51;633;656
16/06/2026 12:52;634;0
16/06/2026 12:53;634;0
16/06/2026 12:54;634;0
16/06/2026 12:55;635;0
16/06/2026 12:56;635;0
16/06/2026 12:57;635;0
16/06/2026 12:58;638;0
16/06/2026 12:59;636;0
16/06/2026 13:00;637;0
16/06/2026 13:01;638;679
16/06/2026 13:02;639;0
16/06/2026 13:03;637;0
16/06/2026 13:04;638;0
16/06/2026 13:05;639;0
16/06/2026 13:06;641;0
16/06/2026 13:07;644;0
16/06/2026 13:08;645;0
16/06/2026 13:09;644;0
16/06/2026 13:10;645;0
16/06/2026 13:11;646;647
16/06/2026 13:12;645;0
16/06/2026 13:13;645;0
16/06/2026 13:14;644;0
16/06/2026 13:15;645;0
16/06/2026 13:16;642;0
16/06/2026 13:17;640;0
16/06/2026 13:18;653;0
16/06/2026 13:19;645;0
16/06/2026 13:20;649;0
16/06/2026 13:21;650;609
16/06/2026 13:22;650;0
16/06/2026 13:23;650;0
16/06/2026 13:24;648;0
16/06/2026 13:25;647;0
16/06/2026 13:26;649;0
16/06/2026 13:27;647;0
16/06/2026 13:28;589;0
16/06/2026 13:29;644;0
16/06/2026 13:30;647;0
16/06/2026 13:31;652;569
16/06/2026 13:32;656;0
16/06/2026 13:33;654;0
16/06/2026 13:34;658;0
16/06/2026 13:35;658;0
16/06/2026 13:36;658;0
16/06/2026 13:37;659;0
16/06/2026 13:38;658;0
16/06/2026 13:39;659;0
16/06/2026 13:40;661;0
16/06/2026 13:41;657;638
16/06/2026 13:42;661;0
16/06/2026 13:43;660;0
16/06/2026 13:44;660;0
16/06/2026 13:45;657;0
16/06/2026 13:46;656;0
16/06/2026 13:47;659;0
16/06/2026 13:48;656;0
16/06/2026 13:49;654;0
16/06/2026 13:50;660;0
16/06/2026 13:51;664;668
16/06/2026 13:52;660;0
16/06/2026 13:53;679;0
16/06/2026 13:54;252;0
16/06/2026 13:55;108;0
16/06/2026 13:56;591;0
16/06/2026 13:57;110;0
16/06/2026 13:58;717;0
16/06/2026 13:59;702;0
16/06/2026 14:00;696;0
16/06/2026 14:01;692;662
16/06/2026 14:02;692;0
16/06/2026 14:03;690;0
16/06/2026 14:04;681;0
16/06/2026 14:04;679;0
16/06/2026 14:06;683;0
16/06/2026 14:07;695;0
16/06/2026 14:08;570;0
16/06/2026 14:09;0;0
16/06/2026 14:10;673;0
16/06/2026 14:11;163;238
16/06/2026 14:12;206;0
16/06/2026 14:13;742;0
16/06/2026 14:13;730;0
16/06/2026 14:15;696;0
16/06/2026 14:16;542;0
16/06/2026 14:17;130;0
16/06/2026 14:18;130;0
16/06/2026 14:19;741;0
16/06/2026 14:20;149;0
16/06/2026 14:21;732;345
16/06/2026 14:22;711;0
16/06/2026 14:23;698;0
16/06/2026 14:24;687;0
16/06/2026 14:25;682;0
16/06/2026 14:25;680;0
16/06/2026 14:26;671;0
16/06/2026 14:27;673;0
16/06/2026 14:29;678;0
16/06/2026 14:30;685;0
16/06/2026 14:31;684;586
16/06/2026 14:32;371;0
16/06/2026 14:32;83;0
16/06/2026 14:34;90;0
16/06/2026 14:34;98;0
16/06/2026 14:35;111;0
16/06/2026 14:36;121;0
16/06/2026 14:38;132;0
16/06/2026 14:39;667;0
16/06/2026 14:40;745;0
16/06/2026 14:41;707;679
16/06/2026 14:42;677;0
16/06/2026 14:43;732;0
16/06/2026 14:44;709;0
16/06/2026 14:45;93;0
16/06/2026 14:45;90;0
16/06/2026 14:47;102;0
16/06/2026 14:48;103;0
16/06/2026 14:49;114;0
16/06/2026 14:49;742;0
16/06/2026 14:51;722;702
16/06/2026 14:52;714;0
16/06/2026 14:53;711;0
16/06/2026 14:53;150;0
16/06/2026 14:55;736;0
16/06/2026 14:56;623;0
16/06/2026 14:57;698;0
16/06/2026 14:58;691;0
16/06/2026 14:58;685;0
16/06/2026 15:00;684;0
16/06/2026 15:01;680;583
16/06/2026 15:02;674;0
16/06/2026 15:03;677;0
16/06/2026 15:04;675;0
16/06/2026 15:04;678;0
16/06/2026 15:06;676;0
16/06/2026 15:07;675;0
16/06/2026 15:08;670;0
16/06/2026 15:09;671;0
16/06/2026 15:09;673;0
16/06/2026 15:11;679;586
16/06/2026 15:12;663;0
16/06/2026 15:13;673;0
16/06/2026 15:13;672;0
16/06/2026 15:14;666;0
16/06/2026 15:16;666;0
16/06/2026 15:17;665;0
16/06/2026 15:18;673;0
16/06/2026 15:19;676;0
16/06/2026 15:19;669;0
16/06/2026 15:21;652;473
16/06/2026 15:22;645;0
16/06/2026 15:22;644;0
16/06/2026 15:23;641;0
16/06/2026 15:25;630;0
16/06/2026 15:26;625;0
16/06/2026 15:27;620;0
16/06/2026 15:28;624;0
16/06/2026 15:29;625;0
16/06/2026 15:30;626;0
16/06/2026 15:31;621;470
16/06/2026 15:32;612;0
16/06/2026 15:32;615;0
16/06/2026 15:34;620;0
16/06/2026 15:35;153;0
16/06/2026 15:36;143;0
16/06/2026 15:36;207;0
16/06/2026 15:38;115;0
16/06/2026 15:39;216;0
16/06/2026 15:40;654;0
16/06/2026 15:41;645;467
16/06/2026 15:42;640;0
16/06/2026 15:42;636;0
16/06/2026 15:43;630;0
16/06/2026 15:44;625;0
16/06/2026 15:46;619;0
16/06/2026 15:46;616;0
16/06/2026 15:48;616;0
16/06/2026 15:49;612;0
16/06/2026 15:50;611;0
16/06/2026 15:51;610;485
16/06/2026 15:51;610;0
16/06/2026 15:52;203;0
16/06/2026 15:54;95;0
16/06/2026 15:55;95;0
16/06/2026 15:55;94;0
16/06/2026 15:56;93;0
16/06/2026 15:58;93;0
16/06/2026 15:59;98;0
16/06/2026 16:00;100;0
16/06/2026 16:01;103;113
16/06/2026 16:01;101;0
16/06/2026 16:02;101;0
16/06/2026 16:04;107;0
16/06/2026 16:04;115;0
16/06/2026 16:06;243;0
16/06/2026 16:06;357;0
16/06/2026 16:08;158;0
16/06/2026 16:08;182;0
16/06/2026 16:10;235;0
16/06/2026 16:11;260;58
16/06/2026 16:12;676;0
16/06/2026 16:13;658;0
16/06/2026 16:13;646;0
16/06/2026 16:14;135;0
16/06/2026 16:15;132;0
16/06/2026 16:17;163;0
16/06/2026 16:17;135;0
16/06/2026 16:19;123;0
16/06/2026 16:20;127;0
16/06/2026 16:21;175;34,8
16/06/2026 16:21;214;0
16/06/2026 16:23;611;0
16/06/2026 16:23;627;0
16/06/2026 16:24;623;0
16/06/2026 16:25;621;0
16/06/2026 16:26;619;0
16/06/2026 16:28;612;0
16/06/2026 16:28;604;0
16/06/2026 16:30;598;0
16/06/2026 16:31;596;276
16/06/2026 16:31;591;0
16/06/2026 16:33;592;0
16/06/2026 16:34;372;0
16/06/2026 16:34;123;0
16/06/2026 16:35;123;0
16/06/2026 16:37;123;0
16/06/2026 16:38;116;0
16/06/2026 16:38;116;0
16/06/2026 16:39;115;0
16/06/2026 16:41;115;186
16/06/2026 16:42;119;0
16/06/2026 16:42;127;0
16/06/2026 16:43;132;0
16/06/2026 16:45;137;0
16/06/2026 16:46;142;0
16/06/2026 16:47;152;0
16/06/2026 16:47;163;0
16/06/2026 16:48;171;0
16/06/2026 16:49;174;0
16/06/2026 16:51;179;104
16/06/2026 16:51;180;0
16/06/2026 16:52;183;0
16/06/2026 16:53;192;0
16/06/2026 16:54;208;0
16/06/2026 16:56;198;0
16/06/2026 16:57;192;0
16/06/2026 16:58;190;0
16/06/2026 16:58;187;0
16/06/2026 17:00;184;0
16/06/2026 17:01;177;78,4
16/06/2026 17:02;171;0
16/06/2026 17:03;168;0
16/06/2026 17:03;173;0
16/06/2026 17:04;432;0
16/06/2026 17:05;271;0
16/06/2026 17:07;313;0
16/06/2026 17:08;540;0
16/06/2026 17:08;434;0
16/06/2026 17:09;189;0
16/06/2026 17:11;169;90
16/06/2026 17:12;155;0
16/06/2026 17:13;149;0
16/06/2026 17:13;143;0
16/06/2026 17:14;146;0
16/06/2026 17:15;148;0
16/06/2026 17:16;148;0
16/06/2026 17:17;150;0
16/06/2026 17:18;154;0
16/06/2026 17:19;159;0
16/06/2026 17:21;163;95,8
16/06/2026 17:22;164;0
16/06/2026 17:22;163;0
16/06/2026 17:23;161;0
16/06/2026 17:24;157;0
16/06/2026 17:26;152;0
16/06/2026 17:26;144;0
16/06/2026 17:27;139;0
16/06/2026 17:29;136;0
16/06/2026 17:29;135;0
16/06/2026 17:31;138;95,8
16/06/2026 17:31;144;0
16/06/2026 17:33;163;0
16/06/2026 17:34;396;0
16/06/2026 17:34;452;0
16/06/2026 17:35;177;0
16/06/2026 17:37;181;0
16/06/2026 17:37;236;0
16/06/2026 17:38;482;0
16/06/2026 17:39;503;0
16/06/2026 17:41;494;223
16/06/2026 17:42;488;0
16/06/2026 17:43;475;0
16/06/2026 17:44;467;0
16/06/2026 17:44;459;0
16/06/2026 17:45;426;0
16/06/2026 17:46;458;0
16/06/2026 17:48;452;0
16/06/2026 17:48;447;0
16/06/2026 17:49;432;0
16/06/2026 17:51;429;340
16/06/2026 17:51;409;0
16/06/2026 17:53;414;0
16/06/2026 17:53;409;0
16/06/2026 17:54;406;0
16/06/2026 17:55;403;0
16/06/2026 17:56;384;0
16/06/2026 17:58;269;0
16/06/2026 17:58;247;0
16/06/2026 17:59;237;0
16/06/2026 18:01;150;174
16/06/2026 18:01;135;0
16/06/2026 18:03;145;0
16/06/2026 18:04;200;0
16/06/2026 18:04;316;0
16/06/2026 18:05;342;0
16/06/2026 18:06;337;0
16/06/2026 18:07;329;0
16/06/2026 18:09;322;0
16/06/2026 18:09;313;0
16/06/2026 18:11;301;131
16/06/2026 18:12;284;0
16/06/2026 18:13;158;0
16/06/2026 18:13;154;0
16/06/2026 18:14;183;0
16/06/2026 18:15;135;0
16/06/2026 18:16;95;0
16/06/2026 18:17;68;0
16/06/2026 18:19;63;0
16/06/2026 18:19;65;0
16/06/2026 18:21;80;98,7
16/06/2026 18:21;68;0
16/06/2026 18:22;128;0
16/06/2026 18:23;150;0
16/06/2026 18:24;190;0
16/06/2026 18:26;223;0
16/06/2026 18:27;162;0
16/06/2026 18:27;74;0
16/06/2026 18:28;71;0
16/06/2026 18:29;69;0
16/06/2026 18:31;67;90
16/06/2026 18:32;68;0
16/06/2026 18:32;72;0
16/06/2026 18:33;66;0
16/06/2026 18:34;68;0
16/06/2026 18:35;65;0
16/06/2026 18:36;64;0
16/06/2026 18:37;60;0
16/06/2026 18:39;60;0
16/06/2026 18:40;60;0
16/06/2026 18:41;74;90
16/06/2026 18:41;147;0
16/06/2026 18:42;169;0
16/06/2026 18:44;169;0
16/06/2026 18:45;165;0
16/06/2026 18:45;161;0
16/06/2026 18:46;150;0
16/06/2026 18:47;94;0
16/06/2026 18:49;109;0
16/06/2026 18:49;127;0
16/06/2026 18:51;142;81,3
16/06/2026 18:51;139;0
16/06/2026 18:52;142;0
16/06/2026 18:53;136;0
16/06/2026 18:55;106;0
16/06/2026 18:55;71;0
16/06/2026 18:56;62;0
16/06/2026 18:57;69;0
16/06/2026 18:58;72;0
16/06/2026 18:59;81;0
16/06/2026 19:01;75;81,3
16/06/2026 19:02;72;0
16/06/2026 19:02;75;0
16/06/2026 19:03;86;0
16/06/2026 19:04;77;0
16/06/2026 19:06;77;0
16/06/2026 19:07;76;0
16/06/2026 19:07;72;0
16/06/2026 19:08;73;0
16/06/2026 19:09;70;0
16/06/2026 19:11;74;78,4
16/06/2026 19:12;75;0
16/06/2026 19:12;73;0
16/06/2026 19:13;70;0
16/06/2026 19:14;63;0
16/06/2026 19:15;48;0
16/06/2026 19:16;47;0
16/06/2026 19:18;46;0
16/06/2026 19:18;46;0
16/06/2026 19:19;45;0
16/06/2026 19:21;44;81,3
16/06/2026 19:22;44;0
16/06/2026 19:22;43;0
16/06/2026 19:23;44;0
16/06/2026 19:24;51;0
16/06/2026 19:25;53;0
16/06/2026 19:26;51;0
16/06/2026 19:28;47;0
16/06/2026 19:29;44;0
16/06/2026 19:29;42;0
16/06/2026 19:31;39;84,2
16/06/2026 19:32;37;0
16/06/2026 19:33;37;0
16/06/2026 19:34;36;0
16/06/2026 19:34;36;0
16/06/2026 19:35;36;0
16/06/2026 19:36;35;0
16/06/2026 19:37;35;0
16/06/2026 19:39;35;0
16/06/2026 19:39;34;0
16/06/2026 19:41;33;84,2
16/06/2026 19:42;28;0
16/06/2026 19:43;27;0
16/06/2026 19:43;28;0
16/06/2026 19:44;28;0
16/06/2026 19:45;29;0
16/06/2026 19:47;30;0
16/06/2026 19:47;30;0
16/06/2026 19:48;32;0
16/06/2026 19:49;33;0
16/06/2026 19:51;33;84,2
16/06/2026 19:51;30;0
16/06/2026 19:52;29;0
16/06/2026 19:53;25;0
16/06/2026 19:54;24;0
16/06/2026 19:56;22;0
16/06/2026 19:56;22;0
16/06/2026 19:57;22;0
16/06/2026 19:58;22;0
16/06/2026 20:00;21;0
16/06/2026 20:01;23;72,6
16/06/2026 20:02;26;0
16/06/2026 20:02;29;0
16/06/2026 20:03;31;0
16/06/2026 20:04;34;0
16/06/2026 20:05;37;0
16/06/2026 20:07;38;0
16/06/2026 20:07;40;0
16/06/2026 20:08;40;0
16/06/2026 20:09;40;0
16/06/2026 20:11;40;60,9
16/06/2026 20:11;41;0
16/06/2026 20:13;41;0
16/06/2026 20:14;39;0
16/06/2026 20:14;36;0
16/06/2026 20:16;35;0
16/06/2026 20:16;34;0
16/06/2026 20:18;33;0
16/06/2026 20:19;33;0
16/06/2026 20:19;32;0
16/06/2026 20:21;30;49,3
16/06/2026 20:21;29;0
16/06/2026 20:22;26;0
16/06/2026 20:24;25;0
16/06/2026 20:24;24;0
16/06/2026 20:25;22;0
16/06/2026 20:26;21;0
16/06/2026 20:27;19;0
16/06/2026 20:28;20;0
16/06/2026 20:29;20;0
16/06/2026 20:31;19;55,1
16/06/2026 20:31;19;0
16/06/2026 20:32;17;0
16/06/2026 20:33;18;0
16/06/2026 20:34;14;0
16/06/2026 20:35;13;0
16/06/2026 20:36;12;0
16/06/2026 20:37;12;0
16/06/2026 20:39;10;0
16/06/2026 20:39;10;0
16/06/2026 20:41;9;52,2
16/06/2026 20:41;7;0
16/06/2026 20:42;7;0
16/06/2026 20:43;7;0
16/06/2026 20:44;9;0
16/06/2026 20:45;9;0
16/06/2026 20:46;11;0
16/06/2026 20:47;12;0
16/06/2026 20:49;13;0
16/06/2026 20:49;13;0
16/06/2026 20:51;11;55,1
16/06/2026 20:51;9;0
16/06/2026 20:52;7;0
16/06/2026 20:53;5;0
16/06/2026 20:54;2;0
16/06/2026 20:56;0;0
16/06/2026 20:56;0;0
16/06/2026 20:57;1;0
16/06/2026 20:58;0;0
16/06/2026 20:59;0;0
16/06/2026 21:01;0;0
16/06/2026 21:01;0;0
16/06/2026 21:02;0;0
16/06/2026 21:03;0;0
16/06/2026 21:04;0;0
16/06/2026 21:05;0;0
16/06/2026 21:06;0;0
16/06/2026 21:08;0;0
16/06/2026 21:08;0;0
16/06/2026 21:09;0;0
16/06/2026 21:11;0;0
16/06/2026 21:11;0;0
16/06/2026 21:12;0;0
16/06/2026 21:13;0;0
16/06/2026 21:15;0;0
16/06/2026 21:15;0;0
16/06/2026 21:16;0;0
16/06/2026 21:17;0;0
16/06/2026 21:19;0;0
16/06/2026 21:19;0;0
16/06/2026 21:21;0;0
16/06/2026 21:21;0;0
16/06/2026 21:22;0;0
16/06/2026 21:24;0;0
16/06/2026 21:24;0;0
16/06/2026 21:25;0;0
16/06/2026 21:26;0;0
16/06/2026 21:27;0;0
16/06/2026 21:28;0;0
16/06/2026 21:29;0;0
16/06/2026 21:31;0;0
16/06/2026 21:31;0;0
16/06/2026 21:32;0;0
16/06/2026 21:33;0;0
16/06/2026 21:34;0;0
16/06/2026 21:35;0;0
16/06/2026 21:36;0;0
16/06/2026 21:37;0;0
16/06/2026 21:39;0;0
16/06/2026 21:39;0;0
16/06/2026 21:41;0;0
16/06/2026 21:41;0;0
16/06/2026 21:43;0;0
16/06/2026 21:43;0;0
16/06/2026 21:44;0;0
16/06/2026 21:45;0;0
16/06/2026 21:46;0;0
16/06/2026 21:47;0;0
16/06/2026 21:48;0;0
16/06/2026 21:49;0;0
16/06/2026 21:51;0;0
16/06/2026 21:51;0;0
16/06/2026 21:52;0;0
16/06/2026 21:53;0;0
16/06/2026 21:54;0;0
16/06/2026 21:55;0;0
16/06/2026 21:56;0;0
16/06/2026 21:57;0;0
16/06/2026 21:58;0;0
16/06/2026 21:59;0;0
16/06/2026 22:01;0;0
16/06/2026 22:01;0;0
16/06/2026 22:02;0;0
16/06/2026 22:03;0;0
16/06/2026 22:04;0;0
16/06/2026 22:05;0;0
16/06/2026 22:06;0;0
16/06/2026 22:07;0;0
16/06/2026 22:08;0;0
16/06/2026 22:09;0;0
16/06/2026 22:11;0;0
16/06/2026 22:11;0;0
16/06/2026 22:12;0;0
16/06/2026 22:13;0;0
16/06/2026 22:14;0;0
16/06/2026 22:15;0;0
16/06/2026 22:16;0;0
16/06/2026 22:17;0;0
16/06/2026 22:18;0;0
16/06/2026 22:19;0;0
16/06/2026 22:21;0;0
16/06/2026 22:21;0;0
16/06/2026 22:22;0;0
16/06/2026 22:23;0;0
16/06/2026 22:24;0;0
16/06/2026 22:25;0;0
16/06/2026 22:26;0;0
16/06/2026 22:27;0;0
16/06/2026 22:28;0;0
16/06/2026 22:29;0;0
16/06/2026 22:31;0;0
16/06/2026 22:31;0;0
16/06/2026 22:32;0;0
16/06/2026 22:33;0;0
16/06/2026 22:34;0;0
16/06/2026 22:35;0;0
16/06/2026 22:36;0;0
16/06/2026 22:37;0;0
16/06/2026 22:38;0;0
16/06/2026 22:39;0;0
16/06/2026 22:41;0;0
16/06/2026 22:41;0;0
16/06/2026 22:42;0;0
16/06/2026 22:43;0;0
16/06/2026 22:44;0;0
16/06/2026 22:45;0;0
16/06/2026 22:46;0;0
16/06/2026 22:47;0;0
16/06/2026 22:48;0;0
16/06/2026 22:49;0;0
16/06/2026 22:51;0;0
16/06/2026 22:51;0;0
16/06/2026 22:52;0;0
16/06/2026 22:53;0;0
16/06/2026 22:54;0;0
16/06/2026 22:55;0;0
16/06/2026 22:56;0;0
16/06/2026 22:57;0;0
16/06/2026 22:58;0;0
16/06/2026 22:59;0;0
16/06/2026 23:01;0;0
16/06/2026 23:01;0;0
16/06/2026 23:02;0;0
16/06/2026 23:03;0;0
16/06/2026 23:04;0;0
16/06/2026 23:05;0;0
16/06/2026 23:06;0;0
16/06/2026 23:07;0;0
16/06/2026 23:08;0;0
16/06/2026 23:09;0;0
16/06/2026 23:11;0;0
16/06/2026 23:11;0;0
16/06/2026 23:12;0;0
16/06/2026 23:13;0;0
16/06/2026 23:14;0;0
16/06/2026 23:15;0;0
16/06/2026 23:16;0;0
16/06/2026 23:17;0;0
16/06/2026 23:18;0;0
16/06/2026 23:19;0;0
16/06/2026 23:21;0;0
16/06/2026 23:21;0;0
16/06/2026 23:22;0;0
16/06/2026 23:23;0;0
16/06/2026 23:24;0;0
16/06/2026 23:25;0;0
16/06/2026 23:26;0;0
16/06/2026 23:27;0;0
16/06/2026 23:28;0;0
16/06/2026 23:29;0;0
16/06/2026 23:30;0;0
16/06/2026 23:31;0;0
16/06/2026 23:32;0;0
16/06/2026 23:33;0;0
16/06/2026 23:34;0;0
16/06/2026 23:35;0;0
16/06/2026 23:36;0;0
16/06/2026 23:37;0;0
16/06/2026 23:38;0;0
16/06/2026 23:39;0;0
16/06/2026 23:40;0;0
16/06/2026 23:41;0;0
16/06/2026 23:42;0;0
16/06/2026 23:43;0;0
16/06/2026 23:44;0;0
16/06/2026 23:45;0;0
16/06/2026 23:46;0;0
16/06/2026 23:47;0;0
16/06/2026 23:48;0;0
16/06/2026 23:49;0;0
16/06/2026 23:50;0;0
16/06/2026 23:51;0;0
16/06/2026 23:52;0;0
16/06/2026 23:53;0;0
16/06/2026 23:54;0;0
16/06/2026 23:55;0;0
16/06/2026 23:56;0;0
16/06/2026 23:57;0;0
16/06/2026 23:58;0;0
16/06/2026 23:59;0;0
17/06/2026 0:00;0;0
17/06/2026 0:01;0;0
17/06/2026 0:02;0;0
17/06/2026 0:03;0;0
17/06/2026 0:04;0;0
17/06/2026 0:05;0;0
17/06/2026 0:06;0;0
17/06/2026 0:07;0;0
17/06/2026 0:08;0;0
17/06/2026 0:09;0;0
17/06/2026 0:10;0;0
17/06/2026 0:11;0;0
17/06/2026 0:12;0;0
17/06/2026 0:13;0;0
17/06/2026 0:14;0;0
17/06/2026 0:15;0;0
17/06/2026 0:16;0;0
17/06/2026 0:17;0;0
17/06/2026 0:18;0;0
17/06/2026 0:19;0;0
17/06/2026 0:20;0;0
17/06/2026 0:21;0;0
17/06/2026 0:22;0;0
17/06/2026 0:23;0;0
17/06/2026 0:24;0;0
17/06/2026 0:25;0;0
17/06/2026 0:26;0;0
17/06/2026 0:27;0;0
17/06/2026 0:28;0;0
17/06/2026 0:29;0;0
17/06/2026 0:30;0;0
17/06/2026 0:31;0;0
17/06/2026 0:32;0;0
17/06/2026 0:33;0;0
17/06/2026 0:34;0;0
17/06/2026 0:35;0;0
17/06/2026 0:36;0;0
17/06/2026 0:37;0;0
17/06/2026 0:38;0;0
17/06/2026 0:39;0;0
17/06/2026 0:40;0;0
17/06/2026 0:41;0;0
17/06/2026 0:42;0;0
17/06/2026 0:43;0;0
17/06/2026 0:44;0;0
17/06/2026 0:45;0;0
17/06/2026 0:46;0;0
17/06/2026 0:47;0;0
17/06/2026 0:48;0;0
17/06/2026 0:49;0;0
17/06/2026 0:50;0;0
17/06/2026 0:51;0;0
17/06/2026 0:52;0;0
17/06/2026 0:53;0;0
17/06/2026 0:54;0;0
17/06/2026 0:55;0;0
17/06/2026 0:56;0;0
17/06/2026 0:57;0;0
17/06/2026 0:58;0;0
17/06/2026 0:59;0;0
17/06/2026 1:00;0;0
17/06/2026 1:01;0;0
17/06/2026 1:02;0;0
17/06/2026 1:03;0;0
17/06/2026 1:04;0;0
17/06/2026 1:05;0;0
17/06/2026 1:06;0;0
17/06/2026 1:07;0;0
17/06/2026 1:08;0;0
17/06/2026 1:09;0;0
17/06/2026 1:10;0;0
17/06/2026 1:11;0;0
17/06/2026 1:12;0;0
17/06/2026 1:13;0;0
17/06/2026 1:14;0;0
17/06/2026 1:15;0;0
17/06/2026 1:16;0;0
17/06/2026 1:17;0;0
17/06/2026 1:18;0;0
17/06/2026 1:19;0;0
17/06/2026 1:20;0;0
17/06/2026 1:21;0;0
17/06/2026 1:22;0;0
17/06/2026 1:23;0;0
17/06/2026 1:24;0;0
17/06/2026 1:25;0;0
17/06/2026 1:26;0;0
17/06/2026 1:27;0;0
17/06/2026 1:28;0;0
17/06/2026 1:29;0;0
17/06/2026 1:30;0;0
17/06/2026 1:31;0;0
17/06/2026 1:32;0;0
17/06/2026 1:33;0;0
17/06/2026 1:34;0;0
17/06/2026 1:35;0;0
17/06/2026 1:36;0;0
17/06/2026 1:37;0;0
17/06/2026 1:38;0;0
17/06/2026 1:39;0;0
17/06/2026 1:40;0;0
17/06/2026 1:41;0;0
17/06/2026 1:42;0;0
17/06/2026 1:43;0;0
17/06/2026 1:44;0;0
17/06/2026 1:45;0;0
17/06/2026 1:46;0;0
17/06/2026 1:47;0;0
17/06/2026 1:48;0;0
17/06/2026 1:49;0;0
17/06/2026 1:50;0;0
17/06/2026 1:51;0;0
17/06/2026 1:52;0;0
17/06/2026 1:53;0;0
17/06/2026 1:54;0;0
17/06/2026 1:55;0;0
17/06/2026 1:56;0;0
17/06/2026 1:57;0;0
17/06/2026 1:58;0;0
17/06/2026 1:59;0;0
17/06/2026 2:00;0;0
17/06/2026 2:01;0;0
17/06/2026 2:02;0;0
17/06/2026 2:03;0;0
17/06/2026 2:04;0;0
17/06/2026 2:05;0;0
17/06/2026 2:06;0;0
17/06/2026 2:07;0;0
17/06/2026 2:08;0;0
17/06/2026 2:09;0;0
17/06/2026 2:10;0;0
17/06/2026 2:11;0;0
17/06/2026 2:12;0;0
17/06/2026 2:13;0;0
17/06/2026 2:14;0;0
17/06/2026 2:15;0;0
17/06/2026 2:16;0;0
17/06/2026 2:17;0;0
17/06/2026 2:18;0;0
17/06/2026 2:19;0;0
17/06/2026 2:20;0;0
17/06/2026 2:21;0;0
17/06/2026 2:22;0;0
17/06/2026 2:23;0;0
17/06/2026 2:24;0;0
17/06/2026 2:25;0;0
17/06/2026 2:26;0;0
17/06/2026 2:27;0;0
17/06/2026 2:28;0;0
17/06/2026 2:29;0;0
17/06/2026 2:30;0;0
17/06/2026 2:31;0;0
17/06/2026 2:32;0;0
17/06/2026 2:33;0;0
17/06/2026 2:34;0;0
17/06/2026 2:35;0;0
17/06/2026 2:36;0;0
17/06/2026 2:37;0;0
17/06/2026 2:38;0;0
17/06/2026 2:39;0;0
17/06/2026 2:40;0;0
17/06/2026 2:41;0;0
17/06/2026 2:42;0;0
17/06/2026 2:43;0;0
17/06/2026 2:44;0;0
17/06/2026 2:45;0;0
17/06/2026 2:46;0;0
17/06/2026 2:47;0;0
17/06/2026 2:48;0;0
17/06/2026 2:49;0;0
17/06/2026 2:50;0;0
17/06/2026 2:51;0;0
17/06/2026 2:52;0;0
17/06/2026 2:53;0;0
17/06/2026 2:54;0;0
17/06/2026 2:55;0;0
17/06/2026 2:56;0;0
17/06/2026 2:57;0;0
17/06/2026 2:58;0;0
17/06/2026 2:59;0;0
17/06/2026 3:00;0;0
17/06/2026 3:01;0;0
17/06/2026 3:02;0;0
17/06/2026 3:03;0;0
17/06/2026 3:04;0;0
17/06/2026 3:05;0;0
17/06/2026 3:06;0;0
17/06/2026 3:07;0;0
17/06/2026 3:08;0;0
17/06/2026 3:09;0;0
17/06/2026 3:10;0;0
17/06/2026 3:11;0;0
17/06/2026 3:12;0;0
17/06/2026 3:13;0;0
17/06/2026 3:14;0;0
17/06/2026 3:15;0;0
17/06/2026 3:16;0;0
17/06/2026 3:17;0;0
17/06/2026 3:18;0;0
17/06/2026 3:19;0;0
17/06/2026 3:20;0;0
17/06/2026 3:21;0;0
17/06/2026 3:22;0;0
17/06/2026 3:23;0;0
17/06/2026 3:24;0;0
17/06/2026 3:25;0;0
17/06/2026 3:26;0;0
17/06/2026 3:27;0;0
17/06/2026 3:28;0;0
17/06/2026 3:29;0;0
17/06/2026 3:30;0;0
17/06/2026 3:31;0;0
17/06/2026 3:32;0;0
17/06/2026 3:33;0;0
17/06/2026 3:34;0;0
17/06/2026 3:35;0;0
17/06/2026 3:36;0;0
17/06/2026 3:37;0;0
17/06/2026 3:38;0;0
17/06/2026 3:39;0;0
17/06/2026 3:40;0;0
17/06/2026 3:41;0;0
17/06/2026 3:42;0;0
17/06/2026 3:43;0;0
17/06/2026 3:44;0;0
17/06/2026 3:45;0;0
17/06/2026 3:46;0;0
17/06/2026 3:47;0;0
17/06/2026 3:48;0;0
17/06/2026 3:49;0;0
17/06/2026 3:50;0;0
17/06/2026 3:51;0;0
17/06/2026 3:52;0;0
17/06/2026 3:53;0;0
17/06/2026 3:54;0;0
17/06/2026 3:55;0;0
17/06/2026 3:56;0;0
17/06/2026 3:57;0;0
17/06/2026 3:58;0;0
17/06/2026 3:59;0;0
17/06/2026 4:00;0;0
17/06/2026 4:01;0;0
17/06/2026 4:02;0;0
17/06/2026 4:03;0;0
17/06/2026 4:04;0;0
17/06/2026 4:05;0;0
17/06/2026 4:06;0;0
17/06/2026 4:07;0;0
17/06/2026 4:08;0;0
17/06/2026 4:09;0;0
17/06/2026 4:10;0;0
17/06/2026 4:11;0;0
17/06/2026 4:12;0;0
17/06/2026 4:13;0;0
17/06/2026 4:14;0;0
17/06/2026 4:15;0;0
17/06/2026 4:16;0;0
17/06/2026 4:17;0;0
17/06/2026 4:18;0;0
17/06/2026 4:19;0;0
17/06/2026 4:20;0;0
17/06/2026 4:21;0;0
17/06/2026 4:22;0;0
17/06/2026 4:23;0;0
17/06/2026 4:24;0;0
17/06/2026 4:25;0;0
17/06/2026 4:26;0;0
17/06/2026 4:27;0;0
17/06/2026 4:28;0;0
17/06/2026 4:29;0;0
17/06/2026 4:30;0;0
17/06/2026 4:31;0;0
17/06/2026 4:32;0;0
17/06/2026 4:33;0;0
17/06/2026 4:34;0;0
17/06/2026 4:35;0;0
17/06/2026 4:36;0;0
17/06/2026 4:37;0;0
17/06/2026 4:38;0;0
17/06/2026 4:39;0;0
17/06/2026 4:40;0;0
17/06/2026 4:41;0;0
17/06/2026 4:42;0;0
17/06/2026 4:43;0;0
17/06/2026 4:44;0;0
17/06/2026 4:45;0;0
17/06/2026 4:46;0;0
17/06/2026 4:47;0;0
17/06/2026 4:48;0;0
17/06/2026 4:49;0;0
17/06/2026 4:50;0;0
17/06/2026 4:51;0;0
17/06/2026 4:52;0;0
17/06/2026 4:53;0;0
17/06/2026 4:54;0;0
17/06/2026 4:55;0;0
17/06/2026 4:56;0;0
17/06/2026 4:57;0;0
17/06/2026 4:58;0;0
17/06/2026 4:59;0;0
17/06/2026 5:00;0;0
17/06/2026 5:01;0;0
17/06/2026 5:02;0;0
17/06/2026 5:03;0;0
17/06/2026 5:04;0;0
17/06/2026 5:05;0;0
17/06/2026 5:06;0;0
17/06/2026 5:07;0;0
17/06/2026 5:08;0;0
17/06/2026 5:09;0;0
17/06/2026 5:10;0;0
17/06/2026 5:11;0;0
17/06/2026 5:12;0;0
17/06/2026 5:13;0;0
17/06/2026 5:14;0;0
17/06/2026 5:15;0;0
17/06/2026 5:16;0;0
17/06/2026 5:17;0;0
17/06/2026 5:18;0;0
17/06/2026 5:19;0;0
17/06/2026 5:20;0;0
17/06/2026 5:21;0;0
17/06/2026 5:22;0;0
17/06/2026 5:23;0;0
17/06/2026 5:24;0;0
17/06/2026 5:25;0;0
17/06/2026 5:26;0;0
17/06/2026 5:27;0;0
17/06/2026 5:28;0;0
17/06/2026 5:29;0;0
17/06/2026 5:30;0;0
17/06/2026 5:31;0;0
17/06/2026 5:32;0;0
17/06/2026 5:33;0;0
17/06/2026 5:34;0;0
17/06/2026 5:35;0;0
17/06/2026 5:36;0;0
17/06/2026 5:37;0;0
17/06/2026 5:38;0;0
17/06/2026 5:39;0;0
17/06/2026 5:40;0;0
17/06/2026 5:41;0;0
17/06/2026 5:42;0;0
17/06/2026 5:43;0;0
17/06/2026 5:44;0;0
17/06/2026 5:45;0;0
17/06/2026 5:46;0;0
17/06/2026 5:47;0;0
17/06/2026 5:48;0;0
17/06/2026 5:49;0;0
17/06/2026 5:50;0;0
17/06/2026 5:51;0;0
17/06/2026 5:52;0;0
17/06/2026 5:53;0;0
17/06/2026 5:54;0;0
17/06/2026 5:55;0;0
17/06/2026 5:56;0;0
17/06/2026 5:57;0;0
17/06/2026 5:58;0;0
17/06/2026 5:59;0;0
17/06/2026 6:00;0;0
17/06/2026 6:01;0;0
17/06/2026 6:02;0;0
17/06/2026 6:03;0;0
17/06/2026 6:04;0;0
17/06/2026 6:05;0;0
17/06/2026 6:06;0;0
17/06/2026 6:07;0;0
17/06/2026 6:08;0;0
17/06/2026 6:09;0;0
17/06/2026 6:10;0;0
17/06/2026 6:11;0;0
17/06/2026 6:12;0;0
17/06/2026 6:13;0;0
17/06/2026 6:14;0;0
17/06/2026 6:15;0;0
17/06/2026 6:16;0;0
17/06/2026 6:17;0;0
17/06/2026 6:18;0;0
17/06/2026 6:19;0;0
17/06/2026 6:20;0;0
17/06/2026 6:21;0;0
17/06/2026 6:22;0;0
17/06/2026 6:23;0;0
17/06/2026 6:24;0;0
17/06/2026 6:25;0;0
17/06/2026 6:26;0;0
17/06/2026 6:27;0;0
17/06/2026 6:28;0;0
17/06/2026 6:29;0;0
17/06/2026 6:30;0;0
17/06/2026 6:31;0;0
17/06/2026 6:32;0;0
17/06/2026 6:33;0;0
17/06/2026 6:34;0;0
17/06/2026 6:35;0;0
17/06/2026 6:36;0;0
17/06/2026 6:37;0;0
17/06/2026 6:38;0;0
17/06/2026 6:39;0;0
17/06/2026 6:40;0;0
17/06/2026 6:41;0;0
17/06/2026 6:42;0;0
17/06/2026 6:43;0;0
17/06/2026 6:44;0;0
17/06/2026 6:45;0;0
17/06/2026 6:46;0;0
17/06/2026 6:47;0;0
17/06/2026 6:48;0;0
17/06/2026 6:49;0;0
17/06/2026 6:50;0;0
17/06/2026 6:51;0;0
17/06/2026 6:52;0;0
17/06/2026 6:53;0;0
17/06/2026 6:54;0;0
17/06/2026 6:55;0;0
17/06/2026 6:56;0;0
17/06/2026 6:57;0;0
17/06/2026 6:58;0;0
17/06/2026 6:59;0;0
17/06/2026 7:00;0;0
17/06/2026 7:01;0;0
17/06/2026 7:02;0;0
17/06/2026 7:03;0;0
17/06/2026 7:04;0;0
17/06/2026 7:05;0;0
17/06/2026 7:06;0;0
17/06/2026 7:07;0;0
17/06/2026 7:08;0;0
17/06/2026 7:09;0;0
17/06/2026 7:10;0;0
17/06/2026 7:11;0;0
17/06/2026 7:12;0;0
17/06/2026 7:13;0;0
17/06/2026 7:14;0;0
17/06/2026 7:15;0;0
17/06/2026 7:16;0;0
17/06/2026 7:17;0;0
17/06/2026 7:18;0;0
17/06/2026 7:19;0;0
17/06/2026 7:20;0;0
17/06/2026 7:21;0;0
17/06/2026 7:22;0;0
17/06/2026 7:23;0;0
17/06/2026 7:24;0;0
17/06/2026 7:25;0;0
17/06/2026 7:26;0;0
17/06/2026 7:27;0;0
17/06/2026 7:28;0;0
17/06/2026 7:29;0;0
17/06/2026 7:30;0;0
17/06/2026 7:31;0;0
17/06/2026 7:32;0;0
17/06/2026 7:33;0;0
17/06/2026 7:34;0;0
17/06/2026 7:35;0;0
17/06/2026 7:36;0;0
17/06/2026 7:37;0;0
17/06/2026 7:38;0;0
17/06/2026 7:39;0;0
17/06/2026 7:40;0;0
17/06/2026 7:41;0;0
17/06/2026 7:42;0;0
17/06/2026 7:43;0;0
17/06/2026 7:44;1;0
17/06/2026 7:45;3;0
17/06/2026 7:46;4;0
17/06/2026 7:47;6;0
17/06/2026 7:48;9;0
17/06/2026 7:49;11;0
17/06/2026 7:50;15;84,2
17/06/2026 7:51;16;0
17/06/2026 7:52;19;0
17/06/2026 7:53;22;0
17/06/2026 7:54;24;0
17/06/2026 7:55;25;0
17/06/2026 7:56;0;0
17/06/2026 7:57;29;0
17/06/2026 7:58;30;0
17/06/2026 7:59;34;0
17/06/2026 8:00;34;128
17/06/2026 8:01;36;0
17/06/2026 8:02;37;0
17/06/2026 8:03;41;0
17/06/2026 8:04;41;0
17/06/2026 8:05;44;0
17/06/2026 8:06;46;0
17/06/2026 8:07;49;0
17/06/2026 8:08;51;0
17/06/2026 8:09;53;0
17/06/2026 8:10;56;154
17/06/2026 8:11;58;0
17/06/2026 8:12;61;0
17/06/2026 8:13;64;0
17/06/2026 8:14;67;0
17/06/2026 8:15;69;0
17/06/2026 8:16;72;0
17/06/2026 8:17;76;0
17/06/2026 8:18;79;0
17/06/2026 8:19;79;0
17/06/2026 8:20;82;154
17/06/2026 8:21;87;0
17/06/2026 8:22;89;0
17/06/2026 8:23;91;0
17/06/2026 8:24;94;0
17/06/2026 8:25;97;0
17/06/2026 8:26;99;0
17/06/2026 8:27;102;0
17/06/2026 8:28;104;0
17/06/2026 8:29;108;0
17/06/2026 8:30;111;148
17/06/2026 8:31;112;0
17/06/2026 8:32;116;0
17/06/2026 8:33;118;0
17/06/2026 8:34;124;0
17/06/2026 8:35;125;0
17/06/2026 8:36;127;0
17/06/2026 8:37;130;0
17/06/2026 8:38;134;0
17/06/2026 8:39;137;0
17/06/2026 8:40;141;174
17/06/2026 8:41;143;0
17/06/2026 8:42;146;0
17/06/2026 8:43;149;0
17/06/2026 8:44;153;0
17/06/2026 8:45;156;0
17/06/2026 8:46;156;0
17/06/2026 8:47;156;0
17/06/2026 8:48;160;0
17/06/2026 8:49;163;0
17/06/2026 8:50;167;226
17/06/2026 8:51;169;0
17/06/2026 8:52;173;0
17/06/2026 8:53;176;0
17/06/2026 8:54;178;0
17/06/2026 8:55;183;0
17/06/2026 8:56;185;0
17/06/2026 8:57;188;0
17/06/2026 8:58;190;0
17/06/2026 8:59;193;0
17/06/2026 9:00;197;250
17/06/2026 9:01;199;0
17/06/2026 9:02;203;0
17/06/2026 9:03;205;0
17/06/2026 9:04;207;0
17/06/2026 9:05;211;0
17/06/2026 9:06;214;0
17/06/2026 9:07;217;0
17/06/2026 9:08;220;0
17/06/2026 9:09;225;0
17/06/2026 9:10;228;247
17/06/2026 9:11;230;0
17/06/2026 9:12;234;0
17/06/2026 9:13;236;0
17/06/2026 9:14;239;0
17/06/2026 9:15;243;0
17/06/2026 9:16;246;0
17/06/2026 9:17;249;0
17/06/2026 9:18;252;0
17/06/2026 9:19;256;0
17/06/2026 9:20;258;322
17/06/2026 9:21;260;0
17/06/2026 9:22;262;0
17/06/2026 9:23;266;0
17/06/2026 9:24;269;0
17/06/2026 9:25;273;0
17/06/2026 9:26;274;0
17/06/2026 9:27;278;0
17/06/2026 9:28;281;0
17/06/2026 9:29;285;0
17/06/2026 9:30;287;337
17/06/2026 9:31;291;0
17/06/2026 9:32;293;0
17/06/2026 9:33;296;0
17/06/2026 9:34;300;0
17/06/2026 9:35;302;0
17/06/2026 9:36;305;0
17/06/2026 9:37;306;0
17/06/2026 9:38;309;0
17/06/2026 9:39;313;0
17/06/2026 9:40;317;369
17/06/2026 9:41;319;0
17/06/2026 9:42;322;0
17/06/2026 9:43;323;0
17/06/2026 9:44;326;0
17/06/2026 9:45;328;0
17/06/2026 9:46;332;0
17/06/2026 9:47;333;0
17/06/2026 9:48;337;0
17/06/2026 9:49;338;0
17/06/2026 9:50;342;383
17/06/2026 9:51;344;0
17/06/2026 9:52;347;0
17/06/2026 9:53;351;0
17/06/2026 9:54;353;0
17/06/2026 9:55;357;0
17/06/2026 9:56;359;0
17/06/2026 9:57;363;0
17/06/2026 9:58;365;0
17/06/2026 9:59;368;0
17/06/2026 10:00;370;357
17/06/2026 10:01;371;0
17/06/2026 10:02;374;0
17/06/2026 10:03;379;0
17/06/2026 10:04;382;0
17/06/2026 10:05;382;0
17/06/2026 10:06;385;0
17/06/2026 10:07;388;0
17/06/2026 10:08;391;0
17/06/2026 10:09;393;0
17/06/2026 10:10;395;351
17/06/2026 10:11;399;0
17/06/2026 10:12;401;0
17/06/2026 10:13;404;0
17/06/2026 10:14;407;0
17/06/2026 10:15;408;0
17/06/2026 10:16;411;0
17/06/2026 10:17;414;0
17/06/2026 10:18;417;0
17/06/2026 10:19;419;0
17/06/2026 10:20;422;403
17/06/2026 10:21;426;0
17/06/2026 10:22;429;0
17/06/2026 10:23;431;0
17/06/2026 10:24;432;0
17/06/2026 10:25;434;0
17/06/2026 10:26;436;0
17/06/2026 10:27;437;0
17/06/2026 10:28;442;0
17/06/2026 10:29;444;0
17/06/2026 10:30;444;522
17/06/2026 10:31;448;0
17/06/2026 10:32;450;0
17/06/2026 10:33;454;0
17/06/2026 10:34;454;0
17/06/2026 10:35;458;0
17/06/2026 10:36;460;0
17/06/2026 10:37;461;0
17/06/2026 10:38;464;0
17/06/2026 10:39;468;0
17/06/2026 10:40;469;566
17/06/2026 10:41;471;0
17/06/2026 10:42;472;0
17/06/2026 10:43;472;0
17/06/2026 10:44;475;0
17/06/2026 10:45;475;0
17/06/2026 10:46;478;0
17/06/2026 10:47;478;0
17/06/2026 10:48;481;0
17/06/2026 10:49;483;0
17/06/2026 10:50;487;578
17/06/2026 10:51;486;0
17/06/2026 10:52;490;0
17/06/2026 10:53;493;0
17/06/2026 10:54;495;0
17/06/2026 10:55;496;0
17/06/2026 10:56;498;0
17/06/2026 10:57;499;0
17/06/2026 10:58;503;0
17/06/2026 10:59;505;0
17/06/2026 11:00;505;557
17/06/2026 11:01;508;0
17/06/2026 11:02;512;0
17/06/2026 11:03;514;0
17/06/2026 11:04;516;0
17/06/2026 11:05;518;0
17/06/2026 11:06;519;0
17/06/2026 11:07;520;0
17/06/2026 11:08;521;0
17/06/2026 11:09;522;0
17/06/2026 11:10;524;557
17/06/2026 11:11;525;0
17/06/2026 11:12;526;0
17/06/2026 11:13;527;0
17/06/2026 11:14;529;0
17/06/2026 11:15;531;0
17/06/2026 11:16;532;0
17/06/2026 11:17;533;0
17/06/2026 11:18;535;0
17/06/2026 11:19;536;0
17/06/2026 11:20;538;586
17/06/2026 11:21;538;0
17/06/2026 11:22;540;0
17/06/2026 11:23;544;0
17/06/2026 11:24;546;0
17/06/2026 11:25;548;0
17/06/2026 11:26;550;0
17/06/2026 11:27;552;0
17/06/2026 11:28;553;0
17/06/2026 11:29;553;0
17/06/2026 11:30;555;607
17/06/2026 11:31;559;0
17/06/2026 11:32;561;0
17/06/2026 11:33;562;0
17/06/2026 11:34;562;0
17/06/2026 11:35;562;0
17/06/2026 11:36;563;0
17/06/2026 11:37;563;0
17/06/2026 11:38;564;0
17/06/2026 11:39;564;0
17/06/2026 11:40;566;560
17/06/2026 11:41;570;0
17/06/2026 11:42;571;0
17/06/2026 11:43;574;0
17/06/2026 11:44;576;0
17/06/2026 11:45;579;0
17/06/2026 11:46;581;0
17/06/2026 11:47;582;0
17/06/2026 11:48;583;0
17/06/2026 11:49;582;0
17/06/2026 11:50;582;607
17/06/2026 11:51;582;0
17/06/2026 11:52;586;0
17/06/2026 11:53;587;0
17/06/2026 11:54;588;0
17/06/2026 11:55;588;0
17/06/2026 11:56;589;0
17/06/2026 11:57;591;0
17/06/2026 11:58;592;0
17/06/2026 11:59;593;0
17/06/2026 12:00;592;676
17/06/2026 12:01;591;0
17/06/2026 12:02;595;0
17/06/2026 12:03;595;0
17/06/2026 12:04;597;0
17/06/2026 12:05;597;0
17/06/2026 12:06;597;0
17/06/2026 12:07;598;0
17/06/2026 12:08;599;0
17/06/2026 12:09;599;0
17/06/2026 12:10;600;644
17/06/2026 12:11;604;0
17/06/2026 12:12;605;0
17/06/2026 12:13;607;0
17/06/2026 12:14;608;0
17/06/2026 12:15;608;0
17/06/2026 12:16;611;0
17/06/2026 12:17;612;0
17/06/2026 12:18;612;0
17/06/2026 12:19;613;0
17/06/2026 12:20;613;668
17/06/2026 12:21;616;0
17/06/2026 12:22;617;0
17/06/2026 12:23;619;0
17/06/2026 12:24;617;0
17/06/2026 12:25;621;0
17/06/2026 12:26;623;0
17/06/2026 12:27;624;0
17/06/2026 12:28;624;0
17/06/2026 12:29;624;0
17/06/2026 12:30;625;647
17/06/2026 12:31;626;0
17/06/2026 12:32;625;0
17/06/2026 12:33;625;0
17/06/2026 12:34;627;0
17/06/2026 12:35;625;0
17/06/2026 12:36;626;0
17/06/2026 12:37;626;0
17/06/2026 12:38;626;0
17/06/2026 12:39;626;0
17/06/2026 12:40;627;633
17/06/2026 12:41;627;0
17/06/2026 12:42;628;0
17/06/2026 12:43;629;0
17/06/2026 12:44;631;0
17/06/2026 12:45;631;0
17/06/2026 12:46;633;0
17/06/2026 12:47;636;0
17/06/2026 12:48;635;0
17/06/2026 12:49;635;0
17/06/2026 12:50;635;633
17/06/2026 12:51;637;0
17/06/2026 12:52;638;0
17/06/2026 12:53;638;0
17/06/2026 12:54;638;0
17/06/2026 12:55;637;0
17/06/2026 12:56;637;0
17/06/2026 12:57;636;0
17/06/2026 12:58;641;0
17/06/2026 12:59;638;0
17/06/2026 13:00;640;670
17/06/2026 13:01;642;0
17/06/2026 13:02;644;0
17/06/2026 13:03;645;0
17/06/2026 13:04;645;0
17/06/2026 13:05;646;0
17/06/2026 13:06;642;0
17/06/2026 13:07;639;0
17/06/2026 13:08;641;0
17/06/2026 13:09;641;0
17/06/2026 13:10;641;650
17/06/2026 13:11;642;0
17/06/2026 13:12;644;0
17/06/2026 13:13;646;0
17/06/2026 13:14;647;0
17/06/2026 13:15;651;0
17/06/2026 13:16;651;0
17/06/2026 13:17;651;0
17/06/2026 13:18;652;0
17/06/2026 13:19;651;0
17/06/2026 13:20;653;656
17/06/2026 13:21;654;0
17/06/2026 13:22;653;0
17/06/2026 13:23;652;0
17/06/2026 13:24;651;0
17/06/2026 13:25;650;0
17/06/2026 13:26;649;0
17/06/2026 13:27;648;0
17/06/2026 13:28;648;0
17/06/2026 13:29;647;0
17/06/2026 13:30;646;636
17/06/2026 13:31;647;0
17/06/2026 13:32;647;0
17/06/2026 13:33;644;0
17/06/2026 13:34;644;0
17/06/2026 13:35;646;0
17/06/2026 13:36;648;0
17/06/2026 13:37;648;0
17/06/2026 13:38;650;0
17/06/2026 13:39;651;0
17/06/2026 13:40;651;633
17/06/2026 13:41;652;0
17/06/2026 13:42;655;0
17/06/2026 13:43;657;0
17/06/2026 13:44;652;0
17/06/2026 13:45;651;0
17/06/2026 13:46;652;0
17/06/2026 13:47;651;0
17/06/2026 13:48;649;0
17/06/2026 13:49;652;0
17/06/2026 13:50;653;627
17/06/2026 13:51;652;0
17/06/2026 13:52;651;0
17/06/2026 13:53;647;0
17/06/2026 13:54;648;0
17/06/2026 13:55;648;0
17/06/2026 13:56;651;0
17/06/2026 13:57;654;0
17/06/2026 13:58;655;0
17/06/2026 13:59;656;0
17/06/2026 14:00;657;583
17/06/2026 14:01;656;0
17/06/2026 14:02;655;0
17/06/2026 14:03;656;0
17/06/2026 14:04;654;0
17/06/2026 14:05;652;0
17/06/2026 14:06;650;0
17/06/2026 14:07;648;0
17/06/2026 14:08;645;0
17/06/2026 14:09;644;0
17/06/2026 14:10;642;592
17/06/2026 14:11;644;0
17/06/2026 14:12;645;0
17/06/2026 14:13;644;0
17/06/2026 14:14;646;0
17/06/2026 14:15;647;0
17/06/2026 14:16;650;0
17/06/2026 14:17;648;0
17/06/2026 14:18;648;0
17/06/2026 14:19;645;0
17/06/2026 14:20;648;612
17/06/2026 14:21;643;0
17/06/2026 14:22;639;0
17/06/2026 14:23;644;0
17/06/2026 14:24;644;0
17/06/2026 14:25;644;0
17/06/2026 14:26;642;0
17/06/2026 14:27;640;0
17/06/2026 14:28;639;0
17/06/2026 14:29;637;0
17/06/2026 14:30;636;560
17/06/2026 14:31;635;0
17/06/2026 14:32;638;0
17/06/2026 14:33;636;0
17/06/2026 14:34;638;0
17/06/2026 14:35;639;0
17/06/2026 14:36;638;0
17/06/2026 14:37;638;0
17/06/2026 14:38;636;0
17/06/2026 14:39;640;0
17/06/2026 14:40;639;546
17/06/2026 14:41;638;0
17/06/2026 14:42;639;0
17/06/2026 14:43;642;0
17/06/2026 14:44;642;0
17/06/2026 14:45;639;0
17/06/2026 14:46;637;0
17/06/2026 14:47;636;0
17/06/2026 14:48;635;0
17/06/2026 14:49;633;0
17/06/2026 14:50;632;540
17/06/2026 14:51;630;0
17/06/2026 14:52;630;0
17/06/2026 14:53;619;0
17/06/2026 14:54;627;0
17/06/2026 14:55;625;0
17/06/2026 14:56;626;0
17/06/2026 14:57;627;0
17/06/2026 14:58;625;0
17/06/2026 14:59;623;0
17/06/2026 15:00;621;557
17/06/2026 15:01;620;0
17/06/2026 15:02;619;0
17/06/2026 15:03;618;0
17/06/2026 15:04;616;0
17/06/2026 15:05;616;0
17/06/2026 15:06;615;0
17/06/2026 15:07;616;0
17/06/2026 15:08;615;0
17/06/2026 15:09;613;0
17/06/2026 15:10;612;502
17/06/2026 15:11;612;0
17/06/2026 15:12;612;0
17/06/2026 15:13;615;0
17/06/2026 15:14;614;0
17/06/2026 15:15;614;0
17/06/2026 15:16;613;0
17/06/2026 15:17;611;0
17/06/2026 15:18;610;0
17/06/2026 15:19;609;0
17/06/2026 15:20;609;499
17/06/2026 15:21;609;0
17/06/2026 15:22;610;0
17/06/2026 15:23;610;0
17/06/2026 15:24;606;0
17/06/2026 15:25;605;0
17/06/2026 15:26;605;0
17/06/2026 15:27;603;0
17/06/2026 15:28;600;0
17/06/2026 15:29;597;0
17/06/2026 15:30;596;490
17/06/2026 15:31;597;0
17/06/2026 15:32;594;0
17/06/2026 15:33;594;0
17/06/2026 15:34;591;0
17/06/2026 15:35;596;0
17/06/2026 15:36;596;0
17/06/2026 15:37;594;0
17/06/2026 15:38;593;0
17/06/2026 15:39;594;0
17/06/2026 15:40;593;470
17/06/2026 15:41;591;0
17/06/2026 15:42;592;0
17/06/2026 15:43;590;0
17/06/2026 15:44;588;0
17/06/2026 15:45;586;0
17/06/2026 15:46;584;0
17/06/2026 15:47;584;0
17/06/2026 15:48;584;0
17/06/2026 15:49;582;0
17/06/2026 15:50;581;418
17/06/2026 15:51;579;0
17/06/2026 15:52;576;0
17/06/2026 15:53;572;0
17/06/2026 15:54;570;0
17/06/2026 15:55;567;0
17/06/2026 15:56;564;0
17/06/2026 15:57;563;0
17/06/2026 15:58;562;0
17/06/2026 15:59;559;0
17/06/2026 16:00;559;418
17/06/2026 16:01;560;0
17/06/2026 16:02;558;0
17/06/2026 16:03;555;0
17/06/2026 16:04;552;0
17/06/2026 16:05;554;0
17/06/2026 16:06;554;0
17/06/2026 16:07;553;0
17/06/2026 16:08;551;0
17/06/2026 16:09;548;0
17/06/2026 16:10;545;389
17/06/2026 16:11;543;0
17/06/2026 16:12;540;0
17/06/2026 16:13;538;0
17/06/2026 16:14;534;0
17/06/2026 16:15;532;0
17/06/2026 16:16;528;0
17/06/2026 16:17;527;0
17/06/2026 16:18;526;0
17/06/2026 16:19;528;0
17/06/2026 16:20;527;366
17/06/2026 16:21;525;0
17/06/2026 16:22;522;0
17/06/2026 16:23;520;0
17/06/2026 16:24;518;0
17/06/2026 16:25;518;0
17/06/2026 16:26;519;0
17/06/2026 16:27;520;0
17/06/2026 16:28;517;0
17/06/2026 16:29;512;0
17/06/2026 16:30;511;331
17/06/2026 16:31;510;0
17/06/2026 16:32;509;0
17/06/2026 16:33;510;0
17/06/2026 16:34;507;0
17/06/2026 16:35;506;0
17/06/2026 16:36;497;0
17/06/2026 16:37;494;0
17/06/2026 16:38;494;0
17/06/2026 16:39;494;0
17/06/2026 16:40;492;337
17/06/2026 16:41;490;0
17/06/2026 16:42;488;0
17/06/2026 16:43;488;0
17/06/2026 16:44;485;0
17/06/2026 16:45;480;0
17/06/2026 16:46;477;0
17/06/2026 16:47;475;0
17/06/2026 16:48;472;0
17/06/2026 16:49;470;0
17/06/2026 16:50;465;328
17/06/2026 16:51;460;0
17/06/2026 16:52;458;0
17/06/2026 16:53;458;0
17/06/2026 16:54;456;0
17/06/2026 16:55;457;0
17/06/2026 16:56;456;0
17/06/2026 16:57;454;0
17/06/2026 16:58;453;0
17/06/2026 16:59;455;0
17/06/2026 17:00;452;279
17/06/2026 17:01;451;0
17/06/2026 17:02;451;0
17/06/2026 17:03;448;0
17/06/2026 17:04;448;0
17/06/2026 17:05;443;0
17/06/2026 17:06;441;0
17/06/2026 17:07;439;0
17/06/2026 17:08;435;0
17/06/2026 17:09;432;0
17/06/2026 17:10;431;255
17/06/2026 17:11;428;0
17/06/2026 17:12;423;0
17/06/2026 17:13;419;0
17/06/2026 17:14;418;0
17/06/2026 17:15;415;0
17/06/2026 17:16;412;0
17/06/2026 17:17;409;0
17/06/2026 17:18;406;0
17/06/2026 17:19;402;0
17/06/2026 17:20;400;235
17/06/2026 17:21;399;0
17/06/2026 17:22;398;0
17/06/2026 17:23;395;0
17/06/2026 17:24;393;0
17/06/2026 17:25;303;0
17/06/2026 17:26;391;0
17/06/2026 17:27;387;0
17/06/2026 17:28;385;0
17/06/2026 17:29;383;0
17/06/2026 17:30;379;189
17/06/2026 17:31;378;0
17/06/2026 17:32;378;0
17/06/2026 17:33;375;0
17/06/2026 17:34;374;0
17/06/2026 17:35;371;0
17/06/2026 17:36;366;0
17/06/2026 17:37;363;0
17/06/2026 17:38;361;0
17/06/2026 17:39;357;0
17/06/2026 17:40;355;189
17/06/2026 17:41;351;0
17/06/2026 17:42;349;0
17/06/2026 17:43;346;0
17/06/2026 17:44;345;0
17/06/2026 17:45;343;0
17/06/2026 17:46;340;0
17/06/2026 17:47;338;0
17/06/2026 17:48;336;0
17/06/2026 17:49;332;0
17/06/2026 17:50;331;163
17/06/2026 17:51;329;0
17/06/2026 17:52;326;0
17/06/2026 17:53;323;0
17/06/2026 17:54;320;0
17/06/2026 17:55;319;0
17/06/2026 17:56;317;0
17/06/2026 17:57;315;0
17/06/2026 17:58;312;0
17/06/2026 17:59;309;0
17/06/2026 18:00;305;128
17/06/2026 18:01;291;0
17/06/2026 18:02;288;0
17/06/2026 18:03;284;0
17/06/2026 18:04;268;0
17/06/2026 18:05;269;0
17/06/2026 18:06;293;0
17/06/2026 18:07;263;0
17/06/2026 18:08;261;0
17/06/2026 18:09;257;0
17/06/2026 18:10;250;104
17/06/2026 18:11;244;0
17/06/2026 18:12;241;0
17/06/2026 18:13;239;0
17/06/2026 18:14;220;0
17/06/2026 18:15;226;0
17/06/2026 18:16;224;0
17/06/2026 18:17;222;0
17/06/2026 18:18;220;0
17/06/2026 18:19;218;0
17/06/2026 18:20;182;107
17/06/2026 18:21;204;0
17/06/2026 18:22;202;0
17/06/2026 18:23;196;0
17/06/2026 18:24;189;0
17/06/2026 18:25;187;0
17/06/2026 18:26;186;0
17/06/2026 18:27;184;0
17/06/2026 18:28;181;0
17/06/2026 18:29;175;0
17/06/2026 18:30;169;104
17/06/2026 18:31;167;0
17/06/2026 18:32;158;0
17/06/2026 18:33;156;0
17/06/2026 18:34;159;0
17/06/2026 18:35;147;0
17/06/2026 18:36;142;0
17/06/2026 18:37;141;0
17/06/2026 18:38;143;0
17/06/2026 18:39;146;0
17/06/2026 18:40;139;102
17/06/2026 18:41;135;0
17/06/2026 18:42;133;0
17/06/2026 18:43;135;0
17/06/2026 18:44;134;0
17/06/2026 18:45;131;0
17/06/2026 18:46;121;0
17/06/2026 18:47;100;0
17/06/2026 18:48;113;0
17/06/2026 18:49;122;0
17/06/2026 18:50;117;92,9
17/06/2026 18:51;113;0
17/06/2026 18:52;111;0
17/06/2026 18:53;104;0
17/06/2026 18:54;106;0
17/06/2026 18:55;104;0
17/06/2026 18:56;104;0
17/06/2026 18:57;78;0
17/06/2026 18:58;99;0
17/06/2026 18:59;96;0
17/06/2026 19:00;89;87,1
17/06/2026 19:01;86;0
17/06/2026 19:02;80;0
17/06/2026 19:03;77;0
17/06/2026 19:04;71;0
17/06/2026 19:05;64;0
17/06/2026 19:06;65;0
17/06/2026 19:07;63;0
17/06/2026 19:08;60;0
17/06/2026 19:09;57;0
17/06/2026 19:10;55;90
17/06/2026 19:11;52;0
17/06/2026 19:12;48;0
17/06/2026 19:13;41;0
17/06/2026 19:14;42;0
17/06/2026 19:15;40;0
17/06/2026 19:16;35;0
17/06/2026 19:17;28;0
17/06/2026 19:18;33;0
17/06/2026 19:19;29;0
17/06/2026 19:20;28;84,2
17/06/2026 19:21;26;0
17/06/2026 19:22;24;0
17/06/2026 19:23;23;0
17/06/2026 19:24;22;0
17/06/2026 19:25;21;0
17/06/2026 19:26;20;0
17/06/2026 19:27;17;0
17/06/2026 19:28;18;0
17/06/2026 19:29;19;0
17/06/2026 19:30;16;78,4
17/06/2026 19:31;14;0
17/06/2026 19:32;13;0
17/06/2026 19:33;11;0
17/06/2026 19:34;9;0
17/06/2026 19:35;8;0
17/06/2026 19:36;6;0
17/06/2026 19:37;5;0
17/06/2026 19:38;0;0
17/06/2026 19:39;3;0
17/06/2026 19:40;3;72,6
17/06/2026 19:41;3;0
17/06/2026 19:42;1;0
17/06/2026 19:43;0;0
17/06/2026 19:44;0;0
17/06/2026 19:45;0;0
17/06/2026 19:46;0;0
17/06/2026 19:47;0;0
17/06/2026 19:48;0;0
17/06/2026 19:49;0;0
17/06/2026 19:50;0;0
17/06/2026 19:51;1;0
17/06/2026 19:52;3;0
17/06/2026 19:53;2;0
17/06/2026 19:54;3;0
17/06/2026 19:55;3;0
17/06/2026 19:56;2;0
17/06/2026 19:57;2;0
17/06/2026 19:58;2;0
17/06/2026 19:59;2;0
17/06/2026 20:00;2;69,7
17/06/2026 20:01;1;0
17/06/2026 20:02;1;0
17/06/2026 20:03;0;0
17/06/2026 20:04;0;0
17/06/2026 20:05;0;0
17/06/2026 20:06;0;0
17/06/2026 20:07;0;0
17/06/2026 20:08;0;0
17/06/2026 20:09;0;0
17/06/2026 20:10;0;0
17/06/2026 20:11;0;0
17/06/2026 20:12;1;0
17/06/2026 20:13;0;0
17/06/2026 20:14;0;0
17/06/2026 20:15;0;0
17/06/2026 20:16;0;0
17/06/2026 20:17;0;0
17/06/2026 20:18;0;0
17/06/2026 20:19;0;0
17/06/2026 20:20;0;0
17/06/2026 20:21;0;0
17/06/2026 20:22;0;0
17/06/2026 20:23;0;0
17/06/2026 20:24;0;0
17/06/2026 20:25;0;0
17/06/2026 20:26;0;0
17/06/2026 20:27;0;0
17/06/2026 20:28;0;0
17/06/2026 20:29;0;0
17/06/2026 20:30;0;0
17/06/2026 20:31;0;0
17/06/2026 20:32;0;0
17/06/2026 20:33;0;0
17/06/2026 20:34;0;0
17/06/2026 20:35;0;0
17/06/2026 20:36;0;0
17/06/2026 20:37;0;0
17/06/2026 20:38;0;0
17/06/2026 20:39;0;0
17/06/2026 20:40;0;0
17/06/2026 20:41;0;0
17/06/2026 20:42;0;0
17/06/2026 20:43;0;0
17/06/2026 20:44;0;0
17/06/2026 20:45;0;0
17/06/2026 20:46;0;0
17/06/2026 20:47;0;0
17/06/2026 20:48;0;0
17/06/2026 20:49;0;0
17/06/2026 20:50;0;0
17/06/2026 20:51;0;0
17/06/2026 20:52;0;0
17/06/2026 20:53;0;0
17/06/2026 20:54;0;0
17/06/2026 20:55;0;0
17/06/2026 20:56;0;0
17/06/2026 20:57;0;0
17/06/2026 20:58;0;0
17/06/2026 20:59;0;0
17/06/2026 21:00;0;0
17/06/2026 21:01;0;0
17/06/2026 21:02;0;0
17/06/2026 21:03;0;0
17/06/2026 21:04;0;0
17/06/2026 21:05;0;0
17/06/2026 21:06;0;0
17/06/2026 21:07;0;0
17/06/2026 21:08;0;0
17/06/2026 21:09;0;0
17/06/2026 21:10;0;0
17/06/2026 21:11;0;0
17/06/2026 21:12;0;0
17/06/2026 21:13;0;0
17/06/2026 21:14;0;0
17/06/2026 21:15;0;0
17/06/2026 21:16;0;0
17/06/2026 21:17;0;0
17/06/2026 21:18;0;0
17/06/2026 21:19;0;0
17/06/2026 21:20;0;0
17/06/2026 21:21;0;0
17/06/2026 21:22;0;0
17/06/2026 21:23;0;0
17/06/2026 21:24;0;0
17/06/2026 21:25;0;0
17/06/2026 21:26;0;0
17/06/2026 21:27;0;0
17/06/2026 21:28;0;0
17/06/2026 21:29;0;0
17/06/2026 21:30;0;0
17/06/2026 21:31;0;0
17/06/2026 21:32;0;0
17/06/2026 21:33;0;0
17/06/2026 21:34;0;0
17/06/2026 21:35;0;0
17/06/2026 21:36;0;0
17/06/2026 21:37;0;0
17/06/2026 21:38;0;0
17/06/2026 21:39;0;0
17/06/2026 21:40;0;0
17/06/2026 21:41;0;0
17/06/2026 21:42;0;0
17/06/2026 21:43;0;0
17/06/2026 21:44;0;0
17/06/2026 21:45;0;0
17/06/2026 21:46;0;0
17/06/2026 21:47;0;0
17/06/2026 21:48;0;0
17/06/2026 21:49;0;0
17/06/2026 21:50;0;0
17/06/2026 21:51;0;0
17/06/2026 21:52;0;0
17/06/2026 21:53;0;0
17/06/2026 21:54;0;0
17/06/2026 21:55;0;0
17/06/2026 21:56;0;0
17/06/2026 21:57;0;0
17/06/2026 21:58;0;0
17/06/2026 21:59;0;0
17/06/2026 22:00;0;0
17/06/2026 22:01;0;0
17/06/2026 22:02;0;0
17/06/2026 22:03;0;0
17/06/2026 22:04;0;0
17/06/2026 22:05;0;0
17/06/2026 22:06;0;0
17/06/2026 22:07;0;0
17/06/2026 22:08;0;0
17/06/2026 22:09;0;0
17/06/2026 22:10;0;0
17/06/2026 22:11;0;0
17/06/2026 22:12;0;0
17/06/2026 22:13;0;0
17/06/2026 22:14;0;0
17/06/2026 22:15;0;0
17/06/2026 22:16;0;0
17/06/2026 22:17;0;0
17/06/2026 22:18;0;0
17/06/2026 22:19;0;0
17/06/2026 22:20;0;0
17/06/2026 22:21;0;0
17/06/2026 22:22;0;0
17/06/2026 22:23;0;0
17/06/2026 22:24;0;0
17/06/2026 22:25;0;0
17/06/2026 22:26;0;0
17/06/2026 22:27;0;0
17/06/2026 22:28;0;0
17/06/2026 22:29;0;0
17/06/2026 22:30;0;0
17/06/2026 22:31;0;0
17/06/2026 22:32;0;0
17/06/2026 22:33;0;0
17/06/2026 22:34;0;0
17/06/2026 22:35;0;0
17/06/2026 22:36;0;0
17/06/2026 22:37;0;0
17/06/2026 22:38;0;0
17/06/2026 22:39;0;0
17/06/2026 22:40;0;0
17/06/2026 22:41;0;0
17/06/2026 22:42;0;0
17/06/2026 22:43;0;0
17/06/2026 22:44;0;0
17/06/2026 22:45;0;0
17/06/2026 22:46;0;0
17/06/2026 22:47;0;0
17/06/2026 22:48;0;0
17/06/2026 22:49;0;0
17/06/2026 22:50;0;0
17/06/2026 22:51;0;0
17/06/2026 22:52;0;0
17/06/2026 22:53;0;0
17/06/2026 22:54;0;0
17/06/2026 22:55;0;0
17/06/2026 22:56;0;0
17/06/2026 22:57;0;0
17/06/2026 22:58;0;0
17/06/2026 22:59;0;0
17/06/2026 23:00;0;0
17/06/2026 23:01;0;0
17/06/2026 23:02;0;0
17/06/2026 23:03;0;0
17/06/2026 23:04;0;0
17/06/2026 23:05;0;0
17/06/2026 23:06;0;0
17/06/2026 23:07;0;0
17/06/2026 23:08;0;0
17/06/2026 23:09;0;0
17/06/2026 23:10;0;0
17/06/2026 23:11;0;0
17/06/2026 23:12;0;0
17/06/2026 23:13;0;0
17/06/2026 23:14;0;0
17/06/2026 23:15;0;0
17/06/2026 23:16;0;0
17/06/2026 23:17;0;0
17/06/2026 23:18;0;0
17/06/2026 23:19;0;0
17/06/2026 23:20;0;0
17/06/2026 23:21;0;0
17/06/2026 23:22;0;0
17/06/2026 23:23;0;0
17/06/2026 23:24;0;0
17/06/2026 23:25;0;0
17/06/2026 23:26;0;0
17/06/2026 23:27;0;0
17/06/2026 23:28;0;0
17/06/2026 23:29;0;0
17/06/2026 23:30;0;0
17/06/2026 23:31;0;0
17/06/2026 23:32;0;0
17/06/2026 23:33;0;0
17/06/2026 23:34;0;0
17/06/2026 23:35;0;0
17/06/2026 23:36;0;0
17/06/2026 23:37;0;0
17/06/2026 23:38;0;0
17/06/2026 23:39;0;0
17/06/2026 23:40;0;0
17/06/2026 23:41;0;0
17/06/2026 23:42;0;0
17/06/2026 23:43;0;0
17/06/2026 23:44;0;0
17/06/2026 23:45;0;0
17/06/2026 23:46;0;0
17/06/2026 23:47;0;0
17/06/2026 23:48;0;0
17/06/2026 23:49;0;0
17/06/2026 23:50;0;0
17/06/2026 23:51;0;0
17/06/2026 23:52;0;0
17/06/2026 23:53;0;0
17/06/2026 23:54;0;0
17/06/2026 23:55;0;0
17/06/2026 23:56;0;0
17/06/2026 23:57;0;0
17/06/2026 23:58;0;0
17/06/2026 23:59;0;0
18/06/2026 0:00;0;0
18/06/2026 0:01;0;0
18/06/2026 0:02;0;0
18/06/2026 0:03;0;0
18/06/2026 0:04;0;0
18/06/2026 0:05;0;0
18/06/2026 0:06;0;0
18/06/2026 0:07;0;0
18/06/2026 0:08;0;0
18/06/2026 0:09;0;0
18/06/2026 0:10;0;0
18/06/2026 0:11;0;0
18/06/2026 0:12;0;0
18/06/2026 0:13;0;0
18/06/2026 0:14;0;0
18/06/2026 0:15;0;0
18/06/2026 0:16;0;0
18/06/2026 0:17;0;0
18/06/2026 0:18;0;0
18/06/2026 0:19;0;0
18/06/2026 0:20;0;0
18/06/2026 0:21;0;0
18/06/2026 0:22;0;0
18/06/2026 0:23;0;0
18/06/2026 0:24;0;0
18/06/2026 0:25;0;0
18/06/2026 0:26;0;0
18/06/2026 0:27;0;0
18/06/2026 0:28;0;0
18/06/2026 0:29;0;0
18/06/2026 0:30;0;0
18/06/2026 0:31;0;0
18/06/2026 0:32;0;0
18/06/2026 0:33;0;0
18/06/2026 0:34;0;0
18/06/2026 0:35;0;0
18/06/2026 0:36;0;0
18/06/2026 0:37;0;0
18/06/2026 0:38;0;0
18/06/2026 0:39;0;0
18/06/2026 0:40;0;0
18/06/2026 0:41;0;0
18/06/2026 0:42;0;0
18/06/2026 0:43;0;0
18/06/2026 0:44;0;0
18/06/2026 0:45;0;0
18/06/2026 0:46;0;0
18/06/2026 0:47;0;0
18/06/2026 0:48;0;0
18/06/2026 0:49;0;0
18/06/2026 0:50;0;0
18/06/2026 0:51;0;0
18/06/2026 0:52;0;0
18/06/2026 0:53;0;0
18/06/2026 0:54;0;0
18/06/2026 0:55;0;0
18/06/2026 0:56;0;0
18/06/2026 0:57;0;0
18/06/2026 0:58;0;0
18/06/2026 0:59;0;0
18/06/2026 1:00;0;0
18/06/2026 1:01;0;0
18/06/2026 1:02;0;0
18/06/2026 1:03;0;0
18/06/2026 1:04;0;0
18/06/2026 1:05;0;0
18/06/2026 1:06;0;0
18/06/2026 1:07;0;0
18/06/2026 1:08;0;0
18/06/2026 1:09;0;0
18/06/2026 1:10;0;0
18/06/2026 1:11;0;0
18/06/2026 1:12;0;0
18/06/2026 1:13;0;0
18/06/2026 1:14;0;0
18/06/2026 1:15;0;0
18/06/2026 1:16;0;0
18/06/2026 1:17;0;0
18/06/2026 1:18;0;0
18/06/2026 1:19;0;0
18/06/2026 1:20;0;0
18/06/2026 1:21;0;0
18/06/2026 1:22;0;0
18/06/2026 1:23;0;0
18/06/2026 1:24;0;0
18/06/2026 1:25;0;0
18/06/2026 1:26;0;0
18/06/2026 1:27;0;0
18/06/2026 1:28;0;0
18/06/2026 1:29;0;0
18/06/2026 1:30;0;0
18/06/2026 1:31;0;0
18/06/2026 1:32;0;0
18/06/2026 1:33;0;0
18/06/2026 1:34;0;0
18/06/2026 1:35;0;0
18/06/2026 1:36;0;0
18/06/2026 1:37;0;0
18/06/2026 1:38;0;0
18/06/2026 1:39;0;0
18/06/2026 1:40;0;0
18/06/2026 1:41;0;0
18/06/2026 1:42;0;0
18/06/2026 1:43;0;0
18/06/2026 1:44;0;0
18/06/2026 1:45;0;0
18/06/2026 1:46;0;0
18/06/2026 1:47;0;0
18/06/2026 1:48;0;0
18/06/2026 1:49;0;0
18/06/2026 1:50;0;0
18/06/2026 1:51;0;0
18/06/2026 1:52;0;0
18/06/2026 1:53;0;0
18/06/2026 1:54;0;0
18/06/2026 1:55;0;0
18/06/2026 1:56;0;0
18/06/2026 1:57;0;0
18/06/2026 1:58;0;0
18/06/2026 1:59;0;0
18/06/2026 2:00;0;0
18/06/2026 2:01;0;0
18/06/2026 2:02;0;0
18/06/2026 2:03;0;0
18/06/2026 2:04;0;0
18/06/2026 2:05;0;0
18/06/2026 2:06;0;0
18/06/2026 2:07;0;0
18/06/2026 2:08;0;0
18/06/2026 2:09;0;0
18/06/2026 2:10;0;0
18/06/2026 2:11;0;0
18/06/2026 2:12;0;0
18/06/2026 2:13;0;0
18/06/2026 2:14;0;0
18/06/2026 2:15;0;0
18/06/2026 2:16;0;0
18/06/2026 2:17;0;0
18/06/2026 2:18;0;0
18/06/2026 2:19;0;0
18/06/2026 2:20;0;0
18/06/2026 2:21;0;0
18/06/2026 2:22;0;0
18/06/2026 2:23;0;0
18/06/2026 2:24;0;0
18/06/2026 2:25;0;0
18/06/2026 2:26;0;0
18/06/2026 2:27;0;0
18/06/2026 2:28;0;0
18/06/2026 2:29;0;0
18/06/2026 2:30;0;0
18/06/2026 2:31;0;0
18/06/2026 2:32;0;0
18/06/2026 2:33;0;0
18/06/2026 2:34;0;0
18/06/2026 2:35;0;0
18/06/2026 2:36;0;0
18/06/2026 2:37;0;0
18/06/2026 2:38;0;0
18/06/2026 2:39;0;0
18/06/2026 2:40;0;0
18/06/2026 2:41;0;0
18/06/2026 2:42;0;0
18/06/2026 2:43;0;0
18/06/2026 2:44;0;0
18/06/2026 2:45;0;0
18/06/2026 2:46;0;0
18/06/2026 2:47;0;0
18/06/2026 2:48;0;0
18/06/2026 2:49;0;0
18/06/2026 2:50;0;0
18/06/2026 2:51;0;0
18/06/2026 2:52;0;0
18/06/2026 2:53;0;0
18/06/2026 2:54;0;0
18/06/2026 2:55;0;0
18/06/2026 2:56;0;0
18/06/2026 2:57;0;0
18/06/2026 2:58;0;0
18/06/2026 2:59;0;0
18/06/2026 3:00;0;0
18/06/2026 3:01;0;0
18/06/2026 3:02;0;0
18/06/2026 3:03;0;0
18/06/2026 3:04;0;0
18/06/2026 3:05;0;0
18/06/2026 3:06;0;0
18/06/2026 3:07;0;0
18/06/2026 3:08;0;0
18/06/2026 3:09;0;0
18/06/2026 3:10;0;0
18/06/2026 3:11;0;0
18/06/2026 3:12;0;0
18/06/2026 3:13;0;0
18/06/2026 3:14;0;0
18/06/2026 3:15;0;0
18/06/2026 3:16;0;0
18/06/2026 3:17;0;0
18/06/2026 3:18;0;0
18/06/2026 3:19;0;0
18/06/2026 3:20;0;0
18/06/2026 3:21;0;0
18/06/2026 3:22;0;0
18/06/2026 3:23;0;0
18/06/2026 3:24;0;0
18/06/2026 3:25;0;0
18/06/2026 3:26;0;0
18/06/2026 3:27;0;0
18/06/2026 3:28;0;0
18/06/2026 3:29;0;0
18/06/2026 3:30;0;0
18/06/2026 3:31;0;0
18/06/2026 3:32;0;0
18/06/2026 3:33;0;0
18/06/2026 3:34;0;0
18/06/2026 3:35;0;0
18/06/2026 3:36;0;0
18/06/2026 3:37;0;0
18/06/2026 3:38;0;0
18/06/2026 3:39;0;0
18/06/2026 3:40;0;0
18/06/2026 3:41;0;0
18/06/2026 3:42;0;0
18/06/2026 3:43;0;0
18/06/2026 3:44;0;0
18/06/2026 3:45;0;0
18/06/2026 3:46;0;0
18/06/2026 3:47;0;0
18/06/2026 3:48;0;0
18/06/2026 3:49;0;0
18/06/2026 3:50;0;0
18/06/2026 3:51;0;0
18/06/2026 3:52;0;0
18/06/2026 3:53;0;0
18/06/2026 3:54;0;0
18/06/2026 3:55;0;0
18/06/2026 3:56;0;0
18/06/2026 3:57;0;0
18/06/2026 3:58;0;0
18/06/2026 3:59;0;0
18/06/2026 4:00;0;0
18/06/2026 4:01;0;0
18/06/2026 4:02;0;0
18/06/2026 4:03;0;0
18/06/2026 4:04;0;0
18/06/2026 4:05;0;0
18/06/2026 4:06;0;0
18/06/2026 4:07;0;0
18/06/2026 4:08;0;0
18/06/2026 4:09;0;0
18/06/2026 4:10;0;0
18/06/2026 4:11;0;0
18/06/2026 4:12;0;0
18/06/2026 4:13;0;0
18/06/2026 4:14;0;0
18/06/2026 4:15;0;0
18/06/2026 4:16;0;0
18/06/2026 4:17;0;0
18/06/2026 4:18;0;0
18/06/2026 4:19;0;0
18/06/2026 4:20;0;0
18/06/2026 4:21;0;0
18/06/2026 4:22;0;0
18/06/2026 4:23;0;0
18/06/2026 4:24;0;0
18/06/2026 4:25;0;0
18/06/2026 4:26;0;0
18/06/2026 4:27;0;0
18/06/2026 4:28;0;0
18/06/2026 4:29;0;0
18/06/2026 4:30;0;0
18/06/2026 4:31;0;0
18/06/2026 4:32;0;0
18/06/2026 4:33;0;0
18/06/2026 4:34;0;0
18/06/2026 4:35;0;0
18/06/2026 4:36;0;0
18/06/2026 4:37;0;0
18/06/2026 4:38;0;0
18/06/2026 4:39;0;0
18/06/2026 4:40;0;0
18/06/2026 4:41;0;0
18/06/2026 4:42;0;0
18/06/2026 4:43;0;0
18/06/2026 4:44;0;0
18/06/2026 4:45;0;0
18/06/2026 4:46;0;0
18/06/2026 4:47;0;0
18/06/2026 4:48;0;0
18/06/2026 4:49;0;0
18/06/2026 4:50;0;0
18/06/2026 4:51;0;0
18/06/2026 4:52;0;0
18/06/2026 4:53;0;0
18/06/2026 4:54;0;0
18/06/2026 4:55;0;0
18/06/2026 4:56;0;0
18/06/2026 4:57;0;0
18/06/2026 4:58;0;0
18/06/2026 4:59;0;0
18/06/2026 5:00;0;0
18/06/2026 5:01;0;0
18/06/2026 5:02;0;0
18/06/2026 5:03;0;0
18/06/2026 5:04;0;0
18/06/2026 5:05;0;0
18/06/2026 5:06;0;0
18/06/2026 5:07;0;0
18/06/2026 5:08;0;0
18/06/2026 5:09;0;0
18/06/2026 5:10;0;0
18/06/2026 5:11;0;0
18/06/2026 5:12;0;0
18/06/2026 5:13;0;0
18/06/2026 5:14;0;0
18/06/2026 5:15;0;0
18/06/2026 5:16;0;0
18/06/2026 5:17;0;0
18/06/2026 5:18;0;0
18/06/2026 5:19;0;0
18/06/2026 5:20;0;0
18/06/2026 5:21;0;0
18/06/2026 5:22;0;0
18/06/2026 5:23;0;0
18/06/2026 5:24;0;0
18/06/2026 5:25;0;0
18/06/2026 5:26;0;0
18/06/2026 5:27;0;0
18/06/2026 5:28;0;0
18/06/2026 5:29;0;0
18/06/2026 5:30;0;0
18/06/2026 5:31;0;0
18/06/2026 5:32;0;0
18/06/2026 5:33;0;0
18/06/2026 5:34;0;0
18/06/2026 5:35;0;0
18/06/2026 5:36;0;0
18/06/2026 5:37;0;0
18/06/2026 5:38;0;0
18/06/2026 5:39;0;0
18/06/2026 5:40;0;0
18/06/2026 5:41;0;0
18/06/2026 5:42;0;0
18/06/2026 5:43;0;0
18/06/2026 5:44;0;0
18/06/2026 5:45;0;0
18/06/2026 5:46;0;0
18/06/2026 5:47;0;0
18/06/2026 5:48;0;0
18/06/2026 5:49;0;0
18/06/2026 5:50;0;0
18/06/2026 5:51;0;0
18/06/2026 5:52;0;0
18/06/2026 5:53;0;0
18/06/2026 5:54;0;0
18/06/2026 5:55;0;0
18/06/2026 5:56;0;0
18/06/2026 5:57;0;0
18/06/2026 5:58;0;0
18/06/2026 5:59;0;0
18/06/2026 6:00;0;0
18/06/2026 6:01;0;0
18/06/2026 6:02;0;0
18/06/2026 6:03;0;0
18/06/2026 6:04;0;0
18/06/2026 6:05;0;0
18/06/2026 6:06;0;0
18/06/2026 6:07;0;0
18/06/2026 6:08;0;0
18/06/2026 6:09;0;0
18/06/2026 6:10;0;0
18/06/2026 6:11;0;0
18/06/2026 6:12;0;0
18/06/2026 6:13;0;0
18/06/2026 6:14;0;0
18/06/2026 6:15;0;0
18/06/2026 6:16;0;0
18/06/2026 6:17;0;0
18/06/2026 6:18;0;0
18/06/2026 6:19;0;0
18/06/2026 6:20;0;0
18/06/2026 6:21;0;0
18/06/2026 6:22;0;0
18/06/2026 6:23;0;0
18/06/2026 6:24;0;0
18/06/2026 6:25;0;0
18/06/2026 6:26;0;0
18/06/2026 6:27;0;0
18/06/2026 6:28;0;0
18/06/2026 6:29;0;0
18/06/2026 6:30;0;0
18/06/2026 6:31;0;0
18/06/2026 6:32;0;0
18/06/2026 6:33;0;0
18/06/2026 6:34;0;0
18/06/2026 6:35;0;0
18/06/2026 6:36;0;0
18/06/2026 6:37;0;0
18/06/2026 6:38;0;0
18/06/2026 6:39;0;0
18/06/2026 6:40;0;0
18/06/2026 6:41;0;0
18/06/2026 6:42;0;0
18/06/2026 6:43;0;0
18/06/2026 6:44;0;0
18/06/2026 6:45;0;0
18/06/2026 6:46;0;0
18/06/2026 6:47;0;0
18/06/2026 6:48;0;0
18/06/2026 6:49;0;0
18/06/2026 6:50;0;0
18/06/2026 6:51;0;0
18/06/2026 6:52;0;0
18/06/2026 6:53;0;0
18/06/2026 6:54;0;0
18/06/2026 6:55;0;0
18/06/2026 6:56;0;0
18/06/2026 6:57;0;0
18/06/2026 6:58;0;0
18/06/2026 6:59;0;0
18/06/2026 7:00;0;0
18/06/2026 7:01;0;0
18/06/2026 7:02;0;0
18/06/2026 7:03;0;0
18/06/2026 7:04;0;0
18/06/2026 7:05;0;0
18/06/2026 7:06;0;0
18/06/2026 7:07;0;0
18/06/2026 7:08;0;0
18/06/2026 7:09;0;0
18/06/2026 7:10;0;0
18/06/2026 7:11;0;0
18/06/2026 7:12;0;0
18/06/2026 7:13;0;0
18/06/2026 7:14;0;0
18/06/2026 7:15;0;0
18/06/2026 7:16;0;0
18/06/2026 7:17;0;0
18/06/2026 7:18;0;0
18/06/2026 7:19;0;0
18/06/2026 7:20;0;0
18/06/2026 7:21;0;0
18/06/2026 7:22;0;0
18/06/2026 7:23;0;0
18/06/2026 7:24;0;0
18/06/2026 7:25;0;0
18/06/2026 7:26;0;0
18/06/2026 7:27;0;0
18/06/2026 7:28;0;0
18/06/2026 7:29;0;0
18/06/2026 7:30;0;0
18/06/2026 7:31;0;0
18/06/2026 7:32;0;0
18/06/2026 7:33;0;0
18/06/2026 7:34;0;0
18/06/2026 7:35;0;0
18/06/2026 7:36;0;0
18/06/2026 7:37;0;0
18/06/2026 7:38;0;0
18/06/2026 7:39;0;0
18/06/2026 7:40;0;0
18/06/2026 7:41;0;0
18/06/2026 7:42;0;0
18/06/2026 7:43;0;0
18/06/2026 7:44;2;0
18/06/2026 7:45;5;0
18/06/2026 7:46;7;0
18/06/2026 7:47;7;0
18/06/2026 7:48;10;0
18/06/2026 7:49;12;0
18/06/2026 7:50;14;128
18/06/2026 7:51;16;0
18/06/2026 7:52;20;0
18/06/2026 7:53;22;0
18/06/2026 7:54;24;0
18/06/2026 7:55;25;0
18/06/2026 7:56;28;0
18/06/2026 7:57;30;0
18/06/2026 7:58;33;0
18/06/2026 7:59;35;0
18/06/2026 8:00;36;148
18/06/2026 8:01;38;0
18/06/2026 8:02;40;0
18/06/2026 8:03;42;0
18/06/2026 8:04;60;0
18/06/2026 8:05;46;0
18/06/2026 8:06;48;0
18/06/2026 8:07;51;0
18/06/2026 8:08;52;0
18/06/2026 8:09;54;0
18/06/2026 8:10;58;128
18/06/2026 8:11;59;0
18/06/2026 8:12;61;0
18/06/2026 8:13;64;0
18/06/2026 8:14;65;0
18/06/2026 8:15;66;0
18/06/2026 8:16;70;0
18/06/2026 8:17;72;0
18/06/2026 8:18;76;0
18/06/2026 8:19;78;0
18/06/2026 8:20;81;142
18/06/2026 8:21;84;0
18/06/2026 8:22;86;0
18/06/2026 8:23;88;0
18/06/2026 8:24;92;0
18/06/2026 8:25;93;0
18/06/2026 8:26;97;0
18/06/2026 8:27;99;0
18/06/2026 8:28;101;0
18/06/2026 8:29;105;0
18/06/2026 8:30;107;160
18/06/2026 8:31;110;0
18/06/2026 8:32;112;0
18/06/2026 8:33;115;0
18/06/2026 8:34;119;0
18/06/2026 8:35;122;0
18/06/2026 8:36;126;0
18/06/2026 8:37;128;0
18/06/2026 8:38;131;0
18/06/2026 8:39;133;0
18/06/2026 8:40;137;194
18/06/2026 8:41;140;0
18/06/2026 8:42;143;0
18/06/2026 8:43;146;0
18/06/2026 8:44;150;0
18/06/2026 8:45;151;0
18/06/2026 8:46;154;0
18/06/2026 8:47;158;0
18/06/2026 8:48;161;0
18/06/2026 8:49;164;0
18/06/2026 8:50;168;203
18/06/2026 8:51;171;0
18/06/2026 8:52;174;0
18/06/2026 8:53;177;0
18/06/2026 8:54;181;0
18/06/2026 8:55;183;0
18/06/2026 8:56;186;0
18/06/2026 8:57;189;0
18/06/2026 8:58;192;0
18/06/2026 8:59;196;0
18/06/2026 9:00;199;276
18/06/2026 9:01;201;0
18/06/2026 9:02;205;0
18/06/2026 9:03;207;0
18/06/2026 9:04;210;0
18/06/2026 9:05;213;0
18/06/2026 9:06;217;0
18/06/2026 9:07;221;0
18/06/2026 9:08;223;0
18/06/2026 9:09;226;0
18/06/2026 9:10;230;308
18/06/2026 9:11;231;0
18/06/2026 9:12;235;0
18/06/2026 9:13;238;0
18/06/2026 9:14;243;0
18/06/2026 9:15;245;0
18/06/2026 9:16;248;0
18/06/2026 9:17;251;0
18/06/2026 9:18;255;0
18/06/2026 9:19;258;0
18/06/2026 9:20;260;319
18/06/2026 9:21;264;0
18/06/2026 9:22;267;0
18/06/2026 9:23;269;0
18/06/2026 9:24;272;0
18/06/2026 9:25;275;0
18/06/2026 9:26;278;0
18/06/2026 9:27;282;0
18/06/2026 9:28;286;0
18/06/2026 9:29;289;0
18/06/2026 9:30;293;418
18/06/2026 9:31;296;0
18/06/2026 9:32;297;0
18/06/2026 9:33;301;0
18/06/2026 9:34;303;0
18/06/2026 9:35;306;0
18/06/2026 9:36;308;0
18/06/2026 9:37;312;0
18/06/2026 9:38;314;0
18/06/2026 9:39;317;0
18/06/2026 9:40;319;374
18/06/2026 9:41;323;0
18/06/2026 9:42;324;0
18/06/2026 9:43;328;0
18/06/2026 9:44;331;0
18/06/2026 9:45;333;0
18/06/2026 9:46;336;0
18/06/2026 9:47;339;0
18/06/2026 9:48;341;0
18/06/2026 9:49;344;0
18/06/2026 9:50;347;354
18/06/2026 9:51;349;0
18/06/2026 9:52;351;0
18/06/2026 9:53;354;0
18/06/2026 9:54;357;0
18/06/2026 9:55;360;0
18/06/2026 9:56;362;0
18/06/2026 9:57;365;0
18/06/2026 9:58;367;0
18/06/2026 9:59;369;0
18/06/2026 10:00;373;392
18/06/2026 10:01;375;0
18/06/2026 10:02;377;0
18/06/2026 10:03;380;0
18/06/2026 10:04;382;0
18/06/2026 10:05;386;0
18/06/2026 10:06;388;0
18/06/2026 10:07;390;0
18/06/2026 10:08;393;0
18/06/2026 10:09;397;0
18/06/2026 10:10;397;392
18/06/2026 10:11;401;0
18/06/2026 10:12;403;0
18/06/2026 10:13;405;0
18/06/2026 10:14;409;0
18/06/2026 10:15;412;0
18/06/2026 10:16;416;0
18/06/2026 10:17;416;0
18/06/2026 10:18;418;0
18/06/2026 10:19;419;0
18/06/2026 10:20;423;488
18/06/2026 10:21;426;0
18/06/2026 10:22;426;0
18/06/2026 10:23;430;0
18/06/2026 10:24;431;0
18/06/2026 10:25;434;0
18/06/2026 10:26;437;0
18/06/2026 10:27;437;0
18/06/2026 10:28;441;0
18/06/2026 10:29;444;0
18/06/2026 10:30;445;531
18/06/2026 10:31;449;0
18/06/2026 10:32;453;0
18/06/2026 10:33;455;0
18/06/2026 10:34;457;0
18/06/2026 10:35;459;0
18/06/2026 10:36;460;0
18/06/2026 10:37;462;0
18/06/2026 10:38;465;0
18/06/2026 10:39;468;0
18/06/2026 10:40;469;592
18/06/2026 10:41;471;0
18/06/2026 10:42;473;0
18/06/2026 10:43;476;0
18/06/2026 10:44;479;0
18/06/2026 10:45;480;0
18/06/2026 10:46;483;0
18/06/2026 10:47;484;0
18/06/2026 10:48;487;0
18/06/2026 10:49;489;0
18/06/2026 10:50;490;560
18/06/2026 10:51;493;0
18/06/2026 10:52;495;0
18/06/2026 10:53;497;0
18/06/2026 10:54;500;0
18/06/2026 10:55;504;0
18/06/2026 10:56;506;0
18/06/2026 10:57;508;0
18/06/2026 10:58;509;0
18/06/2026 10:59;508;0
18/06/2026 11:00;511;560
18/06/2026 11:01;514;0
18/06/2026 11:02;518;0
18/06/2026 11:03;517;0
18/06/2026 11:04;517;0
18/06/2026 11:05;519;0
18/06/2026 11:06;519;0
18/06/2026 11:07;483;0
18/06/2026 11:08;525;0
18/06/2026 11:09;525;0
18/06/2026 11:10;528;546
18/06/2026 11:11;530;0
18/06/2026 11:12;534;0
18/06/2026 11:13;534;0
18/06/2026 11:14;536;0
18/06/2026 11:15;538;0
18/06/2026 11:16;539;0
18/06/2026 11:17;541;0
18/06/2026 11:18;542;0
18/06/2026 11:19;543;0
18/06/2026 11:20;542;615
18/06/2026 11:21;545;0
18/06/2026 11:22;545;0
18/06/2026 11:23;546;0
18/06/2026 11:24;546;0
18/06/2026 11:25;548;0
18/06/2026 11:26;548;0
18/06/2026 11:27;552;0
18/06/2026 11:28;551;0
18/06/2026 11:29;554;0
18/06/2026 11:30;557;659
18/06/2026 11:31;558;0
18/06/2026 11:32;559;0
18/06/2026 11:33;563;0
18/06/2026 11:34;563;0
18/06/2026 11:35;568;0
18/06/2026 11:36;569;0
18/06/2026 11:37;570;0
18/06/2026 11:38;571;0
18/06/2026 11:39;573;0
18/06/2026 11:40;573;665
18/06/2026 11:41;575;0
18/06/2026 11:42;574;0
18/06/2026 11:43;574;0
18/06/2026 11:44;574;0
18/06/2026 11:45;575;0
18/06/2026 11:46;575;0
18/06/2026 11:47;575;0
18/06/2026 11:48;579;0
18/06/2026 11:49;581;0
18/06/2026 11:50;583;647
18/06/2026 11:51;582;0
18/06/2026 11:52;583;0
18/06/2026 11:53;581;0
18/06/2026 11:54;585;0
18/06/2026 11:55;589;0
18/06/2026 11:56;590;0
18/06/2026 11:57;592;0
18/06/2026 11:58;596;0
18/06/2026 11:59;599;0
18/06/2026 12:00;602;673
18/06/2026 12:01;604;0
18/06/2026 12:02;604;0
18/06/2026 12:03;603;0
18/06/2026 12:04;603;0
18/06/2026 12:05;604;0
18/06/2026 12:06;604;0
18/06/2026 12:07;605;0
18/06/2026 12:08;604;0
18/06/2026 12:09;604;0
18/06/2026 12:10;604;656
18/06/2026 12:11;603;0
18/06/2026 12:12;603;0
18/06/2026 12:13;605;0
18/06/2026 12:14;606;0
18/06/2026 12:15;608;0
18/06/2026 12:16;607;0
18/06/2026 12:17;610;0
18/06/2026 12:18;614;0
18/06/2026 12:19;617;0
18/06/2026 12:20;618;653
18/06/2026 12:21;614;0
18/06/2026 12:22;617;0
18/06/2026 12:23;616;0
18/06/2026 12:24;620;0
18/06/2026 12:25;622;0
18/06/2026 12:26;625;0
18/06/2026 12:27;622;0
18/06/2026 12:28;626;0
18/06/2026 12:29;627;0
18/06/2026 12:30;628;630
18/06/2026 12:31;632;0
18/06/2026 12:32;631;0
18/06/2026 12:33;633;0
18/06/2026 12:34;632;0
18/06/2026 12:35;633;0
18/06/2026 12:36;636;0
18/06/2026 12:37;638;0
18/06/2026 12:38;639;0
18/06/2026 12:39;640;0
18/06/2026 12:40;639;627
18/06/2026 12:41;639;0
18/06/2026 12:42;639;0
18/06/2026 12:43;635;0
18/06/2026 12:44;641;0
18/06/2026 12:45;638;0
18/06/2026 12:46;643;0
18/06/2026 12:47;648;0
18/06/2026 12:48;647;0
18/06/2026 12:49;648;0
18/06/2026 12:50;648;641
18/06/2026 12:51;651;0
18/06/2026 12:52;652;0
18/06/2026 12:53;651;0
18/06/2026 12:54;649;0
18/06/2026 12:55;648;0
18/06/2026 12:56;647;0
18/06/2026 12:57;647;0
18/06/2026 12:58;646;0
18/06/2026 12:59;646;0
18/06/2026 13:00;647;676
18/06/2026 13:01;648;0
18/06/2026 13:02;649;0
18/06/2026 13:03;647;0
18/06/2026 13:04;648;0
18/06/2026 13:05;647;0
18/06/2026 13:06;645;0
18/06/2026 13:07;646;0
18/06/2026 13:08;646;0
18/06/2026 13:09;646;0
18/06/2026 13:10;646;676
18/06/2026 13:11;650;0
18/06/2026 13:12;651;0
18/06/2026 13:13;651;0
18/06/2026 13:14;649;0
18/06/2026 13:15;649;0
18/06/2026 13:16;646;0
18/06/2026 13:17;649;0
18/06/2026 13:18;646;0
18/06/2026 13:19;647;0
18/06/2026 13:20;647;676
18/06/2026 13:21;644;0
18/06/2026 13:22;645;0
18/06/2026 13:23;649;0
18/06/2026 13:24;647;0
18/06/2026 13:25;650;0
18/06/2026 13:26;650;0
18/06/2026 13:27;651;0
18/06/2026 13:28;649;0
18/06/2026 13:29;651;0
18/06/2026 13:30;650;673
18/06/2026 13:31;650;0
18/06/2026 13:32;648;0
18/06/2026 13:33;645;0
18/06/2026 13:34;646;0
18/06/2026 13:35;647;0
18/06/2026 13:36;649;0
18/06/2026 13:37;649;0
18/06/2026 13:38;646;0
18/06/2026 13:39;649;0
18/06/2026 13:40;647;644
18/06/2026 13:41;647;0
18/06/2026 13:42;647;0
18/06/2026 13:43;649;0
18/06/2026 13:44;652;0
18/06/2026 13:45;652;0
18/06/2026 13:46;655;0
18/06/2026 13:47;654;0
18/06/2026 13:48;654;0
18/06/2026 13:49;653;0
18/06/2026 13:50;652;656
18/06/2026 13:51;651;0
18/06/2026 13:52;651;0
18/06/2026 13:53;652;0
18/06/2026 13:54;651;0
18/06/2026 13:55;651;0
18/06/2026 13:56;649;0
18/06/2026 13:57;644;0
18/06/2026 13:58;646;0
18/06/2026 13:59;644;0
18/06/2026 14:00;646;595
18/06/2026 14:01;645;0
18/06/2026 14:02;646;0
18/06/2026 14:03;645;0
18/06/2026 14:04;647;0
18/06/2026 14:05;650;0
18/06/2026 14:06;651;0
18/06/2026 14:07;652;0
18/06/2026 14:08;652;0
18/06/2026 14:09;653;0
18/06/2026 14:10;650;609
18/06/2026 14:11;636;0
18/06/2026 14:12;647;0
18/06/2026 14:13;646;0
18/06/2026 14:14;644;0
18/06/2026 14:15;642;0
18/06/2026 14:16;645;0
18/06/2026 14:17;645;0
18/06/2026 14:18;647;0
18/06/2026 14:19;648;0
18/06/2026 14:20;648;607
18/06/2026 14:21;646;0
18/06/2026 14:22;645;0
18/06/2026 14:23;645;0
18/06/2026 14:24;645;0
18/06/2026 14:25;643;0
18/06/2026 14:26;645;0
18/06/2026 14:27;644;0
18/06/2026 14:28;644;0
18/06/2026 14:29;645;0
18/06/2026 14:30;646;549
18/06/2026 14:31;644;0
18/06/2026 14:32;643;0
18/06/2026 14:33;641;0
18/06/2026 14:34;640;0
18/06/2026 14:35;641;0
18/06/2026 14:36;640;0
18/06/2026 14:37;640;0
18/06/2026 14:38;641;0
18/06/2026 14:39;642;0
18/06/2026 14:40;641;537
18/06/2026 14:41;639;0
18/06/2026 14:42;639;0
18/06/2026 14:43;641;0
18/06/2026 14:44;644;0
18/06/2026 14:45;644;0
18/06/2026 14:46;644;0
18/06/2026 14:47;643;0
18/06/2026 14:48;644;0
18/06/2026 14:49;642;0
18/06/2026 14:50;640;563
18/06/2026 14:51;638;0
18/06/2026 14:52;638;0
18/06/2026 14:53;638;0
18/06/2026 14:54;635;0
18/06/2026 14:55;634;0
18/06/2026 14:56;633;0
18/06/2026 14:57;634;0
18/06/2026 14:58;631;0
18/06/2026 14:59;627;0
18/06/2026 15:00;626;578
18/06/2026 15:01;626;0
18/06/2026 15:02;629;0
18/06/2026 15:03;631;0
18/06/2026 15:04;630;0
18/06/2026 15:05;626;0
18/06/2026 15:06;624;0
18/06/2026 15:07;624;0
18/06/2026 15:08;621;0
18/06/2026 15:09;620;0
18/06/2026 15:10;619;528
18/06/2026 15:11;616;0
18/06/2026 15:12;613;0
18/06/2026 15:13;609;0
18/06/2026 15:14;610;0
18/06/2026 15:15;608;0
18/06/2026 15:16;609;0
18/06/2026 15:17;609;0
18/06/2026 15:18;606;0
18/06/2026 15:19;603;0
18/06/2026 15:20;602;514
18/06/2026 15:21;600;0
18/06/2026 15:22;602;0
18/06/2026 15:23;600;0
18/06/2026 15:24;599;0
18/06/2026 15:25;601;0
18/06/2026 15:26;604;0
18/06/2026 15:27;603;0
18/06/2026 15:28;600;0
18/06/2026 15:29;600;0
18/06/2026 15:30;596;479
18/06/2026 15:31;592;0
18/06/2026 15:32;591;0
18/06/2026 15:33;588;0
18/06/2026 15:34;589;0
18/06/2026 15:35;591;0
18/06/2026 15:36;588;0
18/06/2026 15:37;591;0
18/06/2026 15:38;592;0
18/06/2026 15:39;590;0
18/06/2026 15:40;587;464
18/06/2026 15:41;586;0
18/06/2026 15:42;584;0
18/06/2026 15:43;582;0
18/06/2026 15:44;580;0
18/06/2026 15:45;577;0
18/06/2026 15:46;577;0
18/06/2026 15:47;574;0
18/06/2026 15:48;571;0
18/06/2026 15:49;570;0
18/06/2026 15:50;570;438
18/06/2026 15:51;568;0
18/06/2026 15:52;566;0
18/06/2026 15:53;564;0
18/06/2026 15:54;563;0
18/06/2026 15:55;561;0
18/06/2026 15:56;563;0
18/06/2026 15:57;562;0
18/06/2026 15:58;563;0
18/06/2026 15:59;562;0
18/06/2026 16:00;559;392
18/06/2026 16:01;557;0
18/06/2026 16:02;554;0
18/06/2026 16:03;551;0
18/06/2026 16:04;551;0
18/06/2026 16:05;548;0
18/06/2026 16:06;548;0
18/06/2026 16:07;547;0
18/06/2026 16:08;546;0
18/06/2026 16:09;541;0
18/06/2026 16:10;539;357
18/06/2026 16:11;536;0
18/06/2026 16:12;534;0
18/06/2026 16:13;532;0
18/06/2026 16:14;533;0
18/06/2026 16:15;534;0
18/06/2026 16:16;532;0
18/06/2026 16:17;530;0
18/06/2026 16:18;529;0
18/06/2026 16:19;527;0
18/06/2026 16:20;541;377
18/06/2026 16:21;519;0
18/06/2026 16:22;515;0
18/06/2026 16:23;511;0
18/06/2026 16:24;511;0
18/06/2026 16:25;509;0
18/06/2026 16:26;508;0
18/06/2026 16:27;507;0
18/06/2026 16:28;506;0
18/06/2026 16:29;504;0
18/06/2026 16:30;503;360
18/06/2026 16:31;501;0
18/06/2026 16:32;503;0
18/06/2026 16:33;504;0
18/06/2026 16:34;501;0
18/06/2026 16:35;497;0
18/06/2026 16:36;498;0
18/06/2026 16:37;499;0
18/06/2026 16:38;497;0
18/06/2026 16:39;493;0
18/06/2026 16:40;492;331
18/06/2026 16:41;490;0
18/06/2026 16:42;485;0
18/06/2026 16:43;483;0
18/06/2026 16:44;479;0
18/06/2026 16:45;477;0
18/06/2026 16:46;475;0
18/06/2026 16:47;472;0
18/06/2026 16:48;472;0
18/06/2026 16:49;471;0
18/06/2026 16:50;471;284
18/06/2026 16:51;395;0
18/06/2026 16:52;321;0
18/06/2026 16:53;328;0
18/06/2026 16:54;340;0
18/06/2026 16:55;459;0
18/06/2026 16:56;472;0
18/06/2026 16:57;465;0
18/06/2026 16:58;462;0
18/06/2026 16:59;462;0
18/06/2026 17:00;458;279
18/06/2026 17:01;454;0
18/06/2026 17:02;447;0
18/06/2026 17:03;445;0
18/06/2026 17:04;443;0
18/06/2026 17:05;438;0
18/06/2026 17:06;435;0
18/06/2026 17:07;431;0
18/06/2026 17:08;428;0
18/06/2026 17:09;425;0
18/06/2026 17:10;423;270
18/06/2026 17:11;419;0
18/06/2026 17:12;414;0
18/06/2026 17:13;413;0
18/06/2026 17:14;411;0
18/06/2026 17:15;409;0
18/06/2026 17:16;408;0
18/06/2026 17:17;407;0
18/06/2026 17:18;403;0
18/06/2026 17:19;402;0
18/06/2026 17:20;400;223
18/06/2026 17:21;397;0
18/06/2026 17:22;392;0
18/06/2026 17:23;390;0
18/06/2026 17:24;388;0
18/06/2026 17:25;386;0
18/06/2026 17:26;382;0
18/06/2026 17:27;380;0
18/06/2026 17:28;377;0
18/06/2026 17:29;374;0
18/06/2026 17:30;373;197
18/06/2026 17:31;371;0
18/06/2026 17:32;369;0
18/06/2026 17:33;366;0
18/06/2026 17:34;364;0
18/06/2026 17:35;361;0
18/06/2026 17:36;358;0
18/06/2026 17:37;356;0
18/06/2026 17:38;355;0
18/06/2026 17:39;353;0
18/06/2026 17:40;351;168
18/06/2026 17:41;349;0
18/06/2026 17:42;348;0
18/06/2026 17:43;346;0
18/06/2026 17:44;344;0
18/06/2026 17:45;342;0
18/06/2026 17:46;341;0
18/06/2026 17:47;338;0
18/06/2026 17:48;336;0
18/06/2026 17:49;334;0
18/06/2026 17:50;332;154
18/06/2026 17:51;331;0
18/06/2026 17:52;328;0
18/06/2026 17:53;326;0
18/06/2026 17:54;321;0
18/06/2026 17:55;319;0
18/06/2026 17:56;315;0
18/06/2026 17:57;310;0
18/06/2026 17:58;309;0
18/06/2026 17:59;306;0
18/06/2026 18:00;304;125
18/06/2026 18:01;289;0
18/06/2026 18:02;287;0
18/06/2026 18:03;284;0
18/06/2026 18:04;278;0
18/06/2026 18:05;271;0
18/06/2026 18:06;268;0
18/06/2026 18:07;267;0
18/06/2026 18:08;265;0
18/06/2026 18:09;262;0
18/06/2026 18:10;258;110
18/06/2026 18:11;236;0
18/06/2026 18:12;236;0
18/06/2026 18:13;224;0
18/06/2026 18:14;221;0
18/06/2026 18:15;227;0
18/06/2026 18:16;226;0
18/06/2026 18:17;225;0
18/06/2026 18:18;223;0
18/06/2026 18:19;222;0
18/06/2026 18:20;197;104
18/06/2026 18:21;198;0
18/06/2026 18:22;193;0
18/06/2026 18:23;200;0
18/06/2026 18:24;198;0
18/06/2026 18:25;196;0
18/06/2026 18:26;194;0
18/06/2026 18:27;191;0
18/06/2026 18:28;187;0
18/06/2026 18:29;180;0
18/06/2026 18:30;155;104
18/06/2026 18:31;141;0
18/06/2026 18:32;140;0
18/06/2026 18:33;136;0
18/06/2026 18:34;139;0
18/06/2026 18:35;132;0
18/06/2026 18:36;109;0
18/06/2026 18:37;99;0
18/06/2026 18:38;117;0
18/06/2026 18:39;118;0
18/06/2026 18:40;115;102
18/06/2026 18:41;105;0
18/06/2026 18:42;110;0
18/06/2026 18:43;107;0
18/06/2026 18:44;91;0
18/06/2026 18:55;0;0
18/06/2026 18:56;0;0
18/06/2026 18:57;0;0
18/06/2026 18:58;0;0
18/06/2026 18:59;0;0
18/06/2026 19:00;0;0
18/06/2026 19:01;98;0
18/06/2026 19:02;93;0
18/06/2026 19:03;91;0
18/06/2026 19:04;88;0
18/06/2026 19:05;85;0
18/06/2026 19:06;86;0
18/06/2026 19:07;82;0
18/06/2026 19:08;83;0
18/06/2026 19:09;81;0
18/06/2026 19:10;79;0
18/06/2026 19:11;77;0
18/06/2026 19:12;74;0
18/06/2026 19:13;70;0
18/06/2026 19:14;66;0
18/06/2026 19:16;61;0
18/06/2026 19:19;56;0
18/06/2026 19:20;54;0
18/06/2026 19:21;53;0
18/06/2026 19:22;52;0
18/06/2026 19:23;51;0
18/06/2026 19:24;49;0
18/06/2026 19:25;49;0
18/06/2026 19:26;46;0
18/06/2026 19:27;46;0
18/06/2026 19:28;45;0
18/06/2026 19:29;44;0
18/06/2026 19:30;45;0
18/06/2026 19:31;45;0
18/06/2026 19:32;46;0
18/06/2026 19:33;46;0
18/06/2026 19:34;0;0
18/06/2026 19:35;47;0
18/06/2026 19:36;47;0
18/06/2026 19:37;46;0
18/06/2026 19:38;44;0
18/06/2026 19:39;43;0
18/06/2026 19:40;44;0
18/06/2026 19:41;44;0
18/06/2026 19:42;44;0
18/06/2026 19:43;45;0
18/06/2026 19:44;43;0
18/06/2026 19:45;44;0
18/06/2026 19:46;43;0
18/06/2026 19:47;42;0
18/06/2026 19:48;40;0
18/06/2026 19:49;40;0
18/06/2026 19:50;39;0
18/06/2026 19:51;37;0
18/06/2026 19:52;38;0
18/06/2026 19:53;37;0
18/06/2026 19:54;35;0
18/06/2026 19:55;34;0
18/06/2026 19:56;34;0
18/06/2026 19:57;33;0
18/06/2026 19:58;33;0
18/06/2026 19:59;32;0
18/06/2026 20:00;31;0
18/06/2026 20:01;30;0
18/06/2026 20:02;29;0
18/06/2026 20:03;28;0
18/06/2026 20:04;27;0
18/06/2026 20:05;26;0
18/06/2026 20:06;25;0
18/06/2026 20:07;23;0
18/06/2026 20:08;22;0
18/06/2026 20:09;21;0
18/06/2026 20:10;20;0
18/06/2026 20:11;18;0
18/06/2026 20:12;18;0
18/06/2026 20:13;17;0
18/06/2026 20:14;16;0
18/06/2026 20:15;16;0
18/06/2026 20:16;16;0
18/06/2026 20:17;15;0
18/06/2026 20:18;15;0
18/06/2026 20:19;16;0
18/06/2026 20:20;15;0
18/06/2026 20:21;14;0
18/06/2026 20:22;14;0
18/06/2026 20:23;14;0
18/06/2026 20:24;13;0
18/06/2026 20:25;12;0
18/06/2026 20:26;11;0
18/06/2026 20:27;12;0
18/06/2026 20:28;12;0
18/06/2026 20:29;11;0
18/06/2026 20:30;11;0
18/06/2026 20:31;11;0
18/06/2026 20:32;10;0
18/06/2026 20:33;10;0
18/06/2026 20:34;10;0
18/06/2026 20:35;10;0
18/06/2026 20:36;10;0
18/06/2026 20:37;9;0
18/06/2026 20:38;7;0
18/06/2026 20:39;7;0
18/06/2026 20:40;7;0
18/06/2026 20:41;6;0
18/06/2026 20:42;6;0
18/06/2026 20:43;6;0
18/06/2026 20:44;5;0
18/06/2026 20:45;6;0
18/06/2026 20:46;5;0
18/06/2026 20:47;5;0
18/06/2026 20:48;3;0
18/06/2026 20:49;3;0
18/06/2026 20:50;2;0
18/06/2026 20:51;0;0
18/06/2026 20:52;0;0
18/06/2026 20:53;0;0
18/06/2026 20:54;0;0
18/06/2026 20:55;0;0
18/06/2026 20:56;0;0
18/06/2026 20:57;0;0
18/06/2026 20:58;0;0
18/06/2026 20:59;0;0
18/06/2026 21:00;0;0
18/06/2026 21:01;0;0
18/06/2026 21:02;0;0
18/06/2026 21:03;0;0
18/06/2026 21:04;0;0
18/06/2026 21:05;0;0
18/06/2026 21:06;0;0
18/06/2026 21:07;0;0
18/06/2026 21:08;0;0
18/06/2026 21:09;0;0
18/06/2026 21:10;0;0
18/06/2026 21:11;0;0
18/06/2026 21:12;0;0
18/06/2026 21:13;0;0
18/06/2026 21:14;0;0
18/06/2026 21:15;0;0
18/06/2026 21:16;0;0
18/06/2026 21:17;0;0
18/06/2026 21:18;0;0
18/06/2026 21:19;0;0
18/06/2026 21:20;0;0
18/06/2026 21:21;0;0
18/06/2026 21:22;0;0
18/06/2026 21:23;0;0
18/06/2026 21:24;0;0
18/06/2026 21:25;0;0
18/06/2026 21:26;0;0
18/06/2026 21:27;0;0
18/06/2026 21:28;0;0
18/06/2026 21:29;0;0
18/06/2026 21:30;0;0
18/06/2026 21:31;0;0
18/06/2026 21:32;0;0
18/06/2026 21:33;0;0
18/06/2026 21:34;0;0
18/06/2026 21:35;0;0
18/06/2026 21:36;0;0
18/06/2026 21:37;0;0
18/06/2026 21:38;0;0
18/06/2026 21:39;0;0
18/06/2026 21:40;0;0
18/06/2026 21:41;0;0
18/06/2026 21:42;0;0
18/06/2026 21:43;0;0
18/06/2026 21:44;0;0
18/06/2026 21:45;0;0
18/06/2026 21:46;0;0
18/06/2026 21:47;0;0
18/06/2026 21:48;0;0
18/06/2026 21:49;0;0
18/06/2026 21:50;0;0
18/06/2026 21:51;0;0
18/06/2026 21:52;0;0
18/06/2026 21:53;0;0
18/06/2026 21:54;0;0
18/06/2026 21:55;0;0
18/06/2026 21:56;0;0
18/06/2026 21:57;0;0
18/06/2026 21:58;0;0
18/06/2026 21:59;0;0
18/06/2026 22:00;0;0
18/06/2026 22:01;0;0
18/06/2026 22:02;0;0
18/06/2026 22:03;0;0
18/06/2026 22:04;0;0
18/06/2026 22:05;0;0
18/06/2026 22:06;0;0
18/06/2026 22:07;0;0
18/06/2026 22:08;0;0
18/06/2026 22:09;0;0
18/06/2026 22:10;0;0
18/06/2026 22:11;0;0
18/06/2026 22:12;0;0
18/06/2026 22:13;0;0
18/06/2026 22:14;0;0
18/06/2026 22:15;0;0
18/06/2026 22:16;0;0
18/06/2026 22:17;0;0
18/06/2026 22:18;0;0
18/06/2026 22:19;0;0
18/06/2026 22:20;0;0
18/06/2026 22:21;0;0
18/06/2026 22:22;0;0
18/06/2026 22:23;0;0
18/06/2026 22:24;0;0
18/06/2026 22:25;0;0
18/06/2026 22:26;0;0
18/06/2026 22:27;0;0
18/06/2026 22:28;0;0
18/06/2026 22:29;0;0
18/06/2026 22:30;0;0
18/06/2026 22:31;0;0
18/06/2026 22:32;0;0
18/06/2026 22:33;0;0
18/06/2026 22:34;0;0
18/06/2026 22:35;0;0
18/06/2026 22:36;0;0
18/06/2026 22:37;0;0
18/06/2026 22:38;0;0
18/06/2026 22:39;0;0
18/06/2026 22:40;0;0
18/06/2026 22:41;0;0
18/06/2026 22:42;0;0
18/06/2026 22:43;0;0
18/06/2026 22:44;0;0
18/06/2026 22:45;0;0
18/06/2026 22:46;0;0
18/06/2026 22:47;0;0
18/06/2026 22:48;0;0
18/06/2026 22:49;0;0
18/06/2026 22:50;0;0
18/06/2026 22:51;0;0
18/06/2026 22:52;0;0
18/06/2026 22:53;0;0
18/06/2026 22:54;0;0
18/06/2026 22:55;0;0
18/06/2026 22:56;0;0
18/06/2026 22:57;0;0
18/06/2026 22:58;0;0
18/06/2026 22:59;0;0
18/06/2026 23:00;0;0
18/06/2026 23:01;0;0
18/06/2026 23:02;0;0
18/06/2026 23:03;0;0
18/06/2026 23:04;0;0
18/06/2026 23:05;0;0
18/06/2026 23:06;0;0
18/06/2026 23:07;0;0
18/06/2026 23:08;0;0
18/06/2026 23:09;0;0
18/06/2026 23:10;0;0
18/06/2026 23:11;0;0
18/06/2026 23:12;0;0
18/06/2026 23:13;0;0
18/06/2026 23:14;0;0
18/06/2026 23:15;0;0
18/06/2026 23:16;0;0
18/06/2026 23:17;0;0
18/06/2026 23:18;0;0
18/06/2026 23:19;0;0
18/06/2026 23:20;0;0
18/06/2026 23:21;0;0
18/06/2026 23:22;0;0
18/06/2026 23:23;0;0
18/06/2026 23:24;0;0
18/06/2026 23:25;0;0
18/06/2026 23:26;0;0
18/06/2026 23:27;0;0
18/06/2026 23:28;0;0
18/06/2026 23:29;0;0
18/06/2026 23:30;0;0
18/06/2026 23:31;0;0
18/06/2026 23:32;0;0
18/06/2026 23:33;0;0
18/06/2026 23:34;0;0
18/06/2026 23:35;0;0
18/06/2026 23:36;0;0
18/06/2026 23:37;0;0
18/06/2026 23:38;0;0
18/06/2026 23:39;0;0
18/06/2026 23:40;0;0
18/06/2026 23:41;0;0
18/06/2026 23:42;0;0
18/06/2026 23:43;0;0
18/06/2026 23:44;0;0
18/06/2026 23:45;0;0
18/06/2026 23:46;0;0
18/06/2026 23:47;0;0
18/06/2026 23:48;0;0
18/06/2026 23:49;0;0
18/06/2026 23:50;0;0
18/06/2026 23:51;0;0
18/06/2026 23:52;0;0
18/06/2026 23:53;0;0
18/06/2026 23:54;0;0
18/06/2026 23:55;0;0
18/06/2026 23:56;0;0
18/06/2026 23:57;0;0
18/06/2026 23:58;0;0
18/06/2026 23:59;0;0
19/06/2026 0:00;0;0
19/06/2026 0:01;0;0
19/06/2026 0:02;0;0
19/06/2026 0:03;0;0
19/06/2026 0:04;0;0
19/06/2026 0:05;0;0
19/06/2026 0:06;0;0
19/06/2026 0:07;0;0
19/06/2026 0:08;0;0
19/06/2026 0:09;0;0
19/06/2026 0:10;0;0
19/06/2026 0:11;0;0
19/06/2026 0:12;0;0
19/06/2026 0:13;0;0
19/06/2026 0:14;0;0
19/06/2026 0:15;0;0
19/06/2026 0:16;0;0
19/06/2026 0:17;0;0
19/06/2026 0:18;0;0
19/06/2026 0:19;0;0
19/06/2026 0:20;0;0
19/06/2026 0:21;0;0
19/06/2026 0:22;0;0
19/06/2026 0:23;0;0
19/06/2026 0:24;0;0
19/06/2026 0:25;0;0
19/06/2026 0:26;0;0
19/06/2026 0:27;0;0
19/06/2026 0:28;0;0
19/06/2026 0:29;0;0
19/06/2026 0:30;0;0
19/06/2026 0:31;0;0
19/06/2026 0:32;0;0
19/06/2026 0:33;0;0
19/06/2026 0:34;0;0
19/06/2026 0:35;0;0
19/06/2026 0:36;0;0
19/06/2026 0:37;0;0
19/06/2026 0:38;0;0
19/06/2026 0:39;0;0
19/06/2026 0:40;0;0
19/06/2026 0:41;0;0
19/06/2026 0:42;0;0
19/06/2026 0:43;0;0
19/06/2026 0:44;0;0
19/06/2026 0:45;0;0
19/06/2026 0:46;0;0
19/06/2026 0:47;0;0
19/06/2026 0:48;0;0
19/06/2026 0:49;0;0
19/06/2026 0:50;0;0
19/06/2026 0:51;0;0
19/06/2026 0:52;0;0
19/06/2026 0:53;0;0
19/06/2026 0:54;0;0
19/06/2026 0:55;0;0
19/06/2026 0:56;0;0
19/06/2026 0:57;0;0
19/06/2026 0:58;0;0
19/06/2026 0:59;0;0
19/06/2026 1:00;0;0
19/06/2026 1:01;0;0
19/06/2026 1:02;0;0
19/06/2026 1:03;0;0
19/06/2026 1:04;0;0
19/06/2026 1:05;0;0
19/06/2026 1:06;0;0
19/06/2026 1:07;0;0
19/06/2026 1:08;0;0
19/06/2026 1:09;0;0
19/06/2026 1:10;0;0
19/06/2026 1:11;0;0
19/06/2026 1:12;0;0
19/06/2026 1:13;0;0
19/06/2026 1:14;0;0
19/06/2026 1:15;0;0
19/06/2026 1:16;0;0
19/06/2026 1:17;0;0
19/06/2026 1:18;0;0
19/06/2026 1:19;0;0
19/06/2026 1:20;0;0
19/06/2026 1:21;0;0
19/06/2026 1:22;0;0
19/06/2026 1:23;0;0
19/06/2026 1:24;0;0
19/06/2026 1:25;0;0
19/06/2026 1:26;0;0
19/06/2026 1:27;0;0
19/06/2026 1:28;0;0
19/06/2026 1:29;0;0
19/06/2026 1:30;0;0
19/06/2026 1:31;0;0
19/06/2026 1:32;0;0
19/06/2026 1:33;0;0
19/06/2026 1:34;0;0
19/06/2026 1:35;0;0
19/06/2026 1:36;0;0
19/06/2026 1:37;0;0
19/06/2026 1:38;0;0
19/06/2026 1:39;0;0
19/06/2026 1:40;0;0
19/06/2026 1:41;0;0
19/06/2026 1:42;0;0
19/06/2026 1:43;0;0
19/06/2026 1:44;0;0
19/06/2026 1:45;0;0
19/06/2026 1:46;0;0
19/06/2026 1:47;0;0
19/06/2026 1:48;0;0
19/06/2026 1:49;0;0
19/06/2026 1:50;0;0
19/06/2026 1:51;0;0
19/06/2026 1:52;0;0
19/06/2026 1:53;0;0
19/06/2026 1:54;0;0
19/06/2026 1:55;0;0
19/06/2026 1:56;0;0
19/06/2026 1:57;0;0
19/06/2026 1:58;0;0
19/06/2026 1:59;0;0
19/06/2026 2:00;0;0
19/06/2026 2:01;0;0
19/06/2026 2:02;0;0
19/06/2026 2:03;0;0
19/06/2026 2:04;0;0
19/06/2026 2:05;0;0
19/06/2026 2:06;0;0
19/06/2026 2:07;0;0
19/06/2026 2:08;0;0
19/06/2026 2:09;0;0
19/06/2026 2:10;0;0
19/06/2026 2:11;0;0
19/06/2026 2:12;0;0
19/06/2026 2:13;0;0
19/06/2026 2:14;0;0
19/06/2026 2:15;0;0
19/06/2026 2:16;0;0
19/06/2026 2:17;0;0
19/06/2026 2:18;0;0
19/06/2026 2:19;0;0
19/06/2026 2:20;0;0
19/06/2026 2:21;0;0
19/06/2026 2:22;0;0
19/06/2026 2:23;0;0
19/06/2026 2:24;0;0
19/06/2026 2:25;0;0
19/06/2026 2:26;0;0
19/06/2026 2:27;0;0
19/06/2026 2:28;0;0
19/06/2026 2:29;0;0
19/06/2026 2:30;0;0
19/06/2026 2:31;0;0
19/06/2026 2:32;0;0
19/06/2026 2:33;0;0
19/06/2026 2:34;0;0
19/06/2026 2:35;0;0
19/06/2026 2:36;0;0
19/06/2026 2:37;0;0
19/06/2026 2:38;0;0
19/06/2026 2:39;0;0
19/06/2026 2:40;0;0
19/06/2026 2:41;0;0
19/06/2026 2:42;0;0
19/06/2026 2:43;0;0
19/06/2026 2:44;0;0
19/06/2026 2:45;0;0
19/06/2026 2:46;0;0
19/06/2026 2:47;0;0
19/06/2026 2:48;0;0
19/06/2026 2:49;0;0
19/06/2026 2:50;0;0
19/06/2026 2:51;0;0
19/06/2026 2:52;0;0
19/06/2026 2:53;0;0
19/06/2026 2:54;0;0
19/06/2026 2:55;0;0
19/06/2026 2:56;0;0
19/06/2026 2:57;0;0
19/06/2026 2:58;0;0
19/06/2026 2:59;0;0
19/06/2026 3:00;0;0
19/06/2026 3:01;0;0
19/06/2026 3:02;0;0
19/06/2026 3:03;0;0
19/06/2026 3:04;0;0
19/06/2026 3:05;0;0
19/06/2026 3:06;0;0
19/06/2026 3:07;0;0
19/06/2026 3:08;0;0
19/06/2026 3:09;0;0
19/06/2026 3:10;0;0
19/06/2026 3:11;0;0
19/06/2026 3:12;0;0
19/06/2026 3:13;0;0
19/06/2026 3:14;0;0
19/06/2026 3:15;0;0
19/06/2026 3:16;0;0
19/06/2026 3:17;0;0
19/06/2026 3:18;0;0
19/06/2026 3:19;0;0
19/06/2026 3:20;0;0
19/06/2026 3:21;0;0
19/06/2026 3:22;0;0
19/06/2026 3:23;0;0
19/06/2026 3:24;0;0
19/06/2026 3:25;0;0
19/06/2026 3:26;0;0
19/06/2026 3:27;0;0
19/06/2026 3:28;0;0
19/06/2026 3:29;0;0
19/06/2026 3:30;0;0
19/06/2026 3:31;0;0
19/06/2026 3:32;0;0
19/06/2026 3:33;0;0
19/06/2026 3:34;0;0
19/06/2026 3:35;0;0
19/06/2026 3:36;0;0
19/06/2026 3:37;0;0
19/06/2026 3:38;0;0
19/06/2026 3:39;0;0
19/06/2026 3:40;0;0
19/06/2026 3:41;0;0
19/06/2026 3:42;0;0
19/06/2026 3:43;0;0
19/06/2026 3:44;0;0
19/06/2026 3:45;0;0
19/06/2026 3:46;0;0
19/06/2026 3:47;0;0
19/06/2026 3:48;0;0
19/06/2026 3:49;0;0
19/06/2026 3:50;0;0
19/06/2026 3:51;0;0
19/06/2026 3:52;0;0
19/06/2026 3:53;0;0
19/06/2026 3:54;0;0
19/06/2026 3:55;0;0
19/06/2026 3:56;0;0
19/06/2026 3:57;0;0
19/06/2026 3:58;0;0
19/06/2026 3:59;0;0
19/06/2026 4:00;0;0
19/06/2026 4:01;0;0
19/06/2026 4:02;0;0
19/06/2026 4:03;0;0
19/06/2026 4:04;0;0
19/06/2026 4:05;0;0
19/06/2026 4:06;0;0
19/06/2026 4:07;0;0
19/06/2026 4:08;0;0
19/06/2026 4:09;0;0
19/06/2026 4:10;0;0
19/06/2026 4:11;0;0
19/06/2026 4:12;0;0
19/06/2026 4:13;0;0
19/06/2026 4:14;0;0
19/06/2026 4:15;0;0
19/06/2026 4:16;0;0
19/06/2026 4:17;0;0
19/06/2026 4:18;0;0
19/06/2026 4:19;0;0
19/06/2026 4:20;0;0
19/06/2026 4:21;0;0
19/06/2026 4:22;0;0
19/06/2026 4:23;0;0
19/06/2026 4:24;0;0
19/06/2026 4:25;0;0
19/06/2026 4:26;0;0
19/06/2026 4:27;0;0
19/06/2026 4:28;0;0
19/06/2026 4:29;0;0
19/06/2026 4:30;0;0
19/06/2026 4:31;0;0
19/06/2026 4:32;0;0
19/06/2026 4:33;0;0
19/06/2026 4:34;0;0
19/06/2026 4:35;0;0
19/06/2026 4:36;0;0
19/06/2026 4:37;0;0
19/06/2026 4:38;0;0
19/06/2026 4:39;0;0
19/06/2026 4:40;0;0
19/06/2026 4:41;0;0
19/06/2026 4:42;0;0
19/06/2026 4:43;0;0
19/06/2026 4:44;0;0
19/06/2026 4:45;0;0
19/06/2026 4:46;0;0
19/06/2026 4:47;0;0
19/06/2026 4:48;0;0
19/06/2026 4:49;0;0
19/06/2026 4:50;0;0
19/06/2026 4:51;0;0
19/06/2026 4:52;0;0
19/06/2026 4:53;0;0
19/06/2026 4:54;0;0
19/06/2026 4:55;0;0
19/06/2026 4:56;0;0
19/06/2026 4:57;0;0
19/06/2026 4:58;0;0
19/06/2026 4:59;0;0
19/06/2026 5:00;0;0
19/06/2026 5:01;0;0
19/06/2026 5:02;0;0
19/06/2026 5:03;0;0
19/06/2026 5:04;0;0
19/06/2026 5:05;0;0
19/06/2026 5:06;0;0
19/06/2026 5:07;0;0
19/06/2026 5:08;0;0
19/06/2026 5:09;0;0
19/06/2026 5:10;0;0
19/06/2026 5:11;0;0
19/06/2026 5:12;0;0
19/06/2026 5:13;0;0
19/06/2026 5:14;0;0
19/06/2026 5:15;0;0
19/06/2026 5:16;0;0
19/06/2026 5:17;0;0
19/06/2026 5:18;0;0
19/06/2026 5:19;0;0
19/06/2026 5:20;0;0
19/06/2026 5:21;0;0
19/06/2026 5:22;0;0
19/06/2026 5:23;0;0
19/06/2026 5:24;0;0
19/06/2026 5:25;0;0
19/06/2026 5:26;0;0
19/06/2026 5:27;0;0
19/06/2026 5:28;0;0
19/06/2026 5:29;0;0
19/06/2026 5:30;0;0
19/06/2026 5:31;0;0
19/06/2026 5:32;0;0
19/06/2026 5:33;0;0
19/06/2026 5:34;0;0
19/06/2026 5:35;0;0
19/06/2026 5:36;0;0
19/06/2026 5:37;0;0
19/06/2026 5:38;0;0
19/06/2026 5:39;0;0
19/06/2026 5:40;0;0
19/06/2026 5:41;0;0
19/06/2026 5:42;0;0
19/06/2026 5:43;0;0
19/06/2026 5:44;0;0
19/06/2026 5:45;0;0
19/06/2026 5:46;0;0
19/06/2026 5:47;0;0
19/06/2026 5:48;0;0
19/06/2026 5:49;0;0
19/06/2026 5:50;0;0
19/06/2026 5:51;0;0
19/06/2026 5:52;0;0
19/06/2026 5:53;0;0
19/06/2026 5:54;0;0
19/06/2026 5:55;0;0
19/06/2026 5:56;0;0
19/06/2026 5:57;0;0
19/06/2026 5:58;0;0
19/06/2026 5:59;0;0
19/06/2026 6:00;0;0
19/06/2026 6:01;0;0
19/06/2026 6:02;0;0
19/06/2026 6:03;0;0
19/06/2026 6:04;0;0
19/06/2026 6:05;0;0
19/06/2026 6:06;0;0
19/06/2026 6:07;0;0
19/06/2026 6:08;0;0
19/06/2026 6:09;0;0
19/06/2026 6:10;0;0
19/06/2026 6:11;0;0
19/06/2026 6:12;0;0
19/06/2026 6:13;0;0
19/06/2026 6:14;0;0
19/06/2026 6:15;0;0
19/06/2026 6:16;0;0
19/06/2026 6:17;0;0
19/06/2026 6:18;0;0
19/06/2026 6:19;0;0
19/06/2026 6:20;0;0
19/06/2026 6:21;0;0
19/06/2026 6:22;0;0
19/06/2026 6:23;0;0
19/06/2026 6:24;0;0
19/06/2026 6:25;0;0
19/06/2026 6:26;0;0
19/06/2026 6:27;0;0
19/06/2026 6:28;0;0
19/06/2026 6:29;0;0
19/06/2026 6:30;0;0
19/06/2026 6:31;0;0
19/06/2026 6:32;0;0
19/06/2026 6:33;0;0
19/06/2026 6:34;0;0
19/06/2026 6:35;0;0
19/06/2026 6:36;0;0
19/06/2026 6:37;0;0
19/06/2026 6:38;0;0
19/06/2026 6:39;0;0
19/06/2026 6:40;0;0
19/06/2026 6:41;0;0
19/06/2026 6:42;0;0
19/06/2026 6:43;0;0
19/06/2026 6:44;0;0
19/06/2026 6:45;0;0
19/06/2026 6:46;0;0
19/06/2026 6:47;0;0
19/06/2026 6:48;0;0
19/06/2026 6:49;0;0
19/06/2026 6:50;0;0
19/06/2026 6:51;0;0
19/06/2026 6:52;0;0
19/06/2026 6:53;0;0
19/06/2026 6:54;0;0
19/06/2026 6:55;0;0
19/06/2026 6:56;0;0
19/06/2026 6:57;0;0
19/06/2026 6:58;0;0
19/06/2026 6:59;0;0
19/06/2026 7:00;0;0
19/06/2026 7:01;0;0
19/06/2026 7:02;0;0
19/06/2026 7:03;0;0
19/06/2026 7:04;0;0
19/06/2026 7:05;0;0
19/06/2026 7:06;0;0
19/06/2026 7:07;0;0
19/06/2026 7:08;0;0
19/06/2026 7:09;0;0
19/06/2026 7:10;0;0
19/06/2026 7:11;0;0
19/06/2026 7:12;0;0
19/06/2026 7:13;0;0
19/06/2026 7:14;0;0
19/06/2026 7:15;0;0
19/06/2026 7:16;0;0
19/06/2026 7:17;0;0
19/06/2026 7:18;0;0
19/06/2026 7:19;0;0
19/06/2026 7:20;0;0
19/06/2026 7:21;0;0
19/06/2026 7:22;0;0
19/06/2026 7:23;0;0
19/06/2026 7:24;0;0
19/06/2026 7:25;0;0
19/06/2026 7:26;0;0
19/06/2026 7:27;0;0
19/06/2026 7:28;0;0
19/06/2026 7:29;0;0
19/06/2026 7:30;0;0
19/06/2026 7:31;0;0
19/06/2026 7:32;0;0
19/06/2026 7:33;0;0
19/06/2026 7:34;0;0
19/06/2026 7:35;0;0
19/06/2026 7:36;0;0
19/06/2026 7:37;0;0
19/06/2026 7:38;0;0
19/06/2026 7:39;0;0
19/06/2026 7:40;0;0
19/06/2026 7:41;0;0
19/06/2026 7:42;0;0
19/06/2026 7:43;1;0
19/06/2026 7:44;3;0
19/06/2026 7:45;4;0
19/06/2026 7:46;8;0
19/06/2026 7:47;9;0
19/06/2026 7:48;11;0
19/06/2026 7:49;14;104
19/06/2026 7:50;16;0
19/06/2026 7:51;18;0
19/06/2026 7:52;20;0
19/06/2026 7:53;21;0
19/06/2026 7:54;22;0
19/06/2026 7:55;23;0
19/06/2026 7:56;27;0
19/06/2026 7:57;29;0
19/06/2026 7:58;30;0
19/06/2026 7:59;32;87,1
19/06/2026 8:00;33;0
19/06/2026 8:01;36;0
19/06/2026 8:02;37;0
19/06/2026 8:03;39;0
19/06/2026 8:04;41;0
19/06/2026 8:05;43;0
19/06/2026 8:06;45;0
19/06/2026 8:07;46;0
19/06/2026 8:08;49;0
19/06/2026 8:09;50;81,3
19/06/2026 8:10;53;0
19/06/2026 8:11;55;0
19/06/2026 8:12;56;0
19/06/2026 8:13;58;0
19/06/2026 8:14;61;0
19/06/2026 8:15;62;0
19/06/2026 8:16;65;0
19/06/2026 8:17;67;0
19/06/2026 8:18;70;0
19/06/2026 8:19;74;128
19/06/2026 8:20;75;0
19/06/2026 8:21;79;0
19/06/2026 8:22;81;0
19/06/2026 8:23;85;0
19/06/2026 8:24;87;0
19/06/2026 8:25;89;0
19/06/2026 8:26;91;0
19/06/2026 8:27;94;0
19/06/2026 8:28;97;0
19/06/2026 8:29;99;194
19/06/2026 8:30;101;0
19/06/2026 8:31;103;0
19/06/2026 8:32;107;0
19/06/2026 8:33;109;0
19/06/2026 8:34;112;0
19/06/2026 8:35;114;0
19/06/2026 8:36;116;0
19/06/2026 8:37;120;0
19/06/2026 8:38;123;0
19/06/2026 8:39;125;200
19/06/2026 8:40;128;0
19/06/2026 8:41;131;0
19/06/2026 8:42;133;0
19/06/2026 8:43;136;0
19/06/2026 8:44;139;0
19/06/2026 8:45;141;0
19/06/2026 8:46;144;0
19/06/2026 8:47;147;0
19/06/2026 8:48;149;0
19/06/2026 8:49;153;223
19/06/2026 8:50;155;0
19/06/2026 8:51;158;0
19/06/2026 8:52;162;0
19/06/2026 8:53;165;0
19/06/2026 8:54;168;0
19/06/2026 8:55;172;0
19/06/2026 8:56;174;0
19/06/2026 8:57;178;0
19/06/2026 8:58;181;0
19/06/2026 8:59;183;206
19/06/2026 9:00;184;0
19/06/2026 9:01;188;0
19/06/2026 9:02;191;0
19/06/2026 9:03;195;0
19/06/2026 9:04;197;0
19/06/2026 9:05;199;0
19/06/2026 9:06;202;0
19/06/2026 9:07;206;0
19/06/2026 9:08;208;0
19/06/2026 9:09;210;212
19/06/2026 9:10;213;0
19/06/2026 9:11;217;0
19/06/2026 9:12;218;0
19/06/2026 9:13;220;0
19/06/2026 9:14;228;0
19/06/2026 9:15;231;0
19/06/2026 9:16;234;0
19/06/2026 9:17;236;0
19/06/2026 9:18;238;0
19/06/2026 9:19;243;302
19/06/2026 9:20;245;0
19/06/2026 9:21;246;0
19/06/2026 9:22;251;0
19/06/2026 9:23;251;0
19/06/2026 9:24;255;0
19/06/2026 9:25;259;0
19/06/2026 9:26;262;0
19/06/2026 9:27;266;0
19/06/2026 9:28;268;0
19/06/2026 9:29;271;334
19/06/2026 9:30;273;0
19/06/2026 9:31;277;0
19/06/2026 9:32;279;0
19/06/2026 9:33;284;0
19/06/2026 9:34;286;0
19/06/2026 9:35;290;0
19/06/2026 9:36;293;0
19/06/2026 9:37;296;0
19/06/2026 9:38;298;0
19/06/2026 9:39;300;334
19/06/2026 9:40;302;0
19/06/2026 9:41;305;0
19/06/2026 9:42;308;0
19/06/2026 9:43;310;0
19/06/2026 9:44;313;0
19/06/2026 9:45;316;0
19/06/2026 9:46;319;0
19/06/2026 9:47;321;0
19/06/2026 9:48;322;0
19/06/2026 9:49;326;340
19/06/2026 9:50;329;0
19/06/2026 9:51;329;0
19/06/2026 9:52;333;0
19/06/2026 9:53;336;0
19/06/2026 9:54;337;0
19/06/2026 9:55;340;0
19/06/2026 9:56;342;0
19/06/2026 9:57;345;0
19/06/2026 9:58;347;0
19/06/2026 9:59;350;409
19/06/2026 10:00;351;0
19/06/2026 10:01;354;0
19/06/2026 10:02;355;0
19/06/2026 10:03;359;0
19/06/2026 10:04;362;0
19/06/2026 10:05;364;0
19/06/2026 10:06;366;0
19/06/2026 10:07;368;0
19/06/2026 10:08;372;0
19/06/2026 10:09;375;421
19/06/2026 10:10;377;0
19/06/2026 10:11;380;0
19/06/2026 10:12;382;0
19/06/2026 10:13;384;0
19/06/2026 10:14;386;0
19/06/2026 10:15;390;0
19/06/2026 10:16;394;0
19/06/2026 10:17;395;0
19/06/2026 10:18;399;0
19/06/2026 10:19;400;490
19/06/2026 10:20;403;0
19/06/2026 10:21;404;0
19/06/2026 10:22;405;0
19/06/2026 10:23;409;0
19/06/2026 10:24;410;0
19/06/2026 10:25;414;0
19/06/2026 10:26;416;0
19/06/2026 10:27;417;0
19/06/2026 10:28;421;0
19/06/2026 10:29;423;499
19/06/2026 10:30;425;0
19/06/2026 10:31;427;0
19/06/2026 10:32;430;0
19/06/2026 10:33;432;0
19/06/2026 10:34;434;0
19/06/2026 10:35;437;0
19/06/2026 10:36;437;0
19/06/2026 10:37;442;0
19/06/2026 10:38;443;0
19/06/2026 10:39;443;537
19/06/2026 10:40;446;0
19/06/2026 10:41;448;0
19/06/2026 10:42;451;0
19/06/2026 10:43;454;0
19/06/2026 10:44;457;0
19/06/2026 10:45;461;0
19/06/2026 10:46;462;0
19/06/2026 10:47;463;0
19/06/2026 10:48;455;0
19/06/2026 10:49;466;554
19/06/2026 10:50;469;0
19/06/2026 10:51;471;0
19/06/2026 10:52;474;0
19/06/2026 10:53;475;0
19/06/2026 10:54;477;0
19/06/2026 10:55;482;0
19/06/2026 10:56;483;0
19/06/2026 10:57;485;0
19/06/2026 10:58;485;0
19/06/2026 10:59;488;595
19/06/2026 11:00;489;0
19/06/2026 11:01;490;0
19/06/2026 11:02;491;0
19/06/2026 11:03;495;0
19/06/2026 11:04;497;0
19/06/2026 11:05;498;0
19/06/2026 11:06;501;0
19/06/2026 11:07;503;0
19/06/2026 11:08;502;0
19/06/2026 11:09;504;598
19/06/2026 11:10;504;0
19/06/2026 11:11;507;0
19/06/2026 11:12;509;0
19/06/2026 11:13;511;0
19/06/2026 11:14;514;0
19/06/2026 11:15;516;0
19/06/2026 11:16;517;0
19/06/2026 11:17;518;0
19/06/2026 11:18;520;0
19/06/2026 11:19;523;612
19/06/2026 11:20;525;0
19/06/2026 11:21;527;0
19/06/2026 11:22;529;0
19/06/2026 11:23;530;0
19/06/2026 11:24;532;0
19/06/2026 11:25;534;0
19/06/2026 11:26;534;0
19/06/2026 11:27;535;0
19/06/2026 11:28;536;0
19/06/2026 11:29;536;607
19/06/2026 11:30;537;0
19/06/2026 11:31;541;0
19/06/2026 11:32;543;0
19/06/2026 11:33;544;0
19/06/2026 11:34;546;0
19/06/2026 11:35;548;0
19/06/2026 11:36;548;0
19/06/2026 11:37;550;0
19/06/2026 11:38;552;0
19/06/2026 11:39;545;598
19/06/2026 11:40;556;0
19/06/2026 11:41;556;0
19/06/2026 11:42;557;0
19/06/2026 11:43;558;0
19/06/2026 11:44;560;0
19/06/2026 11:45;562;0
19/06/2026 11:46;563;0
19/06/2026 11:47;564;0
19/06/2026 11:48;564;0
19/06/2026 11:49;565;583
19/06/2026 11:50;566;0
19/06/2026 11:51;567;0
19/06/2026 11:52;567;0
19/06/2026 11:53;567;0
19/06/2026 11:54;571;0
19/06/2026 11:55;574;0
19/06/2026 11:56;576;0
19/06/2026 11:57;577;0
19/06/2026 11:58;578;0
19/06/2026 11:59;579;589
19/06/2026 12:00;581;0
19/06/2026 12:01;582;0
19/06/2026 12:02;583;0
19/06/2026 12:03;585;0
19/06/2026 12:04;586;0
19/06/2026 12:05;586;0
19/06/2026 12:06;582;0
19/06/2026 12:07;584;0
19/06/2026 12:08;589;0
19/06/2026 12:09;588;650
19/06/2026 12:10;589;0
19/06/2026 12:11;585;0
19/06/2026 12:12;582;0
19/06/2026 12:13;583;0
19/06/2026 12:14;580;0
19/06/2026 12:15;573;0
19/06/2026 12:16;589;0
19/06/2026 12:17;590;0
19/06/2026 12:18;595;0
19/06/2026 12:19;597;633
19/06/2026 12:20;598;0
19/06/2026 12:21;604;0
19/06/2026 12:22;606;0
19/06/2026 12:23;611;0
19/06/2026 12:24;612;0
19/06/2026 12:25;613;0
19/06/2026 12:26;613;0
19/06/2026 12:27;612;0
19/06/2026 12:28;611;0
19/06/2026 12:29;614;673
19/06/2026 12:30;614;0
19/06/2026 12:31;614;0
19/06/2026 12:32;613;0
19/06/2026 12:33;614;0
19/06/2026 12:34;615;0
19/06/2026 12:35;617;0
19/06/2026 12:36;617;0
19/06/2026 12:37;620;0
19/06/2026 12:38;623;0
19/06/2026 12:39;625;697
19/06/2026 12:40;625;0
19/06/2026 12:41;626;0
19/06/2026 12:42;627;0
19/06/2026 12:43;630;0
19/06/2026 12:44;632;0
19/06/2026 12:45;632;0
19/06/2026 12:46;631;0
19/06/2026 12:47;630;0
19/06/2026 12:48;631;0
19/06/2026 12:49;633;665
19/06/2026 12:50;629;0
19/06/2026 12:51;635;0
19/06/2026 12:52;634;0
19/06/2026 12:53;633;0
19/06/2026 12:54;631;0
19/06/2026 12:55;633;0
19/06/2026 12:56;633;0
19/06/2026 12:57;631;0
19/06/2026 12:58;633;0
19/06/2026 12:59;634;665
19/06/2026 13:00;633;0
19/06/2026 13:01;633;0
19/06/2026 13:02;631;0
19/06/2026 13:03;631;0
19/06/2026 13:04;633;0
19/06/2026 13:05;632;0
19/06/2026 13:06;633;0
19/06/2026 13:07;631;0
19/06/2026 13:08;635;0
19/06/2026 13:09;636;650
19/06/2026 13:10;639;0
19/06/2026 13:11;637;0
19/06/2026 13:12;639;0
19/06/2026 13:13;638;0
19/06/2026 13:14;637;0
19/06/2026 13:15;638;0
19/06/2026 13:16;640;0
19/06/2026 13:17;637;0
19/06/2026 13:18;641;0
19/06/2026 13:19;638;630
19/06/2026 13:20;637;0
19/06/2026 13:21;639;0
19/06/2026 13:22;639;0
19/06/2026 13:23;638;0
19/06/2026 13:24;636;0
19/06/2026 13:25;635;0
19/06/2026 13:26;635;0
19/06/2026 13:27;636;0
19/06/2026 13:28;636;0
19/06/2026 13:29;637;659
19/06/2026 13:30;636;0
19/06/2026 13:31;635;0
19/06/2026 13:32;636;0
19/06/2026 13:33;640;0
19/06/2026 13:34;640;0
19/06/2026 13:35;638;0
19/06/2026 13:36;637;0
19/06/2026 13:37;636;0
19/06/2026 13:38;636;0
19/06/2026 13:39;635;621
19/06/2026 13:40;625;0
19/06/2026 13:41;632;0
19/06/2026 13:42;635;0
19/06/2026 13:43;633;0
19/06/2026 13:44;635;0
19/06/2026 13:45;634;0
19/06/2026 13:46;636;0
19/06/2026 13:47;638;0
19/06/2026 13:48;638;0
19/06/2026 13:49;636;636
19/06/2026 13:50;641;0
19/06/2026 13:51;640;0
19/06/2026 13:52;639;0
19/06/2026 13:53;639;0
19/06/2026 13:54;637;0
19/06/2026 13:55;638;0
19/06/2026 13:56;637;0
19/06/2026 13:57;636;0
19/06/2026 13:58;637;0
19/06/2026 13:59;637;618
19/06/2026 14:00;636;0
19/06/2026 14:01;636;0
19/06/2026 14:02;635;0
19/06/2026 14:03;634;0
19/06/2026 14:04;634;0
19/06/2026 14:05;625;0
19/06/2026 14:06;627;0
19/06/2026 14:07;635;0
19/06/2026 14:08;639;0
19/06/2026 14:09;641;630
19/06/2026 14:10;639;0
19/06/2026 14:11;641;0
19/06/2026 14:12;643;0
19/06/2026 14:13;644;0
19/06/2026 14:14;644;0
19/06/2026 14:15;646;0
19/06/2026 14:16;650;0
19/06/2026 14:17;649;0
19/06/2026 14:18;645;0
19/06/2026 14:19;648;636
19/06/2026 14:20;648;0
19/06/2026 14:21;638;0
19/06/2026 14:22;583;0
19/06/2026 14:23;641;0
19/06/2026 14:24;636;0
19/06/2026 14:25;645;0
19/06/2026 14:26;660;0
19/06/2026 14:27;664;0
19/06/2026 14:28;666;0
19/06/2026 14:29;668;665
19/06/2026 14:30;672;0
19/06/2026 14:31;672;0
19/06/2026 14:32;667;0
19/06/2026 14:33;658;0
19/06/2026 14:34;623;0
19/06/2026 14:35;499;0
19/06/2026 14:36;332;0
19/06/2026 14:37;293;0
19/06/2026 14:38;358;0
19/06/2026 14:39;329;325
19/06/2026 14:40;375;0
19/06/2026 14:41;487;0
19/06/2026 14:42;599;0
19/06/2026 14:43;689;0
19/06/2026 14:44;666;0
19/06/2026 14:45;652;0
19/06/2026 14:46;640;0
19/06/2026 14:47;636;0
19/06/2026 14:48;614;0
19/06/2026 14:49;694;488
19/06/2026 14:50;642;0
19/06/2026 14:51;645;0
19/06/2026 14:52;547;0
19/06/2026 14:53;627;0
19/06/2026 14:54;686;0
19/06/2026 14:55;661;0
19/06/2026 14:56;628;0
19/06/2026 14:57;614;0
19/06/2026 14:58;578;0
19/06/2026 14:59;395;348
19/06/2026 15:00;322;0
19/06/2026 15:01;303;0
19/06/2026 15:02;256;0
19/06/2026 15:03;226;0
19/06/2026 15:04;205;0
19/06/2026 15:05;205;0
19/06/2026 15:06;205;0
19/06/2026 15:07;204;0
19/06/2026 15:08;203;0
19/06/2026 15:09;204;160
19/06/2026 15:10;208;0
19/06/2026 15:11;218;0
19/06/2026 15:12;260;0
19/06/2026 15:13;321;0
19/06/2026 15:14;352;0
19/06/2026 15:15;422;0
19/06/2026 15:16;364;0
19/06/2026 15:17;450;0
19/06/2026 15:18;454;0
19/06/2026 15:19;392;186
19/06/2026 15:20;327;0
19/06/2026 15:21;409;0
19/06/2026 15:22;674;0
19/06/2026 15:23;681;0
19/06/2026 15:24;643;0
19/06/2026 15:25;658;0
19/06/2026 15:26;641;0
19/06/2026 15:27;416;0
19/06/2026 15:28;460;0
19/06/2026 15:29;498;337
19/06/2026 15:30;472;0
19/06/2026 15:31;442;0
19/06/2026 15:32;508;0
19/06/2026 15:33;537;0
19/06/2026 15:34;501;0
19/06/2026 15:35;507;0
19/06/2026 15:36;506;0
19/06/2026 15:37;464;0
19/06/2026 15:38;542;0
19/06/2026 15:39;537;485
19/06/2026 15:40;479;0
19/06/2026 15:41;489;0
19/06/2026 15:42;475;0
19/06/2026 15:43;432;0
19/06/2026 15:44;386;0
19/06/2026 15:45;346;0
19/06/2026 15:46;367;0
19/06/2026 15:47;394;0
19/06/2026 15:48;403;0
19/06/2026 15:49;496;514
19/06/2026 15:50;468;0
19/06/2026 15:51;399;0
19/06/2026 15:52;390;0
19/06/2026 15:53;481;0
19/06/2026 18:03;257;0
19/06/2026 18:04;287;0
19/06/2026 18:05;249;0
19/06/2026 18:06;207;0
19/06/2026 18:08;258;0
19/06/2026 18:09;251;0
19/06/2026 18:10;248;0
19/06/2026 19:25;57;0
19/06/2026 19:26;61;0
19/06/2026 19:27;63;0
19/06/2026 19:28;63;0
19/06/2026 19:29;65;0
19/06/2026 19:30;64;0
19/06/2026 19:31;62;0
19/06/2026 19:32;59;0
19/06/2026 19:33;56;0
19/06/2026 19:34;54;0
19/06/2026 19:35;51;0
19/06/2026 19:37;49;0
19/06/2026 19:38;49;0
19/06/2026 19:39;49;0
19/06/2026 19:40;49;0
19/06/2026 19:41;49;0
19/06/2026 19:42;48;0
19/06/2026 19:43;47;0
19/06/2026 19:44;49;0
19/06/2026 19:45;49;0
19/06/2026 19:46;50;0
19/06/2026 19:47;54;0
19/06/2026 19:48;56;0
19/06/2026 19:49;58;0
19/06/2026 19:50;57;0
19/06/2026 19:51;56;0
19/06/2026 19:52;54;0
19/06/2026 19:53;52;0
19/06/2026 19:54;50;0
19/06/2026 19:55;49;0
19/06/2026 19:56;47;0
19/06/2026 19:57;43;0
19/06/2026 19:58;42;0
19/06/2026 19:59;41;0
19/06/2026 20:00;38;0
19/06/2026 20:01;34;0
19/06/2026 20:02;34;0
19/06/2026 20:03;32;0
19/06/2026 20:04;29;0
19/06/2026 20:05;24;0
19/06/2026 20:06;20;0
19/06/2026 20:07;14;0
19/06/2026 20:08;14;0
19/06/2026 20:09;12;0
19/06/2026 20:10;10;0
19/06/2026 20:11;8;0
19/06/2026 20:12;7;0
19/06/2026 20:13;6;0
19/06/2026 20:14;6;0
19/06/2026 20:15;5;0
19/06/2026 20:16;4;0
19/06/2026 20:17;5;0
19/06/2026 20:18;5;0
19/06/2026 20:19;2;0
19/06/2026 20:20;0;0
19/06/2026 20:21;0;0
19/06/2026 20:22;0;0
19/06/2026 20:23;0;0
19/06/2026 20:24;0;0
19/06/2026 20:25;0;0
19/06/2026 20:26;0;0
19/06/2026 20:27;0;0
19/06/2026 20:28;0;0
19/06/2026 20:29;0;0
19/06/2026 20:30;0;0
19/06/2026 20:31;0;0
19/06/2026 20:32;0;0
19/06/2026 20:33;0;0
19/06/2026 20:34;0;0
19/06/2026 20:35;0;0
19/06/2026 20:36;0;0
19/06/2026 20:37;0;0
19/06/2026 20:38;0;0
19/06/2026 20:39;0;0
19/06/2026 20:40;0;0
19/06/2026 20:41;0;0
19/06/2026 20:42;0;0
19/06/2026 20:43;0;0
19/06/2026 20:44;0;0
19/06/2026 20:45;1;0
19/06/2026 20:46;3;0
19/06/2026 20:47;3;0
19/06/2026 20:48;2;0
19/06/2026 20:49;2;0
19/06/2026 20:50;2;0
19/06/2026 20:51;3;0
19/06/2026 20:52;88;0
19/06/2026 20:53;3;0
19/06/2026 20:54;5;0
19/06/2026 20:55;6;0
19/06/2026 20:56;6;0
19/06/2026 20:57;6;0
19/06/2026 20:58;5;0
19/06/2026 20:59;5;0
19/06/2026 21:00;4;0
19/06/2026 21:01;3;0
19/06/2026 21:02;3;0
19/06/2026 21:03;3;0
19/06/2026 21:04;2;0
19/06/2026 21:05;2;0
19/06/2026 21:06;1;0
19/06/2026 21:07;0;0
19/06/2026 21:08;0;0
19/06/2026 21:09;0;0
19/06/2026 21:10;0;0
19/06/2026 21:11;0;0
19/06/2026 21:12;0;0
19/06/2026 21:13;0;0
19/06/2026 21:14;0;0
19/06/2026 21:15;0;0
19/06/2026 21:16;0;0
19/06/2026 21:17;0;0
19/06/2026 21:18;0;0
19/06/2026 21:19;0;0
19/06/2026 21:20;0;0
19/06/2026 21:21;0;0
19/06/2026 21:22;0;0
19/06/2026 21:23;0;0
19/06/2026 21:24;0;0
19/06/2026 21:25;0;0
19/06/2026 21:26;0;0
19/06/2026 21:27;0;0
19/06/2026 21:28;0;0
19/06/2026 21:29;0;0
19/06/2026 21:30;0;0
19/06/2026 21:31;0;0
19/06/2026 21:32;0;0
19/06/2026 21:33;0;0
19/06/2026 21:34;0;0
19/06/2026 21:35;0;0
19/06/2026 21:36;0;0
19/06/2026 21:37;0;0
19/06/2026 21:38;0;0
19/06/2026 21:39;0;0
19/06/2026 21:40;0;0
19/06/2026 21:41;0;0
19/06/2026 21:42;0;0
19/06/2026 21:43;0;0
19/06/2026 21:44;0;0
19/06/2026 21:45;0;0
19/06/2026 21:46;0;0
19/06/2026 21:47;0;0
19/06/2026 21:48;0;0
19/06/2026 21:49;0;0
19/06/2026 21:50;0;0
19/06/2026 21:51;0;0
19/06/2026 21:52;0;0
19/06/2026 21:53;0;0
19/06/2026 21:54;0;0
19/06/2026 21:55;0;0
19/06/2026 21:56;0;0
19/06/2026 21:57;0;0
19/06/2026 21:58;0;0
19/06/2026 21:59;0;0
19/06/2026 22:00;0;0
19/06/2026 22:01;0;0
19/06/2026 22:02;0;0
19/06/2026 22:03;0;0
19/06/2026 22:04;0;0
19/06/2026 22:05;0;0
19/06/2026 22:06;0;0
19/06/2026 22:07;0;0
19/06/2026 22:08;0;0
19/06/2026 22:09;0;0
19/06/2026 22:10;0;0
19/06/2026 22:11;0;0
19/06/2026 22:12;0;0
19/06/2026 22:13;0;0
19/06/2026 22:14;0;0
19/06/2026 22:15;0;0
19/06/2026 22:16;0;0
19/06/2026 22:17;0;0
19/06/2026 22:18;0;0
19/06/2026 22:19;0;0
19/06/2026 22:20;0;0
19/06/2026 22:21;0;0
19/06/2026 22:22;0;0
19/06/2026 22:23;0;0
19/06/2026 22:24;0;0
19/06/2026 22:25;0;0
19/06/2026 22:26;0;0
19/06/2026 22:27;0;0
19/06/2026 22:28;0;0
19/06/2026 22:29;0;0
19/06/2026 22:30;0;0
19/06/2026 22:31;0;0
19/06/2026 22:32;0;0
19/06/2026 22:33;0;0
19/06/2026 22:34;0;0
19/06/2026 22:35;0;0
19/06/2026 22:36;0;0
19/06/2026 22:37;0;0
19/06/2026 22:38;0;0
19/06/2026 22:39;0;0
19/06/2026 22:40;0;0
19/06/2026 22:41;0;0
19/06/2026 22:42;0;0
19/06/2026 22:43;0;0
19/06/2026 22:44;0;0
19/06/2026 22:45;0;0
19/06/2026 22:46;0;0
19/06/2026 22:47;0;0
19/06/2026 22:48;0;0
19/06/2026 22:49;0;0
19/06/2026 22:50;0;0
19/06/2026 22:51;0;0
19/06/2026 22:52;0;0
19/06/2026 22:53;0;0
19/06/2026 22:54;0;0
19/06/2026 22:55;0;0
19/06/2026 22:56;0;0
19/06/2026 22:57;0;0
19/06/2026 22:58;0;0
19/06/2026 22:59;0;0
19/06/2026 23:00;0;0
19/06/2026 23:01;0;0
19/06/2026 23:02;0;0
19/06/2026 23:03;0;0
19/06/2026 23:04;0;0
19/06/2026 23:05;0;0
19/06/2026 23:06;0;0
19/06/2026 23:07;0;0
19/06/2026 23:08;0;0
19/06/2026 23:09;0;0
19/06/2026 23:10;0;0
19/06/2026 23:11;0;0
19/06/2026 23:12;0;0
19/06/2026 23:13;0;0
19/06/2026 23:14;0;0
19/06/2026 23:15;0;0
19/06/2026 23:16;0;0
19/06/2026 23:17;0;0
19/06/2026 23:18;0;0
19/06/2026 23:19;0;0
19/06/2026 23:20;0;0
19/06/2026 23:21;0;0
19/06/2026 23:22;0;0
19/06/2026 23:23;0;0
19/06/2026 23:24;0;0
19/06/2026 23:25;0;0
19/06/2026 23:26;0;0
19/06/2026 23:27;0;0
19/06/2026 23:28;0;0
19/06/2026 23:29;0;0
19/06/2026 23:30;0;0
19/06/2026 23:31;0;0
19/06/2026 23:32;0;0
19/06/2026 23:33;0;0
19/06/2026 23:34;0;0
19/06/2026 23:35;0;0
19/06/2026 23:36;0;0
19/06/2026 23:37;0;0
19/06/2026 23:38;0;0
19/06/2026 23:39;0;0
19/06/2026 23:40;0;0
19/06/2026 23:41;0;0
19/06/2026 23:42;0;0
19/06/2026 23:43;0;0
19/06/2026 23:44;0;0
19/06/2026 23:45;0;0
19/06/2026 23:46;0;0
19/06/2026 23:47;0;0
19/06/2026 23:48;0;0
19/06/2026 23:49;0;0
19/06/2026 23:50;0;0
19/06/2026 23:51;0;0
19/06/2026 23:52;0;0
19/06/2026 23:53;0;0
19/06/2026 23:54;0;0
19/06/2026 23:55;0;0
19/06/2026 23:56;0;0
19/06/2026 23:57;0;0
19/06/2026 23:58;0;0
19/06/2026 23:59;0;0
20/06/2026 0:00;0;0
20/06/2026 0:01;0;0
20/06/2026 0:02;0;0
20/06/2026 0:03;0;0
20/06/2026 0:04;0;0
20/06/2026 0:05;0;0
20/06/2026 0:06;0;0
20/06/2026 0:07;0;0
20/06/2026 0:08;0;0
20/06/2026 0:09;0;0
20/06/2026 0:10;0;0
20/06/2026 0:11;0;0
20/06/2026 0:12;0;0
20/06/2026 0:13;0;0
20/06/2026 0:14;0;0
20/06/2026 0:15;0;0
20/06/2026 0:16;0;0
20/06/2026 0:17;0;0
20/06/2026 0:18;0;0
20/06/2026 0:19;0;0
20/06/2026 0:20;0;0
20/06/2026 0:21;0;0
20/06/2026 0:22;0;0
20/06/2026 0:23;0;0
20/06/2026 0:24;0;0
20/06/2026 0:25;0;0
20/06/2026 0:26;0;0
20/06/2026 0:27;0;0
20/06/2026 0:28;0;0
20/06/2026 0:29;0;0
20/06/2026 0:30;0;0
20/06/2026 0:31;0;0
20/06/2026 0:32;0;0
20/06/2026 0:33;0;0
20/06/2026 0:34;0;0
20/06/2026 0:35;0;0
20/06/2026 0:36;0;0
20/06/2026 0:37;0;0
20/06/2026 0:38;0;0
20/06/2026 0:39;0;0
20/06/2026 0:40;0;0
20/06/2026 0:41;0;0
20/06/2026 0:42;0;0
20/06/2026 0:43;0;0
20/06/2026 0:44;0;0
20/06/2026 0:45;0;0
20/06/2026 0:46;0;0
20/06/2026 0:47;0;0
20/06/2026 0:48;0;0
20/06/2026 0:49;0;0
20/06/2026 0:50;0;0
20/06/2026 0:51;0;0
20/06/2026 0:52;0;0
20/06/2026 0:53;0;0
20/06/2026 0:54;0;0
20/06/2026 0:55;0;0
20/06/2026 0:56;0;0
20/06/2026 0:57;0;0
20/06/2026 0:58;0;0
20/06/2026 0:59;0;0
20/06/2026 1:00;0;0
20/06/2026 1:01;0;0
20/06/2026 1:02;0;0
20/06/2026 1:03;0;0
20/06/2026 1:04;0;0
20/06/2026 1:05;0;0
20/06/2026 1:06;0;0
20/06/2026 1:07;0;0
20/06/2026 1:08;0;0
20/06/2026 1:09;0;0
20/06/2026 1:10;0;0
20/06/2026 1:11;0;0
20/06/2026 1:12;0;0
20/06/2026 1:13;0;0
20/06/2026 1:14;0;0
20/06/2026 1:15;0;0
20/06/2026 1:16;0;0
20/06/2026 1:17;0;0
20/06/2026 1:18;0;0
20/06/2026 1:19;0;0
20/06/2026 1:20;0;0
20/06/2026 1:21;0;0
20/06/2026 1:22;0;0
20/06/2026 1:23;0;0
20/06/2026 1:24;0;0
20/06/2026 1:25;0;0
20/06/2026 1:26;0;0
20/06/2026 1:27;0;0
20/06/2026 1:28;0;0
20/06/2026 1:29;0;0
20/06/2026 1:30;0;0
20/06/2026 1:31;0;0
20/06/2026 1:32;0;0
20/06/2026 1:33;0;0
20/06/2026 1:34;0;0
20/06/2026 1:35;0;0
20/06/2026 1:36;0;0
20/06/2026 1:37;0;0
20/06/2026 1:38;0;0
20/06/2026 1:39;0;0
20/06/2026 1:40;0;0
20/06/2026 1:41;0;0
20/06/2026 1:42;0;0
20/06/2026 1:43;0;0
20/06/2026 1:44;0;0
20/06/2026 1:45;0;0
20/06/2026 1:46;0;0
20/06/2026 1:47;0;0
20/06/2026 1:48;0;0
20/06/2026 1:49;0;0
20/06/2026 1:50;0;0
20/06/2026 1:51;0;0
20/06/2026 1:52;0;0
20/06/2026 1:53;0;0
20/06/2026 1:54;0;0
20/06/2026 1:55;0;0
20/06/2026 1:56;0;0
20/06/2026 1:57;0;0
20/06/2026 1:58;0;0
20/06/2026 1:59;0;0
20/06/2026 2:00;0;0
20/06/2026 2:01;0;0
20/06/2026 2:02;0;0
20/06/2026 2:03;0;0
20/06/2026 2:04;0;0
20/06/2026 2:05;0;0
20/06/2026 2:06;0;0
20/06/2026 2:07;0;0
20/06/2026 2:08;0;0
20/06/2026 2:09;0;0
20/06/2026 2:10;0;0
20/06/2026 2:11;0;0
20/06/2026 2:12;0;0
20/06/2026 2:13;0;0
20/06/2026 2:14;0;0
20/06/2026 2:15;0;0
20/06/2026 2:16;0;0
20/06/2026 2:17;0;0
20/06/2026 2:18;0;0
20/06/2026 2:19;0;0
20/06/2026 2:20;0;0
20/06/2026 2:21;0;0
20/06/2026 2:22;0;0
20/06/2026 2:23;0;0
20/06/2026 2:24;0;0
20/06/2026 2:25;0;0
20/06/2026 2:26;0;0
20/06/2026 2:27;0;0
20/06/2026 2:28;0;0
20/06/2026 2:29;0;0
20/06/2026 2:30;0;0
20/06/2026 2:31;0;0
20/06/2026 2:32;0;0
20/06/2026 2:33;0;0
20/06/2026 2:34;0;0
20/06/2026 2:35;0;0
20/06/2026 2:36;0;0
20/06/2026 2:37;0;0
20/06/2026 2:38;0;0
20/06/2026 2:39;0;0
20/06/2026 2:40;0;0
20/06/2026 2:41;0;0
20/06/2026 2:42;0;0
20/06/2026 2:43;0;0
20/06/2026 2:44;0;0
20/06/2026 2:45;0;0
20/06/2026 2:46;0;0
20/06/2026 2:47;0;0
20/06/2026 2:48;0;0
20/06/2026 2:49;0;0
20/06/2026 2:50;0;0
20/06/2026 2:51;0;0
20/06/2026 2:52;0;0
20/06/2026 2:53;0;0
20/06/2026 2:54;0;0
20/06/2026 2:55;0;0
20/06/2026 2:56;0;0
20/06/2026 2:57;0;0
20/06/2026 2:58;0;0
20/06/2026 2:59;0;0
20/06/2026 3:00;0;0
20/06/2026 3:01;0;0
20/06/2026 3:02;0;0
20/06/2026 3:03;0;0
20/06/2026 3:04;0;0
20/06/2026 3:05;0;0
20/06/2026 3:06;0;0
20/06/2026 3:07;0;0
20/06/2026 3:08;0;0
20/06/2026 3:09;0;0
20/06/2026 3:10;0;0
20/06/2026 3:11;0;0
20/06/2026 3:12;0;0
20/06/2026 3:13;0;0
20/06/2026 3:14;0;0
20/06/2026 3:15;0;0
20/06/2026 3:16;0;0
20/06/2026 3:17;0;0
20/06/2026 3:18;0;0
20/06/2026 3:19;0;0
20/06/2026 3:20;0;0
20/06/2026 3:21;0;0
20/06/2026 3:22;0;0
20/06/2026 3:23;0;0
20/06/2026 3:24;0;0
20/06/2026 3:25;0;0
20/06/2026 3:26;0;0
20/06/2026 3:27;0;0
20/06/2026 3:28;0;0
20/06/2026 3:29;0;0
20/06/2026 3:30;0;0
20/06/2026 3:31;0;0
20/06/2026 3:32;0;0
20/06/2026 3:33;0;0
20/06/2026 3:34;0;0
20/06/2026 3:35;0;0
20/06/2026 3:36;0;0
20/06/2026 3:37;0;0
20/06/2026 3:38;0;0
20/06/2026 3:39;0;0
20/06/2026 3:40;0;0
20/06/2026 3:41;0;0
20/06/2026 3:42;0;0
20/06/2026 3:43;0;0
20/06/2026 3:44;0;0
20/06/2026 3:45;0;0
20/06/2026 3:46;0;0
20/06/2026 3:47;0;0
20/06/2026 3:48;0;0
20/06/2026 3:49;0;0
20/06/2026 3:50;0;0
20/06/2026 3:51;0;0
20/06/2026 3:52;0;0
20/06/2026 3:53;0;0
20/06/2026 3:54;0;0
20/06/2026 3:55;0;0
20/06/2026 3:56;0;0
20/06/2026 3:57;0;0
20/06/2026 3:58;0;0
20/06/2026 3:59;0;0
20/06/2026 4:00;0;0
20/06/2026 4:01;0;0
20/06/2026 4:02;0;0
20/06/2026 4:03;0;0
20/06/2026 4:04;0;0
20/06/2026 4:05;0;0
20/06/2026 4:06;0;0
20/06/2026 4:07;0;0
20/06/2026 4:08;0;0
20/06/2026 4:09;0;0
20/06/2026 4:10;0;0
20/06/2026 4:11;0;0
20/06/2026 4:12;0;0
20/06/2026 4:13;0;0
20/06/2026 4:14;0;0
20/06/2026 4:15;0;0
20/06/2026 4:16;0;0
20/06/2026 4:17;0;0
20/06/2026 4:18;0;0
20/06/2026 4:19;0;0
20/06/2026 4:20;0;0
20/06/2026 4:21;0;0
20/06/2026 4:22;0;0
20/06/2026 4:23;0;0
20/06/2026 4:24;0;0
20/06/2026 4:25;0;0
20/06/2026 4:26;0;0
20/06/2026 4:27;0;0
20/06/2026 4:28;0;0
20/06/2026 4:29;0;0
20/06/2026 4:30;0;0
20/06/2026 4:31;0;0
20/06/2026 4:32;0;0
20/06/2026 4:33;0;0
20/06/2026 4:34;0;0
20/06/2026 4:35;0;0
20/06/2026 4:36;0;0
20/06/2026 4:37;0;0
20/06/2026 4:38;0;0
20/06/2026 4:39;0;0
20/06/2026 4:40;0;0
20/06/2026 4:41;0;0
20/06/2026 4:42;0;0
20/06/2026 4:43;0;0
20/06/2026 4:44;0;0
20/06/2026 4:45;0;0
20/06/2026 4:46;0;0
20/06/2026 4:47;0;0
20/06/2026 4:48;0;0
20/06/2026 4:49;0;0
20/06/2026 4:50;0;0
20/06/2026 4:51;0;0
20/06/2026 4:52;0;0
20/06/2026 4:53;0;0
20/06/2026 4:54;0;0
20/06/2026 4:55;0;0
20/06/2026 4:56;0;0
20/06/2026 4:57;0;0
20/06/2026 4:58;0;0
20/06/2026 4:59;0;0
20/06/2026 5:00;0;0
20/06/2026 5:01;0;0
20/06/2026 5:02;0;0
20/06/2026 5:03;0;0
20/06/2026 5:04;0;0
20/06/2026 5:05;0;0
20/06/2026 5:06;0;0
20/06/2026 5:07;0;0
20/06/2026 5:08;0;0
20/06/2026 5:09;0;0
20/06/2026 5:10;0;0
20/06/2026 5:11;0;0
20/06/2026 5:12;0;0
20/06/2026 5:13;0;0
20/06/2026 5:14;0;0
20/06/2026 5:15;0;0
20/06/2026 5:16;0;0
20/06/2026 5:17;0;0
20/06/2026 5:18;0;0
20/06/2026 5:19;0;0
20/06/2026 5:20;0;0
20/06/2026 5:21;0;0
20/06/2026 5:22;0;0
20/06/2026 5:23;0;0
20/06/2026 5:24;0;0
20/06/2026 5:25;0;0
20/06/2026 5:26;0;0
20/06/2026 5:27;0;0
20/06/2026 5:28;0;0
20/06/2026 5:29;0;0
20/06/2026 5:30;0;0
20/06/2026 5:31;0;0
20/06/2026 5:32;0;0
20/06/2026 5:33;0;0
20/06/2026 5:34;0;0
20/06/2026 5:35;0;0
20/06/2026 5:36;0;0
20/06/2026 5:37;0;0
20/06/2026 5:38;0;0
20/06/2026 5:39;0;0
20/06/2026 5:40;0;0
20/06/2026 5:41;0;0
20/06/2026 5:42;0;0
20/06/2026 5:43;0;0
20/06/2026 5:44;0;0
20/06/2026 5:45;0;0
20/06/2026 5:46;0;0
20/06/2026 5:47;0;0
20/06/2026 5:48;0;0
20/06/2026 5:49;0;0
20/06/2026 5:50;0;0
20/06/2026 5:51;0;0
20/06/2026 5:52;0;0
20/06/2026 5:53;0;0
20/06/2026 5:54;0;0
20/06/2026 5:55;0;0
20/06/2026 5:56;0;0
20/06/2026 5:57;0;0
20/06/2026 5:58;0;0
20/06/2026 5:59;0;0
20/06/2026 6:00;0;0
20/06/2026 6:01;0;0
20/06/2026 6:02;0;0
20/06/2026 6:03;0;0
20/06/2026 6:04;0;0
20/06/2026 6:05;0;0
20/06/2026 6:06;0;0
20/06/2026 6:07;0;0
20/06/2026 6:08;0;0
20/06/2026 6:09;0;0
20/06/2026 6:10;0;0
20/06/2026 6:11;0;0
20/06/2026 6:12;0;0
20/06/2026 6:13;0;0
20/06/2026 6:14;0;0
20/06/2026 6:15;0;0
20/06/2026 6:16;0;0
20/06/2026 6:17;0;0
20/06/2026 6:18;0;0
20/06/2026 6:19;0;0
20/06/2026 6:20;0;0
20/06/2026 6:21;0;0
20/06/2026 6:22;0;0
20/06/2026 6:23;0;0
20/06/2026 6:24;0;0
20/06/2026 6:25;0;0
20/06/2026 6:26;0;0
20/06/2026 6:27;0;0
20/06/2026 6:28;0;0
20/06/2026 6:29;0;0
20/06/2026 6:30;0;0
20/06/2026 6:31;0;0
20/06/2026 6:32;0;0
20/06/2026 6:33;0;0
20/06/2026 6:34;0;0
20/06/2026 6:35;0;0
20/06/2026 6:36;0;0
20/06/2026 6:37;0;0
20/06/2026 6:38;0;0
20/06/2026 6:39;0;0
20/06/2026 6:40;0;0
20/06/2026 6:41;0;0
20/06/2026 6:42;0;0
20/06/2026 6:43;0;0
20/06/2026 6:44;0;0
20/06/2026 6:45;0;0
20/06/2026 6:46;0;0
20/06/2026 6:47;0;0
20/06/2026 6:48;0;0
20/06/2026 6:49;0;0
20/06/2026 6:50;0;0
20/06/2026 6:51;0;0
20/06/2026 6:52;0;0
20/06/2026 6:53;0;0
20/06/2026 6:54;0;0
20/06/2026 6:55;0;0
20/06/2026 6:56;0;0
20/06/2026 6:57;0;0
20/06/2026 6:58;0;0
20/06/2026 6:59;0;0
20/06/2026 7:00;0;0
20/06/2026 7:01;0;0
20/06/2026 7:02;0;0
20/06/2026 7:03;0;0
20/06/2026 7:04;0;0
20/06/2026 7:05;0;0
20/06/2026 7:06;0;0
20/06/2026 7:07;0;0
20/06/2026 7:08;0;0
20/06/2026 7:09;0;0
20/06/2026 7:10;0;0
20/06/2026 7:11;0;0
20/06/2026 7:12;0;0
20/06/2026 7:13;0;0
20/06/2026 7:14;0;0
20/06/2026 7:15;0;0
20/06/2026 7:16;0;0
20/06/2026 7:17;0;0
20/06/2026 7:18;0;0
20/06/2026 7:19;0;0
20/06/2026 7:20;0;0
20/06/2026 7:21;0;0
20/06/2026 7:22;0;0
20/06/2026 7:23;0;0
20/06/2026 7:24;0;0
20/06/2026 7:25;0;0
20/06/2026 7:26;1;90
20/06/2026 7:27;2;0
20/06/2026 7:28;2;0
20/06/2026 7:29;1;0
20/06/2026 7:30;2;0
20/06/2026 7:31;1;0
20/06/2026 7:32;1;0
20/06/2026 7:33;3;0
20/06/2026 7:34;3;0
20/06/2026 7:35;4;0
20/06/2026 7:36;5;102
20/06/2026 7:37;7;0
20/06/2026 7:38;9;0
20/06/2026 7:39;9;0
20/06/2026 7:40;11;0
20/06/2026 7:41;12;0
20/06/2026 7:42;11;0
20/06/2026 7:43;13;0
20/06/2026 7:44;94;0
20/06/2026 7:45;18;0
20/06/2026 7:46;19;102
20/06/2026 7:47;23;0
20/06/2026 7:48;24;0
20/06/2026 7:49;25;0
20/06/2026 7:50;26;0
20/06/2026 7:51;28;0
20/06/2026 7:52;29;0
20/06/2026 7:53;29;0
20/06/2026 7:54;31;0
20/06/2026 7:55;30;0
20/06/2026 7:56;30;136
20/06/2026 7:57;32;0
20/06/2026 7:58;32;0
20/06/2026 7:59;32;0
20/06/2026 8:00;32;0
20/06/2026 8:01;32;0
20/06/2026 8:02;29;0
20/06/2026 8:03;27;0
20/06/2026 8:04;27;0
20/06/2026 8:05;26;0
20/06/2026 8:06;27;116
20/06/2026 8:07;27;0
20/06/2026 8:08;29;0
20/06/2026 8:09;30;0
20/06/2026 8:10;31;0
20/06/2026 8:11;29;0
20/06/2026 8:12;29;0
20/06/2026 8:13;29;0
20/06/2026 8:14;29;0
20/06/2026 8:15;30;0
20/06/2026 8:16;31;104
20/06/2026 8:17;32;0
20/06/2026 8:18;34;0
20/06/2026 8:19;35;0
20/06/2026 8:20;38;0
20/06/2026 8:21;41;0
20/06/2026 8:22;41;0
20/06/2026 8:23;41;0
20/06/2026 8:24;44;0
20/06/2026 8:25;46;0
20/06/2026 8:26;45;128
20/06/2026 8:27;46;0
20/06/2026 8:28;49;0
20/06/2026 8:29;51;0
20/06/2026 8:30;54;0
20/06/2026 8:31;58;0
20/06/2026 8:32;63;0
20/06/2026 8:33;67;0
20/06/2026 8:34;71;0
20/06/2026 8:35;72;0
20/06/2026 8:36;74;136
20/06/2026 8:37;76;0
20/06/2026 8:38;79;0
20/06/2026 8:39;77;0
20/06/2026 8:40;80;0
20/06/2026 8:41;85;0
20/06/2026 8:42;91;0
20/06/2026 8:43;96;0
20/06/2026 8:44;100;0
20/06/2026 8:45;103;0
20/06/2026 8:46;103;174
20/06/2026 8:47;106;0
20/06/2026 8:48;110;0
20/06/2026 8:49;114;0
20/06/2026 8:50;115;0
20/06/2026 8:51;121;0
20/06/2026 8:52;127;0
20/06/2026 8:53;132;0
20/06/2026 8:54;142;0
20/06/2026 8:55;147;0
20/06/2026 8:56;149;186
20/06/2026 8:57;151;0
20/06/2026 8:58;152;0
20/06/2026 8:59;155;0
20/06/2026 9:00;158;0
20/06/2026 9:01;160;0
20/06/2026 9:02;163;0
20/06/2026 9:03;167;0
20/06/2026 9:04;171;0
20/06/2026 9:05;175;0
20/06/2026 9:06;178;215
20/06/2026 9:07;177;0
20/06/2026 9:08;177;0
20/06/2026 9:09;177;0
20/06/2026 9:10;181;0
20/06/2026 9:11;178;0
20/06/2026 9:12;183;0
20/06/2026 9:13;182;0
20/06/2026 9:14;181;0
20/06/2026 9:15;182;0
20/06/2026 9:16;187;241
20/06/2026 9:17;186;0
20/06/2026 9:18;186;0
20/06/2026 9:19;186;0
20/06/2026 9:20;185;0
20/06/2026 9:21;184;0
20/06/2026 9:22;185;0
20/06/2026 9:23;186;0
20/06/2026 9:24;188;0
20/06/2026 9:25;191;0
20/06/2026 9:26;194;252
20/06/2026 9:27;192;0
20/06/2026 9:28;187;0
20/06/2026 9:29;191;0
20/06/2026 9:30;201;0
20/06/2026 9:31;201;0
20/06/2026 9:32;209;0
20/06/2026 9:33;213;0
20/06/2026 9:34;211;0
20/06/2026 9:35;232;0
20/06/2026 9:36;228;261
20/06/2026 9:37;235;0
20/06/2026 9:38;249;0
20/06/2026 9:39;265;0
20/06/2026 9:40;265;0
20/06/2026 9:41;269;0
20/06/2026 9:42;277;0
20/06/2026 9:43;282;0
20/06/2026 9:44;287;0
20/06/2026 9:45;289;0
20/06/2026 9:46;294;319
20/06/2026 9:47;301;0
20/06/2026 9:48;304;0
20/06/2026 9:49;308;0
20/06/2026 9:50;313;0
20/06/2026 9:51;312;0
20/06/2026 9:52;307;0
20/06/2026 9:53;300;0
20/06/2026 9:54;304;0
20/06/2026 9:55;316;0
20/06/2026 9:56;326;371
20/06/2026 9:57;334;0
20/06/2026 9:58;341;0
20/06/2026 9:59;348;0
20/06/2026 10:00;348;0
20/06/2026 10:01;350;0
20/06/2026 10:02;354;0
20/06/2026 10:03;358;0
20/06/2026 10:04;354;0
20/06/2026 10:05;356;0
20/06/2026 10:06;358;435
20/06/2026 10:07;359;0
20/06/2026 10:08;365;0
20/06/2026 10:09;368;0
20/06/2026 10:10;367;0
20/06/2026 10:11;367;0
20/06/2026 10:12;375;0
20/06/2026 10:13;371;0
20/06/2026 10:14;375;0
20/06/2026 10:15;376;0
20/06/2026 10:16;377;453
20/06/2026 10:17;386;0
20/06/2026 10:18;390;0
20/06/2026 10:19;388;0
20/06/2026 10:20;393;0
20/06/2026 10:21;390;0
20/06/2026 10:22;397;0
20/06/2026 10:23;395;0
20/06/2026 10:24;401;0
20/06/2026 10:25;400;0
20/06/2026 10:26;402;450
20/06/2026 10:27;404;0
20/06/2026 10:28;411;0
20/06/2026 10:29;413;0
20/06/2026 10:30;415;0
20/06/2026 10:31;416;0
20/06/2026 10:32;423;0
20/06/2026 10:33;431;0
20/06/2026 10:34;424;0
20/06/2026 10:35;413;0
20/06/2026 10:36;406;488
20/06/2026 10:37;417;0
20/06/2026 10:38;427;0
20/06/2026 10:39;418;0
20/06/2026 10:40;444;0
20/06/2026 10:41;436;0
20/06/2026 10:42;442;0
20/06/2026 10:43;458;0
20/06/2026 10:44;461;0
20/06/2026 10:45;462;0
20/06/2026 10:46;462;534
20/06/2026 10:47;460;0
20/06/2026 10:48;464;0
20/06/2026 10:49;465;0
20/06/2026 10:50;459;0
20/06/2026 10:51;459;0
20/06/2026 10:52;451;0
20/06/2026 10:53;456;0
20/06/2026 10:54;446;0
20/06/2026 10:55;445;0
20/06/2026 10:56;441;470
20/06/2026 10:57;450;0
20/06/2026 10:58;428;0
20/06/2026 10:59;431;0
20/06/2026 11:00;431;0
20/06/2026 11:01;425;0
20/06/2026 11:02;425;0
20/06/2026 11:03;416;0
20/06/2026 11:04;430;0
20/06/2026 11:05;428;0
20/06/2026 11:06;425;467
20/06/2026 11:07;456;0
20/06/2026 11:08;476;0
20/06/2026 11:09;505;0
20/06/2026 11:10;496;0
20/06/2026 11:11;494;0
20/06/2026 11:12;501;0
20/06/2026 11:13;507;0
20/06/2026 11:14;510;0
20/06/2026 11:15;513;0
20/06/2026 11:16;515;554
20/06/2026 11:17;517;0
20/06/2026 11:18;517;0
20/06/2026 11:19;522;0
20/06/2026 11:20;518;0
20/06/2026 11:21;508;0
20/06/2026 11:22;516;0
20/06/2026 11:23;514;0
20/06/2026 11:24;528;0
20/06/2026 11:25;531;0
20/06/2026 11:26;532;598
20/06/2026 11:27;514;0
20/06/2026 11:28;520;0
20/06/2026 11:29;529;0
20/06/2026 11:30;523;0
20/06/2026 11:31;534;0
20/06/2026 11:32;541;0
20/06/2026 11:33;543;0
20/06/2026 11:34;543;0
20/06/2026 11:35;543;0
20/06/2026 11:36;538;633
20/06/2026 11:37;544;0
20/06/2026 11:38;542;0
20/06/2026 11:39;544;0
20/06/2026 11:40;544;0
20/06/2026 11:41;544;0
20/06/2026 11:42;546;0
20/06/2026 11:43;550;0
20/06/2026 11:44;549;0
20/06/2026 11:45;550;0
20/06/2026 11:46;552;612
20/06/2026 11:47;552;0
20/06/2026 11:48;552;0
20/06/2026 11:49;554;0
20/06/2026 11:50;546;0
20/06/2026 11:51;551;0
20/06/2026 11:52;562;0
20/06/2026 11:53;560;0
20/06/2026 11:54;559;0
20/06/2026 11:55;561;0
20/06/2026 11:56;558;592
20/06/2026 11:57;563;0
20/06/2026 11:58;560;0
20/06/2026 11:59;560;0
20/06/2026 12:00;563;0
20/06/2026 12:01;560;0
20/06/2026 12:02;565;0
20/06/2026 12:03;566;0
20/06/2026 12:04;567;0
20/06/2026 12:05;569;0
20/06/2026 12:06;569;569
20/06/2026 12:07;573;0
20/06/2026 12:08;575;0
20/06/2026 12:09;575;0
20/06/2026 12:10;575;0
20/06/2026 12:11;575;0
20/06/2026 12:12;576;0
20/06/2026 12:13;580;0
20/06/2026 12:14;582;0
20/06/2026 12:15;585;0
20/06/2026 12:16;584;615
20/06/2026 12:17;584;0
20/06/2026 12:18;584;0
20/06/2026 12:19;586;0
20/06/2026 12:20;590;0
20/06/2026 12:21;591;0
20/06/2026 12:22;593;0
20/06/2026 12:23;594;0
20/06/2026 12:24;595;0
20/06/2026 12:25;596;0
20/06/2026 12:26;594;592
20/06/2026 12:27;597;0
20/06/2026 12:28;596;0
20/06/2026 12:29;596;0
20/06/2026 12:30;598;0
20/06/2026 12:31;600;0
20/06/2026 12:32;604;0
20/06/2026 12:33;601;0
20/06/2026 12:34;603;0
20/06/2026 12:35;602;0
20/06/2026 12:36;602;618
20/06/2026 12:37;604;0
20/06/2026 12:38;602;0
20/06/2026 12:39;603;0
20/06/2026 12:40;601;0
20/06/2026 12:41;606;0
20/06/2026 12:42;607;0
20/06/2026 12:43;609;0
20/06/2026 12:44;608;0
20/06/2026 12:45;607;0
20/06/2026 12:46;607;621
20/06/2026 12:47;606;0
20/06/2026 12:48;606;0
20/06/2026 12:49;608;0
20/06/2026 12:50;610;0
20/06/2026 12:51;613;0
20/06/2026 12:52;606;0
20/06/2026 12:53;602;0
20/06/2026 12:54;604;0
20/06/2026 12:55;593;0
20/06/2026 12:56;595;586
20/06/2026 12:57;603;0
20/06/2026 12:58;601;0
20/06/2026 12:59;612;0
20/06/2026 13:00;614;0
20/06/2026 13:01;623;0
20/06/2026 13:02;629;0
20/06/2026 13:03;624;0
20/06/2026 13:04;621;0
20/06/2026 13:05;631;0
20/06/2026 13:06;627;641
20/06/2026 13:07;622;0
20/06/2026 13:08;607;0
20/06/2026 13:09;617;0
20/06/2026 13:10;608;0
20/06/2026 13:11;607;0
20/06/2026 13:12;615;0
20/06/2026 13:13;611;0
20/06/2026 13:14;617;0
20/06/2026 13:15;619;0
20/06/2026 13:16;607;624
20/06/2026 13:17;600;0
20/06/2026 13:18;597;0
20/06/2026 13:19;601;0
20/06/2026 13:20;583;0
20/06/2026 13:21;588;0
20/06/2026 13:22;581;0
20/06/2026 13:23;574;0
20/06/2026 13:24;581;0
20/06/2026 13:25;602;0
20/06/2026 13:26;631;612
20/06/2026 13:27;626;0
20/06/2026 13:28;613;0
20/06/2026 13:29;593;0
20/06/2026 13:30;599;0
20/06/2026 13:31;598;0
20/06/2026 13:32;603;0
20/06/2026 13:33;612;0
20/06/2026 13:34;611;0
20/06/2026 13:35;612;0
20/06/2026 13:36;612;607
20/06/2026 13:37;636;0
20/06/2026 13:38;626;0
20/06/2026 13:39;614;0
20/06/2026 13:40;592;0
20/06/2026 13:41;603;0
20/06/2026 13:42;594;0
20/06/2026 13:43;594;0
20/06/2026 13:44;615;0
20/06/2026 13:45;633;0
20/06/2026 13:46;628;618
20/06/2026 13:47;631;0
20/06/2026 13:48;639;0
20/06/2026 13:49;631;0
20/06/2026 13:50;619;0
20/06/2026 13:51;600;0
20/06/2026 13:52;624;0
20/06/2026 13:53;617;0
20/06/2026 13:54;603;0
20/06/2026 13:55;594;0
20/06/2026 13:56;608;595
20/06/2026 13:57;595;0
20/06/2026 13:58;577;0
20/06/2026 13:59;571;0
20/06/2026 14:00;560;0
20/06/2026 14:01;541;0
20/06/2026 14:02;551;0
20/06/2026 14:03;553;0
20/06/2026 14:04;575;0
20/06/2026 14:05;569;0
20/06/2026 14:06;560;479
20/06/2026 14:07;571;0
20/06/2026 14:08;572;0
20/06/2026 14:09;584;0
20/06/2026 14:10;566;0
20/06/2026 14:11;567;0
20/06/2026 14:12;563;0
20/06/2026 14:13;586;0
20/06/2026 14:14;591;0
20/06/2026 14:15;581;0
20/06/2026 14:16;573;511
20/06/2026 14:17;569;0
20/06/2026 14:18;573;0
20/06/2026 14:19;450;0
20/06/2026 14:20;529;0
20/06/2026 14:21;539;0
20/06/2026 14:22;562;0
20/06/2026 14:23;555;0
20/06/2026 14:24;572;0
20/06/2026 14:25;555;0
20/06/2026 14:26;566;470
20/06/2026 14:27;572;0
20/06/2026 14:28;565;0
20/06/2026 14:29;555;0
20/06/2026 14:30;568;0
20/06/2026 14:31;566;0
20/06/2026 14:32;568;0
20/06/2026 14:33;565;0
20/06/2026 14:34;554;0
20/06/2026 14:35;561;0
20/06/2026 14:36;550;453
20/06/2026 14:37;555;0
20/06/2026 14:38;560;0
20/06/2026 14:39;569;0
20/06/2026 14:40;569;0
20/06/2026 14:41;577;0
20/06/2026 14:42;585;0
20/06/2026 14:43;587;0
20/06/2026 14:44;586;0
20/06/2026 14:45;562;0
20/06/2026 14:46;542;467
20/06/2026 14:47;545;0
20/06/2026 14:48;534;0
20/06/2026 14:49;538;0
20/06/2026 14:50;547;0
20/06/2026 14:51;560;0
20/06/2026 14:52;565;0
20/06/2026 14:53;567;0
20/06/2026 14:54;554;0
20/06/2026 14:55;557;0
20/06/2026 14:56;563;488
20/06/2026 14:57;547;0
20/06/2026 14:58;545;0
20/06/2026 14:59;528;0
20/06/2026 15:00;521;0
20/06/2026 15:01;516;0
20/06/2026 15:02;540;0
20/06/2026 15:03;549;0
20/06/2026 15:04;554;0
20/06/2026 15:05;566;0
20/06/2026 15:06;557;473
20/06/2026 15:07;547;0
20/06/2026 15:08;545;0
20/06/2026 15:09;529;0
20/06/2026 15:10;487;0
20/06/2026 15:11;456;0
20/06/2026 15:12;412;0
20/06/2026 15:13;387;0
20/06/2026 15:14;365;0
20/06/2026 15:15;301;0
20/06/2026 15:16;297;287
20/06/2026 15:17;275;0
20/06/2026 15:18;294;0
20/06/2026 15:19;353;0
20/06/2026 15:20;403;0
20/06/2026 15:21;394;0
20/06/2026 15:22;421;0
20/06/2026 15:23;421;0
20/06/2026 15:24;414;0
20/06/2026 15:25;402;0
20/06/2026 15:26;397;229
20/06/2026 15:27;403;0
20/06/2026 15:28;386;0
20/06/2026 15:29;401;0
20/06/2026 15:30;407;0
20/06/2026 15:31;409;0
20/06/2026 15:32;393;0
20/06/2026 15:33;383;0
20/06/2026 15:34;395;0
20/06/2026 15:35;383;0
20/06/2026 15:36;357;215
20/06/2026 15:37;342;0
20/06/2026 15:38;351;0
20/06/2026 15:39;377;0
20/06/2026 15:40;359;0
20/06/2026 15:41;355;0
20/06/2026 15:42;391;0
20/06/2026 15:43;366;0
20/06/2026 15:44;412;0
20/06/2026 15:45;446;0
20/06/2026 15:46;499;331
20/06/2026 15:47;554;0
20/06/2026 15:48;574;0
20/06/2026 15:49;557;0
20/06/2026 15:50;561;0
20/06/2026 15:51;572;0
20/06/2026 15:52;565;0
20/06/2026 15:53;562;0
20/06/2026 15:54;569;0
20/06/2026 15:55;552;0
20/06/2026 15:56;537;479
20/06/2026 15:57;546;0
20/06/2026 15:58;564;0
20/06/2026 15:59;561;0
20/06/2026 16:00;559;0
20/06/2026 16:01;534;0
20/06/2026 16:02;543;0
20/06/2026 16:03;532;0
20/06/2026 16:04;550;0
20/06/2026 16:05;538;0
20/06/2026 16:06;542;519
20/06/2026 16:07;533;0
20/06/2026 16:08;536;0
20/06/2026 16:09;541;0
20/06/2026 16:10;537;0
20/06/2026 16:11;536;0
20/06/2026 16:12;526;0
20/06/2026 16:13;529;0
20/06/2026 16:14;537;0
20/06/2026 16:15;536;0
20/06/2026 16:16;537;505
20/06/2026 16:17;537;0
20/06/2026 16:18;544;0
20/06/2026 16:19;543;0
20/06/2026 16:20;538;0
20/06/2026 16:21;533;0
20/06/2026 16:22;533;0
20/06/2026 16:23;530;0
20/06/2026 16:24;529;0
20/06/2026 16:25;524;0
20/06/2026 16:26;520;464
20/06/2026 16:27;516;0
20/06/2026 16:28;516;0
20/06/2026 16:29;517;0
20/06/2026 16:30;517;0
20/06/2026 16:31;517;0
20/06/2026 16:32;516;0
20/06/2026 16:33;513;0
20/06/2026 16:34;510;0
20/06/2026 16:35;503;0
20/06/2026 16:36;496;374
20/06/2026 16:37;494;0
20/06/2026 16:38;488;0
20/06/2026 16:39;479;0
20/06/2026 16:40;468;0
20/06/2026 16:41;456;0
20/06/2026 16:42;453;0
20/06/2026 16:43;458;0
20/06/2026 16:44;455;0
20/06/2026 16:45;457;0
20/06/2026 16:46;458;322
20/06/2026 16:47;458;0
20/06/2026 16:48;463;0
20/06/2026 16:49;468;0
20/06/2026 16:50;463;0
20/06/2026 16:51;454;0
20/06/2026 16:52;430;0
20/06/2026 16:53;421;0
20/06/2026 16:54;407;0
20/06/2026 16:55;406;0
20/06/2026 16:56;385;241
20/06/2026 16:57;393;0
20/06/2026 16:58;396;0
20/06/2026 16:59;389;0
20/06/2026 17:00;408;0
20/06/2026 17:01;417;0
20/06/2026 17:02;423;0
20/06/2026 17:03;419;0
20/06/2026 17:04;417;0
20/06/2026 17:05;417;0
20/06/2026 17:06;419;215
20/06/2026 17:07;415;0
20/06/2026 17:08;413;0
20/06/2026 17:09;407;0
20/06/2026 17:10;406;0
20/06/2026 17:11;410;0
20/06/2026 17:12;410;0
20/06/2026 17:13;414;0
20/06/2026 17:14;403;0
20/06/2026 17:15;376;0
20/06/2026 17:16;389;232
20/06/2026 17:17;378;0
20/06/2026 17:18;365;0
20/06/2026 17:19;368;0
20/06/2026 17:20;370;0
20/06/2026 17:21;370;0
20/06/2026 17:22;362;0
20/06/2026 17:23;338;0
20/06/2026 17:24;332;0
20/06/2026 17:25;335;0
20/06/2026 17:26;320;168
20/06/2026 17:27;313;0
20/06/2026 17:28;308;0
20/06/2026 17:29;259;0
20/06/2026 17:30;276;0
20/06/2026 17:31;263;0
20/06/2026 17:32;299;0
20/06/2026 17:33;339;0
20/06/2026 17:34;360;0
20/06/2026 17:35;347;0
20/06/2026 17:36;313;122
20/06/2026 17:37;354;0
20/06/2026 17:38;357;0
20/06/2026 17:39;351;0
20/06/2026 17:40;344;0
20/06/2026 17:41;347;0
20/06/2026 17:42;357;0
20/06/2026 17:43;363;0
20/06/2026 17:44;365;0
20/06/2026 17:45;363;0
20/06/2026 17:46;361;183
20/06/2026 17:47;357;0
20/06/2026 17:48;354;0
20/06/2026 17:49;353;0
20/06/2026 17:50;347;0
20/06/2026 17:51;342;0
20/06/2026 17:52;340;0
20/06/2026 17:53;335;0
20/06/2026 17:54;330;0
20/06/2026 17:55;324;0
20/06/2026 17:56;321;174
20/06/2026 17:57;311;0
20/06/2026 17:58;314;0
20/06/2026 17:59;295;0
20/06/2026 18:00;292;0
20/06/2026 18:01;301;0
20/06/2026 18:02;298;0
20/06/2026 18:03;286;0
20/06/2026 18:04;287;0
20/06/2026 18:05;281;0
20/06/2026 18:06;261;139
20/06/2026 18:07;256;0
20/06/2026 18:08;265;0
20/06/2026 18:09;263;0
20/06/2026 18:10;259;0
20/06/2026 18:11;255;0
20/06/2026 18:12;246;0
20/06/2026 18:13;243;0
20/06/2026 18:14;232;0
20/06/2026 18:15;230;0
20/06/2026 18:16;218;116
20/06/2026 18:17;213;0
20/06/2026 18:18;191;0
20/06/2026 18:19;212;0
20/06/2026 18:20;214;0
20/06/2026 18:21;208;0
20/06/2026 18:22;0;0
20/06/2026 18:23;187;0
20/06/2026 18:24;196;0
20/06/2026 18:25;192;0
20/06/2026 18:26;187;107
20/06/2026 18:27;184;0
20/06/2026 18:28;182;0
20/06/2026 18:29;181;0
20/06/2026 18:30;178;0
20/06/2026 18:31;173;0
20/06/2026 18:32;169;0
20/06/2026 18:33;166;0
20/06/2026 18:34;163;0
20/06/2026 18:35;162;0
20/06/2026 18:36;158;95,8
20/06/2026 18:37;146;0
20/06/2026 18:38;149;0
20/06/2026 18:39;146;0
20/06/2026 18:40;150;0
20/06/2026 18:41;147;0
20/06/2026 18:42;140;0
20/06/2026 18:43;140;0
20/06/2026 18:44;139;0
20/06/2026 18:45;137;0
20/06/2026 18:46;136;102
20/06/2026 18:47;124;0
20/06/2026 18:48;121;0
20/06/2026 18:49;113;0
20/06/2026 18:50;103;0
20/06/2026 18:51;115;0
20/06/2026 18:52;124;0
20/06/2026 18:53;119;0
20/06/2026 18:54;118;0
20/06/2026 18:55;109;0
20/06/2026 18:56;108;92,9
20/06/2026 18:57;104;0
20/06/2026 18:58;100;0
20/06/2026 18:59;93;0
20/06/2026 19:00;82;0
20/06/2026 19:01;75;0
20/06/2026 19:02;72;0
20/06/2026 19:03;70;0
20/06/2026 19:04;70;0
20/06/2026 19:05;74;0
20/06/2026 19:06;71;87,1
20/06/2026 19:07;70;0
20/06/2026 19:08;69;0
20/06/2026 19:09;67;0
20/06/2026 19:10;66;0
20/06/2026 19:11;64;0
20/06/2026 19:12;64;0
20/06/2026 19:13;62;0
20/06/2026 19:14;60;0
20/06/2026 19:15;58;0
20/06/2026 19:16;57;81,3
20/06/2026 19:17;57;0
20/06/2026 19:18;56;0
20/06/2026 19:19;54;0
20/06/2026 19:20;53;0
20/06/2026 19:21;52;0
20/06/2026 19:22;51;0
20/06/2026 19:23;50;0
20/06/2026 19:24;49;0
20/06/2026 19:25;48;0
20/06/2026 19:26;47;84,2
20/06/2026 19:27;46;0
20/06/2026 19:28;44;0
20/06/2026 19:29;45;0
20/06/2026 19:30;44;0
20/06/2026 19:31;43;0
20/06/2026 19:32;43;0
20/06/2026 19:33;42;0
20/06/2026 19:34;41;0
20/06/2026 19:35;40;0
20/06/2026 19:36;38;81,3
20/06/2026 19:37;38;0
20/06/2026 19:38;38;0
20/06/2026 19:39;37;0
20/06/2026 19:40;35;0
20/06/2026 19:41;33;0
20/06/2026 19:42;32;0
20/06/2026 19:43;31;0
20/06/2026 19:44;31;0
20/06/2026 19:45;28;0
20/06/2026 19:46;29;78,4
20/06/2026 19:47;26;0
20/06/2026 19:48;27;0
20/06/2026 19:49;25;0
20/06/2026 19:50;25;0
20/06/2026 19:51;23;0
20/06/2026 19:52;23;0
20/06/2026 19:53;21;0
20/06/2026 19:54;19;0
20/06/2026 19:55;19;0
20/06/2026 19:56;17;78,4
20/06/2026 19:57;16;0
20/06/2026 19:58;15;0
20/06/2026 19:59;14;0
20/06/2026 20:00;13;0
20/06/2026 20:01;12;0
20/06/2026 20:02;11;0
20/06/2026 20:03;9;0
20/06/2026 20:04;9;0
20/06/2026 20:05;7;0
20/06/2026 20:06;6;66,8
20/06/2026 20:07;6;0
20/06/2026 20:08;5;0
20/06/2026 20:09;4;0
20/06/2026 20:10;4;0
20/06/2026 20:11;3;0
20/06/2026 20:12;4;0
20/06/2026 20:13;2;0
20/06/2026 20:14;2;0
20/06/2026 20:15;1;0
20/06/2026 20:16;1;58
20/06/2026 20:17;0;0
20/06/2026 20:18;0;0
20/06/2026 20:19;0;0
20/06/2026 20:20;0;0
20/06/2026 20:21;0;0
20/06/2026 20:22;0;0
20/06/2026 20:23;0;0
20/06/2026 20:24;0;0
20/06/2026 20:25;0;0
20/06/2026 20:26;0;0
20/06/2026 20:27;76;0
20/06/2026 20:28;0;0
20/06/2026 20:29;0;0
20/06/2026 20:30;0;0
20/06/2026 20:31;0;0
20/06/2026 20:32;0;0
20/06/2026 20:33;0;0
20/06/2026 20:34;0;0
20/06/2026 20:35;0;0
20/06/2026 20:36;0;0
20/06/2026 20:37;0;0
20/06/2026 20:38;0;0
20/06/2026 20:39;0;0
20/06/2026 20:40;0;0
20/06/2026 20:41;0;0
20/06/2026 20:42;0;0
20/06/2026 20:43;0;0
20/06/2026 20:44;0;0
20/06/2026 20:45;0;0
20/06/2026 20:46;0;0
20/06/2026 20:47;0;0
20/06/2026 20:48;0;0
20/06/2026 20:49;0;0
20/06/2026 20:50;0;0
20/06/2026 20:51;0;0
20/06/2026 20:52;0;0
20/06/2026 20:53;0;0
20/06/2026 20:54;0;0
20/06/2026 20:55;0;0
20/06/2026 20:56;0;0
20/06/2026 20:57;0;0
20/06/2026 20:58;0;0
20/06/2026 20:59;0;0
20/06/2026 21:00;0;0
20/06/2026 21:01;0;0
20/06/2026 21:02;0;0
20/06/2026 21:03;0;0
20/06/2026 21:04;0;0
20/06/2026 21:05;0;0
20/06/2026 21:06;0;0
20/06/2026 21:07;0;0
20/06/2026 21:08;0;0
20/06/2026 21:09;0;0
20/06/2026 21:10;0;0
20/06/2026 21:11;0;0
20/06/2026 21:12;0;0
20/06/2026 21:13;0;0
20/06/2026 21:14;0;0
20/06/2026 21:15;0;0
20/06/2026 21:16;0;0
20/06/2026 21:17;0;0
20/06/2026 21:18;0;0
20/06/2026 21:19;0;0
20/06/2026 21:20;0;0
20/06/2026 21:21;0;0
20/06/2026 21:22;0;0
20/06/2026 21:23;0;0
20/06/2026 21:24;0;0
20/06/2026 21:25;0;0
20/06/2026 21:26;0;0
20/06/2026 21:27;0;0
20/06/2026 21:28;0;0
20/06/2026 21:29;0;0
20/06/2026 21:30;0;0
20/06/2026 21:31;0;0
20/06/2026 21:32;0;0
20/06/2026 21:33;0;0
20/06/2026 21:34;0;0
20/06/2026 21:35;0;0
20/06/2026 21:36;0;0
20/06/2026 21:37;0;0
20/06/2026 21:38;0;0
20/06/2026 21:39;0;0
20/06/2026 21:40;0;0
20/06/2026 21:41;0;0
20/06/2026 21:42;0;0
20/06/2026 21:43;0;0
20/06/2026 21:44;0;0
20/06/2026 21:45;0;0
20/06/2026 21:46;0;0
20/06/2026 21:47;0;0
20/06/2026 21:48;0;0
20/06/2026 21:49;0;0
20/06/2026 21:50;0;0
20/06/2026 21:51;0;0
20/06/2026 21:52;0;0
20/06/2026 21:53;0;0
20/06/2026 21:54;0;0
20/06/2026 21:55;0;0
20/06/2026 21:56;0;0
20/06/2026 21:57;0;0
20/06/2026 21:58;0;0
20/06/2026 21:59;0;0
20/06/2026 22:00;0;0
20/06/2026 22:01;0;0
20/06/2026 22:02;0;0
20/06/2026 22:03;0;0
20/06/2026 22:04;0;0
20/06/2026 22:05;0;0
20/06/2026 22:06;0;0
20/06/2026 22:07;0;0
20/06/2026 22:08;0;0
20/06/2026 22:09;0;0
20/06/2026 22:10;0;0
20/06/2026 22:11;0;0
20/06/2026 22:12;0;0
20/06/2026 22:13;0;0
20/06/2026 22:14;0;0
20/06/2026 22:15;0;0
20/06/2026 22:16;0;0
20/06/2026 22:17;0;0
20/06/2026 22:18;0;0
20/06/2026 22:19;0;0
20/06/2026 22:20;0;0
20/06/2026 22:21;0;0
20/06/2026 22:22;0;0
20/06/2026 22:23;0;0
20/06/2026 22:24;0;0
20/06/2026 22:25;0;0
20/06/2026 22:26;0;0
20/06/2026 22:27;0;0
20/06/2026 22:28;0;0
20/06/2026 22:29;0;0
20/06/2026 22:30;0;0
20/06/2026 22:31;0;0
20/06/2026 22:32;0;0
20/06/2026 22:33;0;0
20/06/2026 22:34;0;0
20/06/2026 22:35;0;0
20/06/2026 22:36;0;0
20/06/2026 22:37;0;0
20/06/2026 22:38;0;0
20/06/2026 22:39;0;0
20/06/2026 22:40;0;0
20/06/2026 22:41;0;0
20/06/2026 22:42;0;0
20/06/2026 22:43;0;0
20/06/2026 22:44;0;0
20/06/2026 22:45;0;0
20/06/2026 22:46;0;0
20/06/2026 22:47;0;0
20/06/2026 22:48;0;0
20/06/2026 22:49;0;0
20/06/2026 22:50;0;0
20/06/2026 22:51;0;0
20/06/2026 22:52;0;0
20/06/2026 22:53;0;0
20/06/2026 22:54;0;0
20/06/2026 22:55;0;0
20/06/2026 22:56;0;0
20/06/2026 22:57;0;0
20/06/2026 22:58;0;0
20/06/2026 22:59;0;0
20/06/2026 23:00;0;0
20/06/2026 23:01;0;0
20/06/2026 23:02;0;0
20/06/2026 23:03;0;0
20/06/2026 23:04;0;0
20/06/2026 23:05;0;0
20/06/2026 23:06;0;0
20/06/2026 23:07;0;0
20/06/2026 23:08;0;0
20/06/2026 23:09;0;0
20/06/2026 23:10;0;0
20/06/2026 23:11;0;0
20/06/2026 23:12;0;0
20/06/2026 23:13;0;0
20/06/2026 23:14;0;0
20/06/2026 23:15;0;0
20/06/2026 23:16;0;0
20/06/2026 23:17;0;0
20/06/2026 23:18;0;0
20/06/2026 23:19;0;0
20/06/2026 23:20;0;0
20/06/2026 23:21;0;0
20/06/2026 23:22;0;0
20/06/2026 23:23;0;0
20/06/2026 23:24;0;0
20/06/2026 23:25;0;0
20/06/2026 23:26;0;0
20/06/2026 23:27;0;0
20/06/2026 23:28;0;0
20/06/2026 23:29;0;0
20/06/2026 23:30;0;0
20/06/2026 23:31;0;0
20/06/2026 23:32;0;0
20/06/2026 23:33;0;0
20/06/2026 23:34;0;0
20/06/2026 23:35;0;0
20/06/2026 23:36;0;0
20/06/2026 23:37;0;0
20/06/2026 23:38;0;0
20/06/2026 23:39;0;0
20/06/2026 23:40;0;0
20/06/2026 23:41;0;0
20/06/2026 23:42;0;0
20/06/2026 23:43;0;0
20/06/2026 23:44;0;0
20/06/2026 23:45;0;0
20/06/2026 23:46;0;0
20/06/2026 23:47;0;0
20/06/2026 23:48;0;0
20/06/2026 23:49;0;0
20/06/2026 23:50;0;0
20/06/2026 23:51;0;0
20/06/2026 23:52;0;0
20/06/2026 23:53;0;0
20/06/2026 23:54;0;0
20/06/2026 23:55;0;0
20/06/2026 23:56;0;0
20/06/2026 23:57;0;0
20/06/2026 23:58;0;0
20/06/2026 23:59;0;0
21/06/2026 0:00;0;0
21/06/2026 0:01;0;0
21/06/2026 0:02;0;0
21/06/2026 0:03;0;0
21/06/2026 0:04;0;0
21/06/2026 0:05;0;0
21/06/2026 0:06;0;0
21/06/2026 0:07;0;0
21/06/2026 0:08;0;0
21/06/2026 0:09;0;0
21/06/2026 0:10;0;0
21/06/2026 0:11;0;0
21/06/2026 0:12;0;0
21/06/2026 0:13;0;0
21/06/2026 0:14;0;0
21/06/2026 0:15;0;0
21/06/2026 0:16;0;0
21/06/2026 0:17;0;0
21/06/2026 0:18;0;0
21/06/2026 0:19;0;0
21/06/2026 0:20;0;0
21/06/2026 0:21;0;0
21/06/2026 0:22;0;0
21/06/2026 0:23;0;0
21/06/2026 0:24;0;0
21/06/2026 0:25;0;0
21/06/2026 0:26;0;0
21/06/2026 0:27;0;0
21/06/2026 0:28;0;0
21/06/2026 0:29;0;0
21/06/2026 0:30;0;0
21/06/2026 0:31;0;0
21/06/2026 0:32;0;0
21/06/2026 0:33;0;0
21/06/2026 0:34;0;0
21/06/2026 0:35;0;0
21/06/2026 0:36;0;0
21/06/2026 0:37;0;0
21/06/2026 0:38;0;0
21/06/2026 0:39;0;0
21/06/2026 0:40;0;0
21/06/2026 0:41;0;0
21/06/2026 0:42;0;0
21/06/2026 0:43;0;0
21/06/2026 0:44;0;0
21/06/2026 0:45;0;0
21/06/2026 0:46;0;0
21/06/2026 0:47;0;0
21/06/2026 0:48;0;0
21/06/2026 0:49;0;0
21/06/2026 0:50;0;0
21/06/2026 0:51;0;0
21/06/2026 0:52;0;0
21/06/2026 0:53;0;0
21/06/2026 0:54;0;0
21/06/2026 0:55;0;0
21/06/2026 0:56;0;0
21/06/2026 0:57;0;0
21/06/2026 0:58;0;0
21/06/2026 0:59;0;0
21/06/2026 1:00;0;0
21/06/2026 1:01;0;0
21/06/2026 1:02;0;0
21/06/2026 1:03;0;0
21/06/2026 1:04;0;0
21/06/2026 1:05;0;0
21/06/2026 1:06;0;0
21/06/2026 1:07;0;0
21/06/2026 1:08;0;0
21/06/2026 1:09;0;0
21/06/2026 1:10;0;0
21/06/2026 1:11;0;0
21/06/2026 1:12;0;0
21/06/2026 1:13;0;0
21/06/2026 1:14;0;0
21/06/2026 1:15;0;0
21/06/2026 1:16;0;0
21/06/2026 1:17;0;0
21/06/2026 1:18;0;0
21/06/2026 1:19;0;0
21/06/2026 1:20;0;0
21/06/2026 1:21;0;0
21/06/2026 1:22;0;0
21/06/2026 1:23;0;0
21/06/2026 1:24;0;0
21/06/2026 1:25;0;0
21/06/2026 1:26;0;0
21/06/2026 1:27;0;0
21/06/2026 1:28;0;0
21/06/2026 1:29;0;0
21/06/2026 1:30;0;0
21/06/2026 1:31;0;0
21/06/2026 1:32;0;0
21/06/2026 1:33;0;0
21/06/2026 1:34;0;0
21/06/2026 1:35;0;0
21/06/2026 1:36;0;0
21/06/2026 1:37;0;0
21/06/2026 1:38;0;0
21/06/2026 1:39;0;0
21/06/2026 1:40;0;0
21/06/2026 1:41;0;0
21/06/2026 1:42;0;0
21/06/2026 1:43;0;0
21/06/2026 1:44;0;0
21/06/2026 1:45;0;0
21/06/2026 1:46;0;0
21/06/2026 1:47;0;0
21/06/2026 1:48;0;0
21/06/2026 1:49;0;0
21/06/2026 1:50;0;0
21/06/2026 1:51;0;0
21/06/2026 1:52;0;0
21/06/2026 1:53;0;0
21/06/2026 1:54;0;0
21/06/2026 1:55;0;0
21/06/2026 1:56;0;0
21/06/2026 1:57;0;0
21/06/2026 1:58;0;0
21/06/2026 1:59;0;0
21/06/2026 2:00;0;0
21/06/2026 2:01;0;0
21/06/2026 2:02;0;0
21/06/2026 2:03;0;0
21/06/2026 2:04;0;0
21/06/2026 2:05;0;0
21/06/2026 2:06;0;0
21/06/2026 2:07;0;0
21/06/2026 2:08;0;0
21/06/2026 2:09;0;0
21/06/2026 2:10;0;0
21/06/2026 2:11;0;0
21/06/2026 2:12;0;0
21/06/2026 2:13;0;0
21/06/2026 2:14;0;0
21/06/2026 2:15;0;0
21/06/2026 2:16;0;0
21/06/2026 2:17;0;0
21/06/2026 2:18;0;0
21/06/2026 2:19;0;0
21/06/2026 2:20;0;0
21/06/2026 2:21;0;0
21/06/2026 2:22;0;0
21/06/2026 2:23;0;0
21/06/2026 2:24;0;0
21/06/2026 2:25;0;0
21/06/2026 2:26;0;0
21/06/2026 2:27;0;0
21/06/2026 2:28;0;0
21/06/2026 2:29;0;0
21/06/2026 2:30;0;0
21/06/2026 2:31;0;0
21/06/2026 2:32;0;0
21/06/2026 2:33;0;0
21/06/2026 2:34;0;0
21/06/2026 2:35;0;0
21/06/2026 2:36;0;0
21/06/2026 2:37;0;0
21/06/2026 2:38;0;0
21/06/2026 2:39;0;0
21/06/2026 2:40;0;0
21/06/2026 2:41;0;0
21/06/2026 2:42;0;0
21/06/2026 2:43;0;0
21/06/2026 2:44;0;0
21/06/2026 2:45;0;0
21/06/2026 2:46;0;0
21/06/2026 2:47;0;0
21/06/2026 2:48;0;0
21/06/2026 2:49;0;0
21/06/2026 2:50;0;0
21/06/2026 2:51;0;0
21/06/2026 2:52;0;0
21/06/2026 2:53;0;0
21/06/2026 2:54;0;0
21/06/2026 2:55;0;0
21/06/2026 2:56;0;0
21/06/2026 2:57;0;0
21/06/2026 2:58;0;0
21/06/2026 2:59;0;0
21/06/2026 3:00;0;0
21/06/2026 3:01;0;0
21/06/2026 3:02;0;0
21/06/2026 3:03;0;0
21/06/2026 3:04;0;0
21/06/2026 3:05;0;0
21/06/2026 3:06;0;0
21/06/2026 3:07;0;0
21/06/2026 3:08;0;0
21/06/2026 3:09;0;0
21/06/2026 3:10;0;0
21/06/2026 3:11;0;0
21/06/2026 3:12;0;0
21/06/2026 3:13;0;0
21/06/2026 3:14;0;0
21/06/2026 3:15;0;0
21/06/2026 3:16;0;0
21/06/2026 3:17;0;0
21/06/2026 3:18;0;0
21/06/2026 3:19;0;0
21/06/2026 3:20;0;0
21/06/2026 3:21;0;0
21/06/2026 3:22;0;0
21/06/2026 3:23;0;0
21/06/2026 3:24;0;0
21/06/2026 3:25;0;0
21/06/2026 3:26;0;0
21/06/2026 3:27;0;0
21/06/2026 3:28;0;0
21/06/2026 3:29;0;0
21/06/2026 3:30;0;0
21/06/2026 3:31;0;0
21/06/2026 3:32;0;0
21/06/2026 3:33;0;0
21/06/2026 3:34;0;0
21/06/2026 3:35;0;0
21/06/2026 3:36;0;0
21/06/2026 3:37;0;0
21/06/2026 3:38;0;0
21/06/2026 3:39;0;0
21/06/2026 3:40;0;0
21/06/2026 3:41;0;0
21/06/2026 3:42;0;0
21/06/2026 3:43;0;0
21/06/2026 3:44;0;0
21/06/2026 3:45;0;0
21/06/2026 3:46;0;0
21/06/2026 3:47;0;0
21/06/2026 3:48;0;0
21/06/2026 3:49;0;0
21/06/2026 3:50;0;0
21/06/2026 3:51;0;0
21/06/2026 3:52;0;0
21/06/2026 3:53;0;0
21/06/2026 3:54;0;0
21/06/2026 3:55;0;0
21/06/2026 3:56;0;0
21/06/2026 3:57;0;0
21/06/2026 3:58;0;0
21/06/2026 3:59;0;0
21/06/2026 4:00;0;0
21/06/2026 4:01;0;0
21/06/2026 4:02;0;0
21/06/2026 4:03;0;0
21/06/2026 4:04;0;0
21/06/2026 4:05;0;0
21/06/2026 4:06;0;0
21/06/2026 4:07;0;0
21/06/2026 4:08;0;0
21/06/2026 4:09;0;0
21/06/2026 4:10;0;0
21/06/2026 4:11;0;0
21/06/2026 4:12;0;0
21/06/2026 4:13;0;0
21/06/2026 4:14;0;0
21/06/2026 4:15;0;0
21/06/2026 4:16;0;0
21/06/2026 4:17;0;0
21/06/2026 4:18;0;0
21/06/2026 4:19;0;0
21/06/2026 4:20;0;0
21/06/2026 4:21;0;0
21/06/2026 4:22;0;0
21/06/2026 4:23;0;0
21/06/2026 4:24;0;0
21/06/2026 4:25;0;0
21/06/2026 4:26;0;0
21/06/2026 4:27;0;0
21/06/2026 4:28;0;0
21/06/2026 4:29;0;0
21/06/2026 4:30;0;0
21/06/2026 4:31;0;0
21/06/2026 4:32;0;0
21/06/2026 4:33;0;0
21/06/2026 4:34;0;0
21/06/2026 4:35;0;0
21/06/2026 4:36;0;0
21/06/2026 4:37;0;0
21/06/2026 4:38;0;0
21/06/2026 4:39;0;0
21/06/2026 4:40;0;0
21/06/2026 4:41;0;0
21/06/2026 4:42;0;0
21/06/2026 4:43;0;0
21/06/2026 4:44;0;0
21/06/2026 4:45;0;0
21/06/2026 4:46;0;0
21/06/2026 4:47;0;0
21/06/2026 4:48;0;0
21/06/2026 4:49;0;0
21/06/2026 4:50;0;0
21/06/2026 4:51;0;0
21/06/2026 4:52;0;0
21/06/2026 4:53;0;0
21/06/2026 4:54;0;0
21/06/2026 4:55;0;0
21/06/2026 4:56;0;0
21/06/2026 4:57;0;0
21/06/2026 4:58;0;0
21/06/2026 4:59;0;0
21/06/2026 5:00;0;0
21/06/2026 5:01;0;0
21/06/2026 5:02;0;0
21/06/2026 5:03;0;0
21/06/2026 5:04;0;0
21/06/2026 5:05;0;0
21/06/2026 5:06;0;0
21/06/2026 5:07;0;0
21/06/2026 5:08;0;0
21/06/2026 5:09;0;0
21/06/2026 5:10;0;0
21/06/2026 5:11;0;0
21/06/2026 5:12;0;0
21/06/2026 5:13;0;0
21/06/2026 5:14;0;0
21/06/2026 5:15;0;0
21/06/2026 5:16;0;0
21/06/2026 5:17;0;0
21/06/2026 5:18;0;0
21/06/2026 5:19;0;0
21/06/2026 5:20;0;0
21/06/2026 5:21;0;0
21/06/2026 5:22;0;0
21/06/2026 5:23;0;0
21/06/2026 5:24;0;0
21/06/2026 5:25;0;0
21/06/2026 5:26;0;0
21/06/2026 5:27;0;0
21/06/2026 5:28;0;0
21/06/2026 5:29;0;0
21/06/2026 5:30;0;0
21/06/2026 5:31;0;0
21/06/2026 5:32;0;0
21/06/2026 5:33;0;0
21/06/2026 5:34;0;0
21/06/2026 5:35;0;0
21/06/2026 5:36;0;0
21/06/2026 5:37;0;0
21/06/2026 5:38;0;0
21/06/2026 5:39;0;0
21/06/2026 5:40;0;0
21/06/2026 5:41;0;0
21/06/2026 5:42;0;0
21/06/2026 5:43;0;0
21/06/2026 5:44;0;0
21/06/2026 5:45;0;0
21/06/2026 5:46;0;0
21/06/2026 5:47;0;0
21/06/2026 5:48;0;0
21/06/2026 5:49;0;0
21/06/2026 5:50;0;0
21/06/2026 5:51;0;0
21/06/2026 5:52;0;0
21/06/2026 5:53;0;0
21/06/2026 5:54;0;0
21/06/2026 5:55;0;0
21/06/2026 5:56;0;0
21/06/2026 5:57;0;0
21/06/2026 5:58;0;0
21/06/2026 5:59;0;0
21/06/2026 6:00;0;0
21/06/2026 6:01;0;0
21/06/2026 6:02;0;0
21/06/2026 6:03;0;0
21/06/2026 6:04;0;0
21/06/2026 6:05;0;0
21/06/2026 6:06;0;0
21/06/2026 6:07;0;0
21/06/2026 6:08;0;0
21/06/2026 6:09;0;0
21/06/2026 6:10;0;0
21/06/2026 6:11;0;0
21/06/2026 6:12;0;0
21/06/2026 6:13;0;0
21/06/2026 6:14;0;0
21/06/2026 6:15;0;0
21/06/2026 6:16;0;0
21/06/2026 6:17;0;0
21/06/2026 6:18;0;0
21/06/2026 6:19;0;0
21/06/2026 6:20;0;0
21/06/2026 6:21;0;0
21/06/2026 6:22;0;0
21/06/2026 6:23;0;0
21/06/2026 6:24;0;0
21/06/2026 6:25;0;0
21/06/2026 6:26;0;0
21/06/2026 6:27;0;0
21/06/2026 6:28;0;0
21/06/2026 6:29;0;0
21/06/2026 6:30;0;0
21/06/2026 6:31;0;0
21/06/2026 6:32;0;0
21/06/2026 6:33;0;0
21/06/2026 6:34;0;0
21/06/2026 6:35;0;0
21/06/2026 6:36;0;0
21/06/2026 6:37;0;0
21/06/2026 6:38;0;0
21/06/2026 6:39;0;0
21/06/2026 6:40;0;0
21/06/2026 6:41;0;0
21/06/2026 6:42;0;0
21/06/2026 6:43;0;0
21/06/2026 6:44;0;0
21/06/2026 6:45;0;0
21/06/2026 6:46;0;0
21/06/2026 6:47;0;0
21/06/2026 6:48;0;0
21/06/2026 6:49;0;0
21/06/2026 6:50;0;0
21/06/2026 6:51;0;0
21/06/2026 6:52;0;0
21/06/2026 6:53;0;0
21/06/2026 6:54;0;0
21/06/2026 6:55;0;0
21/06/2026 6:56;0;0
21/06/2026 6:57;0;0
21/06/2026 6:58;0;0
21/06/2026 6:59;0;0
21/06/2026 7:00;0;0
21/06/2026 7:01;0;0
21/06/2026 7:02;0;0
21/06/2026 7:03;0;0
21/06/2026 7:04;0;0
21/06/2026 7:05;0;0
21/06/2026 7:06;0;0
21/06/2026 7:07;0;0
21/06/2026 7:08;0;0
21/06/2026 7:09;0;0
21/06/2026 7:10;0;0
21/06/2026 7:11;0;0
21/06/2026 7:12;0;0
21/06/2026 7:13;0;0
21/06/2026 7:14;0;0
21/06/2026 7:15;0;0
21/06/2026 7:16;0;0
21/06/2026 7:17;0;0
21/06/2026 7:18;0;0
21/06/2026 7:19;0;0
21/06/2026 7:20;0;0
21/06/2026 7:21;0;0
21/06/2026 7:22;0;0
21/06/2026 7:23;0;0
21/06/2026 7:24;0;0
21/06/2026 7:25;0;0
21/06/2026 7:26;0;0
21/06/2026 7:27;0;0
21/06/2026 7:28;0;0
21/06/2026 7:29;0;0
21/06/2026 7:30;0;0
21/06/2026 7:31;0;0
21/06/2026 7:32;0;0
21/06/2026 7:33;0;0
21/06/2026 7:34;0;0
21/06/2026 7:35;0;0
21/06/2026 7:36;0;0
21/06/2026 7:37;0;0
21/06/2026 7:38;0;0
21/06/2026 7:39;0;0
21/06/2026 7:40;0;0
21/06/2026 7:41;0;0
21/06/2026 7:42;0;0
21/06/2026 7:43;0;0
21/06/2026 7:44;0;0
21/06/2026 7:45;0;0
21/06/2026 7:46;0;0
21/06/2026 7:47;0;0
21/06/2026 7:48;0;0
21/06/2026 7:49;0;0
21/06/2026 7:50;0;0
21/06/2026 7:51;0;0
21/06/2026 7:52;0;0
21/06/2026 7:53;0;0
21/06/2026 7:54;0;0
21/06/2026 7:55;3;0
21/06/2026 7:56;7;90
21/06/2026 7:57;9;0
21/06/2026 7:58;13;0
21/06/2026 7:59;16;0
21/06/2026 8:00;17;0
21/06/2026 8:01;20;0
21/06/2026 8:02;23;0
21/06/2026 8:03;25;0
21/06/2026 8:04;28;0
21/06/2026 8:05;30;0
21/06/2026 8:06;30;102
21/06/2026 8:07;32;0
21/06/2026 8:08;35;0
21/06/2026 8:09;36;0
21/06/2026 8:10;37;0
21/06/2026 8:11;38;0
21/06/2026 8:12;39;0
21/06/2026 8:13;39;0
21/06/2026 8:14;42;0
21/06/2026 8:15;45;0
21/06/2026 8:16;47;134
21/06/2026 8:17;48;0
21/06/2026 8:18;51;0
21/06/2026 8:19;53;0
21/06/2026 8:20;52;0
21/06/2026 8:21;56;0
21/06/2026 8:22;61;0
21/06/2026 8:23;65;0
21/06/2026 8:24;69;0
21/06/2026 8:25;71;0
21/06/2026 8:26;72;145
21/06/2026 8:27;74;0
21/06/2026 8:28;78;0
21/06/2026 8:29;77;0
21/06/2026 8:30;82;0
21/06/2026 8:31;87;0
21/06/2026 8:32;93;0
21/06/2026 8:33;98;0
21/06/2026 8:34;100;0
21/06/2026 8:35;101;0
21/06/2026 8:36;104;168
21/06/2026 8:37;106;0
21/06/2026 8:38;109;0
21/06/2026 8:39;111;0
21/06/2026 8:40;114;0
21/06/2026 8:41;117;0
21/06/2026 8:42;120;0
21/06/2026 8:43;123;0
21/06/2026 8:44;126;0
21/06/2026 8:45;130;0
21/06/2026 8:46;131;197
21/06/2026 8:47;135;0
21/06/2026 8:48;137;0
21/06/2026 8:49;140;0
21/06/2026 8:50;142;0
21/06/2026 8:51;146;0
21/06/2026 8:52;150;0
21/06/2026 8:53;152;0
21/06/2026 8:54;156;0
21/06/2026 8:55;158;0
21/06/2026 8:56;160;200
21/06/2026 8:57;164;0
21/06/2026 8:58;167;0
21/06/2026 8:59;170;0
21/06/2026 9:00;173;0
21/06/2026 9:01;177;0
21/06/2026 9:02;181;0
21/06/2026 9:03;183;0
21/06/2026 9:04;185;0
21/06/2026 9:05;188;0
21/06/2026 9:06;190;238
21/06/2026 9:07;193;0
21/06/2026 9:08;195;0
21/06/2026 9:09;199;0
21/06/2026 9:10;201;0
21/06/2026 9:11;204;0
21/06/2026 9:12;207;0
21/06/2026 9:13;211;0
21/06/2026 9:14;214;0
21/06/2026 9:15;218;0
21/06/2026 9:16;219;264
21/06/2026 9:17;223;0
21/06/2026 9:18;224;0
21/06/2026 9:19;225;0
21/06/2026 9:20;229;0
21/06/2026 9:21;231;0
21/06/2026 9:22;231;0
21/06/2026 9:23;237;0
21/06/2026 9:24;240;0
21/06/2026 9:25;243;0
21/06/2026 9:26;244;276
21/06/2026 9:27;247;0
21/06/2026 9:28;250;0
21/06/2026 9:29;255;0
21/06/2026 9:30;259;0
21/06/2026 9:31;262;0
21/06/2026 9:32;267;0
21/06/2026 9:33;269;0
21/06/2026 9:34;272;0
21/06/2026 9:35;275;0
21/06/2026 9:36;277;316
21/06/2026 9:37;278;0
21/06/2026 9:38;280;0
21/06/2026 9:39;283;0
21/06/2026 9:40;285;0
21/06/2026 9:41;288;0
21/06/2026 9:42;292;0
21/06/2026 9:43;294;0
21/06/2026 9:44;298;0
21/06/2026 9:45;300;0
21/06/2026 9:46;302;348
21/06/2026 9:47;304;0
21/06/2026 9:48;307;0
21/06/2026 9:49;308;0
21/06/2026 9:50;309;0
21/06/2026 9:51;313;0
21/06/2026 9:52;316;0
21/06/2026 9:53;318;0
21/06/2026 9:54;321;0
21/06/2026 9:55;324;0
21/06/2026 9:56;328;371
21/06/2026 9:57;329;0
21/06/2026 9:58;332;0
21/06/2026 9:59;336;0
21/06/2026 10:00;338;0
21/06/2026 10:01;343;0
21/06/2026 10:02;343;0
21/06/2026 10:03;346;0
21/06/2026 10:04;352;0
21/06/2026 10:05;351;0
21/06/2026 10:06;354;389
21/06/2026 10:07;357;0
21/06/2026 10:08;362;0
21/06/2026 10:09;364;0
21/06/2026 10:10;366;0
21/06/2026 10:11;369;0
21/06/2026 10:12;370;0
21/06/2026 10:13;373;0
21/06/2026 10:14;376;0
21/06/2026 10:15;377;0
21/06/2026 10:16;378;406
21/06/2026 10:17;382;0
21/06/2026 10:18;387;0
21/06/2026 10:19;386;0
21/06/2026 10:20;388;0
21/06/2026 10:21;390;0
21/06/2026 10:22;392;0
21/06/2026 10:23;398;0
21/06/2026 10:24;401;0
21/06/2026 10:25;403;0
21/06/2026 10:26;404;459
21/06/2026 10:27;409;0
21/06/2026 10:28;411;0
21/06/2026 10:29;414;0
21/06/2026 10:30;416;0
21/06/2026 10:31;417;0
21/06/2026 10:32;421;0
21/06/2026 10:33;424;0
21/06/2026 10:34;425;0
21/06/2026 10:35;428;0
21/06/2026 10:36;431;461
21/06/2026 10:37;433;0
21/06/2026 10:38;437;0
21/06/2026 10:39;437;0
21/06/2026 10:40;441;0
21/06/2026 10:41;442;0
21/06/2026 10:42;445;0
21/06/2026 10:43;448;0
21/06/2026 10:44;450;0
21/06/2026 10:45;452;0
21/06/2026 10:46;453;488
21/06/2026 10:47;456;0
21/06/2026 10:48;433;0
21/06/2026 10:49;460;0
21/06/2026 10:50;460;0
21/06/2026 10:51;462;0
21/06/2026 10:52;463;0
21/06/2026 10:53;467;0
21/06/2026 10:54;470;0
21/06/2026 10:55;471;0
21/06/2026 10:56;474;514
21/06/2026 10:57;478;0
21/06/2026 10:58;482;0
21/06/2026 10:59;483;0
21/06/2026 11:00;486;0
21/06/2026 11:01;487;0
21/06/2026 11:02;488;0
21/06/2026 11:03;487;0
21/06/2026 11:04;488;0
21/06/2026 11:05;491;0
21/06/2026 11:06;492;546
21/06/2026 11:07;495;0
21/06/2026 11:08;497;0
21/06/2026 11:09;497;0
21/06/2026 11:10;500;0
21/06/2026 11:11;502;0
21/06/2026 11:12;503;0
21/06/2026 11:13;506;0
21/06/2026 11:14;507;0
21/06/2026 11:15;510;0
21/06/2026 11:16;510;543
21/06/2026 11:17;514;0
21/06/2026 11:18;516;0
21/06/2026 11:19;519;0
21/06/2026 11:20;519;0
21/06/2026 11:21;524;0
21/06/2026 11:22;523;0
21/06/2026 11:23;527;0
21/06/2026 11:24;530;0
21/06/2026 11:25;529;0
21/06/2026 11:26;530;586
21/06/2026 11:27;532;0
21/06/2026 11:28;534;0
21/06/2026 11:29;536;0
21/06/2026 11:30;538;0
21/06/2026 11:31;539;0
21/06/2026 11:32;540;0
21/06/2026 11:33;542;0
21/06/2026 11:34;546;0
21/06/2026 11:35;548;0
21/06/2026 11:36;549;583
21/06/2026 11:37;551;0
21/06/2026 11:38;552;0
21/06/2026 11:39;552;0
21/06/2026 11:40;552;0
21/06/2026 11:41;551;0
21/06/2026 11:42;551;0
21/06/2026 11:43;553;0
21/06/2026 11:44;555;0
21/06/2026 11:45;556;0
21/06/2026 11:46;558;601
21/06/2026 11:47;560;0
21/06/2026 11:48;564;0
21/06/2026 11:49;566;0
21/06/2026 11:50;565;0
21/06/2026 11:51;565;0
21/06/2026 11:52;568;0
21/06/2026 11:53;567;0
21/06/2026 11:54;570;0
21/06/2026 11:55;570;0
21/06/2026 11:56;572;630
21/06/2026 11:57;572;0
21/06/2026 11:58;573;0
21/06/2026 11:59;576;0
21/06/2026 12:00;577;0
21/06/2026 12:01;581;0
21/06/2026 12:02;580;0
21/06/2026 12:03;582;0
21/06/2026 12:04;581;0
21/06/2026 12:05;582;0
21/06/2026 12:06;585;647
21/06/2026 12:07;587;0
21/06/2026 12:08;587;0
21/06/2026 12:09;581;0
21/06/2026 12:10;585;0
21/06/2026 12:11;585;0
21/06/2026 12:12;585;0
21/06/2026 12:13;585;0
21/06/2026 12:14;585;0
21/06/2026 12:15;584;0
21/06/2026 12:16;586;621
21/06/2026 12:17;590;0
21/06/2026 12:18;590;0
21/06/2026 12:19;591;0
21/06/2026 12:20;590;0
21/06/2026 12:21;591;0
21/06/2026 12:22;593;0
21/06/2026 12:23;594;0
21/06/2026 12:24;594;0
21/06/2026 12:25;595;0
21/06/2026 12:26;594;633
21/06/2026 12:27;597;0
21/06/2026 12:28;597;0
21/06/2026 12:29;599;0
21/06/2026 12:30;600;0
21/06/2026 12:31;601;0
21/06/2026 12:32;601;0
21/06/2026 12:33;601;0
21/06/2026 12:34;600;0
21/06/2026 12:35;597;0
21/06/2026 12:36;601;636
21/06/2026 12:37;603;0
21/06/2026 12:38;606;0
21/06/2026 12:39;606;0
21/06/2026 12:40;605;0
21/06/2026 12:41;606;0
21/06/2026 12:42;602;0
21/06/2026 12:43;604;0
21/06/2026 12:44;606;0
21/06/2026 12:45;607;0
21/06/2026 12:46;606;624
21/06/2026 12:47;607;0
21/06/2026 12:48;609;0
21/06/2026 12:49;610;0
21/06/2026 12:50;610;0
21/06/2026 12:51;616;0
21/06/2026 12:52;614;0
21/06/2026 12:53;614;0
21/06/2026 12:54;611;0
21/06/2026 12:55;613;0
21/06/2026 12:56;614;638
21/06/2026 12:57;611;0
21/06/2026 12:58;613;0
21/06/2026 12:59;612;0
21/06/2026 13:00;613;0
21/06/2026 13:01;613;0
21/06/2026 13:02;613;0
21/06/2026 13:03;613;0
21/06/2026 13:04;616;0
21/06/2026 13:05;617;0
21/06/2026 13:06;616;644
21/06/2026 13:07;620;0
21/06/2026 13:08;619;0
21/06/2026 13:09;621;0
21/06/2026 13:10;621;0
21/06/2026 13:11;617;0
21/06/2026 13:12;619;0
21/06/2026 13:13;619;0
21/06/2026 13:14;621;0
21/06/2026 13:15;618;0
21/06/2026 13:16;618;618
21/06/2026 13:17;621;0
21/06/2026 13:18;619;0
21/06/2026 13:19;619;0
21/06/2026 13:20;621;0
21/06/2026 13:21;623;0
21/06/2026 13:22;623;0
21/06/2026 13:23;621;0
21/06/2026 13:24;622;0
21/06/2026 13:25;621;0
21/06/2026 13:26;620;592
21/06/2026 13:27;621;0
21/06/2026 13:28;618;0
21/06/2026 13:29;623;0
21/06/2026 13:30;625;0
21/06/2026 13:31;628;0
21/06/2026 13:32;624;0
21/06/2026 13:33;627;0
21/06/2026 13:34;625;0
21/06/2026 13:35;624;0
21/06/2026 13:36;628;615
21/06/2026 13:37;632;0
21/06/2026 13:38;626;0
21/06/2026 13:39;630;0
21/06/2026 13:40;633;0
21/06/2026 13:41;631;0
21/06/2026 13:42;626;0
21/06/2026 13:43;628;0
21/06/2026 13:44;624;0
21/06/2026 13:45;627;0
21/06/2026 13:46;626;612
21/06/2026 13:47;629;0
21/06/2026 13:48;629;0
21/06/2026 13:49;631;0
21/06/2026 13:50;627;0
21/06/2026 13:51;625;0
21/06/2026 13:52;624;0
21/06/2026 13:53;624;0
21/06/2026 13:54;626;0
21/06/2026 13:55;629;0
21/06/2026 13:56;630;586
21/06/2026 13:57;628;0
21/06/2026 13:58;623;0
21/06/2026 13:59;624;0
21/06/2026 14:00;624;0
21/06/2026 14:01;623;0
21/06/2026 14:02;627;0
21/06/2026 14:03;628;0
21/06/2026 14:04;623;0
21/06/2026 14:05;626;0
21/06/2026 14:06;627;636
21/06/2026 14:07;627;0
21/06/2026 14:08;626;0
21/06/2026 14:09;625;0
21/06/2026 14:10;624;0
21/06/2026 14:11;626;0
21/06/2026 14:12;631;0
21/06/2026 14:13;626;0
21/06/2026 14:14;627;0
21/06/2026 14:15;625;0
21/06/2026 14:16;627;615
21/06/2026 14:17;626;0
21/06/2026 14:18;624;0
21/06/2026 14:19;621;0
21/06/2026 14:20;621;0
21/06/2026 14:21;616;0
21/06/2026 14:22;616;0
21/06/2026 14:23;618;0
21/06/2026 14:24;617;0
21/06/2026 14:25;615;0
21/06/2026 14:26;615;546
21/06/2026 14:27;615;0
21/06/2026 14:28;615;0
21/06/2026 14:29;618;0
21/06/2026 14:30;616;0
21/06/2026 14:31;614;0
21/06/2026 14:32;620;0
21/06/2026 14:33;619;0
21/06/2026 14:34;612;0
21/06/2026 14:35;613;0
21/06/2026 14:36;607;543
21/06/2026 14:37;607;0
21/06/2026 14:38;608;0
21/06/2026 14:39;607;0
21/06/2026 14:40;602;0
21/06/2026 14:41;600;0
21/06/2026 14:42;600;0
21/06/2026 14:43;597;0
21/06/2026 14:44;602;0
21/06/2026 14:45;602;0
21/06/2026 14:46;599;537
21/06/2026 14:47;597;0
21/06/2026 14:48;598;0
21/06/2026 14:49;599;0
21/06/2026 14:50;596;0
21/06/2026 14:51;599;0
21/06/2026 14:52;597;0
21/06/2026 14:53;592;0
21/06/2026 14:54;590;0
21/06/2026 14:55;589;0
21/06/2026 14:56;589;528
21/06/2026 14:57;584;0
21/06/2026 14:58;583;0
21/06/2026 14:59;586;0
21/06/2026 15:00;583;0
21/06/2026 15:01;584;0
21/06/2026 15:02;580;0
21/06/2026 15:03;586;0
21/06/2026 15:04;585;0
21/06/2026 15:05;584;0
21/06/2026 15:06;579;502
21/06/2026 15:07;578;0
21/06/2026 15:08;581;0
21/06/2026 15:09;578;0
21/06/2026 15:10;580;0
21/06/2026 15:11;583;0
21/06/2026 15:12;585;0
21/06/2026 15:13;583;0
21/06/2026 15:14;584;0
21/06/2026 15:15;583;0
21/06/2026 15:16;581;470
21/06/2026 15:17;579;0
21/06/2026 15:18;575;0
21/06/2026 15:19;571;0
21/06/2026 15:20;570;0
21/06/2026 15:21;562;0
21/06/2026 15:22;563;0
21/06/2026 15:23;572;0
21/06/2026 15:24;571;0
21/06/2026 15:25;570;0
21/06/2026 15:26;570;450
21/06/2026 15:27;571;0
21/06/2026 15:28;566;0
21/06/2026 15:29;565;0
21/06/2026 15:30;565;0
21/06/2026 15:31;562;0
21/06/2026 15:32;563;0
21/06/2026 15:33;559;0
21/06/2026 15:34;558;0
21/06/2026 15:35;556;0
21/06/2026 15:36;553;415
21/06/2026 15:37;552;0
21/06/2026 15:38;552;0
21/06/2026 15:39;556;0
21/06/2026 15:40;555;0
21/06/2026 15:41;551;0
21/06/2026 15:42;552;0
21/06/2026 15:43;551;0
21/06/2026 15:44;549;0
21/06/2026 15:45;547;0
21/06/2026 15:46;545;403
21/06/2026 15:47;541;0
21/06/2026 15:48;542;0
21/06/2026 15:49;543;0
21/06/2026 15:50;544;0
21/06/2026 15:51;543;0
21/06/2026 15:52;540;0
21/06/2026 15:53;540;0
21/06/2026 15:54;541;0
21/06/2026 15:55;539;0
21/06/2026 15:56;534;406
21/06/2026 15:57;534;0
21/06/2026 15:58;531;0
21/06/2026 15:59;530;0
21/06/2026 16:00;530;0
21/06/2026 16:01;530;0
21/06/2026 16:02;531;0
21/06/2026 16:03;528;0
21/06/2026 16:04;523;0
21/06/2026 16:05;522;0
21/06/2026 16:06;524;398
21/06/2026 16:07;523;0
21/06/2026 16:08;524;0
21/06/2026 16:09;520;0
21/06/2026 16:10;520;0
21/06/2026 16:11;517;0
21/06/2026 16:12;515;0
21/06/2026 16:13;514;0
21/06/2026 16:14;510;0
21/06/2026 16:15;510;0
21/06/2026 16:16;511;354
21/06/2026 16:17;506;0
21/06/2026 16:18;502;0
21/06/2026 16:19;501;0
21/06/2026 16:20;499;0
21/06/2026 16:21;503;0
21/06/2026 16:22;502;0
21/06/2026 16:23;498;0
21/06/2026 16:24;497;0
21/06/2026 16:25;493;0
21/06/2026 16:26;489;354
21/06/2026 16:27;487;0
21/06/2026 16:28;484;0
21/06/2026 16:29;483;0
21/06/2026 16:30;483;0
21/06/2026 16:31;483;0
21/06/2026 16:32;480;0
21/06/2026 16:33;478;0
21/06/2026 16:34;479;0
21/06/2026 16:35;476;0
21/06/2026 16:36;471;325
21/06/2026 16:37;468;0
21/06/2026 16:38;466;0
21/06/2026 16:39;464;0
21/06/2026 16:40;461;0
21/06/2026 16:41;460;0
21/06/2026 16:42;457;0
21/06/2026 16:43;456;0
21/06/2026 16:44;453;0
21/06/2026 16:45;452;0
21/06/2026 16:46;451;290
21/06/2026 16:47;449;0
21/06/2026 16:48;447;0
21/06/2026 16:49;443;0
21/06/2026 16:50;441;0
21/06/2026 16:51;441;0
21/06/2026 16:52;439;0
21/06/2026 16:53;438;0
21/06/2026 16:54;432;0
21/06/2026 16:55;431;0
21/06/2026 16:56;427;270
21/06/2026 16:57;426;0
21/06/2026 16:58;425;0
21/06/2026 16:59;423;0
21/06/2026 17:00;420;0
21/06/2026 17:01;421;0
21/06/2026 17:02;417;0
21/06/2026 17:03;413;0
21/06/2026 17:04;409;0
21/06/2026 17:05;409;0
21/06/2026 17:06;407;282
21/06/2026 17:07;405;0
21/06/2026 17:08;403;0
21/06/2026 17:09;400;0
21/06/2026 17:10;401;0
21/06/2026 17:11;397;0
21/06/2026 17:12;395;0
21/06/2026 17:13;397;0
21/06/2026 17:14;394;0
21/06/2026 17:15;391;0
21/06/2026 17:16;391;261
21/06/2026 17:17;388;0
21/06/2026 17:18;386;0
21/06/2026 17:19;385;0
21/06/2026 17:20;381;0
21/06/2026 17:21;378;0
21/06/2026 17:22;375;0
21/06/2026 17:23;373;0
21/06/2026 17:24;369;0
21/06/2026 17:25;367;0
21/06/2026 17:26;365;209
21/06/2026 17:27;363;0
21/06/2026 17:28;360;0
21/06/2026 17:29;357;0
21/06/2026 17:30;351;0
21/06/2026 17:31;352;0
21/06/2026 17:32;350;0
21/06/2026 17:33;349;0
21/06/2026 17:34;346;0
21/06/2026 17:35;344;0
21/06/2026 17:36;340;189
21/06/2026 17:37;339;0
21/06/2026 17:38;335;0
21/06/2026 17:39;332;0
21/06/2026 17:40;331;0
21/06/2026 17:41;328;0
21/06/2026 17:42;327;0
21/06/2026 17:43;322;0
21/06/2026 17:44;321;0
21/06/2026 17:45;317;0
21/06/2026 17:46;316;157
21/06/2026 17:47;313;0
21/06/2026 17:48;310;0
21/06/2026 17:49;307;0
21/06/2026 17:50;306;0
21/06/2026 17:51;304;0
21/06/2026 17:52;300;0
21/06/2026 17:53;296;0
21/06/2026 17:54;294;0
21/06/2026 17:55;291;0
21/06/2026 17:56;289;125
21/06/2026 17:57;283;0
21/06/2026 17:58;282;0
21/06/2026 17:59;277;0
21/06/2026 18:00;276;0
21/06/2026 18:01;274;0
21/06/2026 18:02;269;0
21/06/2026 18:03;261;0
21/06/2026 18:04;258;0
21/06/2026 18:05;254;0
21/06/2026 18:06;240;116
21/06/2026 18:07;241;0
21/06/2026 18:08;239;0
21/06/2026 18:09;238;0
21/06/2026 18:10;237;0
21/06/2026 18:11;235;0
21/06/2026 18:12;228;0
21/06/2026 18:13;221;0
21/06/2026 18:14;275;0
21/06/2026 18:15;217;0
21/06/2026 18:16;202;107
21/06/2026 18:17;204;0
21/06/2026 18:18;201;0
21/06/2026 18:19;198;0
21/06/2026 18:20;197;0
21/06/2026 18:21;194;0
21/06/2026 18:22;165;0
21/06/2026 18:23;174;0
21/06/2026 18:24;179;0
21/06/2026 18:25;176;0
21/06/2026 18:26;168;102
21/06/2026 18:27;166;0
21/06/2026 18:28;164;0
21/06/2026 18:29;161;0
21/06/2026 18:30;160;0
21/06/2026 18:31;155;0
21/06/2026 18:32;149;0
21/06/2026 18:33;148;0
21/06/2026 18:34;144;0
21/06/2026 18:35;142;0
21/06/2026 18:36;138;95,8
21/06/2026 18:37;129;0
21/06/2026 18:38;129;0
21/06/2026 18:39;128;0
21/06/2026 18:40;129;0
21/06/2026 18:41;129;0
21/06/2026 18:42;122;0
21/06/2026 18:43;120;0
21/06/2026 18:44;123;0
21/06/2026 18:45;121;0
21/06/2026 18:46;122;95,8
21/06/2026 18:47;115;0
21/06/2026 18:48;107;0
21/06/2026 18:49;102;0
21/06/2026 18:50;110;0
21/06/2026 18:51;111;0
21/06/2026 18:52;105;0
21/06/2026 18:53;106;0
21/06/2026 18:54;104;0
21/06/2026 18:55;95;0
21/06/2026 18:56;96;92,9
21/06/2026 18:57;98;0
21/06/2026 18:58;94;0
21/06/2026 18:59;82;0
21/06/2026 19:00;70;0
21/06/2026 19:01;60;0
21/06/2026 19:02;60;0
21/06/2026 19:03;75;0
21/06/2026 19:04;60;0
21/06/2026 19:05;68;0
21/06/2026 19:06;63;90
21/06/2026 19:07;58;0
21/06/2026 19:08;59;0
21/06/2026 19:09;57;0
21/06/2026 19:10;55;0
21/06/2026 19:11;52;0
21/06/2026 19:12;50;0
21/06/2026 19:13;48;0
21/06/2026 19:14;45;0
21/06/2026 19:15;41;0
21/06/2026 19:16;40;87,1
21/06/2026 19:17;38;0
21/06/2026 19:18;36;0
21/06/2026 19:19;32;0
21/06/2026 19:20;28;0
21/06/2026 19:21;25;0
21/06/2026 19:22;26;0
21/06/2026 19:23;26;0
21/06/2026 19:24;23;0
21/06/2026 19:25;22;0
21/06/2026 19:26;20;90
21/06/2026 19:27;20;0
21/06/2026 19:28;19;0
21/06/2026 19:29;19;0
21/06/2026 19:30;20;0
21/06/2026 19:31;21;0
21/06/2026 19:32;19;0
21/06/2026 19:33;18;0
21/06/2026 19:34;17;0
21/06/2026 19:35;16;0
21/06/2026 19:36;15;81,3
21/06/2026 19:37;14;0
21/06/2026 19:38;18;0
21/06/2026 19:39;18;0
21/06/2026 19:40;19;0
21/06/2026 19:41;21;0
21/06/2026 19:42;22;0
21/06/2026 19:43;22;0
21/06/2026 19:44;23;0
21/06/2026 19:45;23;0
21/06/2026 19:46;22;81,3
21/06/2026 19:47;21;0
21/06/2026 19:48;20;0
21/06/2026 19:49;20;0
21/06/2026 19:50;20;0
21/06/2026 19:51;18;0
21/06/2026 19:52;17;0
21/06/2026 19:53;16;0
21/06/2026 19:54;16;0
21/06/2026 19:55;16;0
21/06/2026 19:56;15;75,5
21/06/2026 19:57;16;0
21/06/2026 19:58;14;0
21/06/2026 19:59;13;0
21/06/2026 20:00;12;0
21/06/2026 20:01;12;0
21/06/2026 20:02;11;0
21/06/2026 20:03;11;0
21/06/2026 20:04;11;0
21/06/2026 20:05;11;0
21/06/2026 20:06;11;69,7
21/06/2026 20:07;10;0
21/06/2026 20:08;9;0
21/06/2026 20:09;9;0
21/06/2026 20:10;8;0
21/06/2026 20:11;8;0
21/06/2026 20:12;8;0
21/06/2026 20:13;8;0
21/06/2026 20:14;8;0
21/06/2026 20:15;7;0
21/06/2026 20:16;6;63,8
21/06/2026 20:17;6;0
21/06/2026 20:18;7;0
21/06/2026 20:19;6;0
21/06/2026 20:20;5;0
21/06/2026 20:21;5;0
21/06/2026 20:22;5;0
21/06/2026 20:23;5;0
21/06/2026 20:24;4;0
21/06/2026 20:25;4;0
21/06/2026 20:26;3;55,1
21/06/2026 20:27;2;0
21/06/2026 20:28;1;0
21/06/2026 20:29;0;0
21/06/2026 20:30;0;0
21/06/2026 20:31;0;0
21/06/2026 20:32;0;0
21/06/2026 20:33;0;0
21/06/2026 20:34;0;0
21/06/2026 20:35;0;0
21/06/2026 20:36;0;0
21/06/2026 20:37;0;0
21/06/2026 20:38;0;0
21/06/2026 20:39;0;0
21/06/2026 20:40;0;0
21/06/2026 20:41;0;0
21/06/2026 20:42;0;0
21/06/2026 20:43;0;0
21/06/2026 20:44;0;0
21/06/2026 20:45;0;0
21/06/2026 20:46;0;0
21/06/2026 20:47;0;0
21/06/2026 20:48;0;0
21/06/2026 20:49;0;0
21/06/2026 20:50;0;0
21/06/2026 20:51;0;0
21/06/2026 20:52;0;0
21/06/2026 20:53;0;0
21/06/2026 20:54;0;0
21/06/2026 20:55;0;0
21/06/2026 20:56;0;0
21/06/2026 20:57;0;0
21/06/2026 20:58;0;0
21/06/2026 20:59;0;0
21/06/2026 21:00;0;0
21/06/2026 21:01;0;0
21/06/2026 21:02;0;0
21/06/2026 21:03;0;0
21/06/2026 21:04;0;0
21/06/2026 21:05;0;0
21/06/2026 21:06;0;0
21/06/2026 21:07;0;0
21/06/2026 21:08;0;0
21/06/2026 21:09;0;0
21/06/2026 21:10;0;0
21/06/2026 21:11;0;0
21/06/2026 21:12;0;0
21/06/2026 21:13;0;0
21/06/2026 21:14;0;0
21/06/2026 21:15;0;0
21/06/2026 21:16;0;0
21/06/2026 21:17;0;0
21/06/2026 21:18;0;0
21/06/2026 21:19;0;0
21/06/2026 21:20;0;0
21/06/2026 21:21;0;0
21/06/2026 21:22;0;0
21/06/2026 21:23;0;0
21/06/2026 21:24;0;0
21/06/2026 21:25;0;0
21/06/2026 21:26;0;0
21/06/2026 21:27;0;0
21/06/2026 21:28;0;0
21/06/2026 21:29;0;0
21/06/2026 21:30;0;0
21/06/2026 21:31;0;0
21/06/2026 21:32;0;0
21/06/2026 21:33;0;0
21/06/2026 21:34;0;0
21/06/2026 21:35;0;0
21/06/2026 21:36;0;0
21/06/2026 21:37;0;0
21/06/2026 21:38;0;0
21/06/2026 21:39;0;0
21/06/2026 21:40;0;0
21/06/2026 21:41;0;0
21/06/2026 21:42;0;0
21/06/2026 21:43;0;0
21/06/2026 21:44;0;0
21/06/2026 21:45;0;0
21/06/2026 21:46;0;0
21/06/2026 21:47;0;0
21/06/2026 21:48;0;0
21/06/2026 21:49;0;0
21/06/2026 21:50;0;0
21/06/2026 21:51;0;0
21/06/2026 21:52;0;0
21/06/2026 21:53;0;0
21/06/2026 21:54;0;0
21/06/2026 21:55;0;0
21/06/2026 21:56;0;0
21/06/2026 21:57;0;0
21/06/2026 21:58;0;0
21/06/2026 21:59;0;0
21/06/2026 22:00;0;0
21/06/2026 22:01;0;0
21/06/2026 22:02;0;0
21/06/2026 22:03;0;0
21/06/2026 22:04;0;0
21/06/2026 22:05;0;0
21/06/2026 22:06;0;0
21/06/2026 22:07;0;0
21/06/2026 22:08;0;0
21/06/2026 22:09;0;0
21/06/2026 22:10;0;0
21/06/2026 22:11;0;0
21/06/2026 22:12;0;0
21/06/2026 22:13;0;0
21/06/2026 22:14;0;0
21/06/2026 22:15;0;0
21/06/2026 22:16;0;0
21/06/2026 22:17;0;0
21/06/2026 22:18;0;0
21/06/2026 22:19;0;0
21/06/2026 22:20;0;0
21/06/2026 22:21;0;0
21/06/2026 22:22;0;0
21/06/2026 22:23;0;0
21/06/2026 22:24;0;0
21/06/2026 22:25;0;0
21/06/2026 22:26;0;0
21/06/2026 22:27;0;0
21/06/2026 22:28;0;0
21/06/2026 22:29;0;0
21/06/2026 22:30;0;0
21/06/2026 22:31;0;0
21/06/2026 22:32;0;0
21/06/2026 22:33;0;0
21/06/2026 22:34;0;0
21/06/2026 22:35;0;0
21/06/2026 22:36;0;0
21/06/2026 22:37;0;0
21/06/2026 22:38;0;0
21/06/2026 22:39;0;0
21/06/2026 22:40;0;0
21/06/2026 22:41;0;0
21/06/2026 22:42;0;0
21/06/2026 22:43;0;0
21/06/2026 22:44;0;0
21/06/2026 22:45;0;0
21/06/2026 22:46;0;0
21/06/2026 22:47;0;0
21/06/2026 22:48;0;0
21/06/2026 22:49;0;0
21/06/2026 22:50;0;0
21/06/2026 22:51;0;0
21/06/2026 22:52;0;0
21/06/2026 22:53;0;0
21/06/2026 22:54;0;0
21/06/2026 22:55;0;0
21/06/2026 22:56;0;0
21/06/2026 22:57;0;0
21/06/2026 22:58;0;0
21/06/2026 22:59;0;0
21/06/2026 23:00;0;0
21/06/2026 23:01;0;0
21/06/2026 23:02;0;0
21/06/2026 23:03;0;0
21/06/2026 23:04;0;0
21/06/2026 23:05;0;0
21/06/2026 23:06;0;0
21/06/2026 23:07;0;0
21/06/2026 23:08;0;0
21/06/2026 23:09;0;0
21/06/2026 23:10;0;0
21/06/2026 23:11;0;0
21/06/2026 23:12;0;0
21/06/2026 23:13;0;0
21/06/2026 23:14;0;0
21/06/2026 23:15;0;0
21/06/2026 23:16;0;0
21/06/2026 23:17;0;0
21/06/2026 23:18;0;0
21/06/2026 23:19;0;0
21/06/2026 23:20;0;0
21/06/2026 23:21;0;0
21/06/2026 23:22;0;0
21/06/2026 23:23;0;0
21/06/2026 23:24;0;0
21/06/2026 23:25;0;0
21/06/2026 23:26;0;0
21/06/2026 23:27;0;0
21/06/2026 23:28;0;0
21/06/2026 23:29;0;0
21/06/2026 23:30;0;0
21/06/2026 23:31;0;0
21/06/2026 23:32;0;0
21/06/2026 23:33;0;0
21/06/2026 23:34;0;0
21/06/2026 23:35;0;0
21/06/2026 23:36;0;0
21/06/2026 23:37;0;0
21/06/2026 23:38;0;0
21/06/2026 23:39;0;0
21/06/2026 23:40;0;0
21/06/2026 23:41;0;0
21/06/2026 23:42;0;0
21/06/2026 23:43;0;0
21/06/2026 23:44;0;0
21/06/2026 23:45;0;0
21/06/2026 23:46;0;0
21/06/2026 23:47;0;0
21/06/2026 23:48;0;0
21/06/2026 23:49;0;0
21/06/2026 23:50;0;0
21/06/2026 23:51;0;0
21/06/2026 23:52;0;0
21/06/2026 23:53;0;0
21/06/2026 23:54;0;0
21/06/2026 23:55;0;0
21/06/2026 23:56;0;0
21/06/2026 23:57;0;0
21/06/2026 23:58;0;0
21/06/2026 23:59;0;0
22/06/2026 0:00;0;0
22/06/2026 0:01;0;0
22/06/2026 0:02;0;0
22/06/2026 0:03;0;0
22/06/2026 0:04;0;0
22/06/2026 0:05;0;0
22/06/2026 0:06;0;0
22/06/2026 0:07;0;0
22/06/2026 0:08;0;0
22/06/2026 0:09;0;0
22/06/2026 0:10;0;0
22/06/2026 0:11;0;0
22/06/2026 0:12;0;0
22/06/2026 0:13;0;0
22/06/2026 0:14;0;0
22/06/2026 0:15;0;0
22/06/2026 0:16;0;0
22/06/2026 0:17;0;0
22/06/2026 0:18;0;0
22/06/2026 0:19;0;0
22/06/2026 0:20;0;0
22/06/2026 0:21;0;0
22/06/2026 0:22;0;0
22/06/2026 0:23;0;0
22/06/2026 0:24;0;0
22/06/2026 0:25;0;0
22/06/2026 0:26;0;0
22/06/2026 0:27;0;0
22/06/2026 0:28;0;0
22/06/2026 0:29;0;0
22/06/2026 0:30;0;0
22/06/2026 0:31;0;0
22/06/2026 0:32;0;0
22/06/2026 0:33;0;0
22/06/2026 0:34;0;0
22/06/2026 0:35;0;0
22/06/2026 0:36;0;0
22/06/2026 0:37;0;0
22/06/2026 0:38;0;0
22/06/2026 0:39;0;0
22/06/2026 0:40;0;0
22/06/2026 0:41;0;0
22/06/2026 0:42;0;0
22/06/2026 0:43;0;0
22/06/2026 0:44;0;0
22/06/2026 0:45;0;0
22/06/2026 0:46;0;0
22/06/2026 0:47;0;0
22/06/2026 0:48;0;0
22/06/2026 0:49;0;0
22/06/2026 0:50;0;0
22/06/2026 0:51;0;0
22/06/2026 0:52;0;0
22/06/2026 0:53;0;0
22/06/2026 0:54;0;0
22/06/2026 0:55;0;0
22/06/2026 0:56;0;0
22/06/2026 0:57;0;0
22/06/2026 0:58;0;0
22/06/2026 0:59;0;0
22/06/2026 1:00;0;0
22/06/2026 1:01;0;0
22/06/2026 1:02;0;0
22/06/2026 1:03;0;0
22/06/2026 1:04;0;0
22/06/2026 1:05;0;0
22/06/2026 1:06;0;0
22/06/2026 1:07;0;0
22/06/2026 1:08;0;0
22/06/2026 1:09;0;0
22/06/2026 1:10;0;0
22/06/2026 1:11;0;0
22/06/2026 1:12;0;0
22/06/2026 1:13;0;0
22/06/2026 1:14;0;0
22/06/2026 1:15;0;0
22/06/2026 1:16;0;0
22/06/2026 1:17;0;0
22/06/2026 1:18;0;0
22/06/2026 1:19;0;0
22/06/2026 1:20;0;0
22/06/2026 1:21;0;0
22/06/2026 1:22;0;0
22/06/2026 1:23;0;0
22/06/2026 1:24;0;0
22/06/2026 1:25;0;0
22/06/2026 1:26;0;0
22/06/2026 1:27;0;0
22/06/2026 1:28;0;0
22/06/2026 1:29;0;0
22/06/2026 1:30;0;0
22/06/2026 1:31;0;0
22/06/2026 1:32;0;0
22/06/2026 1:33;0;0
22/06/2026 1:34;0;0
22/06/2026 1:35;0;0
22/06/2026 1:36;0;0
22/06/2026 1:37;0;0
22/06/2026 1:38;0;0
22/06/2026 1:39;0;0
22/06/2026 1:40;0;0
22/06/2026 1:41;0;0
22/06/2026 1:42;0;0
22/06/2026 1:43;0;0
22/06/2026 1:44;0;0
22/06/2026 1:45;0;0
22/06/2026 1:46;0;0
22/06/2026 1:47;0;0
22/06/2026 1:48;0;0
22/06/2026 1:49;0;0
22/06/2026 1:50;0;0
22/06/2026 1:51;0;0
22/06/2026 1:52;0;0
22/06/2026 1:53;0;0
22/06/2026 1:54;0;0
22/06/2026 1:55;0;0
22/06/2026 1:56;0;0
22/06/2026 1:57;0;0
22/06/2026 1:58;0;0
22/06/2026 1:59;0;0
22/06/2026 2:00;0;0
22/06/2026 2:01;0;0
22/06/2026 2:02;0;0
22/06/2026 2:03;0;0
22/06/2026 2:04;0;0
22/06/2026 2:05;0;0
22/06/2026 2:06;0;0
22/06/2026 2:07;0;0
22/06/2026 2:08;0;0
22/06/2026 2:09;0;0
22/06/2026 2:10;0;0
22/06/2026 2:11;0;0
22/06/2026 2:12;0;0
22/06/2026 2:13;0;0
22/06/2026 2:14;0;0
22/06/2026 2:15;0;0
22/06/2026 2:16;0;0
22/06/2026 2:17;0;0
22/06/2026 2:18;0;0
22/06/2026 2:19;0;0
22/06/2026 2:20;0;0
22/06/2026 2:21;0;0
22/06/2026 2:22;0;0
22/06/2026 2:23;0;0
22/06/2026 2:24;0;0
22/06/2026 2:25;0;0
22/06/2026 2:26;0;0
22/06/2026 2:27;0;0
22/06/2026 2:28;0;0
22/06/2026 2:29;0;0
22/06/2026 2:30;0;0
22/06/2026 2:31;0;0
22/06/2026 2:32;0;0
22/06/2026 2:33;0;0
22/06/2026 2:34;0;0
22/06/2026 2:35;0;0
22/06/2026 2:36;0;0
22/06/2026 2:37;0;0
22/06/2026 2:38;0;0
22/06/2026 2:39;0;0
22/06/2026 2:40;0;0
22/06/2026 2:41;0;0
22/06/2026 2:42;0;0
22/06/2026 2:43;0;0
22/06/2026 2:44;0;0
22/06/2026 2:45;0;0
22/06/2026 2:46;0;0
22/06/2026 2:47;0;0
22/06/2026 2:48;0;0
22/06/2026 2:49;0;0
22/06/2026 2:50;0;0
22/06/2026 2:51;0;0
22/06/2026 2:52;0;0
22/06/2026 2:53;0;0
22/06/2026 2:54;0;0
22/06/2026 2:55;0;0
22/06/2026 2:56;0;0
22/06/2026 2:57;0;0
22/06/2026 2:58;0;0
22/06/2026 2:59;0;0
22/06/2026 3:00;0;0
22/06/2026 3:01;0;0
22/06/2026 3:02;0;0
22/06/2026 3:03;0;0
22/06/2026 3:04;0;0
22/06/2026 3:05;0;0
22/06/2026 3:06;0;0
22/06/2026 3:07;0;0
22/06/2026 3:08;0;0
22/06/2026 3:09;0;0
22/06/2026 3:10;0;0
22/06/2026 3:11;0;0
22/06/2026 3:12;0;0
22/06/2026 3:13;0;0
22/06/2026 3:14;0;0
22/06/2026 3:15;0;0
22/06/2026 3:16;0;0
22/06/2026 3:17;0;0
22/06/2026 3:18;0;0
22/06/2026 3:19;0;0
22/06/2026 3:20;0;0
22/06/2026 3:21;0;0
22/06/2026 3:22;0;0
22/06/2026 3:23;0;0
22/06/2026 3:24;0;0
22/06/2026 3:25;0;0
22/06/2026 3:26;0;0
22/06/2026 3:27;0;0
22/06/2026 3:28;0;0
22/06/2026 3:29;0;0
22/06/2026 3:30;0;0
22/06/2026 3:31;0;0
22/06/2026 3:32;0;0
22/06/2026 3:33;0;0
22/06/2026 3:34;0;0
22/06/2026 3:35;0;0
22/06/2026 3:36;0;0
22/06/2026 3:37;0;0
22/06/2026 3:38;0;0
22/06/2026 3:39;0;0
22/06/2026 3:40;0;0
22/06/2026 3:41;0;0
22/06/2026 3:42;0;0
22/06/2026 3:43;0;0
22/06/2026 3:44;0;0
22/06/2026 3:45;0;0
22/06/2026 3:46;0;0
22/06/2026 3:47;0;0
22/06/2026 3:48;0;0
22/06/2026 3:49;0;0
22/06/2026 3:50;0;0
22/06/2026 3:51;0;0
22/06/2026 3:52;0;0
22/06/2026 3:53;0;0
22/06/2026 3:54;0;0
22/06/2026 3:55;0;0
22/06/2026 3:56;0;0
22/06/2026 3:57;0;0
22/06/2026 3:58;0;0
22/06/2026 3:59;0;0
22/06/2026 4:00;0;0
22/06/2026 4:01;0;0
22/06/2026 4:02;0;0
22/06/2026 4:03;0;0
22/06/2026 4:04;0;0
22/06/2026 4:05;0;0
22/06/2026 4:06;0;0
22/06/2026 4:07;0;0
22/06/2026 4:08;0;0
22/06/2026 4:09;0;0
22/06/2026 4:10;0;0
22/06/2026 4:11;0;0
22/06/2026 4:12;0;0
22/06/2026 4:13;0;0
22/06/2026 4:14;0;0
22/06/2026 4:15;0;0
22/06/2026 4:16;0;0
22/06/2026 4:17;0;0
22/06/2026 4:18;0;0
22/06/2026 4:19;0;0
22/06/2026 4:20;0;0
22/06/2026 4:21;0;0
22/06/2026 4:22;0;0
22/06/2026 4:23;0;0
22/06/2026 4:24;0;0
22/06/2026 4:25;0;0
22/06/2026 4:26;0;0
22/06/2026 4:27;0;0
22/06/2026 4:28;0;0
22/06/2026 4:29;0;0
22/06/2026 4:30;0;0
22/06/2026 4:31;0;0
22/06/2026 4:32;0;0
22/06/2026 4:33;0;0
22/06/2026 4:34;0;0
22/06/2026 4:35;0;0
22/06/2026 4:36;0;0
22/06/2026 4:37;0;0
22/06/2026 4:38;0;0
22/06/2026 4:39;0;0
22/06/2026 4:40;0;0
22/06/2026 4:41;0;0
22/06/2026 4:42;0;0
22/06/2026 4:43;0;0
22/06/2026 4:44;0;0
22/06/2026 4:45;0;0
22/06/2026 4:46;0;0
22/06/2026 4:47;0;0
22/06/2026 4:48;0;0
22/06/2026 4:49;0;0
22/06/2026 4:50;0;0
22/06/2026 4:51;0;0
22/06/2026 4:52;0;0
22/06/2026 4:53;0;0
22/06/2026 4:54;0;0
22/06/2026 4:55;0;0
22/06/2026 4:56;0;0
22/06/2026 4:57;0;0
22/06/2026 4:58;0;0
22/06/2026 4:59;0;0
22/06/2026 5:00;0;0
22/06/2026 5:01;0;0
22/06/2026 5:02;0;0
22/06/2026 5:03;0;0
22/06/2026 5:04;0;0
22/06/2026 5:05;0;0
22/06/2026 5:06;0;0
22/06/2026 5:07;0;0
22/06/2026 5:08;0;0
22/06/2026 5:09;0;0
22/06/2026 5:10;0;0
22/06/2026 5:11;0;0
22/06/2026 5:12;0;0
22/06/2026 5:13;0;0
22/06/2026 5:14;0;0
22/06/2026 5:15;0;0
22/06/2026 5:16;0;0
22/06/2026 5:17;0;0
22/06/2026 5:18;0;0
22/06/2026 5:19;0;0
22/06/2026 5:20;0;0
22/06/2026 5:21;0;0
22/06/2026 5:22;0;0
22/06/2026 5:23;0;0
22/06/2026 5:24;0;0
22/06/2026 5:25;0;0
22/06/2026 5:26;0;0
22/06/2026 5:27;0;0
22/06/2026 5:28;0;0
22/06/2026 5:29;0;0
22/06/2026 5:30;0;0
22/06/2026 5:31;0;0
22/06/2026 5:32;0;0
22/06/2026 5:33;0;0
22/06/2026 5:34;0;0
22/06/2026 5:35;0;0
22/06/2026 5:36;0;0
22/06/2026 5:37;0;0
22/06/2026 5:38;0;0
22/06/2026 5:39;0;0
22/06/2026 5:40;0;0
22/06/2026 5:41;0;0
22/06/2026 5:42;0;0
22/06/2026 5:43;0;0
22/06/2026 5:44;0;0
22/06/2026 5:45;0;0
22/06/2026 5:46;0;0
22/06/2026 5:47;0;0
22/06/2026 5:48;0;0
22/06/2026 5:49;0;0
22/06/2026 5:50;0;0
22/06/2026 5:51;0;0
22/06/2026 5:52;0;0
22/06/2026 5:53;0;0
22/06/2026 5:54;0;0
22/06/2026 5:55;0;0
22/06/2026 5:56;0;0
22/06/2026 5:57;0;0
22/06/2026 5:58;0;0
22/06/2026 5:59;0;0
22/06/2026 6:00;0;0
22/06/2026 6:01;0;0
22/06/2026 6:02;0;0
22/06/2026 6:03;0;0
22/06/2026 6:04;0;0
22/06/2026 6:05;0;0
22/06/2026 6:06;0;0
22/06/2026 6:07;0;0
22/06/2026 6:08;0;0
22/06/2026 6:09;0;0
22/06/2026 6:10;0;0
22/06/2026 6:11;0;0
22/06/2026 6:12;0;0
22/06/2026 6:13;0;0
22/06/2026 6:14;0;0
22/06/2026 6:15;0;0
22/06/2026 6:16;0;0
22/06/2026 6:17;0;0
22/06/2026 6:18;0;0
22/06/2026 6:19;0;0
22/06/2026 6:20;0;0
22/06/2026 6:21;0;0
22/06/2026 6:22;0;0
22/06/2026 6:23;0;0
22/06/2026 6:24;0;0
22/06/2026 6:25;0;0
22/06/2026 6:26;0;0
22/06/2026 6:27;0;0
22/06/2026 6:28;0;0
22/06/2026 6:29;0;0
22/06/2026 6:30;0;0
22/06/2026 6:31;0;0
22/06/2026 6:32;0;0
22/06/2026 6:33;0;0
22/06/2026 6:34;0;0
22/06/2026 6:35;0;0
22/06/2026 6:36;0;0
22/06/2026 6:37;0;0
22/06/2026 6:38;0;0
22/06/2026 6:39;0;0
22/06/2026 6:40;0;0
22/06/2026 6:41;0;0
22/06/2026 6:42;0;0
22/06/2026 6:43;0;0
22/06/2026 6:44;0;0
22/06/2026 6:45;0;0
22/06/2026 6:46;0;0
22/06/2026 6:47;0;0
22/06/2026 6:48;0;0
22/06/2026 6:49;0;0
22/06/2026 6:50;0;0
22/06/2026 6:51;0;0
22/06/2026 6:52;0;0
22/06/2026 6:53;0;0
22/06/2026 6:54;0;0
22/06/2026 6:55;0;0
22/06/2026 6:56;0;0
22/06/2026 6:57;0;0
22/06/2026 6:58;0;0
22/06/2026 6:59;0;0
22/06/2026 7:00;0;0
22/06/2026 7:01;0;0
22/06/2026 7:02;0;0
22/06/2026 7:03;0;0
22/06/2026 7:04;0;0
22/06/2026 7:05;0;0
22/06/2026 7:06;0;0
22/06/2026 7:07;0;0
22/06/2026 7:08;0;0
22/06/2026 7:09;0;0
22/06/2026 7:10;0;0
22/06/2026 7:11;0;0
22/06/2026 7:12;0;0
22/06/2026 7:13;0;0
22/06/2026 7:14;0;0
22/06/2026 7:15;0;0
22/06/2026 7:16;0;0
22/06/2026 7:17;0;0
22/06/2026 7:18;0;0
22/06/2026 7:19;0;0
22/06/2026 7:20;0;0
22/06/2026 7:21;0;0
22/06/2026 7:22;0;0
22/06/2026 7:23;0;0
22/06/2026 7:24;0;0
22/06/2026 7:25;0;0
22/06/2026 7:26;0;0
22/06/2026 7:27;0;0
22/06/2026 7:28;0;0
22/06/2026 7:29;0;0
22/06/2026 7:30;0;0
22/06/2026 7:31;0;0
22/06/2026 7:32;0;0
22/06/2026 7:33;0;0
22/06/2026 7:34;0;0
22/06/2026 7:35;0;0
22/06/2026 7:36;0;0
22/06/2026 7:37;0;0
22/06/2026 7:38;0;0
22/06/2026 7:39;0;0
22/06/2026 7:40;0;0
22/06/2026 7:41;0;0
22/06/2026 7:42;0;0
22/06/2026 7:43;0;0
22/06/2026 7:44;0;0
22/06/2026 7:45;2;0
22/06/2026 7:46;5;84,2
22/06/2026 7:47;6;0
22/06/2026 7:48;9;0
22/06/2026 7:49;11;0
22/06/2026 7:50;11;0
22/06/2026 7:51;13;0
22/06/2026 7:52;17;0
22/06/2026 7:53;18;0
22/06/2026 7:54;20;0
22/06/2026 7:55;21;0
22/06/2026 7:56;21;92,9
22/06/2026 7:57;22;0
22/06/2026 7:58;25;0
22/06/2026 7:59;28;0
22/06/2026 8:00;31;0
22/06/2026 8:01;33;0
22/06/2026 8:02;35;0
22/06/2026 8:03;36;0
22/06/2026 8:04;39;0
22/06/2026 8:05;39;0
22/06/2026 8:06;42;107
22/06/2026 8:07;44;0
22/06/2026 8:08;46;0
22/06/2026 8:09;47;0
22/06/2026 8:10;50;0
22/06/2026 8:11;51;0
22/06/2026 8:12;53;0
22/06/2026 8:13;54;0
22/06/2026 8:14;54;0
22/06/2026 8:15;53;0
22/06/2026 8:16;63;136
22/06/2026 8:17;66;0
22/06/2026 8:18;68;0
22/06/2026 8:19;72;0
22/06/2026 8:20;75;0
22/06/2026 8:21;75;0
22/06/2026 8:22;78;0
22/06/2026 8:23;80;0
22/06/2026 8:24;84;0
22/06/2026 8:25;87;0
22/06/2026 8:26;89;160
22/06/2026 8:27;91;0
22/06/2026 8:28;93;0
22/06/2026 8:29;96;0
22/06/2026 8:30;99;0
22/06/2026 8:31;101;0
22/06/2026 8:32;103;0
22/06/2026 8:33;106;0
22/06/2026 8:34;109;0
22/06/2026 8:35;111;0
22/06/2026 8:36;113;174
22/06/2026 8:37;116;0
22/06/2026 8:38;119;0
22/06/2026 8:39;123;0
22/06/2026 8:40;125;0
22/06/2026 8:41;128;0
22/06/2026 8:42;131;0
22/06/2026 8:43;134;0
22/06/2026 8:44;137;0
22/06/2026 8:45;80;0
22/06/2026 8:46;143;194
22/06/2026 8:47;146;0
22/06/2026 8:48;150;0
22/06/2026 8:49;154;0
22/06/2026 8:50;158;0
22/06/2026 8:51;161;0
22/06/2026 8:52;164;0
22/06/2026 8:53;167;0
22/06/2026 8:54;171;0
22/06/2026 8:55;175;0
22/06/2026 8:56;176;200
22/06/2026 8:57;181;0
22/06/2026 8:58;183;0
22/06/2026 8:59;187;0
22/06/2026 9:00;190;0
22/06/2026 9:01;193;0
22/06/2026 9:02;196;0
22/06/2026 9:03;199;0
22/06/2026 9:04;203;0
22/06/2026 9:05;205;0
22/06/2026 9:06;209;241
22/06/2026 9:07;212;0
22/06/2026 9:08;216;0
22/06/2026 9:09;220;0
22/06/2026 9:10;224;0
22/06/2026 9:11;227;0
22/06/2026 9:12;228;0
22/06/2026 9:13;234;0
22/06/2026 9:14;240;0
22/06/2026 9:15;244;0
22/06/2026 9:16;246;308
22/06/2026 9:17;251;0
22/06/2026 9:18;256;0
22/06/2026 9:19;259;0
22/06/2026 9:20;260;0
22/06/2026 9:21;264;0
22/06/2026 9:22;269;0
22/06/2026 9:23;272;0
22/06/2026 9:24;277;0
22/06/2026 9:25;280;0
22/06/2026 9:26;284;316
22/06/2026 9:27;288;0
22/06/2026 9:28;292;0
22/06/2026 9:29;295;0
22/06/2026 9:30;299;0
22/06/2026 9:31;303;0
22/06/2026 9:32;307;0
22/06/2026 9:33;311;0
22/06/2026 9:34;315;0
22/06/2026 9:35;318;0
22/06/2026 9:36;322;351
22/06/2026 9:37;326;0
22/06/2026 9:38;330;0
22/06/2026 9:39;334;0
22/06/2026 9:40;339;0
22/06/2026 9:41;341;0
22/06/2026 9:42;345;0
22/06/2026 9:43;349;0
22/06/2026 9:44;353;0
22/06/2026 9:45;357;0
22/06/2026 9:46;360;395
22/06/2026 9:47;365;0
22/06/2026 9:48;368;0
22/06/2026 9:49;371;0
22/06/2026 9:50;375;0
22/06/2026 9:51;381;0
22/06/2026 9:52;383;0
22/06/2026 9:53;390;0
22/06/2026 9:54;393;0
22/06/2026 9:55;397;0
22/06/2026 9:56;402;456
22/06/2026 9:57;405;0
22/06/2026 9:58;407;0
22/06/2026 9:59;407;0
22/06/2026 10:00;413;0
22/06/2026 10:01;414;0
22/06/2026 10:02;417;0
22/06/2026 10:03;415;0
22/06/2026 10:04;419;0
22/06/2026 10:05;420;0
22/06/2026 10:06;424;522
22/06/2026 10:07;427;0
22/06/2026 10:08;425;0
22/06/2026 10:09;427;0
22/06/2026 10:10;427;0
22/06/2026 10:11;430;0
22/06/2026 10:12;427;0
22/06/2026 10:13;429;0
22/06/2026 10:14;436;0
22/06/2026 10:15;441;0
22/06/2026 10:16;450;514
22/06/2026 10:17;460;0
22/06/2026 10:18;463;0
22/06/2026 10:19;470;0
22/06/2026 10:20;480;0
22/06/2026 10:21;486;0
22/06/2026 10:22;490;0
22/06/2026 10:23;493;0
22/06/2026 10:24;495;0
22/06/2026 10:25;497;0
22/06/2026 10:26;497;578
22/06/2026 10:27;500;0
22/06/2026 10:28;503;0
22/06/2026 10:29;500;0
22/06/2026 10:30;487;0
22/06/2026 10:31;457;0
22/06/2026 10:32;469;0
22/06/2026 10:33;452;0
22/06/2026 10:34;456;0
22/06/2026 10:35;438;0
22/06/2026 10:36;478;560
22/06/2026 10:37;462;0
22/06/2026 10:38;438;0
22/06/2026 10:39;440;0
22/06/2026 10:40;431;0
22/06/2026 10:41;442;0
22/06/2026 10:42;374;0
22/06/2026 10:43;326;0
22/06/2026 10:44;282;0
22/06/2026 10:45;253;0
22/06/2026 10:46;303;377
22/06/2026 10:47;310;0
22/06/2026 10:48;302;0
22/06/2026 10:49;341;0
22/06/2026 10:50;392;0
22/06/2026 10:51;420;0
22/06/2026 10:52;471;0
22/06/2026 10:53;469;0
22/06/2026 10:54;483;0
22/06/2026 10:55;455;0
22/06/2026 10:56;505;418
22/06/2026 10:57;501;0
22/06/2026 10:58;496;0
22/06/2026 10:59;532;0
22/06/2026 11:00;553;0
22/06/2026 11:01;539;0
22/06/2026 11:02;531;0
22/06/2026 11:03;566;0
22/06/2026 11:04;565;0
22/06/2026 11:05;557;0
22/06/2026 11:06;556;551
22/06/2026 11:07;543;0
22/06/2026 11:08;541;0
22/06/2026 11:09;525;0
22/06/2026 11:10;534;0
22/06/2026 11:11;548;0
22/06/2026 11:12;539;0
22/06/2026 11:13;552;0
22/06/2026 11:14;567;0
22/06/2026 11:15;531;0
22/06/2026 11:16;465;560
22/06/2026 11:17;437;0
22/06/2026 11:18;491;0
22/06/2026 11:19;512;0
22/06/2026 11:20;512;0
22/06/2026 11:21;531;0
22/06/2026 11:22;524;0
22/06/2026 11:23;497;0
22/06/2026 11:24;481;0
22/06/2026 11:25;490;0
22/06/2026 11:26;472;522
22/06/2026 11:27;492;0
22/06/2026 11:28;452;0
22/06/2026 11:29;431;0
22/06/2026 11:30;367;0
22/06/2026 11:31;330;0
22/06/2026 11:32;362;0
22/06/2026 11:33;407;0
22/06/2026 11:34;465;0
22/06/2026 11:35;476;0
22/06/2026 11:36;500;540
22/06/2026 11:37;500;0
22/06/2026 11:38;496;0
22/06/2026 11:39;513;0
22/06/2026 11:40;509;0
22/06/2026 11:41;503;0
22/06/2026 11:42;512;0
22/06/2026 11:43;524;0
22/06/2026 11:44;521;0
22/06/2026 11:45;500;0
22/06/2026 11:46;480;493
22/06/2026 11:47;479;0
22/06/2026 11:48;398;0
22/06/2026 11:49;319;0
22/06/2026 11:50;334;0
22/06/2026 11:51;317;0
22/06/2026 11:52;317;0
22/06/2026 11:53;325;0
22/06/2026 11:54;319;0
22/06/2026 11:55;319;0
22/06/2026 11:56;287;299
22/06/2026 11:57;240;0
22/06/2026 11:58;206;0
22/06/2026 11:59;195;0
22/06/2026 12:00;192;0
22/06/2026 12:01;193;0
22/06/2026 12:02;199;0
22/06/2026 12:03;204;0
22/06/2026 12:04;213;0
22/06/2026 12:05;217;0
22/06/2026 12:06;220;221
22/06/2026 12:07;232;0
22/06/2026 12:08;244;0
22/06/2026 12:09;236;0
22/06/2026 12:10;244;0
22/06/2026 12:11;277;0
22/06/2026 12:12;290;0
22/06/2026 12:13;308;0
22/06/2026 12:14;307;0
22/06/2026 12:15;300;0
22/06/2026 12:16;291;200
22/06/2026 12:17;319;0
22/06/2026 12:18;349;0
22/06/2026 12:19;402;0
22/06/2026 12:20;476;0
22/06/2026 12:21;460;0
22/06/2026 12:22;469;0
22/06/2026 12:23;471;0
22/06/2026 12:24;464;0
22/06/2026 12:25;490;0
22/06/2026 12:26;484;406
22/06/2026 12:27;472;0
22/06/2026 12:28;507;0
22/06/2026 12:29;531;0
22/06/2026 12:30;558;0
22/06/2026 12:31;567;0
22/06/2026 12:32;557;0
22/06/2026 12:33;573;0
22/06/2026 12:34;568;0
22/06/2026 12:35;569;0
22/06/2026 12:36;584;659
22/06/2026 12:37;584;0
22/06/2026 12:38;597;0
22/06/2026 12:39;594;0
22/06/2026 12:40;579;0
22/06/2026 12:41;570;0
22/06/2026 12:42;583;0
22/06/2026 12:43;561;0
22/06/2026 12:44;553;0
22/06/2026 12:45;509;0
22/06/2026 12:46;513;691
22/06/2026 12:47;527;0
22/06/2026 12:48;534;0
22/06/2026 12:49;644;0
22/06/2026 12:50;698;0
22/06/2026 12:51;738;0
22/06/2026 12:52;726;0
22/06/2026 12:53;682;0
22/06/2026 12:54;685;0
22/06/2026 12:55;679;0
22/06/2026 12:56;692;737
22/06/2026 12:57;705;0
22/06/2026 12:58;717;0
22/06/2026 12:59;732;0
22/06/2026 13:00;710;0
22/06/2026 13:01;701;0
22/06/2026 13:02;670;0
22/06/2026 13:03;702;0
22/06/2026 13:04;675;0
22/06/2026 13:05;663;0
22/06/2026 13:06;592;731
22/06/2026 13:07;641;0
22/06/2026 13:08;572;0
22/06/2026 13:09;558;0
22/06/2026 13:10;573;0
22/06/2026 13:11;435;0
22/06/2026 13:12;445;0
22/06/2026 13:13;478;0
22/06/2026 13:14;441;0
22/06/2026 13:15;450;0
22/06/2026 13:16;460;488
22/06/2026 13:17;450;0
22/06/2026 13:18;480;0
22/06/2026 13:19;458;0
22/06/2026 13:20;423;0
22/06/2026 13:21;353;0
22/06/2026 13:22;406;0
22/06/2026 13:23;418;0
22/06/2026 13:24;431;0
22/06/2026 13:25;482;0
22/06/2026 13:26;455;325
22/06/2026 13:27;438;0
22/06/2026 13:28;395;0
22/06/2026 13:29;389;0
22/06/2026 13:30;377;0
22/06/2026 13:31;416;0
22/06/2026 13:32;468;0
22/06/2026 13:33;464;0
22/06/2026 13:34;424;0
22/06/2026 13:35;366;0
22/06/2026 13:36;400;299
22/06/2026 13:37;398;0
22/06/2026 13:38;434;0
22/06/2026 13:39;451;0
22/06/2026 13:40;446;0
22/06/2026 13:41;417;0
22/06/2026 13:42;433;0
22/06/2026 13:43;448;0
22/06/2026 13:44;438;0
22/06/2026 13:45;432;0
22/06/2026 13:46;415;296
22/06/2026 13:47;449;0
22/06/2026 13:48;460;0
22/06/2026 13:49;466;0
22/06/2026 13:50;478;0
22/06/2026 13:51;486;0
22/06/2026 13:52;496;0
22/06/2026 13:53;488;0
22/06/2026 13:54;493;0
22/06/2026 13:55;495;0
22/06/2026 13:56;498;418
22/06/2026 13:57;498;0
22/06/2026 13:58;492;0
22/06/2026 13:59;501;0
22/06/2026 14:00;508;0
22/06/2026 14:01;526;0
22/06/2026 14:02;527;0
22/06/2026 14:03;550;0
22/06/2026 14:04;542;0
22/06/2026 14:05;537;0
22/06/2026 14:06;538;543
22/06/2026 14:07;553;0
22/06/2026 14:08;530;0
22/06/2026 14:09;383;0
22/06/2026 14:10;293;0
22/06/2026 14:11;248;0
22/06/2026 14:12;244;0
22/06/2026 14:13;258;0
22/06/2026 14:14;274;0
22/06/2026 14:15;340;0
22/06/2026 14:16;366;383
22/06/2026 14:17;460;0
22/06/2026 14:18;507;0
22/06/2026 14:19;487;0
22/06/2026 14:20;532;0
22/06/2026 14:21;533;0
22/06/2026 14:22;524;0
22/06/2026 14:23;559;0
22/06/2026 14:24;554;0
22/06/2026 14:25;571;0
22/06/2026 14:26;582;499
22/06/2026 14:27;568;0
22/06/2026 14:28;561;0
22/06/2026 14:29;519;0
22/06/2026 14:30;514;0
22/06/2026 14:31;513;0
22/06/2026 14:32;530;0
22/06/2026 14:33;500;0
22/06/2026 14:34;478;0
22/06/2026 14:35;456;0
22/06/2026 14:36;444;476
22/06/2026 14:37;445;0
22/06/2026 14:38;449;0
22/06/2026 14:39;472;0
22/06/2026 14:40;489;0
22/06/2026 14:41;521;0
22/06/2026 14:42;536;0
22/06/2026 14:43;567;0
22/06/2026 14:44;551;0
22/06/2026 14:45;545;0
22/06/2026 14:46;509;470
22/06/2026 14:47;565;0
22/06/2026 14:48;517;0
22/06/2026 14:49;556;0
22/06/2026 14:50;559;0
22/06/2026 14:51;530;0
22/06/2026 14:52;476;0
22/06/2026 14:53;486;0
22/06/2026 14:54;475;0
22/06/2026 14:55;461;0
22/06/2026 14:56;459;444
22/06/2026 14:57;479;0
22/06/2026 14:58;466;0
22/06/2026 14:59;421;0
22/06/2026 15:00;532;0
22/06/2026 15:01;616;0
22/06/2026 15:02;658;0
22/06/2026 15:03;665;0
22/06/2026 15:04;630;0
22/06/2026 15:05;635;0
22/06/2026 15:06;647;618
22/06/2026 15:07;646;0
22/06/2026 15:08;623;0
22/06/2026 15:09;568;0
22/06/2026 15:10;472;0
22/06/2026 15:11;480;0
22/06/2026 15:12;398;0
22/06/2026 15:13;442;0
22/06/2026 15:14;522;0
22/06/2026 15:15;569;0
22/06/2026 15:16;594;627
22/06/2026 15:17;601;0
22/06/2026 15:18;610;0
22/06/2026 15:19;605;0
22/06/2026 15:20;607;0
22/06/2026 15:21;578;0
22/06/2026 15:22;615;0
22/06/2026 15:23;634;0
22/06/2026 15:24;599;0
22/06/2026 15:25;572;0
22/06/2026 15:26;584;621
22/06/2026 15:27;574;0
22/06/2026 15:28;598;0
22/06/2026 15:29;598;0
22/06/2026 15:30;595;0
22/06/2026 15:31;582;0
22/06/2026 15:32;605;0
22/06/2026 15:33;623;0
22/06/2026 15:34;612;0
22/06/2026 15:35;605;0
22/06/2026 15:36;596;546
22/06/2026 15:37;609;0
22/06/2026 15:38;615;0
22/06/2026 15:39;605;0
22/06/2026 15:40;607;0
22/06/2026 15:41;479;0
22/06/2026 15:42;562;0
22/06/2026 15:43;507;0
22/06/2026 15:44;415;0
22/06/2026 15:45;351;0
22/06/2026 15:46;401;357
22/06/2026 15:47;428;0
22/06/2026 15:48;503;0
22/06/2026 15:49;485;0
22/06/2026 15:50;402;0
22/06/2026 15:51;493;0
22/06/2026 15:52;556;0
22/06/2026 15:53;569;0
22/06/2026 15:54;546;0
22/06/2026 15:55;585;0
22/06/2026 15:56;609;406
22/06/2026 15:57;585;0
22/06/2026 15:58;602;0
22/06/2026 15:59;616;0
22/06/2026 16:00;605;0
22/06/2026 16:01;596;0
22/06/2026 16:02;585;0
22/06/2026 16:03;546;0
22/06/2026 16:04;575;0
22/06/2026 16:05;569;0
22/06/2026 16:06;518;380
22/06/2026 16:07;466;0
22/06/2026 16:08;421;0
22/06/2026 16:09;351;0
22/06/2026 16:10;263;0
22/06/2026 16:11;229;0
22/06/2026 16:12;244;0
22/06/2026 16:13;315;0
22/06/2026 16:14;253;0
22/06/2026 16:15;237;0
22/06/2026 16:16;265;223
22/06/2026 16:17;266;0
22/06/2026 16:18;295;0
22/06/2026 16:19;265;0
22/06/2026 16:20;266;0
22/06/2026 16:21;232;0
22/06/2026 16:22;275;0
22/06/2026 16:23;284;0
22/06/2026 16:24;253;0
22/06/2026 16:25;249;0
22/06/2026 16:26;214;69,7
22/06/2026 16:27;212;0
22/06/2026 16:28;229;0
22/06/2026 16:29;224;0
22/06/2026 16:30;240;0
22/06/2026 16:31;338;0
22/06/2026 16:32;365;0
22/06/2026 16:33;379;0
22/06/2026 16:34;385;0
22/06/2026 16:35;476;0
22/06/2026 16:36;287;87,1
22/06/2026 16:37;235;0
22/06/2026 16:38;215;0
22/06/2026 16:39;201;0
22/06/2026 16:40;198;0
22/06/2026 16:41;193;0
22/06/2026 16:42;186;0
22/06/2026 16:43;184;0
22/06/2026 16:44;189;0
22/06/2026 16:45;189;0
22/06/2026 16:46;190;78,4
22/06/2026 16:47;188;0
22/06/2026 16:48;190;0
22/06/2026 16:49;198;0
22/06/2026 16:50;204;0
22/06/2026 16:51;207;0
22/06/2026 16:52;221;0
22/06/2026 16:53;275;0
22/06/2026 16:54;338;0
22/06/2026 16:55;334;0
22/06/2026 16:56;422;192
22/06/2026 16:57;458;0
22/06/2026 16:58;476;0
22/06/2026 16:59;514;0
22/06/2026 17:00;306;0
22/06/2026 17:01;274;0
22/06/2026 17:02;242;0
22/06/2026 17:03;295;0
22/06/2026 17:04;325;0
22/06/2026 17:05;304;0
22/06/2026 17:06;329;258
22/06/2026 17:07;387;0
22/06/2026 17:08;413;0
22/06/2026 17:09;336;0
22/06/2026 17:10;289;0
22/06/2026 17:11;230;0
22/06/2026 17:12;224;0
22/06/2026 17:13;222;0
22/06/2026 17:14;276;0
22/06/2026 17:15;281;0
22/06/2026 17:16;203;206
22/06/2026 17:17;186;0
22/06/2026 17:18;179;0
22/06/2026 17:19;183;0
22/06/2026 17:20;178;0
22/06/2026 17:21;175;0
22/06/2026 17:22;178;0
22/06/2026 17:23;192;0
22/06/2026 17:24;178;0
22/06/2026 17:25;174;0
22/06/2026 17:26;190;128
22/06/2026 17:27;293;0
22/06/2026 17:28;191;0
22/06/2026 17:29;232;0
22/06/2026 17:30;250;0
22/06/2026 17:31;351;0
22/06/2026 17:32;213;0
22/06/2026 17:33;244;0
22/06/2026 17:34;323;0
22/06/2026 17:35;236;0
22/06/2026 17:36;316;154
22/06/2026 17:37;299;0
22/06/2026 17:38;197;0
22/06/2026 17:39;225;0
22/06/2026 17:40;191;0
22/06/2026 17:41;177;0
22/06/2026 17:42;165;0
22/06/2026 17:43;162;0
22/06/2026 17:44;170;0
22/06/2026 17:45;280;0
22/06/2026 17:46;226;139
22/06/2026 17:47;195;0
22/06/2026 17:48;207;0
22/06/2026 17:49;271;0
22/06/2026 17:50;322;0
22/06/2026 17:51;221;0
22/06/2026 17:52;270;0
22/06/2026 17:53;326;0
22/06/2026 17:54;201;0
22/06/2026 17:55;394;0
22/06/2026 17:56;417;197
22/06/2026 17:57;409;0
22/06/2026 17:58;196;0
22/06/2026 17:59;174;0
22/06/2026 18:00;170;0
22/06/2026 18:01;175;0
22/06/2026 18:02;217;0
22/06/2026 18:03;292;0
22/06/2026 18:04;328;0
22/06/2026 18:05;350;0
22/06/2026 18:06;335;250
22/06/2026 18:07;284;0
22/06/2026 18:08;230;0
22/06/2026 18:09;331;0
22/06/2026 18:10;306;0
22/06/2026 18:11;297;0
22/06/2026 18:12;358;0
22/06/2026 18:13;294;0
22/06/2026 18:14;298;0
22/06/2026 18:15;239;0
22/06/2026 18:16;331;218
22/06/2026 18:17;293;0
22/06/2026 18:18;314;0
22/06/2026 18:19;315;0
22/06/2026 18:20;309;0
22/06/2026 18:21;305;0
22/06/2026 18:22;277;0
22/06/2026 18:23;196;0
22/06/2026 18:24;170;0
22/06/2026 18:25;215;0
22/06/2026 18:26;207;160
22/06/2026 18:27;153;0
22/06/2026 18:28;172;0
22/06/2026 18:29;247;0
22/06/2026 18:30;240;0
22/06/2026 18:31;197;0
22/06/2026 18:32;225;0
22/06/2026 18:33;224;0
22/06/2026 18:34;224;0
22/06/2026 18:35;222;0
22/06/2026 18:36;219;113
22/06/2026 18:37;206;0
22/06/2026 18:38;190;0
22/06/2026 18:39;164;0
22/06/2026 18:40;184;0
22/06/2026 18:41;151;0
22/06/2026 18:42;160;0
22/06/2026 18:43;179;0
22/06/2026 18:44;169;0
22/06/2026 18:45;177;0
22/06/2026 18:46;177;104
22/06/2026 18:47;178;0
22/06/2026 18:48;158;0
22/06/2026 18:49;159;0
22/06/2026 18:50;141;0
22/06/2026 18:51;147;0
22/06/2026 18:52;154;0
22/06/2026 18:53;132;0
22/06/2026 18:54;148;0
22/06/2026 18:55;139;0
22/06/2026 18:56;130;98,7
22/06/2026 18:57;154;0
22/06/2026 18:58;134;0
22/06/2026 18:59;107;0
22/06/2026 19:00;103;0
22/06/2026 19:01;75;0
22/06/2026 19:02;68;0
22/06/2026 19:03;67;0
22/06/2026 19:04;63;0
22/06/2026 19:05;59;0
22/06/2026 19:06;54;92,9
22/06/2026 19:07;51;0
22/06/2026 19:08;54;0
22/06/2026 19:09;58;0
22/06/2026 19:10;58;0
22/06/2026 19:11;50;0
22/06/2026 19:12;44;0
22/06/2026 19:13;42;0
22/06/2026 19:14;40;0
22/06/2026 19:15;40;0
22/06/2026 19:16;47;87,1
22/06/2026 19:17;48;0
22/06/2026 19:18;39;0
22/06/2026 19:19;38;0
22/06/2026 19:20;38;0
22/06/2026 19:21;37;0
22/06/2026 19:22;36;0
22/06/2026 19:23;37;0
22/06/2026 19:24;39;0
22/06/2026 19:25;42;0
22/06/2026 19:26;43;87,1
22/06/2026 19:27;41;0
22/06/2026 19:28;40;0
22/06/2026 19:29;37;0
22/06/2026 19:30;35;0
22/06/2026 19:31;32;0
22/06/2026 19:32;31;0
22/06/2026 19:33;32;0
22/06/2026 19:34;40;0
22/06/2026 19:35;36;0
22/06/2026 19:36;32;78,4
22/06/2026 19:37;31;0
22/06/2026 19:38;34;0
22/06/2026 19:39;31;0
22/06/2026 19:40;31;0
22/06/2026 19:41;34;0
22/06/2026 19:42;39;0
22/06/2026 19:43;41;0
22/06/2026 19:44;42;0
22/06/2026 19:45;41;0
22/06/2026 19:46;41;84,2
22/06/2026 19:47;39;0
22/06/2026 19:48;35;0
22/06/2026 19:49;35;0
22/06/2026 19:50;33;0
22/06/2026 19:51;31;0
22/06/2026 19:52;28;0
22/06/2026 19:53;25;0
22/06/2026 19:54;21;0
22/06/2026 19:55;20;0
22/06/2026 19:56;18;78,4
22/06/2026 19:57;16;0
22/06/2026 19:58;5;0
22/06/2026 19:59;13;0
22/06/2026 20:00;13;0
22/06/2026 20:01;11;0
22/06/2026 20:02;10;0
22/06/2026 20:03;9;0
22/06/2026 20:04;8;0
22/06/2026 20:05;6;0
22/06/2026 20:06;5;69,7
22/06/2026 20:07;5;0
22/06/2026 20:08;4;0
22/06/2026 20:09;3;0
22/06/2026 20:10;2;0
22/06/2026 20:11;1;0
22/06/2026 20:12;1;0
22/06/2026 20:13;1;0
22/06/2026 20:14;0;0
22/06/2026 20:15;0;0
22/06/2026 20:16;0;0
22/06/2026 20:17;0;0
22/06/2026 20:18;0;0
22/06/2026 20:19;0;0
22/06/2026 20:20;0;0
22/06/2026 20:21;0;0
22/06/2026 20:22;1;0
22/06/2026 20:23;0;0
22/06/2026 20:24;0;0
22/06/2026 20:25;0;0
22/06/2026 20:26;0;58
22/06/2026 20:27;0;0
22/06/2026 20:28;1;0
22/06/2026 20:29;0;0
22/06/2026 20:30;1;0
22/06/2026 20:31;1;0
22/06/2026 20:32;1;0
22/06/2026 20:33;1;0
22/06/2026 20:34;1;0
22/06/2026 20:35;0;0
22/06/2026 20:36;0;0
22/06/2026 20:37;0;0
22/06/2026 20:38;0;0
22/06/2026 20:39;0;0
22/06/2026 20:40;0;0
22/06/2026 20:41;0;0
22/06/2026 20:42;0;0
22/06/2026 20:43;0;0
22/06/2026 20:44;0;0
22/06/2026 20:45;0;0
22/06/2026 20:46;0;0
22/06/2026 20:47;0;0
22/06/2026 20:48;0;0
22/06/2026 20:49;0;0
22/06/2026 20:50;0;0
22/06/2026 20:51;0;0
22/06/2026 20:52;0;0
22/06/2026 20:53;0;0
22/06/2026 20:54;0;0
22/06/2026 20:55;0;0
22/06/2026 20:56;0;0
22/06/2026 20:57;0;0
22/06/2026 20:58;0;0
22/06/2026 20:59;0;0
22/06/2026 21:00;0;0
22/06/2026 21:01;0;0
22/06/2026 21:02;0;0
22/06/2026 21:03;0;0
22/06/2026 21:04;0;0
22/06/2026 21:05;0;0
22/06/2026 21:06;0;0
22/06/2026 21:07;0;0
22/06/2026 21:08;0;0
22/06/2026 21:09;0;0
22/06/2026 21:10;0;0
22/06/2026 21:11;0;0
22/06/2026 21:12;0;0
22/06/2026 21:13;0;0
22/06/2026 21:14;0;0
22/06/2026 21:15;0;0
22/06/2026 21:16;0;0
22/06/2026 21:17;0;0
22/06/2026 21:18;0;0
22/06/2026 21:19;0;0
22/06/2026 21:20;0;0
22/06/2026 21:21;0;0
22/06/2026 21:22;0;0
22/06/2026 21:23;0;0
22/06/2026 21:24;0;0
22/06/2026 21:25;0;0
22/06/2026 21:26;0;0
22/06/2026 21:27;0;0
22/06/2026 21:28;0;0
22/06/2026 21:29;0;0
22/06/2026 21:30;0;0
22/06/2026 21:31;0;0
22/06/2026 21:32;0;0
22/06/2026 21:33;0;0
22/06/2026 21:34;0;0
22/06/2026 21:35;0;0
22/06/2026 21:36;0;0
22/06/2026 21:37;0;0
22/06/2026 21:38;0;0
22/06/2026 21:39;0;0
22/06/2026 21:40;0;0
22/06/2026 21:41;0;0
22/06/2026 21:42;0;0
22/06/2026 21:43;0;0
22/06/2026 21:44;0;0
22/06/2026 21:45;0;0
22/06/2026 21:46;0;0
22/06/2026 21:47;0;0
22/06/2026 21:48;0;0
22/06/2026 21:49;0;0
22/06/2026 21:50;0;0
22/06/2026 21:51;0;0
22/06/2026 21:52;0;0
22/06/2026 21:53;0;0
22/06/2026 21:54;0;0
22/06/2026 21:55;0;0
22/06/2026 21:56;0;0
22/06/2026 21:57;0;0
22/06/2026 21:58;0;0
22/06/2026 21:59;0;0
22/06/2026 22:00;0;0
22/06/2026 22:01;0;0
22/06/2026 22:02;0;0
22/06/2026 22:03;0;0
22/06/2026 22:04;0;0
22/06/2026 22:05;0;0
22/06/2026 22:06;0;0
22/06/2026 22:07;0;0
22/06/2026 22:08;0;0
22/06/2026 22:09;0;0
22/06/2026 22:10;0;0
22/06/2026 22:11;0;0
22/06/2026 22:12;0;0
22/06/2026 22:13;0;0
22/06/2026 22:14;0;0
22/06/2026 22:15;0;0
22/06/2026 22:16;0;0
22/06/2026 22:17;0;0
22/06/2026 22:18;0;0
22/06/2026 22:19;0;0
22/06/2026 22:20;0;0
22/06/2026 22:21;0;0
22/06/2026 22:22;0;0
22/06/2026 22:23;0;0
22/06/2026 22:24;0;0
22/06/2026 22:25;0;0
22/06/2026 22:26;0;0
22/06/2026 22:27;0;0
22/06/2026 22:28;0;0
22/06/2026 22:29;0;0
22/06/2026 22:30;0;0
22/06/2026 22:31;0;0
22/06/2026 22:32;0;0
22/06/2026 22:33;0;0
22/06/2026 22:34;0;0
22/06/2026 22:35;0;0
22/06/2026 22:36;0;0
22/06/2026 22:37;0;0
22/06/2026 22:38;0;0
22/06/2026 22:39;0;0
22/06/2026 22:40;0;0
22/06/2026 22:41;0;0
22/06/2026 22:42;0;0
22/06/2026 22:43;0;0
22/06/2026 22:44;0;0
22/06/2026 22:45;0;0
22/06/2026 22:46;0;0
22/06/2026 22:47;0;0
22/06/2026 22:48;0;0
22/06/2026 22:49;0;0
22/06/2026 22:50;0;0
22/06/2026 22:51;0;0
22/06/2026 22:52;0;0
22/06/2026 22:53;0;0
22/06/2026 22:54;0;0
22/06/2026 22:55;0;0
22/06/2026 22:56;0;0
22/06/2026 22:57;0;0
22/06/2026 22:58;0;0
22/06/2026 22:59;0;0
22/06/2026 23:00;0;0
22/06/2026 23:01;0;0
22/06/2026 23:02;0;0
22/06/2026 23:03;0;0
22/06/2026 23:04;0;0
22/06/2026 23:05;0;0
22/06/2026 23:06;0;0
22/06/2026 23:07;0;0
22/06/2026 23:08;0;0
22/06/2026 23:09;0;0
22/06/2026 23:10;0;0
22/06/2026 23:11;0;0
22/06/2026 23:12;0;0
22/06/2026 23:13;0;0
22/06/2026 23:14;0;0
22/06/2026 23:15;0;0
22/06/2026 23:16;0;0
22/06/2026 23:17;0;0
22/06/2026 23:18;0;0
22/06/2026 23:19;0;0
22/06/2026 23:20;0;0
22/06/2026 23:21;0;0
22/06/2026 23:22;0;0
22/06/2026 23:23;0;0
22/06/2026 23:24;0;0
22/06/2026 23:25;0;0
22/06/2026 23:26;0;0
22/06/2026 23:27;0;0
22/06/2026 23:28;0;0
22/06/2026 23:29;0;0
22/06/2026 23:30;0;0
22/06/2026 23:31;0;0
22/06/2026 23:32;0;0
22/06/2026 23:33;0;0
22/06/2026 23:34;0;0
22/06/2026 23:35;0;0
22/06/2026 23:36;0;0
22/06/2026 23:37;0;0
22/06/2026 23:38;0;0
22/06/2026 23:39;0;0
22/06/2026 23:40;0;0
22/06/2026 23:41;0;0
22/06/2026 23:42;0;0
22/06/2026 23:43;0;0
22/06/2026 23:44;0;0
22/06/2026 23:45;0;0
22/06/2026 23:46;0;0
22/06/2026 23:47;0;0
22/06/2026 23:48;0;0
22/06/2026 23:49;0;0
22/06/2026 23:50;0;0
22/06/2026 23:51;0;0
22/06/2026 23:52;0;0
22/06/2026 23:53;0;0
22/06/2026 23:54;0;0
22/06/2026 23:55;0;0
22/06/2026 23:56;0;0
22/06/2026 23:57;0;0
22/06/2026 23:58;0;0
22/06/2026 23:59;0;0
23/06/2026 0:00;0;0
23/06/2026 0:01;0;0
23/06/2026 0:02;0;0
23/06/2026 0:03;0;0
23/06/2026 0:04;0;0
23/06/2026 0:05;0;0
23/06/2026 0:06;0;0
23/06/2026 0:07;0;0
23/06/2026 0:08;0;0
23/06/2026 0:09;0;0
23/06/2026 0:10;0;0
23/06/2026 0:11;0;0
23/06/2026 0:12;0;0
23/06/2026 0:13;0;0
23/06/2026 0:14;0;0
23/06/2026 0:15;0;0
23/06/2026 0:16;0;0
23/06/2026 0:17;0;0
23/06/2026 0:18;0;0
23/06/2026 0:19;0;0
23/06/2026 0:20;0;0
23/06/2026 0:21;0;0
23/06/2026 0:22;0;0
23/06/2026 0:23;0;0
23/06/2026 0:24;0;0
23/06/2026 0:25;0;0
23/06/2026 0:26;0;0
23/06/2026 0:27;0;0
23/06/2026 0:28;0;0
23/06/2026 0:29;0;0
23/06/2026 0:30;0;0
23/06/2026 0:31;0;0
23/06/2026 0:32;0;0
23/06/2026 0:33;0;0
23/06/2026 0:34;0;0
23/06/2026 0:35;0;0
23/06/2026 0:36;0;0
23/06/2026 0:37;0;0
23/06/2026 0:38;0;0
23/06/2026 0:39;0;0
23/06/2026 0:40;0;0
23/06/2026 0:41;0;0
23/06/2026 0:42;0;0
23/06/2026 0:43;0;0
23/06/2026 0:44;0;0
23/06/2026 0:45;0;0
23/06/2026 0:46;0;0
23/06/2026 0:47;0;0
23/06/2026 0:48;0;0
23/06/2026 0:49;0;0
23/06/2026 0:50;0;0
23/06/2026 0:51;0;0
23/06/2026 0:52;0;0
23/06/2026 0:53;0;0
23/06/2026 0:54;0;0
23/06/2026 0:55;0;0
23/06/2026 0:56;0;0
23/06/2026 0:57;0;0
23/06/2026 0:58;0;0
23/06/2026 0:59;0;0
23/06/2026 1:00;0;0
23/06/2026 1:01;0;0
23/06/2026 1:02;0;0
23/06/2026 1:03;0;0
23/06/2026 1:04;0;0
23/06/2026 1:05;0;0
23/06/2026 1:06;0;0
23/06/2026 1:07;0;0
23/06/2026 1:08;0;0
23/06/2026 1:09;0;0
23/06/2026 1:10;0;0
23/06/2026 1:11;0;0
23/06/2026 1:12;0;0
23/06/2026 1:13;0;0
23/06/2026 1:14;0;0
23/06/2026 1:15;0;0
23/06/2026 1:16;0;0
23/06/2026 1:17;0;0
23/06/2026 1:18;0;0
23/06/2026 1:19;0;0
23/06/2026 1:20;0;0
23/06/2026 1:21;0;0
23/06/2026 1:22;0;0
23/06/2026 1:23;0;0
23/06/2026 1:24;0;0
23/06/2026 1:25;0;0
23/06/2026 1:26;0;0
23/06/2026 1:27;0;0
23/06/2026 1:28;0;0
23/06/2026 1:29;0;0
23/06/2026 1:30;0;0
23/06/2026 1:31;0;0
23/06/2026 1:32;0;0
23/06/2026 1:33;0;0
23/06/2026 1:34;0;0
23/06/2026 1:35;0;0
23/06/2026 1:36;0;0
23/06/2026 1:37;0;0
23/06/2026 1:38;0;0
23/06/2026 1:39;0;0
23/06/2026 1:40;0;0
23/06/2026 1:41;0;0
23/06/2026 1:42;0;0
23/06/2026 1:43;0;0
23/06/2026 1:44;0;0
23/06/2026 1:45;0;0
23/06/2026 1:46;0;0
23/06/2026 1:47;0;0
23/06/2026 1:48;0;0
23/06/2026 1:49;0;0
23/06/2026 1:50;0;0
23/06/2026 1:51;0;0
23/06/2026 1:52;0;0
23/06/2026 1:53;0;0
23/06/2026 1:54;0;0
23/06/2026 1:55;0;0
23/06/2026 1:56;0;0
23/06/2026 1:57;0;0
23/06/2026 1:58;0;0
23/06/2026 1:59;0;0
23/06/2026 2:00;0;0
23/06/2026 2:01;0;0
23/06/2026 2:02;0;0
23/06/2026 2:03;0;0
23/06/2026 2:04;0;0
23/06/2026 2:05;0;0
23/06/2026 2:06;0;0
23/06/2026 2:07;0;0
23/06/2026 2:08;0;0
23/06/2026 2:09;0;0
23/06/2026 2:10;0;0
23/06/2026 2:11;0;0
23/06/2026 2:12;0;0
23/06/2026 2:13;0;0
23/06/2026 2:14;0;0
23/06/2026 2:15;0;0
23/06/2026 2:16;0;0
23/06/2026 2:17;0;0
23/06/2026 2:18;0;0
23/06/2026 2:19;0;0
23/06/2026 2:20;0;0
23/06/2026 2:21;0;0
23/06/2026 2:22;0;0
23/06/2026 2:23;0;0
23/06/2026 2:24;0;0
23/06/2026 2:25;0;0
23/06/2026 2:26;0;0
23/06/2026 2:27;0;0
23/06/2026 2:28;0;0
23/06/2026 2:29;0;0
23/06/2026 2:30;0;0
23/06/2026 2:31;0;0
23/06/2026 2:32;0;0
23/06/2026 2:33;0;0
23/06/2026 2:34;0;0
23/06/2026 2:35;0;0
23/06/2026 2:36;0;0
23/06/2026 2:37;0;0
23/06/2026 2:38;0;0
23/06/2026 2:39;0;0
23/06/2026 2:40;0;0
23/06/2026 2:41;0;0
23/06/2026 2:42;0;0
23/06/2026 2:43;0;0
23/06/2026 2:44;0;0
23/06/2026 2:45;0;0
23/06/2026 2:46;0;0
23/06/2026 2:47;0;0
23/06/2026 2:48;0;0
23/06/2026 2:49;0;0
23/06/2026 2:50;0;0
23/06/2026 2:51;0;0
23/06/2026 2:52;0;0
23/06/2026 2:53;0;0
23/06/2026 2:54;0;0
23/06/2026 2:55;0;0
23/06/2026 2:56;0;0
23/06/2026 2:57;0;0
23/06/2026 2:58;0;0
23/06/2026 2:59;0;0
23/06/2026 3:00;0;0
23/06/2026 3:01;0;0
23/06/2026 3:02;0;0
23/06/2026 3:03;0;0
23/06/2026 3:04;0;0
23/06/2026 3:05;0;0
23/06/2026 3:06;0;0
23/06/2026 3:07;0;0
23/06/2026 3:08;0;0
23/06/2026 3:09;0;0
23/06/2026 3:10;0;0
23/06/2026 3:11;0;0
23/06/2026 3:12;0;0
23/06/2026 3:13;0;0
23/06/2026 3:14;0;0
23/06/2026 3:15;0;0
23/06/2026 3:16;0;0
23/06/2026 3:17;0;0
23/06/2026 3:18;0;0
23/06/2026 3:19;0;0
23/06/2026 3:20;0;0
23/06/2026 3:21;0;0
23/06/2026 3:22;0;0
23/06/2026 3:23;0;0
23/06/2026 3:24;0;0
23/06/2026 3:25;0;0
23/06/2026 3:26;0;0
23/06/2026 3:27;0;0
23/06/2026 3:28;0;0
23/06/2026 3:29;0;0
23/06/2026 3:30;0;0
23/06/2026 3:31;0;0
23/06/2026 3:32;0;0
23/06/2026 3:33;0;0
23/06/2026 3:34;0;0
23/06/2026 3:35;0;0
23/06/2026 3:36;0;0
23/06/2026 3:37;0;0
23/06/2026 3:38;0;0
23/06/2026 3:39;0;0
23/06/2026 3:40;0;0
23/06/2026 3:41;0;0
23/06/2026 3:42;0;0
23/06/2026 3:43;0;0
23/06/2026 3:44;0;0
23/06/2026 3:45;0;0
23/06/2026 3:46;0;0
23/06/2026 3:47;0;0
23/06/2026 3:48;0;0
23/06/2026 3:49;0;0
23/06/2026 3:50;0;0
23/06/2026 3:51;0;0
23/06/2026 3:52;0;0
23/06/2026 3:53;0;0
23/06/2026 3:54;0;0
23/06/2026 3:55;0;0
23/06/2026 3:56;0;0
23/06/2026 3:57;0;0
23/06/2026 3:58;0;0
23/06/2026 3:59;0;0
23/06/2026 4:00;0;0
23/06/2026 4:01;0;0
23/06/2026 4:02;0;0
23/06/2026 4:03;0;0
23/06/2026 4:04;0;0
23/06/2026 4:05;0;0
23/06/2026 4:06;0;0
23/06/2026 4:07;0;0
23/06/2026 4:08;0;0
23/06/2026 4:09;0;0
23/06/2026 4:10;0;0
23/06/2026 4:11;0;0
23/06/2026 4:12;0;0
23/06/2026 4:13;0;0
23/06/2026 4:14;0;0
23/06/2026 4:15;0;0
23/06/2026 4:16;0;0
23/06/2026 4:17;0;0
23/06/2026 4:18;0;0
23/06/2026 4:19;0;0
23/06/2026 4:20;0;0
23/06/2026 4:21;0;0
23/06/2026 4:22;0;0
23/06/2026 4:23;0;0
23/06/2026 4:24;0;0
23/06/2026 4:25;0;0
23/06/2026 4:26;0;0
23/06/2026 4:27;0;0
23/06/2026 4:28;0;0
23/06/2026 4:29;0;0
23/06/2026 4:30;0;0
23/06/2026 4:31;0;0
23/06/2026 4:32;0;0
23/06/2026 4:33;0;0
23/06/2026 4:34;0;0
23/06/2026 4:35;0;0
23/06/2026 4:36;0;0
23/06/2026 4:37;0;0
23/06/2026 4:38;0;0
23/06/2026 4:39;0;0
23/06/2026 4:40;0;0
23/06/2026 4:41;0;0
23/06/2026 4:42;0;0
23/06/2026 4:43;0;0
23/06/2026 4:44;0;0
23/06/2026 4:45;0;0
23/06/2026 4:46;0;0
23/06/2026 4:47;0;0
23/06/2026 4:48;0;0
23/06/2026 4:49;0;0
23/06/2026 4:50;0;0
23/06/2026 4:51;0;0
23/06/2026 4:52;0;0
23/06/2026 4:53;0;0
23/06/2026 4:54;0;0
23/06/2026 4:55;0;0
23/06/2026 4:56;0;0
23/06/2026 4:57;0;0
23/06/2026 4:58;0;0
23/06/2026 4:59;0;0
23/06/2026 5:00;0;0
23/06/2026 5:01;0;0
23/06/2026 5:02;0;0
23/06/2026 5:03;0;0
23/06/2026 5:04;0;0
23/06/2026 5:05;0;0
23/06/2026 5:06;0;0
23/06/2026 5:07;0;0
23/06/2026 5:08;0;0
23/06/2026 5:09;0;0
23/06/2026 5:10;0;0
23/06/2026 5:11;0;0
23/06/2026 5:12;0;0
23/06/2026 5:13;0;0
23/06/2026 5:14;0;0
23/06/2026 5:15;0;0
23/06/2026 5:16;0;0
23/06/2026 5:17;0;0
23/06/2026 5:18;0;0
23/06/2026 5:19;0;0
23/06/2026 5:20;0;0
23/06/2026 5:21;0;0
23/06/2026 5:22;0;0
23/06/2026 5:23;0;0
23/06/2026 5:24;0;0
23/06/2026 5:25;0;0
23/06/2026 5:26;0;0
23/06/2026 5:27;0;0
23/06/2026 5:28;0;0
23/06/2026 5:29;0;0
23/06/2026 5:30;0;0
23/06/2026 5:31;0;0
23/06/2026 5:32;0;0
23/06/2026 5:33;0;0
23/06/2026 5:34;0;0
23/06/2026 5:35;0;0
23/06/2026 5:36;0;0
23/06/2026 5:37;0;0
23/06/2026 5:38;0;0
23/06/2026 5:39;0;0
23/06/2026 5:40;0;0
23/06/2026 5:41;0;0
23/06/2026 5:42;0;0
23/06/2026 5:43;0;0
23/06/2026 5:44;0;0
23/06/2026 5:45;0;0
23/06/2026 5:46;0;0
23/06/2026 5:47;0;0
23/06/2026 5:48;0;0
23/06/2026 5:49;0;0
23/06/2026 5:50;0;0
23/06/2026 5:51;0;0
23/06/2026 5:52;0;0
23/06/2026 5:53;0;0
23/06/2026 5:54;0;0
23/06/2026 5:55;0;0
23/06/2026 5:56;0;0
23/06/2026 5:57;0;0
23/06/2026 5:58;0;0
23/06/2026 5:59;0;0
23/06/2026 6:00;0;0
23/06/2026 6:01;0;0
23/06/2026 6:02;0;0
23/06/2026 6:03;0;0
23/06/2026 6:04;0;0
23/06/2026 6:05;0;0
23/06/2026 6:06;0;0
23/06/2026 6:07;0;0
23/06/2026 6:08;0;0
23/06/2026 6:09;0;0
23/06/2026 6:10;0;0
23/06/2026 6:11;0;0
23/06/2026 6:12;0;0
23/06/2026 6:13;0;0
23/06/2026 6:14;0;0
23/06/2026 6:15;0;0
23/06/2026 6:16;0;0
23/06/2026 6:17;0;0
23/06/2026 6:18;0;0
23/06/2026 6:19;0;0
23/06/2026 6:20;0;0
23/06/2026 6:21;0;0
23/06/2026 6:22;0;0
23/06/2026 6:23;0;0
23/06/2026 6:24;0;0
23/06/2026 6:25;0;0
23/06/2026 6:26;0;0
23/06/2026 6:27;0;0
23/06/2026 6:28;0;0
23/06/2026 6:29;0;0
23/06/2026 6:30;0;0
23/06/2026 6:31;0;0
23/06/2026 6:32;0;0
23/06/2026 6:33;0;0
23/06/2026 6:34;0;0
23/06/2026 6:35;0;0
23/06/2026 6:36;0;0
23/06/2026 6:37;0;0
23/06/2026 6:38;0;0
23/06/2026 6:39;0;0
23/06/2026 6:40;0;0
23/06/2026 6:41;0;0
23/06/2026 6:42;0;0
23/06/2026 6:43;0;0
23/06/2026 6:44;0;0
23/06/2026 6:45;0;0
23/06/2026 6:46;0;0
23/06/2026 6:47;0;0
23/06/2026 6:48;0;0
23/06/2026 6:49;0;0
23/06/2026 6:50;0;0
23/06/2026 6:51;0;0
23/06/2026 6:52;0;0
23/06/2026 6:53;0;0
23/06/2026 6:54;0;0
23/06/2026 6:55;0;0
23/06/2026 6:56;0;0
23/06/2026 6:57;0;0
23/06/2026 6:58;0;0
23/06/2026 6:59;0;0
23/06/2026 7:00;0;0
23/06/2026 7:01;0;0
23/06/2026 7:02;0;0
23/06/2026 7:03;0;0
23/06/2026 7:04;0;0
23/06/2026 7:05;0;0
23/06/2026 7:06;0;0
23/06/2026 7:07;0;0
23/06/2026 7:08;0;0
23/06/2026 7:09;0;0
23/06/2026 7:10;0;0
23/06/2026 7:11;0;0
23/06/2026 7:12;0;0
23/06/2026 7:13;0;0
23/06/2026 7:14;0;0
23/06/2026 7:15;0;0
23/06/2026 7:16;0;0
23/06/2026 7:17;0;0
23/06/2026 7:18;0;0
23/06/2026 7:19;0;0
23/06/2026 7:20;0;0
23/06/2026 7:21;0;0
23/06/2026 7:22;0;0
23/06/2026 7:23;0;0
23/06/2026 7:24;0;0
23/06/2026 7:25;0;0
23/06/2026 7:26;0;0
23/06/2026 7:27;0;0
23/06/2026 7:28;0;0
23/06/2026 7:29;0;0
23/06/2026 7:30;0;0
23/06/2026 7:31;0;0
23/06/2026 7:32;0;0
23/06/2026 7:33;0;0
23/06/2026 7:34;0;0
23/06/2026 7:35;0;0
23/06/2026 7:36;0;0
23/06/2026 7:37;0;0
23/06/2026 7:38;0;0
23/06/2026 7:39;0;0
23/06/2026 7:40;0;0
23/06/2026 7:41;0;0
23/06/2026 7:42;6;0
23/06/2026 7:43;3;0
23/06/2026 7:44;6;0
23/06/2026 7:45;7;0
23/06/2026 7:46;9;87,1
23/06/2026 7:47;11;0
23/06/2026 7:48;12;0
23/06/2026 7:49;16;0
23/06/2026 7:50;17;0
23/06/2026 7:51;19;0
23/06/2026 7:52;20;0
23/06/2026 7:53;21;0
23/06/2026 7:54;23;0
23/06/2026 7:55;27;0
23/06/2026 7:56;28;95,8
23/06/2026 7:57;29;0
23/06/2026 7:58;31;0
23/06/2026 7:59;33;0
23/06/2026 8:00;34;0
23/06/2026 8:01;36;0
23/06/2026 8:02;37;0
23/06/2026 8:03;39;0
23/06/2026 8:04;41;0
23/06/2026 8:05;42;0
23/06/2026 8:06;45;104
23/06/2026 8:07;46;0
23/06/2026 8:08;48;0
23/06/2026 8:09;50;0
23/06/2026 8:10;51;0
23/06/2026 8:11;53;0
23/06/2026 8:12;56;0
23/06/2026 8:13;28;0
23/06/2026 8:14;60;0
23/06/2026 8:15;63;0
23/06/2026 8:16;64;145
23/06/2026 8:17;67;0
23/06/2026 8:18;68;0
23/06/2026 8:19;72;0
23/06/2026 8:20;77;0
23/06/2026 8:21;77;0
23/06/2026 8:22;80;0
23/06/2026 8:23;83;0
23/06/2026 8:24;85;0
23/06/2026 8:25;86;0
23/06/2026 8:26;90;136
23/06/2026 8:27;93;0
23/06/2026 8:28;96;0
23/06/2026 8:29;97;0
23/06/2026 8:30;101;0
23/06/2026 8:31;104;0
23/06/2026 8:32;105;0
23/06/2026 8:33;106;0
23/06/2026 8:34;109;0
23/06/2026 8:35;112;0
23/06/2026 8:36;114;151
23/06/2026 8:37;117;0
23/06/2026 8:38;119;0
23/06/2026 8:39;122;0
23/06/2026 8:40;125;0
23/06/2026 8:41;127;0
23/06/2026 8:42;131;0
23/06/2026 8:43;133;0
23/06/2026 8:44;136;0
23/06/2026 8:45;138;0
23/06/2026 8:46;142;186
23/06/2026 8:47;144;0
23/06/2026 8:48;149;0
23/06/2026 8:49;150;0
23/06/2026 8:50;154;0
23/06/2026 8:51;158;0
23/06/2026 8:52;161;0
23/06/2026 8:53;163;0
23/06/2026 8:54;167;0
23/06/2026 8:55;169;0
23/06/2026 8:56;173;226
23/06/2026 8:57;174;0
23/06/2026 8:58;177;0
23/06/2026 8:59;180;0
23/06/2026 9:00;182;0
23/06/2026 9:01;186;0
23/06/2026 9:02;189;0
23/06/2026 9:03;192;0
23/06/2026 9:04;194;0
23/06/2026 9:05;199;0
23/06/2026 9:06;201;267
23/06/2026 9:07;204;0
23/06/2026 9:08;206;0
23/06/2026 9:09;209;0
23/06/2026 9:10;211;0
23/06/2026 9:11;214;0
23/06/2026 9:12;218;0
23/06/2026 9:13;220;0
23/06/2026 9:14;224;0
23/06/2026 9:15;226;0
23/06/2026 9:16;230;308
23/06/2026 9:17;233;0
23/06/2026 9:18;237;0
23/06/2026 9:19;239;0
23/06/2026 9:20;243;0
23/06/2026 9:21;247;0
23/06/2026 9:22;247;0
23/06/2026 9:23;252;0
23/06/2026 9:24;253;0
23/06/2026 9:25;256;0
23/06/2026 9:26;258;305
23/06/2026 9:27;263;0
23/06/2026 9:28;265;0
23/06/2026 9:29;270;0
23/06/2026 9:30;272;0
23/06/2026 9:31;276;0
23/06/2026 9:32;279;0
23/06/2026 9:33;282;0
23/06/2026 9:34;284;0
23/06/2026 9:35;286;0
23/06/2026 9:36;289;313
23/06/2026 9:37;292;0
23/06/2026 9:38;294;0
23/06/2026 9:39;296;0
23/06/2026 9:40;299;0
23/06/2026 9:41;302;0
23/06/2026 9:42;304;0
23/06/2026 9:43;308;0
23/06/2026 9:44;310;0
23/06/2026 9:45;315;0
23/06/2026 9:46;317;331
23/06/2026 9:47;319;0
23/06/2026 9:48;321;0
23/06/2026 9:49;325;0
23/06/2026 9:50;326;0
23/06/2026 9:51;329;0
23/06/2026 9:52;333;0
23/06/2026 9:53;335;0
23/06/2026 9:54;340;0
23/06/2026 9:55;342;0
23/06/2026 9:56;347;392
23/06/2026 9:57;349;0
23/06/2026 9:58;351;0
23/06/2026 9:59;353;0
23/06/2026 10:00;357;0
23/06/2026 10:01;360;0
23/06/2026 10:02;362;0
23/06/2026 10:03;360;0
23/06/2026 10:04;366;0
23/06/2026 10:05;369;0
23/06/2026 10:06;372;415
23/06/2026 10:07;373;0
23/06/2026 10:08;377;0
23/06/2026 10:09;379;0
23/06/2026 10:10;382;0
23/06/2026 10:11;383;0
23/06/2026 10:12;387;0
23/06/2026 10:13;390;0
23/06/2026 10:14;389;0
23/06/2026 10:15;394;0
23/06/2026 10:16;396;427
23/06/2026 10:17;400;0
23/06/2026 10:18;402;0
23/06/2026 10:19;404;0
23/06/2026 10:20;407;0
23/06/2026 10:21;408;0
23/06/2026 10:22;410;0
23/06/2026 10:23;414;0
23/06/2026 10:24;415;0
23/06/2026 10:25;418;0
23/06/2026 10:26;422;493
23/06/2026 10:27;426;0
23/06/2026 10:28;429;0
23/06/2026 10:29;432;0
23/06/2026 10:30;432;0
23/06/2026 10:31;436;0
23/06/2026 10:32;437;0
23/06/2026 10:33;441;0
23/06/2026 10:34;444;0
23/06/2026 10:35;444;0
23/06/2026 10:36;444;499
23/06/2026 10:37;446;0
23/06/2026 10:38;450;0
23/06/2026 10:39;453;0
23/06/2026 10:40;457;0
23/06/2026 10:41;457;0
23/06/2026 10:42;457;0
23/06/2026 10:43;459;0
23/06/2026 10:44;462;0
23/06/2026 10:45;465;0
23/06/2026 10:46;467;496
23/06/2026 10:47;467;0
23/06/2026 10:48;469;0
23/06/2026 10:49;475;0
23/06/2026 10:50;478;0
23/06/2026 10:51;479;0
23/06/2026 10:52;481;0
23/06/2026 10:53;483;0
23/06/2026 10:54;484;0
23/06/2026 10:55;486;0
23/06/2026 10:56;490;560
23/06/2026 10:57;493;0
23/06/2026 10:58;495;0
23/06/2026 10:59;497;0
23/06/2026 11:00;498;0
23/06/2026 11:01;500;0
23/06/2026 11:02;500;0
23/06/2026 11:03;503;0
23/06/2026 11:04;506;0
23/06/2026 11:05;508;0
23/06/2026 11:06;511;569
23/06/2026 11:07;511;0
23/06/2026 11:08;511;0
23/06/2026 11:09;513;0
23/06/2026 11:10;516;0
23/06/2026 11:11;517;0
23/06/2026 11:12;520;0
23/06/2026 11:13;522;0
23/06/2026 11:14;523;0
23/06/2026 11:15;524;0
23/06/2026 11:16;525;560
23/06/2026 11:17;528;0
23/06/2026 11:18;530;0
23/06/2026 11:19;531;0
23/06/2026 11:20;533;0
23/06/2026 11:21;535;0
23/06/2026 11:22;537;0
23/06/2026 11:23;538;0
23/06/2026 11:24;538;0
23/06/2026 11:25;542;0
23/06/2026 11:26;544;595
23/06/2026 11:27;546;0
23/06/2026 11:28;546;0
23/06/2026 11:29;546;0
23/06/2026 11:30;549;0
23/06/2026 11:31;551;0
23/06/2026 11:32;553;0
23/06/2026 11:33;554;0
23/06/2026 11:34;556;0
23/06/2026 11:35;556;0
23/06/2026 11:36;560;592
23/06/2026 11:37;562;0
23/06/2026 11:38;561;0
23/06/2026 11:39;562;0
23/06/2026 11:40;564;0
23/06/2026 11:41;566;0
23/06/2026 11:42;566;0
23/06/2026 11:43;568;0
23/06/2026 11:44;569;0
23/06/2026 11:45;569;0
23/06/2026 11:46;576;638
23/06/2026 11:47;575;0
23/06/2026 11:48;575;0
23/06/2026 11:49;575;0
23/06/2026 11:50;575;0
23/06/2026 11:51;576;0
23/06/2026 11:52;580;0
23/06/2026 11:53;582;0
23/06/2026 11:54;581;0
23/06/2026 11:55;579;0
23/06/2026 11:56;582;659
23/06/2026 11:57;582;0
23/06/2026 11:58;584;0
23/06/2026 11:59;586;0
23/06/2026 12:00;586;0
23/06/2026 12:01;589;0
23/06/2026 12:02;590;0
23/06/2026 12:03;588;0
23/06/2026 12:04;590;0
23/06/2026 12:05;589;0
23/06/2026 12:06;593;650
23/06/2026 12:07;598;0
23/06/2026 12:08;598;0
23/06/2026 12:09;597;0
23/06/2026 12:10;601;0
23/06/2026 12:11;597;0
23/06/2026 12:12;596;0
23/06/2026 12:13;593;0
23/06/2026 12:14;597;0
23/06/2026 12:15;602;0
23/06/2026 12:16;601;682
23/06/2026 12:17;602;0
23/06/2026 12:18;602;0
23/06/2026 12:19;603;0
23/06/2026 12:20;602;0
23/06/2026 12:21;607;0
23/06/2026 12:22;605;0
23/06/2026 12:23;610;0
23/06/2026 12:24;612;0
23/06/2026 12:25;611;0
23/06/2026 12:26;612;653
23/06/2026 12:27;614;0
23/06/2026 12:28;613;0
23/06/2026 12:29;612;0
23/06/2026 12:30;613;0
23/06/2026 12:31;616;0
23/06/2026 12:32;616;0
23/06/2026 12:33;617;0
23/06/2026 12:34;621;0
23/06/2026 12:35;623;0
23/06/2026 12:36;624;650
23/06/2026 12:37;628;0
23/06/2026 12:38;627;0
23/06/2026 12:39;629;0
23/06/2026 12:40;626;0
23/06/2026 12:41;624;0
23/06/2026 12:42;623;0
23/06/2026 12:43;620;0
23/06/2026 12:44;621;0
23/06/2026 12:45;622;0
23/06/2026 12:46;619;647
23/06/2026 12:47;623;0
23/06/2026 12:48;626;0
23/06/2026 12:49;628;0
23/06/2026 12:50;623;0
23/06/2026 12:51;631;0
23/06/2026 12:52;628;0
23/06/2026 12:53;627;0
23/06/2026 12:54;629;0
23/06/2026 12:55;632;0
23/06/2026 12:56;632;653
23/06/2026 12:57;635;0
23/06/2026 12:58;639;0
23/06/2026 12:59;640;0
23/06/2026 13:00;641;0
23/06/2026 13:01;638;0
23/06/2026 13:02;636;0
23/06/2026 13:03;637;0
23/06/2026 13:04;638;0
23/06/2026 13:05;637;0
23/06/2026 13:06;639;670
23/06/2026 13:07;640;0
23/06/2026 13:08;636;0
23/06/2026 13:09;637;0
23/06/2026 13:10;638;0
23/06/2026 13:11;642;0
23/06/2026 13:12;640;0
23/06/2026 13:13;639;0
23/06/2026 13:14;640;0
23/06/2026 13:15;640;0
23/06/2026 13:16;638;673
23/06/2026 13:17;638;0
23/06/2026 13:18;634;0
23/06/2026 13:19;631;0
23/06/2026 13:20;639;0
23/06/2026 13:21;641;0
23/06/2026 13:22;639;0
23/06/2026 13:23;637;0
23/06/2026 13:24;639;0
23/06/2026 13:25;635;0
23/06/2026 13:27;640;0
23/06/2026 13:28;641;0
23/06/2026 13:29;643;0
23/06/2026 13:30;645;0
23/06/2026 13:31;648;0
23/06/2026 13:32;646;0
23/06/2026 13:33;644;0
23/06/2026 13:34;643;0
23/06/2026 13:35;643;0
23/06/2026 13:36;641;0
23/06/2026 13:37;642;0
23/06/2026 13:38;642;0
23/06/2026 13:39;641;0
23/06/2026 13:40;645;0
23/06/2026 13:41;645;0
23/06/2026 13:42;645;0
23/06/2026 13:43;642;0
23/06/2026 13:44;645;0
23/06/2026 13:45;643;0
23/06/2026 13:46;641;0
23/06/2026 13:47;641;0
23/06/2026 13:48;639;0
23/06/2026 13:49;640;0
23/06/2026 13:50;639;0
23/06/2026 13:51;639;0
23/06/2026 13:52;641;0
23/06/2026 13:53;644;0
23/06/2026 13:54;637;0
23/06/2026 13:55;637;0
23/06/2026 13:56;636;0
23/06/2026 13:57;635;0
23/06/2026 13:58;634;0
23/06/2026 13:59;630;0
23/06/2026 14:00;631;0
23/06/2026 14:01;627;0
23/06/2026 14:02;628;0
23/06/2026 14:03;627;0
23/06/2026 14:04;630;0
23/06/2026 14:05;635;0
23/06/2026 14:06;634;0
23/06/2026 14:07;631;0
23/06/2026 14:08;629;0
23/06/2026 14:09;627;0
23/06/2026 14:10;627;0
23/06/2026 14:11;630;0
23/06/2026 14:12;631;0
23/06/2026 14:13;629;0
23/06/2026 14:14;634;0
23/06/2026 14:15;632;0
23/06/2026 14:16;632;0
23/06/2026 14:17;631;0
23/06/2026 14:18;627;0
23/06/2026 14:19;628;0
23/06/2026 14:20;625;0
23/06/2026 14:21;626;0
23/06/2026 14:22;624;0
23/06/2026 14:23;625;0
23/06/2026 14:24;624;0
23/06/2026 14:25;623;0
23/06/2026 14:26;622;0
23/06/2026 14:27;622;0
23/06/2026 14:28;620;0
23/06/2026 14:29;626;0
23/06/2026 14:30;627;0
23/06/2026 14:31;630;0
23/06/2026 14:32;631;0
23/06/2026 14:33;629;0
23/06/2026 14:34;628;0
23/06/2026 14:35;628;0
23/06/2026 14:36;626;0
23/06/2026 14:37;623;0
23/06/2026 14:38;624;0
23/06/2026 14:39;622;0
23/06/2026 14:40;619;0
23/06/2026 14:41;619;0
23/06/2026 14:42;618;0
23/06/2026 14:43;618;0
23/06/2026 14:44;617;0
23/06/2026 14:45;621;0
23/06/2026 14:46;621;0
23/06/2026 14:47;619;0
23/06/2026 14:48;624;0
23/06/2026 14:49;622;0
23/06/2026 14:50;618;0
23/06/2026 14:51;618;0
23/06/2026 14:52;615;0
23/06/2026 14:53;618;0
23/06/2026 14:54;618;0
23/06/2026 14:55;619;0
23/06/2026 14:56;620;0
23/06/2026 14:57;619;0
23/06/2026 14:58;618;0
23/06/2026 14:59;617;0
23/06/2026 15:00;617;0
23/06/2026 15:01;617;0
23/06/2026 15:02;619;0
23/06/2026 15:03;617;0
23/06/2026 15:04;610;0
23/06/2026 15:05;610;0
23/06/2026 15:06;607;0
23/06/2026 15:07;607;0
23/06/2026 15:08;607;0
23/06/2026 15:09;606;0
23/06/2026 15:10;601;0
23/06/2026 15:11;598;0
23/06/2026 15:12;597;0
23/06/2026 15:13;596;0
23/06/2026 15:14;595;0
23/06/2026 15:15;594;0
23/06/2026 15:16;593;0
23/06/2026 15:17;593;0
23/06/2026 15:18;591;0
23/06/2026 15:19;589;0
23/06/2026 15:20;587;0
23/06/2026 15:21;587;0
23/06/2026 15:22;590;0
23/06/2026 15:23;589;0
23/06/2026 15:24;588;0
23/06/2026 15:25;583;0
23/06/2026 15:26;586;0
23/06/2026 15:27;588;0
23/06/2026 15:28;586;0
23/06/2026 15:29;586;0
23/06/2026 15:30;584;0
23/06/2026 15:31;583;0
23/06/2026 15:32;582;0
23/06/2026 15:33;581;0
23/06/2026 15:34;580;0
23/06/2026 15:35;575;0
23/06/2026 15:36;571;0
23/06/2026 15:37;569;0
23/06/2026 15:38;566;0
23/06/2026 15:39;564;0
23/06/2026 15:40;566;0
23/06/2026 15:41;564;0
23/06/2026 15:42;561;0
23/06/2026 15:43;560;0
23/06/2026 15:44;561;0
23/06/2026 15:45;559;0
23/06/2026 15:46;557;0
23/06/2026 15:47;555;0
23/06/2026 15:48;553;0
23/06/2026 15:49;552;0
23/06/2026 15:50;549;0
23/06/2026 15:51;551;0
23/06/2026 15:52;554;0
23/06/2026 15:53;553;0
23/06/2026 15:54;551;0
23/06/2026 15:55;541;0
23/06/2026 15:56;547;0
23/06/2026 15:57;547;0
23/06/2026 15:58;547;0
23/06/2026 15:59;545;0
23/06/2026 16:00;538;0
23/06/2026 16:01;532;0
23/06/2026 16:02;537;0
23/06/2026 16:03;536;0
23/06/2026 16:04;535;0
23/06/2026 16:05;530;0
23/06/2026 16:06;536;0
23/06/2026 16:07;530;0
23/06/2026 16:08;527;0
23/06/2026 16:09;527;0
23/06/2026 16:10;532;0
23/06/2026 16:11;530;0
23/06/2026 16:12;524;0
23/06/2026 16:13;520;0
23/06/2026 16:14;519;0
23/06/2026 16:15;517;0
23/06/2026 16:16;511;0
23/06/2026 16:17;519;0
23/06/2026 16:18;519;0
23/06/2026 16:19;518;0
23/06/2026 16:20;514;0
23/06/2026 16:21;514;0
23/06/2026 16:22;513;0
23/06/2026 16:23;513;0
23/06/2026 16:24;515;0
23/06/2026 16:25;511;0
23/06/2026 16:26;509;345
23/06/2026 16:27;508;0
23/06/2026 16:28;505;0
23/06/2026 16:29;503;0
23/06/2026 16:30;502;0
23/06/2026 16:31;498;0
23/06/2026 16:32;501;0
23/06/2026 16:33;501;0
23/06/2026 16:34;500;0
23/06/2026 16:35;497;0
23/06/2026 16:36;496;340
23/06/2026 16:37;494;0
23/06/2026 16:38;490;0
23/06/2026 16:39;487;0
23/06/2026 16:40;484;0
23/06/2026 16:41;477;0
23/06/2026 16:42;475;0
23/06/2026 16:43;474;0
23/06/2026 16:44;468;0
23/06/2026 16:45;463;0
23/06/2026 16:46;466;328
23/06/2026 16:47;463;0
23/06/2026 16:48;465;0
23/06/2026 16:49;464;0
23/06/2026 16:50;462;0
23/06/2026 16:51;461;0
23/06/2026 16:52;460;0
23/06/2026 16:53;459;0
23/06/2026 16:54;453;0
23/06/2026 16:55;450;0
23/06/2026 16:56;446;308
23/06/2026 16:57;444;0
23/06/2026 16:58;442;0
23/06/2026 16:59;443;0
23/06/2026 17:00;344;0
23/06/2026 17:01;433;0
23/06/2026 17:02;430;0
23/06/2026 17:03;429;0
23/06/2026 17:04;427;0
23/06/2026 17:05;427;0
23/06/2026 17:06;425;290
23/06/2026 17:07;423;0
23/06/2026 17:08;417;0
23/06/2026 17:09;410;0
23/06/2026 17:10;408;0
23/06/2026 17:11;407;0
23/06/2026 17:12;406;0
23/06/2026 17:13;404;0
23/06/2026 17:14;407;0
23/06/2026 17:15;407;0
23/06/2026 17:16;405;261
23/06/2026 17:17;404;0
23/06/2026 17:18;401;0
23/06/2026 17:19;398;0
23/06/2026 17:20;395;0
23/06/2026 17:21;394;0
23/06/2026 17:22;390;0
23/06/2026 17:23;388;0
23/06/2026 17:24;383;0
23/06/2026 17:25;379;0
23/06/2026 17:26;378;247
23/06/2026 17:27;375;0
23/06/2026 17:28;371;0
23/06/2026 17:29;367;0
23/06/2026 17:30;353;0
23/06/2026 17:31;354;0
23/06/2026 17:32;355;0
23/06/2026 17:33;357;0
23/06/2026 17:34;355;0
23/06/2026 17:35;355;0
23/06/2026 17:36;349;203
23/06/2026 17:37;344;0
23/06/2026 17:38;332;0
23/06/2026 17:39;332;0
23/06/2026 17:40;334;0
23/06/2026 17:41;337;0
23/06/2026 17:42;339;0
23/06/2026 17:43;339;0
23/06/2026 17:44;336;0
23/06/2026 17:45;337;0
23/06/2026 17:46;336;183
23/06/2026 17:47;334;0
23/06/2026 17:48;326;0
23/06/2026 17:49;323;0
23/06/2026 17:50;321;0
23/06/2026 17:51;320;0
23/06/2026 17:52;319;0
23/06/2026 17:53;316;0
23/06/2026 17:54;311;0
23/06/2026 17:55;302;0
23/06/2026 17:56;297;157
23/06/2026 17:57;291;0
23/06/2026 17:58;282;0
23/06/2026 17:59;272;0
23/06/2026 18:00;267;0
23/06/2026 18:01;268;0
23/06/2026 18:02;256;0
23/06/2026 18:03;235;0
23/06/2026 18:04;249;0
23/06/2026 18:05;261;0
23/06/2026 18:06;226;0
23/06/2026 18:07;246;0
23/06/2026 18:08;247;0
23/06/2026 18:09;247;0
23/06/2026 18:10;245;0
23/06/2026 18:11;242;0
23/06/2026 18:12;230;0
23/06/2026 18:13;226;0
23/06/2026 18:14;217;0
23/06/2026 18:15;215;0
23/06/2026 18:16;207;0
23/06/2026 18:17;210;0
23/06/2026 18:18;211;0
23/06/2026 18:19;212;0
23/06/2026 18:20;208;0
23/06/2026 18:21;201;0
23/06/2026 18:22;158;0
23/06/2026 18:23;185;0
23/06/2026 18:24;194;0
23/06/2026 18:25;184;0
23/06/2026 18:26;181;0
23/06/2026 18:27;178;0
23/06/2026 18:28;176;0
23/06/2026 18:29;173;0
23/06/2026 18:30;170;0
23/06/2026 18:31;164;0
23/06/2026 18:32;161;0
23/06/2026 18:33;155;0
23/06/2026 18:34;154;0
23/06/2026 18:35;155;0
23/06/2026 18:36;151;0
23/06/2026 18:37;138;0
23/06/2026 18:38;142;0
23/06/2026 18:39;141;0
23/06/2026 18:40;138;0
23/06/2026 18:41;142;0
23/06/2026 18:42;133;0
23/06/2026 18:43;132;0
23/06/2026 18:44;135;0
23/06/2026 18:45;134;0
23/06/2026 18:46;134;0
23/06/2026 18:47;128;0
23/06/2026 18:48;117;0
23/06/2026 18:49;105;0
23/06/2026 18:50;89;0
23/06/2026 18:51;117;0
23/06/2026 18:52;115;0
23/06/2026 18:53;115;0
23/06/2026 18:54;115;0
23/06/2026 18:55;105;0
23/06/2026 18:56;108;0
23/06/2026 18:57;109;0
23/06/2026 18:58;104;0
23/06/2026 18:59;89;0
23/06/2026 19:00;77;0
23/06/2026 19:01;66;0
23/06/2026 19:02;60;0
23/06/2026 19:03;81;0
23/06/2026 19:04;66;0
23/06/2026 19:05;79;0
23/06/2026 19:06;75;0
23/06/2026 19:07;71;0
23/06/2026 19:08;69;0
23/06/2026 19:09;68;0
23/06/2026 19:10;64;0
23/06/2026 19:11;60;0
23/06/2026 19:12;86;0
23/06/2026 19:13;56;0
23/06/2026 19:14;52;0
23/06/2026 19:15;46;0
23/06/2026 19:16;41;0
23/06/2026 19:17;35;0
23/06/2026 19:18;32;0
23/06/2026 19:19;31;0
23/06/2026 19:20;25;0
23/06/2026 19:21;23;0
23/06/2026 19:22;26;0
23/06/2026 19:23;31;0
23/06/2026 19:24;32;0
23/06/2026 19:25;32;0
23/06/2026 19:26;32;0
23/06/2026 19:27;33;0
23/06/2026 19:28;37;0
23/06/2026 19:29;37;0
23/06/2026 19:30;39;0
23/06/2026 19:31;40;0
23/06/2026 19:32;40;0
23/06/2026 19:33;40;0
23/06/2026 19:34;39;0
23/06/2026 19:35;38;0
23/06/2026 19:36;36;0
23/06/2026 19:37;37;0
23/06/2026 19:38;35;0
23/06/2026 19:39;34;0
23/06/2026 19:40;31;0
23/06/2026 19:41;31;0
23/06/2026 19:42;32;0
23/06/2026 19:43;30;0
23/06/2026 19:44;31;0
23/06/2026 19:45;30;0
23/06/2026 19:46;29;0
23/06/2026 19:47;29;0
23/06/2026 19:48;29;0
23/06/2026 19:49;29;0
23/06/2026 19:50;27;0
23/06/2026 19:51;27;0
23/06/2026 19:52;27;0
23/06/2026 19:53;26;0
23/06/2026 19:54;25;0
23/06/2026 19:55;23;0
23/06/2026 19:56;22;0
23/06/2026 19:57;21;0
23/06/2026 19:58;19;0
23/06/2026 19:59;17;0
23/06/2026 20:00;16;0
23/06/2026 20:01;16;0
23/06/2026 20:02;16;0
23/06/2026 20:03;16;0
23/06/2026 20:04;15;0
23/06/2026 20:05;14;0
23/06/2026 20:06;13;0
23/06/2026 20:07;13;0
23/06/2026 20:08;15;0
23/06/2026 20:09;18;0
23/06/2026 20:10;18;0
23/06/2026 20:11;21;0
23/06/2026 20:12;23;0
23/06/2026 20:13;25;0
23/06/2026 20:14;26;0
23/06/2026 20:15;27;0
23/06/2026 20:16;29;0
23/06/2026 20:17;27;0
23/06/2026 20:18;27;0
23/06/2026 20:19;24;0
23/06/2026 20:20;24;0
23/06/2026 20:21;22;0
23/06/2026 20:22;19;0
23/06/2026 20:23;17;0
23/06/2026 20:24;16;0
23/06/2026 20:25;15;0
23/06/2026 20:26;13;0
23/06/2026 20:27;11;0
23/06/2026 20:28;10;0
23/06/2026 20:29;10;0
23/06/2026 20:30;8;0
23/06/2026 20:31;6;0
23/06/2026 20:32;4;0
23/06/2026 20:33;4;0
23/06/2026 20:34;3;0
23/06/2026 20:35;1;0
23/06/2026 20:36;1;0
23/06/2026 20:37;1;0
23/06/2026 20:38;0;0
23/06/2026 20:39;0;0
23/06/2026 20:40;0;0
23/06/2026 20:41;0;0
23/06/2026 20:42;0;0
23/06/2026 20:43;0;0
23/06/2026 20:44;0;0
23/06/2026 20:45;0;0
23/06/2026 20:46;0;0
23/06/2026 20:47;0;0
23/06/2026 20:48;0;0
23/06/2026 20:49;0;0
23/06/2026 20:50;0;0
23/06/2026 20:51;0;0
23/06/2026 20:52;0;0
23/06/2026 20:53;0;0
23/06/2026 20:54;0;0
23/06/2026 20:55;0;0
23/06/2026 20:56;0;0
23/06/2026 20:57;0;0
23/06/2026 20:58;0;0
23/06/2026 20:59;0;0
23/06/2026 21:00;0;0
23/06/2026 21:01;0;0
23/06/2026 21:02;0;0
23/06/2026 21:03;0;0
23/06/2026 21:04;0;0
23/06/2026 21:05;0;0
23/06/2026 21:06;0;0
23/06/2026 21:07;0;0
23/06/2026 21:08;0;0
23/06/2026 21:09;0;0
23/06/2026 21:10;0;0
23/06/2026 21:11;0;0
23/06/2026 21:12;0;0
23/06/2026 21:13;0;0
23/06/2026 21:14;0;0
23/06/2026 21:15;0;0
23/06/2026 21:16;0;0
23/06/2026 21:17;0;0
23/06/2026 21:18;0;0
23/06/2026 21:19;0;0
23/06/2026 21:20;0;0
23/06/2026 21:21;0;0
23/06/2026 21:22;0;0
23/06/2026 21:23;0;0
23/06/2026 21:24;0;0
23/06/2026 21:25;0;0
23/06/2026 21:26;0;0
23/06/2026 21:27;0;0
23/06/2026 21:28;0;0
23/06/2026 21:29;0;0
23/06/2026 21:30;0;0
23/06/2026 21:31;0;0
23/06/2026 21:32;0;0
23/06/2026 21:33;0;0
23/06/2026 21:34;0;0
23/06/2026 21:35;0;0
23/06/2026 21:36;0;0
23/06/2026 21:37;0;0
23/06/2026 21:38;0;0
23/06/2026 21:39;0;0
23/06/2026 21:40;0;0
23/06/2026 21:41;0;0
23/06/2026 21:42;0;0
23/06/2026 21:43;0;0
23/06/2026 21:44;0;0
23/06/2026 21:45;0;0
23/06/2026 21:46;0;0
23/06/2026 21:47;0;0
23/06/2026 21:48;0;0
23/06/2026 21:49;0;0
23/06/2026 21:50;0;0
23/06/2026 21:51;0;0
23/06/2026 21:52;0;0
23/06/2026 21:53;0;0
23/06/2026 21:54;0;0
23/06/2026 21:55;0;0
23/06/2026 21:56;0;0
23/06/2026 21:57;0;0
23/06/2026 21:58;0;0
23/06/2026 21:59;0;0
23/06/2026 22:00;0;0
23/06/2026 22:01;0;0
23/06/2026 22:02;0;0
23/06/2026 22:03;0;0
23/06/2026 22:04;0;0
23/06/2026 22:05;0;0
23/06/2026 22:06;0;0
23/06/2026 22:07;0;0
23/06/2026 22:08;0;0
23/06/2026 22:09;0;0
23/06/2026 22:10;0;0
23/06/2026 22:11;0;0
23/06/2026 22:12;0;0
23/06/2026 22:13;0;0
23/06/2026 22:14;0;0
23/06/2026 22:15;0;0
23/06/2026 22:16;0;0
23/06/2026 22:17;0;0
23/06/2026 22:18;0;0
23/06/2026 22:19;0;0
23/06/2026 22:20;0;0
23/06/2026 22:21;0;0
23/06/2026 22:22;0;0
23/06/2026 22:23;0;0
23/06/2026 22:24;0;0
23/06/2026 22:25;0;0
23/06/2026 22:26;0;0
23/06/2026 22:27;0;0
23/06/2026 22:28;0;0
23/06/2026 22:29;0;0
23/06/2026 22:30;0;0
23/06/2026 22:31;0;0
23/06/2026 22:32;0;0
23/06/2026 22:33;0;0
23/06/2026 22:34;0;0
23/06/2026 22:35;0;0
23/06/2026 22:36;0;0
23/06/2026 22:37;0;0
23/06/2026 22:38;0;0
23/06/2026 22:39;0;0
23/06/2026 22:40;0;0
23/06/2026 22:41;0;0
23/06/2026 22:42;0;0
23/06/2026 22:43;0;0
23/06/2026 22:44;0;0
23/06/2026 22:45;0;0
23/06/2026 22:46;0;0
23/06/2026 22:47;0;0
23/06/2026 22:48;0;0
23/06/2026 22:49;0;0
23/06/2026 22:50;0;0
23/06/2026 22:51;0;0
23/06/2026 22:52;0;0
23/06/2026 22:53;0;0
23/06/2026 22:54;0;0
23/06/2026 22:55;0;0
23/06/2026 22:56;0;0
23/06/2026 22:57;0;0
23/06/2026 22:58;0;0
23/06/2026 22:59;0;0
23/06/2026 23:00;0;0
23/06/2026 23:01;0;0
23/06/2026 23:02;0;0
23/06/2026 23:03;0;0
23/06/2026 23:04;0;0
23/06/2026 23:05;0;0
23/06/2026 23:06;0;0
23/06/2026 23:07;0;0
23/06/2026 23:08;0;0
23/06/2026 23:09;0;0
23/06/2026 23:10;0;0
23/06/2026 23:11;0;0
23/06/2026 23:12;0;0
23/06/2026 23:13;0;0
23/06/2026 23:14;0;0
23/06/2026 23:15;0;0
23/06/2026 23:16;0;0
23/06/2026 23:17;0;0
23/06/2026 23:18;0;0
23/06/2026 23:19;0;0
23/06/2026 23:20;0;0
23/06/2026 23:21;0;0
23/06/2026 23:22;0;0
23/06/2026 23:23;0;0
23/06/2026 23:24;0;0
23/06/2026 23:25;0;0
23/06/2026 23:26;0;0
23/06/2026 23:27;0;0
23/06/2026 23:28;0;0
23/06/2026 23:29;0;0
23/06/2026 23:30;0;0
23/06/2026 23:31;0;0
23/06/2026 23:32;0;0
23/06/2026 23:33;0;0
23/06/2026 23:34;0;0
23/06/2026 23:35;0;0
23/06/2026 23:36;0;0
23/06/2026 23:37;0;0
23/06/2026 23:38;0;0
23/06/2026 23:39;0;0
23/06/2026 23:40;0;0
23/06/2026 23:41;0;0
23/06/2026 23:42;0;0
23/06/2026 23:43;0;0
23/06/2026 23:44;0;0
23/06/2026 23:45;0;0
23/06/2026 23:46;0;0
23/06/2026 23:47;0;0
23/06/2026 23:48;0;0
23/06/2026 23:49;0;0
23/06/2026 23:50;0;0
23/06/2026 23:51;0;0
23/06/2026 23:52;0;0
23/06/2026 23:53;0;0
23/06/2026 23:54;0;0
23/06/2026 23:55;0;0
23/06/2026 23:56;0;0
23/06/2026 23:57;0;0
23/06/2026 23:58;0;0
23/06/2026 23:59;0;0
24/06/2026 0:00;0;0
24/06/2026 0:01;0;0
24/06/2026 0:02;0;0
24/06/2026 0:03;0;0
24/06/2026 0:04;0;0
24/06/2026 0:05;0;0
24/06/2026 0:06;0;0
24/06/2026 0:07;0;0
24/06/2026 0:08;0;0
24/06/2026 0:09;0;0
24/06/2026 0:10;0;0
24/06/2026 0:11;0;0
24/06/2026 0:12;0;0
24/06/2026 0:13;0;0
24/06/2026 0:14;0;0
24/06/2026 0:15;0;0
24/06/2026 0:16;0;0
24/06/2026 0:17;0;0
24/06/2026 0:18;0;0
24/06/2026 0:19;0;0
24/06/2026 0:20;0;0
24/06/2026 0:21;0;0
24/06/2026 0:22;0;0
24/06/2026 0:23;0;0
24/06/2026 0:24;0;0
24/06/2026 0:25;0;0
24/06/2026 0:26;0;0
24/06/2026 0:27;0;0
24/06/2026 0:28;0;0
24/06/2026 0:29;0;0
24/06/2026 0:30;0;0
24/06/2026 0:31;0;0
24/06/2026 0:32;0;0
24/06/2026 0:33;0;0
24/06/2026 0:34;0;0
24/06/2026 0:35;0;0
24/06/2026 0:36;0;0
24/06/2026 0:37;0;0
24/06/2026 0:38;0;0
24/06/2026 0:39;0;0
24/06/2026 0:40;0;0
24/06/2026 0:41;0;0
24/06/2026 0:42;0;0
24/06/2026 0:43;0;0
24/06/2026 0:44;0;0
24/06/2026 0:45;0;0
24/06/2026 0:46;0;0
24/06/2026 0:47;0;0
24/06/2026 0:48;0;0
24/06/2026 0:49;0;0
24/06/2026 0:50;0;0
24/06/2026 0:51;0;0
24/06/2026 0:52;0;0
24/06/2026 0:53;0;0
24/06/2026 0:54;0;0
24/06/2026 0:55;0;0
24/06/2026 0:56;0;0
24/06/2026 0:57;0;0
24/06/2026 0:58;0;0
24/06/2026 0:59;0;0
24/06/2026 1:00;0;0
24/06/2026 1:01;0;0
24/06/2026 1:02;0;0
24/06/2026 1:03;0;0
24/06/2026 1:04;0;0
24/06/2026 1:05;0;0
24/06/2026 1:06;0;0
24/06/2026 1:07;0;0
24/06/2026 1:08;0;0
24/06/2026 1:09;0;0
24/06/2026 1:10;0;0
24/06/2026 1:11;0;0
24/06/2026 1:12;0;0
24/06/2026 1:13;0;0
24/06/2026 1:14;0;0
24/06/2026 1:15;0;0
24/06/2026 1:16;0;0
24/06/2026 1:17;0;0
24/06/2026 1:18;0;0
24/06/2026 1:19;0;0
24/06/2026 1:20;0;0
24/06/2026 1:21;0;0
24/06/2026 1:22;0;0
24/06/2026 1:23;0;0
24/06/2026 1:24;0;0
24/06/2026 1:25;0;0
24/06/2026 1:26;0;0
24/06/2026 1:27;0;0
24/06/2026 1:28;0;0
24/06/2026 1:29;0;0
24/06/2026 1:30;0;0
24/06/2026 1:31;0;0
24/06/2026 1:32;0;0
24/06/2026 1:33;0;0
24/06/2026 1:34;0;0
24/06/2026 1:35;0;0
24/06/2026 1:36;0;0
24/06/2026 1:37;0;0
24/06/2026 1:38;0;0
24/06/2026 1:39;0;0
24/06/2026 1:40;0;0
24/06/2026 1:41;0;0
24/06/2026 1:42;0;0
24/06/2026 1:43;0;0
24/06/2026 1:44;0;0
24/06/2026 1:45;0;0
24/06/2026 1:46;0;0
24/06/2026 1:47;0;0
24/06/2026 1:48;0;0
24/06/2026 1:49;0;0
24/06/2026 1:50;0;0
24/06/2026 1:51;0;0
24/06/2026 1:52;0;0
24/06/2026 1:53;0;0
24/06/2026 1:54;0;0
24/06/2026 1:55;0;0
24/06/2026 1:56;0;0
24/06/2026 1:57;0;0
24/06/2026 1:58;0;0
24/06/2026 1:59;0;0
24/06/2026 2:00;0;0
24/06/2026 2:01;0;0
24/06/2026 2:02;0;0
24/06/2026 2:03;0;0
24/06/2026 2:04;0;0
24/06/2026 2:05;0;0
24/06/2026 2:06;0;0
24/06/2026 2:07;0;0
24/06/2026 2:08;0;0
24/06/2026 2:09;0;0
24/06/2026 2:10;0;0
24/06/2026 2:11;0;0
24/06/2026 2:12;0;0
24/06/2026 2:13;0;0
24/06/2026 2:14;0;0
24/06/2026 2:15;0;0
24/06/2026 2:16;0;0
24/06/2026 2:17;0;0
24/06/2026 2:18;0;0
24/06/2026 2:19;0;0
24/06/2026 2:20;0;0
24/06/2026 2:21;0;0
24/06/2026 2:22;0;0
24/06/2026 2:23;0;0
24/06/2026 2:24;0;0
24/06/2026 2:25;0;0
24/06/2026 2:26;0;0
24/06/2026 2:27;0;0
24/06/2026 2:28;0;0
24/06/2026 2:29;0;0
24/06/2026 2:30;0;0
24/06/2026 2:31;0;0
24/06/2026 2:32;0;0
24/06/2026 2:33;0;0
24/06/2026 2:34;0;0
24/06/2026 2:35;0;0
24/06/2026 2:36;0;0
24/06/2026 2:37;0;0
24/06/2026 2:38;0;0
24/06/2026 2:39;0;0
24/06/2026 2:40;0;0
24/06/2026 2:41;0;0
24/06/2026 2:42;0;0
24/06/2026 2:43;0;0
24/06/2026 2:44;0;0
24/06/2026 2:45;0;0
24/06/2026 2:46;0;0
24/06/2026 2:47;0;0
24/06/2026 2:48;0;0
24/06/2026 2:49;0;0
24/06/2026 2:50;0;0
24/06/2026 2:51;0;0
24/06/2026 2:52;0;0
24/06/2026 2:53;0;0
24/06/2026 2:54;0;0
24/06/2026 2:55;0;0
24/06/2026 2:56;0;0
24/06/2026 2:57;0;0
24/06/2026 2:58;0;0
24/06/2026 2:59;0;0
24/06/2026 3:00;0;0
24/06/2026 3:01;0;0
24/06/2026 3:02;0;0
24/06/2026 3:03;0;0
24/06/2026 3:04;0;0
24/06/2026 3:05;0;0
24/06/2026 3:06;0;0
24/06/2026 3:07;0;0
24/06/2026 3:08;0;0
24/06/2026 3:09;0;0
24/06/2026 3:10;0;0
24/06/2026 3:11;0;0
24/06/2026 3:12;0;0
24/06/2026 3:13;0;0
24/06/2026 3:14;0;0
24/06/2026 3:15;0;0
24/06/2026 3:16;0;0
24/06/2026 3:17;0;0
24/06/2026 3:18;0;0
24/06/2026 3:19;0;0
24/06/2026 3:20;0;0
24/06/2026 3:21;0;0
24/06/2026 3:22;0;0
24/06/2026 3:23;0;0
24/06/2026 3:24;0;0
24/06/2026 3:25;0;0
24/06/2026 3:26;0;0
24/06/2026 3:27;0;0
24/06/2026 3:28;0;0
24/06/2026 3:29;0;0
24/06/2026 3:30;0;0
24/06/2026 3:31;0;0
24/06/2026 3:32;0;0
24/06/2026 3:33;0;0
24/06/2026 3:34;0;0
24/06/2026 3:35;0;0
24/06/2026 3:36;0;0
24/06/2026 3:37;0;0
24/06/2026 3:38;0;0
24/06/2026 3:39;0;0
24/06/2026 3:40;0;0
24/06/2026 3:41;0;0
24/06/2026 3:42;0;0
24/06/2026 3:43;0;0
24/06/2026 3:44;0;0
24/06/2026 3:45;0;0
24/06/2026 3:46;0;0
24/06/2026 3:47;0;0
24/06/2026 3:48;0;0
24/06/2026 3:49;0;0
24/06/2026 3:50;0;0
24/06/2026 3:51;0;0
24/06/2026 3:52;0;0
24/06/2026 3:53;0;0
24/06/2026 3:54;0;0
24/06/2026 3:55;0;0
24/06/2026 3:56;0;0
24/06/2026 3:57;0;0
24/06/2026 3:58;0;0
24/06/2026 3:59;0;0
24/06/2026 4:00;0;0
24/06/2026 4:01;0;0
24/06/2026 4:02;0;0
24/06/2026 4:03;0;0
24/06/2026 4:04;0;0
24/06/2026 4:05;0;0
24/06/2026 4:06;0;0
24/06/2026 4:07;0;0
24/06/2026 4:08;0;0
24/06/2026 4:09;0;0
24/06/2026 4:10;0;0
24/06/2026 4:11;0;0
24/06/2026 4:12;0;0
24/06/2026 4:13;0;0
24/06/2026 4:14;0;0
24/06/2026 4:15;0;0
24/06/2026 4:16;0;0
24/06/2026 4:17;0;0
24/06/2026 4:18;0;0
24/06/2026 4:19;0;0
24/06/2026 4:20;0;0
24/06/2026 4:21;0;0
24/06/2026 4:22;0;0
24/06/2026 4:23;0;0
24/06/2026 4:24;0;0
24/06/2026 4:25;0;0
24/06/2026 4:26;0;0
24/06/2026 4:27;0;0
24/06/2026 4:28;0;0
24/06/2026 4:29;0;0
24/06/2026 4:30;0;0
24/06/2026 4:31;0;0
24/06/2026 4:32;0;0
24/06/2026 4:33;0;0
24/06/2026 4:34;0;0
24/06/2026 4:35;0;0
24/06/2026 4:36;0;0
24/06/2026 4:37;0;0
24/06/2026 4:38;0;0
24/06/2026 4:39;0;0
24/06/2026 4:40;0;0
24/06/2026 4:41;0;0
24/06/2026 4:42;0;0
24/06/2026 4:43;0;0
24/06/2026 4:44;0;0
24/06/2026 4:45;0;0
24/06/2026 4:46;0;0
24/06/2026 4:47;0;0
24/06/2026 4:48;0;0
24/06/2026 4:49;0;0
24/06/2026 4:50;0;0
24/06/2026 4:51;0;0
24/06/2026 4:52;0;0
24/06/2026 4:53;0;0
24/06/2026 4:54;0;0
24/06/2026 4:55;0;0
24/06/2026 4:56;0;0
24/06/2026 4:57;0;0
24/06/2026 4:58;0;0
24/06/2026 4:59;0;0
24/06/2026 5:00;0;0
24/06/2026 5:01;0;0
24/06/2026 5:02;0;0
24/06/2026 5:03;0;0
24/06/2026 5:04;0;0
24/06/2026 5:05;0;0
24/06/2026 5:06;0;0
24/06/2026 5:07;0;0
24/06/2026 5:08;0;0
24/06/2026 5:09;0;0
24/06/2026 5:10;0;0
24/06/2026 5:11;0;0
24/06/2026 5:12;0;0
24/06/2026 5:13;0;0
24/06/2026 5:14;0;0
24/06/2026 5:15;0;0
24/06/2026 5:16;0;0
24/06/2026 5:17;0;0
24/06/2026 5:18;0;0
24/06/2026 5:19;0;0
24/06/2026 5:20;0;0
24/06/2026 5:21;0;0
24/06/2026 5:22;0;0
24/06/2026 5:23;0;0
24/06/2026 5:24;0;0
24/06/2026 5:25;0;0
24/06/2026 5:26;0;0
24/06/2026 5:27;0;0
24/06/2026 5:28;0;0
24/06/2026 5:29;0;0
24/06/2026 5:30;0;0
24/06/2026 5:31;0;0
24/06/2026 5:32;0;0
24/06/2026 5:33;0;0
24/06/2026 5:34;0;0
24/06/2026 5:35;0;0
24/06/2026 5:36;0;0
24/06/2026 5:37;0;0
24/06/2026 5:38;0;0
24/06/2026 5:39;0;0
24/06/2026 5:40;0;0
24/06/2026 5:41;0;0
24/06/2026 5:42;0;0
24/06/2026 5:43;0;0
24/06/2026 5:44;0;0
24/06/2026 5:45;0;0
24/06/2026 5:46;0;0
24/06/2026 5:47;0;0
24/06/2026 5:48;0;0
24/06/2026 5:49;0;0
24/06/2026 5:50;0;0
24/06/2026 5:51;0;0
24/06/2026 5:52;0;0
24/06/2026 5:53;0;0
24/06/2026 5:54;0;0
24/06/2026 5:55;0;0
24/06/2026 5:56;0;0
24/06/2026 5:57;0;0
24/06/2026 5:58;0;0
24/06/2026 5:59;0;0
24/06/2026 6:00;0;0
24/06/2026 6:01;0;0
24/06/2026 6:02;0;0
24/06/2026 6:03;0;0
24/06/2026 6:04;0;0
24/06/2026 6:05;0;0
24/06/2026 6:06;0;0
24/06/2026 6:07;0;0
24/06/2026 6:08;0;0
24/06/2026 6:09;0;0
24/06/2026 6:10;0;0
24/06/2026 6:11;0;0
24/06/2026 6:12;0;0
24/06/2026 6:13;0;0
24/06/2026 6:14;0;0
24/06/2026 6:15;0;0
24/06/2026 6:16;0;0
24/06/2026 6:17;0;0
24/06/2026 6:18;0;0
24/06/2026 6:19;0;0
24/06/2026 6:20;0;0
24/06/2026 6:21;0;0
24/06/2026 6:22;0;0
24/06/2026 6:23;0;0
24/06/2026 6:24;0;0
24/06/2026 6:25;0;0
24/06/2026 6:26;0;0
24/06/2026 6:27;0;0
24/06/2026 6:28;0;0
24/06/2026 6:29;0;0
24/06/2026 6:30;0;0
24/06/2026 6:31;0;0
24/06/2026 6:32;0;0
24/06/2026 6:33;0;0
24/06/2026 6:34;0;0
24/06/2026 6:35;0;0
24/06/2026 6:36;0;0
24/06/2026 6:37;0;0
24/06/2026 6:38;0;0
24/06/2026 6:39;0;0
24/06/2026 6:40;0;0
24/06/2026 6:41;0;0
24/06/2026 6:42;0;0
24/06/2026 6:43;0;0
24/06/2026 6:44;0;0
24/06/2026 6:45;0;0
24/06/2026 6:46;0;0
24/06/2026 6:47;0;0
24/06/2026 6:48;0;0
24/06/2026 6:49;0;0
24/06/2026 6:50;0;0
24/06/2026 6:51;0;0
24/06/2026 6:52;0;0
24/06/2026 6:53;0;0
24/06/2026 6:54;0;0
24/06/2026 6:55;0;0
24/06/2026 6:56;0;0
24/06/2026 6:57;0;0
24/06/2026 6:58;0;0
24/06/2026 6:59;0;0
24/06/2026 7:00;0;0
24/06/2026 7:01;0;0
24/06/2026 7:02;0;0
24/06/2026 7:03;0;0
24/06/2026 7:04;0;0
24/06/2026 7:05;0;0
24/06/2026 7:06;0;0
24/06/2026 7:07;0;0
24/06/2026 7:08;0;0
24/06/2026 7:09;0;0
24/06/2026 7:10;0;0
24/06/2026 7:11;0;0
24/06/2026 7:12;0;0
24/06/2026 7:13;0;0
24/06/2026 7:14;0;0
24/06/2026 7:15;0;0
24/06/2026 7:16;0;0
24/06/2026 7:17;0;0
24/06/2026 7:18;0;0
24/06/2026 7:19;0;0
24/06/2026 7:20;0;0
24/06/2026 7:21;0;0
24/06/2026 7:22;0;0
24/06/2026 7:23;0;0
24/06/2026 7:24;0;0
24/06/2026 7:25;0;0
24/06/2026 7:26;0;0
24/06/2026 7:27;0;0
24/06/2026 7:28;0;0
24/06/2026 7:29;0;0
24/06/2026 7:30;0;0
24/06/2026 7:31;0;0
24/06/2026 7:32;0;0
24/06/2026 7:33;0;0
24/06/2026 7:34;0;0
24/06/2026 7:35;0;0
24/06/2026 7:36;0;0
24/06/2026 7:37;0;0
24/06/2026 7:38;1;0
24/06/2026 7:39;3;0
24/06/2026 7:40;4;0
24/06/2026 7:41;5;95,8
24/06/2026 7:42;6;0
24/06/2026 7:43;6;0
24/06/2026 7:44;8;0
24/06/2026 7:45;10;0
24/06/2026 7:46;12;0
24/06/2026 7:47;13;0
24/06/2026 7:48;15;0
24/06/2026 7:49;16;0
24/06/2026 7:50;17;0
24/06/2026 7:51;19;95,8
24/06/2026 7:52;22;0
24/06/2026 7:53;24;0
24/06/2026 7:54;27;0
24/06/2026 7:55;28;0
24/06/2026 7:56;29;0
24/06/2026 7:57;31;0
24/06/2026 7:58;32;0
24/06/2026 7:59;34;0
24/06/2026 8:00;35;0
24/06/2026 8:01;37;113
24/06/2026 8:02;39;0
24/06/2026 8:03;40;0
24/06/2026 8:04;41;0
24/06/2026 8:05;43;0
24/06/2026 8:06;45;0
24/06/2026 8:07;46;0
24/06/2026 8:08;47;0
24/06/2026 8:09;48;0
24/06/2026 8:10;52;0
24/06/2026 8:11;54;131
24/06/2026 8:12;56;0
24/06/2026 8:13;58;0
24/06/2026 8:14;59;0
24/06/2026 8:15;61;0
24/06/2026 8:16;62;0
24/06/2026 8:17;66;0
24/06/2026 8:18;67;0
24/06/2026 8:19;71;0
24/06/2026 8:20;73;0
24/06/2026 8:21;74;128
24/06/2026 8:22;77;0
24/06/2026 8:23;81;0
24/06/2026 8:24;83;0
24/06/2026 8:25;85;0
24/06/2026 8:26;87;0
24/06/2026 8:27;91;0
24/06/2026 8:28;93;0
24/06/2026 8:29;95;0
24/06/2026 8:30;97;0
24/06/2026 8:31;100;165
24/06/2026 8:32;102;0
24/06/2026 8:33;105;0
24/06/2026 8:34;107;0
24/06/2026 8:35;109;0
24/06/2026 8:36;16;0
24/06/2026 8:37;115;0
24/06/2026 8:38;118;0
24/06/2026 8:39;120;0
24/06/2026 8:40;118;0
24/06/2026 8:41;118;189
24/06/2026 8:42;124;0
24/06/2026 8:43;128;0
24/06/2026 8:44;131;0
24/06/2026 8:45;133;0
24/06/2026 8:46;136;0
24/06/2026 8:47;138;0
24/06/2026 8:48;141;0
24/06/2026 8:49;145;0
24/06/2026 8:50;119;0
24/06/2026 8:51;107;200
24/06/2026 8:52;121;0
24/06/2026 8:53;136;0
24/06/2026 8:54;148;0
24/06/2026 8:55;165;0
24/06/2026 8:56;170;0
24/06/2026 8:57;173;0
24/06/2026 8:58;177;0
24/06/2026 8:59;177;0
24/06/2026 9:00;176;0
24/06/2026 9:01;167;212
24/06/2026 9:02;168;0
24/06/2026 9:03;178;0
24/06/2026 9:04;180;0
24/06/2026 9:05;186;0
24/06/2026 9:06;180;0
24/06/2026 9:07;173;0
24/06/2026 9:08;190;0
24/06/2026 9:09;195;0
24/06/2026 9:10;180;0
24/06/2026 9:11;198;270
24/06/2026 9:12;201;0
24/06/2026 9:13;213;0
24/06/2026 9:14;218;0
24/06/2026 9:15;222;0
24/06/2026 9:16;222;0
24/06/2026 9:17;226;0
24/06/2026 9:18;228;0
24/06/2026 9:19;232;0
24/06/2026 9:20;234;0
24/06/2026 9:21;236;264
24/06/2026 9:22;239;0
24/06/2026 9:23;242;0
24/06/2026 9:24;243;0
24/06/2026 9:25;246;0
24/06/2026 9:26;249;0
24/06/2026 9:27;250;0
24/06/2026 9:28;251;0
24/06/2026 9:29;253;0
24/06/2026 9:30;257;0
24/06/2026 9:31;256;299
24/06/2026 9:32;257;0
24/06/2026 9:33;261;0
24/06/2026 9:34;263;0
24/06/2026 9:35;260;0
24/06/2026 9:36;266;0
24/06/2026 9:37;272;0
24/06/2026 9:38;277;0
24/06/2026 9:39;280;0
24/06/2026 9:40;283;0
24/06/2026 9:41;287;340
24/06/2026 9:42;289;0
24/06/2026 9:43;285;0
24/06/2026 9:44;291;0
24/06/2026 9:45;302;0
24/06/2026 9:46;308;0
24/06/2026 9:47;308;0
24/06/2026 9:48;308;0
24/06/2026 9:49;308;0
24/06/2026 9:50;306;0
24/06/2026 9:51;313;357
24/06/2026 9:52;315;0
24/06/2026 9:53;319;0
24/06/2026 9:54;331;0
24/06/2026 9:55;338;0
24/06/2026 9:56;339;0
24/06/2026 9:57;345;0
24/06/2026 9:58;346;0
24/06/2026 9:59;348;0
24/06/2026 10:00;350;0
24/06/2026 10:01;353;374
24/06/2026 10:02;355;0
24/06/2026 10:03;361;0
24/06/2026 10:04;362;0
24/06/2026 10:05;363;0
24/06/2026 10:06;366;0
24/06/2026 10:07;368;0
24/06/2026 10:08;370;0
24/06/2026 10:09;375;0
24/06/2026 10:10;377;0
24/06/2026 10:11;380;395
24/06/2026 10:12;382;0
24/06/2026 10:13;384;0
24/06/2026 10:14;388;0
24/06/2026 10:15;391;0
24/06/2026 10:16;392;0
24/06/2026 10:17;393;0
24/06/2026 10:18;397;0
24/06/2026 10:19;397;0
24/06/2026 10:20;397;0
24/06/2026 10:21;400;432
24/06/2026 10:22;400;0
24/06/2026 10:23;401;0
24/06/2026 10:24;405;0
24/06/2026 10:25;407;0
24/06/2026 10:26;410;0
24/06/2026 10:27;412;0
24/06/2026 10:28;413;0
24/06/2026 10:29;415;0
24/06/2026 10:30;420;0
24/06/2026 10:31;422;499
24/06/2026 10:32;429;0
24/06/2026 10:33;431;0
24/06/2026 10:34;434;0
24/06/2026 10:35;438;0
24/06/2026 10:36;437;0
24/06/2026 10:37;438;0
24/06/2026 10:38;437;0
24/06/2026 10:39;442;0
24/06/2026 10:40;446;0
24/06/2026 10:41;448;511
24/06/2026 10:42;449;0
24/06/2026 10:43;451;0
24/06/2026 10:44;452;0
24/06/2026 10:45;454;0
24/06/2026 10:46;456;0
24/06/2026 10:47;459;0
24/06/2026 10:48;461;0
24/06/2026 10:49;462;0
24/06/2026 10:50;465;0
24/06/2026 10:51;467;514
24/06/2026 10:52;468;0
24/06/2026 10:53;469;0
24/06/2026 10:54;472;0
24/06/2026 10:55;473;0
24/06/2026 10:56;476;0
24/06/2026 10:57;477;0
24/06/2026 10:58;480;0
24/06/2026 10:59;481;0
24/06/2026 11:00;480;0
24/06/2026 11:01;483;534
24/06/2026 11:02;484;0
24/06/2026 11:03;486;0
24/06/2026 11:04;490;0
24/06/2026 11:05;493;0
24/06/2026 11:06;493;0
24/06/2026 11:07;494;0
24/06/2026 11:08;496;0
24/06/2026 11:09;494;0
24/06/2026 11:10;495;0
24/06/2026 11:11;500;554
24/06/2026 11:12;503;0
24/06/2026 11:13;504;0
24/06/2026 11:14;504;0
24/06/2026 11:15;507;0
24/06/2026 11:16;512;0
24/06/2026 11:17;514;0
24/06/2026 11:18;515;0
24/06/2026 11:19;517;0
24/06/2026 11:20;520;0
24/06/2026 11:21;522;580
24/06/2026 11:22;523;0
24/06/2026 11:23;523;0
24/06/2026 11:24;525;0
24/06/2026 11:25;528;0
24/06/2026 11:26;529;0
24/06/2026 11:27;528;0
24/06/2026 11:28;531;0
24/06/2026 11:29;533;0
24/06/2026 11:30;534;0
24/06/2026 11:31;536;580
24/06/2026 11:32;538;0
24/06/2026 11:33;538;0
24/06/2026 11:34;541;0
24/06/2026 11:35;544;0
24/06/2026 11:36;547;0
24/06/2026 11:37;548;0
24/06/2026 11:38;540;0
24/06/2026 11:39;552;0
24/06/2026 11:40;553;0
24/06/2026 11:41;554;618
24/06/2026 11:42;556;0
24/06/2026 11:43;557;0
24/06/2026 11:44;559;0
24/06/2026 11:45;560;0
24/06/2026 11:46;562;0
24/06/2026 11:47;562;0
24/06/2026 11:48;566;0
24/06/2026 11:49;567;0
24/06/2026 11:50;568;0
24/06/2026 11:51;571;630
24/06/2026 11:52;573;0
24/06/2026 11:53;576;0
24/06/2026 11:54;578;0
24/06/2026 11:55;578;0
24/06/2026 11:56;581;0
24/06/2026 11:57;583;0
24/06/2026 11:58;584;0
24/06/2026 11:59;586;0
24/06/2026 12:00;585;0
24/06/2026 12:01;586;624
24/06/2026 12:02;581;0
24/06/2026 12:03;571;0
24/06/2026 12:04;559;0
24/06/2026 12:05;541;0
24/06/2026 12:06;531;0
24/06/2026 12:07;551;0
24/06/2026 12:08;578;0
24/06/2026 12:09;558;0
24/06/2026 12:10;577;0
24/06/2026 12:11;598;641
24/06/2026 12:12;599;0
24/06/2026 12:13;598;0
24/06/2026 12:14;597;0
24/06/2026 12:15;598;0
24/06/2026 12:16;596;0
24/06/2026 12:17;601;0
24/06/2026 12:18;602;0
24/06/2026 12:19;605;0
24/06/2026 12:20;606;0
24/06/2026 12:21;606;636
24/06/2026 12:22;606;0
24/06/2026 12:23;608;0
24/06/2026 12:24;607;0
24/06/2026 12:25;608;0
24/06/2026 12:26;607;0
24/06/2026 12:27;608;0
24/06/2026 12:28;610;0
24/06/2026 12:29;611;0
24/06/2026 12:30;608;0
24/06/2026 12:31;607;630
24/06/2026 12:32;610;0
24/06/2026 12:33;612;0
24/06/2026 12:34;612;0
24/06/2026 12:35;613;0
24/06/2026 12:36;620;0
24/06/2026 12:37;623;0
24/06/2026 12:38;620;0
24/06/2026 12:39;619;0
24/06/2026 12:40;620;0
24/06/2026 12:41;620;653
24/06/2026 12:42;622;0
24/06/2026 12:43;624;0
24/06/2026 12:44;624;0
24/06/2026 12:45;624;0
24/06/2026 12:46;623;0
24/06/2026 12:47;623;0
24/06/2026 12:48;623;0
24/06/2026 12:49;621;0
24/06/2026 12:50;621;0
24/06/2026 12:51;622;662
24/06/2026 12:52;625;0
24/06/2026 12:53;625;0
24/06/2026 12:54;625;0
24/06/2026 12:55;625;0
24/06/2026 12:56;624;0
24/06/2026 12:57;620;0
24/06/2026 12:58;620;0
24/06/2026 12:59;622;0
24/06/2026 13:00;621;0
24/06/2026 13:01;623;659
24/06/2026 13:02;626;0
24/06/2026 13:03;627;0
24/06/2026 13:04;630;0
24/06/2026 13:05;629;0
24/06/2026 13:06;629;0
24/06/2026 13:07;626;0
24/06/2026 13:08;623;0
24/06/2026 13:09;627;0
24/06/2026 13:10;629;0
24/06/2026 13:11;626;662
24/06/2026 13:12;631;0
24/06/2026 13:13;638;0
24/06/2026 13:14;636;0
24/06/2026 13:15;632;0
24/06/2026 13:16;632;0
24/06/2026 13:17;638;0
24/06/2026 13:18;642;0
24/06/2026 13:19;639;0
24/06/2026 13:20;641;0
24/06/2026 13:21;632;659
24/06/2026 13:22;635;0
24/06/2026 13:23;635;0
24/06/2026 13:24;636;0
24/06/2026 13:25;635;0
24/06/2026 13:26;635;0
24/06/2026 13:27;639;0
24/06/2026 13:28;637;0
24/06/2026 13:29;640;0
24/06/2026 13:30;642;0
24/06/2026 13:31;640;636
24/06/2026 13:32;642;0
24/06/2026 13:33;639;0
24/06/2026 13:34;639;0
24/06/2026 13:35;636;0
24/06/2026 13:36;634;0
24/06/2026 13:37;632;0
24/06/2026 13:38;626;0
24/06/2026 13:39;628;0
24/06/2026 13:40;632;0
24/06/2026 13:41;631;609
24/06/2026 13:42;631;0
24/06/2026 13:43;631;0
24/06/2026 13:44;630;0
24/06/2026 13:45;635;0
24/06/2026 13:46;637;0
24/06/2026 13:47;642;0
24/06/2026 13:48;644;0
24/06/2026 13:49;641;0
24/06/2026 13:50;637;0
24/06/2026 13:51;637;633
24/06/2026 13:52;638;0
24/06/2026 13:53;636;0
24/06/2026 13:54;637;0
24/06/2026 13:55;633;0
24/06/2026 13:56;630;0
24/06/2026 13:57;632;0
24/06/2026 13:58;630;0
24/06/2026 13:59;629;0
24/06/2026 14:00;631;0
24/06/2026 14:01;631;624
24/06/2026 14:02;634;0
24/06/2026 14:03;632;0
24/06/2026 14:04;630;0
24/06/2026 14:05;630;0
24/06/2026 14:06;631;0
24/06/2026 14:07;629;0
24/06/2026 14:08;629;0
24/06/2026 14:09;631;0
24/06/2026 14:10;631;0
24/06/2026 14:11;634;595
24/06/2026 14:12;633;0
24/06/2026 14:13;629;0
24/06/2026 14:14;628;0
24/06/2026 14:15;628;0
24/06/2026 14:16;631;0
24/06/2026 14:17;630;0
24/06/2026 14:18;632;0
24/06/2026 14:19;632;0
24/06/2026 14:20;632;0
24/06/2026 14:21;633;563
24/06/2026 14:22;631;0
24/06/2026 14:23;630;0
24/06/2026 14:24;631;0
24/06/2026 14:25;630;0
24/06/2026 14:26;627;0
24/06/2026 14:27;624;0
24/06/2026 14:28;624;0
24/06/2026 14:29;620;0
24/06/2026 14:30;628;0
24/06/2026 14:31;624;572
24/06/2026 14:32;623;0
24/06/2026 14:33;621;0
24/06/2026 14:34;622;0
24/06/2026 14:35;622;0
24/06/2026 14:36;621;0
24/06/2026 14:37;620;0
24/06/2026 14:38;617;0
24/06/2026 14:39;619;0
24/06/2026 14:40;625;0
24/06/2026 14:41;618;563
24/06/2026 14:42;615;0
24/06/2026 14:43;613;0
24/06/2026 14:44;614;0
24/06/2026 14:45;614;0
24/06/2026 14:46;613;0
24/06/2026 14:47;611;0
24/06/2026 14:48;610;0
24/06/2026 14:49;606;0
24/06/2026 14:50;606;0
24/06/2026 14:51;615;554
24/06/2026 14:52;613;0
24/06/2026 14:53;610;0
24/06/2026 14:54;606;0
24/06/2026 14:55;606;0
24/06/2026 14:56;605;0
24/06/2026 14:57;601;0
24/06/2026 14:58;603;0
24/06/2026 14:59;603;0
24/06/2026 15:00;599;0
24/06/2026 15:01;602;534
24/06/2026 15:02;601;0
24/06/2026 15:03;600;0
24/06/2026 15:04;601;0
24/06/2026 15:05;604;0
24/06/2026 15:06;598;0
24/06/2026 15:07;599;0
24/06/2026 15:08;598;0
24/06/2026 15:09;598;0
24/06/2026 15:10;598;0
24/06/2026 15:11;600;485
24/06/2026 15:12;600;0
24/06/2026 15:13;602;0
24/06/2026 15:14;600;0
24/06/2026 15:15;600;0
24/06/2026 15:16;596;0
24/06/2026 15:17;596;0
24/06/2026 15:18;593;0
24/06/2026 15:19;593;0
24/06/2026 15:20;590;0
24/06/2026 15:21;589;499
24/06/2026 15:22;587;0
24/06/2026 15:23;585;0
24/06/2026 15:24;585;0
24/06/2026 15:25;583;0
24/06/2026 15:26;584;0
24/06/2026 15:27;582;0
24/06/2026 15:28;581;0
24/06/2026 15:29;578;0
24/06/2026 15:30;577;0
24/06/2026 15:31;577;459
24/06/2026 15:32;576;0
24/06/2026 15:33;573;0
24/06/2026 15:34;572;0
24/06/2026 15:35;572;0
24/06/2026 15:36;571;0
24/06/2026 15:37;570;0
24/06/2026 15:38;569;0
24/06/2026 15:39;566;0
24/06/2026 15:40;563;0
24/06/2026 15:41;559;441
24/06/2026 15:42;557;0
24/06/2026 15:43;555;0
24/06/2026 15:44;557;0
24/06/2026 15:45;555;0
24/06/2026 15:46;553;0
24/06/2026 15:47;554;0
24/06/2026 15:48;556;0
24/06/2026 15:49;554;0
24/06/2026 15:50;556;0
24/06/2026 15:51;555;415
24/06/2026 15:52;552;0
24/06/2026 15:53;550;0
24/06/2026 15:54;549;0
24/06/2026 15:55;549;0
24/06/2026 15:56;547;0
24/06/2026 15:57;543;0
24/06/2026 15:58;540;0
24/06/2026 15:59;541;0
24/06/2026 16:00;523;0
24/06/2026 16:01;512;380
24/06/2026 16:02;507;0
24/06/2026 16:03;508;0
24/06/2026 16:04;511;0
24/06/2026 16:05;520;0
24/06/2026 16:06;525;0
24/06/2026 16:07;528;0
24/06/2026 16:08;524;0
24/06/2026 16:09;523;0
24/06/2026 16:10;523;0
24/06/2026 16:11;522;351
24/06/2026 16:12;520;0
24/06/2026 16:13;518;0
24/06/2026 16:14;517;0
24/06/2026 16:15;519;0
24/06/2026 16:16;518;0
24/06/2026 16:17;516;0
24/06/2026 16:18;513;0
24/06/2026 16:19;514;0
24/06/2026 16:20;514;0
24/06/2026 16:21;495;334
24/06/2026 16:22;510;0
24/06/2026 16:23;508;0
24/06/2026 16:24;507;0
24/06/2026 16:25;502;0
24/06/2026 16:26;500;0
24/06/2026 16:27;499;0
24/06/2026 16:28;497;0
24/06/2026 16:29;493;0
24/06/2026 16:30;491;0
24/06/2026 16:31;397;334
24/06/2026 16:32;491;0
24/06/2026 16:33;491;0
24/06/2026 16:34;490;0
24/06/2026 16:35;486;0
24/06/2026 16:36;486;0
24/06/2026 16:37;486;0
24/06/2026 16:38;483;0
24/06/2026 16:39;482;0
24/06/2026 16:40;480;0
24/06/2026 16:41;479;340
24/06/2026 16:42;477;0
24/06/2026 16:43;474;0
24/06/2026 16:44;471;0
24/06/2026 16:45;475;0
24/06/2026 16:46;473;0
24/06/2026 16:47;468;0
24/06/2026 16:48;466;0
24/06/2026 16:49;458;0
24/06/2026 16:50;455;0
24/06/2026 16:51;452;311
24/06/2026 16:52;427;0
24/06/2026 16:53;428;0
24/06/2026 16:54;422;0
24/06/2026 16:55;437;0
24/06/2026 16:56;435;0
24/06/2026 16:57;437;0
24/06/2026 16:58;434;0
24/06/2026 16:59;429;0
24/06/2026 17:00;428;0
24/06/2026 17:01;428;282
24/06/2026 17:02;427;0
24/06/2026 17:03;425;0
24/06/2026 17:04;423;0
24/06/2026 17:05;417;0
24/06/2026 17:06;418;0
24/06/2026 17:07;416;0
24/06/2026 17:08;413;0
24/06/2026 17:09;413;0
24/06/2026 17:10;413;0
24/06/2026 17:11;411;252
24/06/2026 17:12;410;0
24/06/2026 17:13;408;0
24/06/2026 17:14;403;0
24/06/2026 17:15;400;0
24/06/2026 17:16;399;0
24/06/2026 17:17;398;0
24/06/2026 17:18;396;0
24/06/2026 17:19;393;0
24/06/2026 17:20;394;0
24/06/2026 17:21;394;232
24/06/2026 17:22;389;0
24/06/2026 17:23;386;0
24/06/2026 17:24;383;0
24/06/2026 17:25;381;0
24/06/2026 17:26;375;0
24/06/2026 17:27;370;0
24/06/2026 17:28;365;0
24/06/2026 17:29;361;0
24/06/2026 17:30;362;0
24/06/2026 17:31;361;206
24/06/2026 17:32;381;0
24/06/2026 17:33;362;0
24/06/2026 17:34;357;0
24/06/2026 17:35;354;0
24/06/2026 17:36;350;0
24/06/2026 17:37;347;0
24/06/2026 17:38;345;0
24/06/2026 17:39;343;0
24/06/2026 17:40;343;0
24/06/2026 17:41;340;189
24/06/2026 17:42;337;0
24/06/2026 17:43;335;0
24/06/2026 17:44;335;0
24/06/2026 17:45;335;0
24/06/2026 17:46;333;0
24/06/2026 17:47;330;0
24/06/2026 17:48;328;0
24/06/2026 17:49;327;0
24/06/2026 17:50;323;0
24/06/2026 17:51;320;157
24/06/2026 17:52;318;0
24/06/2026 17:53;312;0
24/06/2026 17:54;298;0
24/06/2026 17:55;281;0
24/06/2026 17:56;255;0
24/06/2026 17:57;236;0
24/06/2026 17:58;180;0
24/06/2026 17:59;221;0
24/06/2026 18:00;256;0
24/06/2026 18:01;255;122
24/06/2026 18:02;264;0
24/06/2026 18:03;257;0
24/06/2026 18:04;259;0
24/06/2026 18:05;261;0
24/06/2026 18:06;251;0
24/06/2026 18:07;256;0
24/06/2026 18:08;254;0
24/06/2026 18:09;252;0
24/06/2026 18:10;250;0
24/06/2026 18:11;248;104
24/06/2026 18:12;239;0
24/06/2026 18:13;235;0
24/06/2026 18:14;233;0
24/06/2026 18:15;230;0
24/06/2026 18:16;213;0
24/06/2026 18:17;212;0
24/06/2026 18:18;210;0
24/06/2026 18:19;211;0
24/06/2026 18:20;207;0
24/06/2026 18:21;195;104
24/06/2026 18:22;146;0
24/06/2026 18:23;166;0
24/06/2026 18:24;189;0
24/06/2026 18:25;182;0
24/06/2026 18:26;178;0
24/06/2026 18:27;176;0
24/06/2026 18:28;174;0
24/06/2026 18:29;170;0
24/06/2026 18:30;169;0
24/06/2026 18:31;163;104
24/06/2026 18:32;158;0
24/06/2026 18:33;155;0
24/06/2026 18:34;148;0
24/06/2026 18:35;149;0
24/06/2026 18:36;147;0
24/06/2026 18:37;135;0
24/06/2026 18:38;135;0
24/06/2026 18:39;133;0
24/06/2026 18:40;132;0
24/06/2026 18:41;136;98,7
24/06/2026 18:42;129;0
24/06/2026 18:43;126;0
24/06/2026 18:44;126;0
24/06/2026 18:45;127;0
24/06/2026 18:46;125;0
24/06/2026 18:47;122;0
24/06/2026 18:48;111;0
24/06/2026 18:49;97;0
24/06/2026 18:50;112;0
24/06/2026 18:51;115;92,9
24/06/2026 18:52;109;0
24/06/2026 18:53;107;0
24/06/2026 18:54;117;0
24/06/2026 18:55;100;0
24/06/2026 18:56;101;0
24/06/2026 18:57;102;0
24/06/2026 18:58;98;0
24/06/2026 18:59;85;0
24/06/2026 19:00;67;0
24/06/2026 19:01;74;87,1
24/06/2026 19:02;84;0
24/06/2026 19:03;82;0
24/06/2026 19:04;76;0
24/06/2026 19:05;74;0
24/06/2026 19:06;68;0
24/06/2026 19:07;64;0
24/06/2026 19:08;62;0
24/06/2026 19:09;60;0
24/06/2026 19:10;57;0
24/06/2026 19:11;53;87,1
24/06/2026 19:12;52;0
24/06/2026 19:13;50;0
24/06/2026 19:14;45;0
24/06/2026 19:15;40;0
24/06/2026 19:16;38;0
24/06/2026 19:17;38;0
24/06/2026 19:18;34;0
24/06/2026 19:19;28;0
24/06/2026 19:20;28;0
24/06/2026 19:21;29;84,2
24/06/2026 19:22;28;0
24/06/2026 19:23;26;0
24/06/2026 19:24;24;0
24/06/2026 19:25;22;0
24/06/2026 19:26;22;0
24/06/2026 19:27;20;0
24/06/2026 19:28;20;0
24/06/2026 19:29;18;0
24/06/2026 19:30;18;0
24/06/2026 19:31;20;84,2
24/06/2026 19:32;17;0
24/06/2026 19:33;16;0
24/06/2026 19:34;16;0
24/06/2026 19:35;14;0
24/06/2026 19:36;12;0
24/06/2026 19:37;10;0
24/06/2026 19:38;10;0
24/06/2026 19:39;11;0
24/06/2026 19:40;15;0
24/06/2026 19:41;15;81,3
24/06/2026 19:42;18;0
24/06/2026 19:43;16;0
24/06/2026 19:44;16;0
24/06/2026 19:45;16;0
24/06/2026 19:46;16;0
24/06/2026 19:47;16;0
24/06/2026 19:48;16;0
24/06/2026 19:49;15;0
24/06/2026 19:50;13;0
24/06/2026 19:51;9;81,3
24/06/2026 19:52;8;0
24/06/2026 19:53;8;0
24/06/2026 19:54;7;0
24/06/2026 19:55;7;0
24/06/2026 19:56;7;0
24/06/2026 19:57;8;0
24/06/2026 19:58;9;0
24/06/2026 19:59;9;0
24/06/2026 20:00;9;0
24/06/2026 20:01;9;75,5
24/06/2026 20:02;7;0
24/06/2026 20:03;8;0
24/06/2026 20:04;8;0
24/06/2026 20:05;7;0
24/06/2026 20:06;6;0
24/06/2026 20:07;6;0
24/06/2026 20:08;4;0
24/06/2026 20:09;4;0
24/06/2026 20:10;4;0
24/06/2026 20:11;3;66,8
24/06/2026 20:12;3;0
24/06/2026 20:13;3;0
24/06/2026 20:14;2;0
24/06/2026 20:15;1;0
24/06/2026 20:16;0;0
24/06/2026 20:17;0;0
24/06/2026 20:18;1;0
24/06/2026 20:19;1;0
24/06/2026 20:20;0;0
24/06/2026 20:21;2;58
24/06/2026 20:22;2;0
24/06/2026 20:23;1;0
24/06/2026 20:24;1;0
24/06/2026 20:25;0;0
24/06/2026 20:26;0;0
24/06/2026 20:27;0;0
24/06/2026 20:28;0;0
24/06/2026 20:29;0;0
24/06/2026 20:30;0;0
24/06/2026 20:31;0;0
24/06/2026 20:32;0;0
24/06/2026 20:33;0;0
24/06/2026 20:34;0;0
24/06/2026 20:35;0;0
24/06/2026 20:36;0;0
24/06/2026 20:37;0;0
24/06/2026 20:38;0;0
24/06/2026 20:39;0;0
24/06/2026 20:40;0;0
24/06/2026 20:41;0;0
24/06/2026 20:42;0;0
24/06/2026 20:43;0;0
24/06/2026 20:44;0;0
24/06/2026 20:45;0;0
24/06/2026 20:46;0;0
24/06/2026 20:47;0;0
24/06/2026 20:48;0;0
24/06/2026 20:49;0;0
24/06/2026 20:50;0;0
24/06/2026 20:51;0;0
24/06/2026 20:52;0;0
24/06/2026 20:53;0;0
24/06/2026 20:54;0;0
24/06/2026 20:55;0;0
24/06/2026 20:56;0;0
24/06/2026 20:57;0;0
24/06/2026 20:58;0;0
24/06/2026 20:59;0;0
24/06/2026 21:00;0;0
24/06/2026 21:01;0;0
24/06/2026 21:02;0;0
24/06/2026 21:03;0;0
24/06/2026 21:04;0;0
24/06/2026 21:05;0;0
24/06/2026 21:06;0;0
24/06/2026 21:07;0;0
24/06/2026 21:08;0;0
24/06/2026 21:09;0;0
24/06/2026 21:10;0;0
24/06/2026 21:11;0;0
24/06/2026 21:12;0;0
24/06/2026 21:13;0;0
24/06/2026 21:14;0;0
24/06/2026 21:15;0;0
24/06/2026 21:16;0;0
24/06/2026 21:17;0;0
24/06/2026 21:18;0;0
24/06/2026 21:19;0;0
24/06/2026 21:20;0;0
24/06/2026 21:21;0;0
24/06/2026 21:22;0;0
24/06/2026 21:23;0;0
24/06/2026 21:24;0;0
24/06/2026 21:25;0;0
24/06/2026 21:26;0;0
24/06/2026 21:27;0;0
24/06/2026 21:28;0;0
24/06/2026 21:29;0;0
24/06/2026 21:30;0;0
24/06/2026 21:31;0;0
24/06/2026 21:32;0;0
24/06/2026 21:33;0;0
24/06/2026 21:34;0;0
24/06/2026 21:35;0;0
24/06/2026 21:36;0;0
24/06/2026 21:37;0;0
24/06/2026 21:38;0;0
24/06/2026 21:39;0;0
24/06/2026 21:40;0;0
24/06/2026 21:41;0;0
24/06/2026 21:42;0;0
24/06/2026 21:43;0;0
24/06/2026 21:44;0;0
24/06/2026 21:45;0;0
24/06/2026 21:46;0;0
24/06/2026 21:47;0;0
24/06/2026 21:48;0;0
24/06/2026 21:49;0;0
24/06/2026 21:50;0;0
24/06/2026 21:51;0;0
24/06/2026 21:52;0;0
24/06/2026 21:53;0;0
24/06/2026 21:54;0;0
24/06/2026 21:55;0;0
24/06/2026 21:56;0;0
24/06/2026 21:57;0;0
24/06/2026 21:58;0;0
24/06/2026 21:59;0;0
24/06/2026 22:00;0;0
24/06/2026 22:01;0;0
24/06/2026 22:02;0;0
24/06/2026 22:03;0;0
24/06/2026 22:04;0;0
24/06/2026 22:05;0;0
24/06/2026 22:06;0;0
24/06/2026 22:07;0;0
24/06/2026 22:08;0;0
24/06/2026 22:09;0;0
24/06/2026 22:10;0;0
24/06/2026 22:11;0;0
24/06/2026 22:12;0;0
24/06/2026 22:13;0;0
24/06/2026 22:14;0;0
24/06/2026 22:15;0;0
24/06/2026 22:16;0;0
24/06/2026 22:17;0;0
24/06/2026 22:18;0;0
24/06/2026 22:19;0;0
24/06/2026 22:20;0;0
24/06/2026 22:21;0;0
24/06/2026 22:22;0;0
24/06/2026 22:23;0;0
24/06/2026 22:24;0;0
24/06/2026 22:25;0;0
24/06/2026 22:26;0;0
24/06/2026 22:27;0;0
24/06/2026 22:28;0;0
24/06/2026 22:29;0;0
24/06/2026 22:30;0;0
24/06/2026 22:31;0;0
24/06/2026 22:32;0;0
24/06/2026 22:33;0;0
24/06/2026 22:34;0;0
24/06/2026 22:35;0;0
24/06/2026 22:36;0;0
24/06/2026 22:37;0;0
24/06/2026 22:38;0;0
24/06/2026 22:39;0;0
24/06/2026 22:40;0;0
24/06/2026 22:41;0;0
24/06/2026 22:42;0;0
24/06/2026 22:43;0;0
24/06/2026 22:44;0;0
24/06/2026 22:45;0;0
24/06/2026 22:46;0;0
24/06/2026 22:47;0;0
24/06/2026 22:48;0;0
24/06/2026 22:49;0;0
24/06/2026 22:50;0;0
24/06/2026 22:51;0;0
24/06/2026 22:52;0;0
24/06/2026 22:53;0;0
24/06/2026 22:54;0;0
24/06/2026 22:55;0;0
24/06/2026 22:56;0;0
24/06/2026 22:57;0;0
24/06/2026 22:58;0;0
24/06/2026 22:59;0;0
24/06/2026 23:00;0;0
24/06/2026 23:01;0;0
24/06/2026 23:02;0;0
24/06/2026 23:03;0;0
24/06/2026 23:04;0;0
24/06/2026 23:05;0;0
24/06/2026 23:06;0;0
24/06/2026 23:07;0;0
24/06/2026 23:08;0;0
24/06/2026 23:09;0;0
24/06/2026 23:10;0;0
24/06/2026 23:11;0;0
24/06/2026 23:12;0;0
24/06/2026 23:13;0;0
24/06/2026 23:14;0;0
24/06/2026 23:15;0;0
24/06/2026 23:16;0;0
24/06/2026 23:17;0;0
24/06/2026 23:18;0;0
24/06/2026 23:19;0;0
24/06/2026 23:20;0;0
24/06/2026 23:21;0;0
24/06/2026 23:22;0;0
24/06/2026 23:23;0;0
24/06/2026 23:24;0;0
24/06/2026 23:25;0;0
24/06/2026 23:26;0;0
24/06/2026 23:27;0;0
24/06/2026 23:28;0;0
24/06/2026 23:29;0;0
24/06/2026 23:30;0;0
24/06/2026 23:31;0;0
24/06/2026 23:32;0;0
24/06/2026 23:33;0;0
24/06/2026 23:34;0;0
24/06/2026 23:35;0;0
24/06/2026 23:36;0;0
24/06/2026 23:37;0;0
24/06/2026 23:38;0;0
24/06/2026 23:39;0;0
24/06/2026 23:40;0;0
24/06/2026 23:41;0;0
24/06/2026 23:42;0;0
24/06/2026 23:43;0;0
24/06/2026 23:44;0;0
24/06/2026 23:45;0;0
24/06/2026 23:46;0;0
24/06/2026 23:47;0;0
24/06/2026 23:48;0;0
24/06/2026 23:49;0;0
24/06/2026 23:50;0;0
24/06/2026 23:51;0;0
24/06/2026 23:52;0;0
24/06/2026 23:53;0;0
24/06/2026 23:54;0;0
24/06/2026 23:55;0;0
24/06/2026 23:56;0;0
24/06/2026 23:57;0;0
24/06/2026 23:58;0;0
24/06/2026 23:59;0;0
25/06/2026 0:00;0;0
25/06/2026 0:01;0;0
25/06/2026 0:02;0;0
25/06/2026 0:03;0;0
25/06/2026 0:04;0;0
25/06/2026 0:05;0;0
25/06/2026 0:06;0;0
25/06/2026 0:07;0;0
25/06/2026 0:08;0;0
25/06/2026 0:09;0;0
25/06/2026 0:10;0;0
25/06/2026 0:11;0;0
25/06/2026 0:12;0;0
25/06/2026 0:13;0;0
25/06/2026 0:14;0;0
25/06/2026 0:15;0;0
25/06/2026 0:16;0;0
25/06/2026 0:17;0;0
25/06/2026 0:18;0;0
25/06/2026 0:19;0;0
25/06/2026 0:20;0;0
25/06/2026 0:21;0;0
25/06/2026 0:22;0;0
25/06/2026 0:23;0;0
25/06/2026 0:24;0;0
25/06/2026 0:25;0;0
25/06/2026 0:26;0;0
25/06/2026 0:27;0;0
25/06/2026 0:28;0;0
25/06/2026 0:29;0;0
25/06/2026 0:30;0;0
25/06/2026 0:31;0;0
25/06/2026 0:32;0;0
25/06/2026 0:33;0;0
25/06/2026 0:34;0;0
25/06/2026 0:35;0;0
25/06/2026 0:36;0;0
25/06/2026 0:37;0;0
25/06/2026 0:38;0;0
25/06/2026 0:39;0;0
25/06/2026 0:40;0;0
25/06/2026 0:41;0;0
25/06/2026 0:42;0;0
25/06/2026 0:43;0;0
25/06/2026 0:44;0;0
25/06/2026 0:45;0;0
25/06/2026 0:46;0;0
25/06/2026 0:47;0;0
25/06/2026 0:48;0;0
25/06/2026 0:49;0;0
25/06/2026 0:50;0;0
25/06/2026 0:51;0;0
25/06/2026 0:52;0;0
25/06/2026 0:53;0;0
25/06/2026 0:54;0;0
25/06/2026 0:55;0;0
25/06/2026 0:56;0;0
25/06/2026 0:57;0;0
25/06/2026 0:58;0;0
25/06/2026 0:59;0;0
25/06/2026 1:00;0;0
25/06/2026 1:01;0;0
25/06/2026 1:02;0;0
25/06/2026 1:03;0;0
25/06/2026 1:04;0;0
25/06/2026 1:05;0;0
25/06/2026 1:06;0;0
25/06/2026 1:07;0;0
25/06/2026 1:08;0;0
25/06/2026 1:09;0;0
25/06/2026 1:10;0;0
25/06/2026 1:11;0;0
25/06/2026 1:12;0;0
25/06/2026 1:13;0;0
25/06/2026 1:14;0;0
25/06/2026 1:15;0;0
25/06/2026 1:16;0;0
25/06/2026 1:17;0;0
25/06/2026 1:18;0;0
25/06/2026 1:19;0;0
25/06/2026 1:20;0;0
25/06/2026 1:21;0;0
25/06/2026 1:22;0;0
25/06/2026 1:23;0;0
25/06/2026 1:24;0;0
25/06/2026 1:25;0;0
25/06/2026 1:26;0;0
25/06/2026 1:27;0;0
25/06/2026 1:28;0;0
25/06/2026 1:29;0;0
25/06/2026 1:30;0;0
25/06/2026 1:31;0;0
25/06/2026 1:32;0;0
25/06/2026 1:33;0;0
25/06/2026 1:34;0;0
25/06/2026 1:35;0;0
25/06/2026 1:36;0;0
25/06/2026 1:37;0;0
25/06/2026 1:38;0;0
25/06/2026 1:39;0;0
25/06/2026 1:40;0;0
25/06/2026 1:41;0;0
25/06/2026 1:42;0;0
25/06/2026 1:43;0;0
25/06/2026 1:44;0;0
25/06/2026 1:45;0;0
25/06/2026 1:46;0;0
25/06/2026 1:47;0;0
25/06/2026 1:48;0;0
25/06/2026 1:49;0;0
25/06/2026 1:50;0;0
25/06/2026 1:51;0;0
25/06/2026 1:52;0;0
25/06/2026 1:53;0;0
25/06/2026 1:54;0;0
25/06/2026 1:55;0;0
25/06/2026 1:56;0;0
25/06/2026 1:57;0;0
25/06/2026 1:58;0;0
25/06/2026 1:59;0;0
25/06/2026 2:00;0;0
25/06/2026 2:01;0;0
25/06/2026 2:02;0;0
25/06/2026 2:03;0;0
25/06/2026 2:04;0;0
25/06/2026 2:05;0;0
25/06/2026 2:06;0;0
25/06/2026 2:07;0;0
25/06/2026 2:08;0;0
25/06/2026 2:09;0;0
25/06/2026 2:10;0;0
25/06/2026 2:11;0;0
25/06/2026 2:12;0;0
25/06/2026 2:13;0;0
25/06/2026 2:14;0;0
25/06/2026 2:15;0;0
25/06/2026 2:16;0;0
25/06/2026 2:17;0;0
25/06/2026 2:18;0;0
25/06/2026 2:19;0;0
25/06/2026 2:20;0;0
25/06/2026 2:21;0;0
25/06/2026 2:22;0;0
25/06/2026 2:23;0;0
25/06/2026 2:24;0;0
25/06/2026 2:25;0;0
25/06/2026 2:26;0;0
25/06/2026 2:27;0;0
25/06/2026 2:28;0;0
25/06/2026 2:29;0;0
25/06/2026 2:30;0;0
25/06/2026 2:31;0;0
25/06/2026 2:32;0;0
25/06/2026 2:33;0;0
25/06/2026 2:34;0;0
25/06/2026 2:35;0;0
25/06/2026 2:36;0;0
25/06/2026 2:37;0;0
25/06/2026 2:38;0;0
25/06/2026 2:39;0;0
25/06/2026 2:40;0;0
25/06/2026 2:41;0;0
25/06/2026 2:42;0;0
25/06/2026 2:43;0;0
25/06/2026 2:44;0;0
25/06/2026 2:45;0;0
25/06/2026 2:46;0;0
25/06/2026 2:47;0;0
25/06/2026 2:48;0;0
25/06/2026 2:49;0;0
25/06/2026 2:50;0;0
25/06/2026 2:51;0;0
25/06/2026 2:52;0;0
25/06/2026 2:53;0;0
25/06/2026 2:54;0;0
25/06/2026 2:55;0;0
25/06/2026 2:56;0;0
25/06/2026 2:57;0;0
25/06/2026 2:58;0;0
25/06/2026 2:59;0;0
25/06/2026 3:00;0;0
25/06/2026 3:01;0;0
25/06/2026 3:02;0;0
25/06/2026 3:03;0;0
25/06/2026 3:04;0;0
25/06/2026 3:05;0;0
25/06/2026 3:06;0;0
25/06/2026 3:07;0;0
25/06/2026 3:08;0;0
25/06/2026 3:09;0;0
25/06/2026 3:10;0;0
25/06/2026 3:11;0;0
25/06/2026 3:12;0;0
25/06/2026 3:13;0;0
25/06/2026 3:14;0;0
25/06/2026 3:15;0;0
25/06/2026 3:16;0;0
25/06/2026 3:17;0;0
25/06/2026 3:18;0;0
25/06/2026 3:19;0;0
25/06/2026 3:20;0;0
25/06/2026 3:21;0;0
25/06/2026 3:22;0;0
25/06/2026 3:23;0;0
25/06/2026 3:24;0;0
25/06/2026 3:25;0;0
25/06/2026 3:26;0;0
25/06/2026 3:27;0;0
25/06/2026 3:28;0;0
25/06/2026 3:29;0;0
25/06/2026 3:30;0;0
25/06/2026 3:31;0;0
25/06/2026 3:32;0;0
25/06/2026 3:33;0;0
25/06/2026 3:34;0;0
25/06/2026 3:35;0;0
25/06/2026 3:36;0;0
25/06/2026 3:37;0;0
25/06/2026 3:38;0;0
25/06/2026 3:39;0;0
25/06/2026 3:40;0;0
25/06/2026 3:41;0;0
25/06/2026 3:42;0;0
25/06/2026 3:43;0;0
25/06/2026 3:44;0;0
25/06/2026 3:45;0;0
25/06/2026 3:46;0;0
25/06/2026 3:47;0;0
25/06/2026 3:48;0;0
25/06/2026 3:49;0;0
25/06/2026 3:50;0;0
25/06/2026 3:51;0;0
25/06/2026 3:52;0;0
25/06/2026 3:53;0;0
25/06/2026 3:54;0;0
25/06/2026 3:55;0;0
25/06/2026 3:56;0;0
25/06/2026 3:57;0;0
25/06/2026 3:58;0;0
25/06/2026 3:59;0;0
25/06/2026 4:00;0;0
25/06/2026 4:01;0;0
25/06/2026 4:02;0;0
25/06/2026 4:03;0;0
25/06/2026 4:04;0;0
25/06/2026 4:05;0;0
25/06/2026 4:06;0;0
25/06/2026 4:07;0;0
25/06/2026 4:08;0;0
25/06/2026 4:09;0;0
25/06/2026 4:10;0;0
25/06/2026 4:11;0;0
25/06/2026 4:12;0;0
25/06/2026 4:13;0;0
25/06/2026 4:14;0;0
25/06/2026 4:15;0;0
25/06/2026 4:16;0;0
25/06/2026 4:17;0;0
25/06/2026 4:18;0;0
25/06/2026 4:19;0;0
25/06/2026 4:20;0;0
25/06/2026 4:21;0;0
25/06/2026 4:22;0;0
25/06/2026 4:23;0;0
25/06/2026 4:24;0;0
25/06/2026 4:25;0;0
25/06/2026 4:26;0;0
25/06/2026 4:27;0;0
25/06/2026 4:28;0;0
25/06/2026 4:29;0;0
25/06/2026 4:30;0;0
25/06/2026 4:31;0;0
25/06/2026 4:32;0;0
25/06/2026 4:33;0;0
25/06/2026 4:34;0;0
25/06/2026 4:35;0;0
25/06/2026 4:36;0;0
25/06/2026 4:37;0;0
25/06/2026 4:38;0;0
25/06/2026 4:39;0;0
25/06/2026 4:40;0;0
25/06/2026 4:41;0;0
25/06/2026 4:42;0;0
25/06/2026 4:43;0;0
25/06/2026 4:44;0;0
25/06/2026 4:45;0;0
25/06/2026 4:46;0;0
25/06/2026 4:47;0;0
25/06/2026 4:48;0;0
25/06/2026 4:49;0;0
25/06/2026 4:50;0;0
25/06/2026 4:51;0;0
25/06/2026 4:52;0;0
25/06/2026 4:53;0;0
25/06/2026 4:54;0;0
25/06/2026 4:55;0;0
25/06/2026 4:56;0;0
25/06/2026 4:57;0;0
25/06/2026 4:58;0;0
25/06/2026 4:59;0;0
25/06/2026 5:00;0;0
25/06/2026 5:01;0;0
25/06/2026 5:02;0;0
25/06/2026 5:03;0;0
25/06/2026 5:04;0;0
25/06/2026 5:05;0;0
25/06/2026 5:06;0;0
25/06/2026 5:07;0;0
25/06/2026 5:08;0;0
25/06/2026 5:09;0;0
25/06/2026 5:10;0;0
25/06/2026 5:11;0;0
25/06/2026 5:12;0;0
25/06/2026 5:13;0;0
25/06/2026 5:14;0;0
25/06/2026 5:15;0;0
25/06/2026 5:16;0;0
25/06/2026 5:17;0;0
25/06/2026 5:18;0;0
25/06/2026 5:19;0;0
25/06/2026 5:20;0;0
25/06/2026 5:21;0;0
25/06/2026 5:22;0;0
25/06/2026 5:23;0;0
25/06/2026 5:24;0;0
25/06/2026 5:25;0;0
25/06/2026 5:26;0;0
25/06/2026 5:27;0;0
25/06/2026 5:28;0;0
25/06/2026 5:29;0;0
25/06/2026 5:30;0;0
25/06/2026 5:31;0;0
25/06/2026 5:32;0;0
25/06/2026 5:33;0;0
25/06/2026 5:34;0;0
25/06/2026 5:35;0;0
25/06/2026 5:36;0;0
25/06/2026 5:37;0;0
25/06/2026 5:38;0;0
25/06/2026 5:39;0;0
25/06/2026 5:40;0;0
25/06/2026 5:41;0;0
25/06/2026 5:42;0;0
25/06/2026 5:43;0;0
25/06/2026 5:44;0;0
25/06/2026 5:45;0;0
25/06/2026 5:46;0;0
25/06/2026 5:47;0;0
25/06/2026 5:48;0;0
25/06/2026 5:49;0;0
25/06/2026 5:50;0;0
25/06/2026 5:51;0;0
25/06/2026 5:52;0;0
25/06/2026 5:53;0;0
25/06/2026 5:54;0;0
25/06/2026 5:55;0;0
25/06/2026 5:56;0;0
25/06/2026 5:57;0;0
25/06/2026 5:58;0;0
25/06/2026 5:59;0;0
25/06/2026 6:00;0;0
25/06/2026 6:01;0;0
25/06/2026 6:02;0;0
25/06/2026 6:03;0;0
25/06/2026 6:04;0;0
25/06/2026 6:05;0;0
25/06/2026 6:06;0;0
25/06/2026 6:07;0;0
25/06/2026 6:08;0;0
25/06/2026 6:09;0;0
25/06/2026 6:10;0;0
25/06/2026 6:11;0;0
25/06/2026 6:12;0;0
25/06/2026 6:13;0;0
25/06/2026 6:14;0;0
25/06/2026 6:15;0;0
25/06/2026 6:16;0;0
25/06/2026 6:17;0;0
25/06/2026 6:18;0;0
25/06/2026 6:19;0;0
25/06/2026 6:20;0;0
25/06/2026 6:21;0;0
25/06/2026 6:22;0;0
25/06/2026 6:23;0;0
25/06/2026 6:24;0;0
25/06/2026 6:25;0;0
25/06/2026 6:26;0;0
25/06/2026 6:27;0;0
25/06/2026 6:28;0;0
25/06/2026 6:29;0;0
25/06/2026 6:30;0;0
25/06/2026 6:31;0;0
25/06/2026 6:32;0;0
25/06/2026 6:33;0;0
25/06/2026 6:34;0;0
25/06/2026 6:35;0;0
25/06/2026 6:36;0;0
25/06/2026 6:37;0;0
25/06/2026 6:38;0;0
25/06/2026 6:39;0;0
25/06/2026 6:40;0;0
25/06/2026 6:41;0;0
25/06/2026 6:42;0;0
25/06/2026 6:43;0;0
25/06/2026 6:44;0;0
25/06/2026 6:45;0;0
25/06/2026 6:46;0;0
25/06/2026 6:47;0;0
25/06/2026 6:48;0;0
25/06/2026 6:49;0;0
25/06/2026 6:50;0;0
25/06/2026 6:51;0;0
25/06/2026 6:52;0;0
25/06/2026 6:53;0;0
25/06/2026 6:54;0;0
25/06/2026 6:55;0;0
25/06/2026 6:56;0;0
25/06/2026 6:57;0;0
25/06/2026 6:58;0;0
25/06/2026 6:59;0;0
25/06/2026 7:00;0;0
25/06/2026 7:01;0;0
25/06/2026 7:02;0;0
25/06/2026 7:03;0;0
25/06/2026 7:04;0;0
25/06/2026 7:05;0;0
25/06/2026 7:06;0;0
25/06/2026 7:07;0;0
25/06/2026 7:08;0;0
25/06/2026 7:09;0;0
25/06/2026 7:10;0;0
25/06/2026 7:11;0;0
25/06/2026 7:12;0;0
25/06/2026 7:13;0;0
25/06/2026 7:14;0;0
25/06/2026 7:15;0;0
25/06/2026 7:16;0;0
25/06/2026 7:17;0;0
25/06/2026 7:18;0;0
25/06/2026 7:19;0;0
25/06/2026 7:20;0;0
25/06/2026 7:21;0;0
25/06/2026 7:22;0;0
25/06/2026 7:23;0;0
25/06/2026 7:24;0;0
25/06/2026 7:25;0;0
25/06/2026 7:26;0;0
25/06/2026 7:27;0;0
25/06/2026 7:28;0;0
25/06/2026 7:29;0;0
25/06/2026 7:30;0;0
25/06/2026 7:31;0;0
25/06/2026 7:32;0;0
25/06/2026 7:33;0;0
25/06/2026 7:34;0;0
25/06/2026 7:35;0;0
25/06/2026 7:36;0;0
25/06/2026 7:37;0;0
25/06/2026 7:38;0;0
25/06/2026 7:39;0;0
25/06/2026 7:40;0;0
25/06/2026 7:41;0;0
25/06/2026 7:42;0;0
25/06/2026 7:43;0;0
25/06/2026 7:44;0;0
25/06/2026 7:45;0;0
25/06/2026 7:46;0;0
25/06/2026 7:47;0;0
25/06/2026 7:48;0;0
25/06/2026 7:49;0;0
25/06/2026 7:50;0;0
25/06/2026 7:51;2;92,9
25/06/2026 7:52;6;0
25/06/2026 7:53;10;0
25/06/2026 7:54;12;0
25/06/2026 7:55;14;0
25/06/2026 7:56;19;0
25/06/2026 7:57;21;0
25/06/2026 7:58;27;0
25/06/2026 7:59;29;0
25/06/2026 8:00;30;0
25/06/2026 8:01;33;92,9
25/06/2026 8:02;34;0
25/06/2026 8:03;36;0
25/06/2026 8:04;37;0
25/06/2026 8:05;15;0
25/06/2026 8:06;42;0
25/06/2026 8:07;43;0
25/06/2026 8:08;46;0
25/06/2026 8:09;48;0
25/06/2026 8:10;49;0
25/06/2026 8:11;53;116
25/06/2026 8:12;54;0
25/06/2026 8:13;57;0
25/06/2026 8:14;56;0
25/06/2026 8:15;60;0
25/06/2026 8:16;64;0
25/06/2026 8:17;67;0
25/06/2026 8:18;70;0
25/06/2026 8:19;71;0
25/06/2026 8:20;74;0
25/06/2026 8:21;75;139
25/06/2026 8:22;79;0
25/06/2026 8:23;82;0
25/06/2026 8:24;84;0
25/06/2026 8:25;86;0
25/06/2026 8:26;87;0
25/06/2026 8:27;89;0
25/06/2026 8:28;92;0
25/06/2026 8:29;94;0
25/06/2026 8:30;96;0
25/06/2026 8:31;98;157
25/06/2026 8:32;99;0
25/06/2026 8:33;104;0
25/06/2026 8:34;108;0
25/06/2026 8:35;112;0
25/06/2026 8:36;115;0
25/06/2026 8:37;117;0
25/06/2026 8:38;119;0
25/06/2026 8:39;120;0
25/06/2026 8:40;122;0
25/06/2026 8:41;125;171
25/06/2026 8:42;129;0
25/06/2026 8:43;133;0
25/06/2026 8:44;138;0
25/06/2026 8:45;143;0
25/06/2026 8:46;149;0
25/06/2026 8:47;154;0
25/06/2026 8:48;157;0
25/06/2026 8:49;157;0
25/06/2026 8:50;100;0
25/06/2026 8:51;123;189
25/06/2026 8:52;175;0
25/06/2026 8:53;180;0
25/06/2026 8:54;188;0
25/06/2026 8:55;188;0
25/06/2026 8:56;188;0
25/06/2026 8:57;60;0
25/06/2026 8:58;72;0
25/06/2026 8:59;77;0
25/06/2026 9:00;193;0
25/06/2026 9:01;54;163
25/06/2026 9:02;54;0
25/06/2026 9:03;195;0
25/06/2026 9:04;230;0
25/06/2026 9:05;248;0
25/06/2026 9:06;264;0
25/06/2026 9:07;277;0
25/06/2026 9:08;276;0
25/06/2026 9:09;272;0
25/06/2026 9:10;236;0
25/06/2026 9:11;259;264
25/06/2026 9:12;207;0
25/06/2026 9:13;168;0
25/06/2026 9:14;212;0
25/06/2026 9:15;246;0
25/06/2026 9:16;123;0
25/06/2026 9:17;101;0
25/06/2026 9:18;138;0
25/06/2026 9:19;192;0
25/06/2026 9:20;57;0
25/06/2026 9:21;45;215
25/06/2026 9:22;43;0
25/06/2026 9:23;46;0
25/06/2026 9:24;70;0
25/06/2026 9:25;53;0
25/06/2026 9:26;71;0
25/06/2026 9:27;204;0
25/06/2026 9:28;199;0
25/06/2026 9:29;219;0
25/06/2026 9:30;175;0
25/06/2026 9:31;189;197
25/06/2026 9:32;158;0
25/06/2026 9:33;129;0
25/06/2026 9:34;120;0
25/06/2026 9:35;129;0
25/06/2026 9:36;116;0
25/06/2026 9:37;108;0
25/06/2026 9:38;135;0
25/06/2026 9:39;143;0
25/06/2026 9:40;140;0
25/06/2026 9:41;218;238
25/06/2026 9:42;207;0
25/06/2026 9:43;329;0
25/06/2026 9:44;334;0
25/06/2026 9:45;326;0
25/06/2026 9:46;326;0
25/06/2026 9:47;340;0
25/06/2026 9:48;337;0
25/06/2026 9:49;339;0
25/06/2026 9:50;344;0
25/06/2026 9:51;350;334
25/06/2026 9:52;344;0
25/06/2026 9:53;348;0
25/06/2026 9:54;349;0
25/06/2026 9:55;357;0
25/06/2026 9:56;367;0
25/06/2026 9:57;349;0
25/06/2026 9:58;351;0
25/06/2026 9:59;371;0
25/06/2026 10:00;398;0
25/06/2026 10:01;398;450
25/06/2026 10:02;405;0
25/06/2026 10:03;421;0
25/06/2026 10:04;430;0
25/06/2026 10:05;391;0
25/06/2026 10:06;148;0
25/06/2026 10:07;152;0
25/06/2026 10:08;447;0
25/06/2026 10:09;423;0
25/06/2026 10:10;234;0
25/06/2026 10:11;424;549
25/06/2026 10:12;414;0
25/06/2026 10:13;420;0
25/06/2026 10:14;433;0
25/06/2026 10:15;457;0
25/06/2026 10:16;485;0
25/06/2026 10:17;261;0
25/06/2026 10:18;155;0
25/06/2026 10:19;92;0
25/06/2026 10:20;56;0
25/06/2026 10:21;42;255
25/06/2026 10:22;34;0
25/06/2026 10:23;26;0
25/06/2026 10:24;23;0
25/06/2026 10:25;22;0
25/06/2026 10:26;24;0
25/06/2026 10:27;29;0
25/06/2026 10:28;35;0
25/06/2026 10:29;48;0
25/06/2026 10:30;66;0
25/06/2026 10:31;79;90
25/06/2026 10:32;73;0
25/06/2026 10:33;53;0
25/06/2026 10:34;43;0
25/06/2026 10:35;39;0
25/06/2026 10:36;33;0
25/06/2026 10:37;31;0
25/06/2026 10:38;32;0
25/06/2026 10:39;40;0
25/06/2026 10:40;59;0
25/06/2026 10:41;81;69,7
25/06/2026 10:42;97;0
25/06/2026 10:43;103;0
25/06/2026 10:44;101;0
25/06/2026 10:45;123;0
25/06/2026 10:46;535;0
25/06/2026 10:47;551;0
25/06/2026 10:48;555;0
25/06/2026 10:49;126;0
25/06/2026 10:50;282;0
25/06/2026 10:51;548;337
25/06/2026 10:52;549;0
25/06/2026 10:53;101;0
25/06/2026 10:54;89;0
25/06/2026 10:55;88;0
25/06/2026 10:56;83;0
25/06/2026 10:57;62;0
25/06/2026 10:58;52;0
25/06/2026 10:59;49;0
25/06/2026 11:00;44;0
25/06/2026 11:01;48;247
25/06/2026 11:02;64;0
25/06/2026 11:03;86;0
25/06/2026 11:04;99;0
25/06/2026 11:05;290;0
25/06/2026 11:06;592;0
25/06/2026 11:07;590;0
25/06/2026 11:08;572;0
25/06/2026 11:09;570;0
25/06/2026 11:10;583;0
25/06/2026 11:11;557;557
25/06/2026 11:12;591;0
25/06/2026 11:13;206;0
25/06/2026 11:14;179;0
25/06/2026 11:15;164;0
25/06/2026 11:16;254;0
25/06/2026 11:17;208;0
25/06/2026 11:18;348;0
25/06/2026 11:19;128;0
25/06/2026 11:20;77;0
25/06/2026 11:21;58;273
25/06/2026 11:22;48;0
25/06/2026 11:23;49;0
25/06/2026 11:24;56;0
25/06/2026 11:25;68;0
25/06/2026 11:26;81;0
25/06/2026 11:27;90;0
25/06/2026 11:28;101;0
25/06/2026 11:29;121;0
25/06/2026 11:30;159;0
25/06/2026 11:31;406;308
25/06/2026 11:32;540;0
25/06/2026 11:33;590;0
25/06/2026 11:34;243;0
25/06/2026 11:35;99;0
25/06/2026 11:36;74;0
25/06/2026 11:37;59;0
25/06/2026 11:38;48;0
25/06/2026 11:39;38;0
25/06/2026 11:40;32;0
25/06/2026 11:41;28;151
25/06/2026 11:42;27;0
25/06/2026 11:43;26;0
25/06/2026 11:44;21;0
25/06/2026 11:45;14;0
25/06/2026 11:46;6;0
25/06/2026 11:47;2;0
25/06/2026 11:48;0;0
25/06/2026 11:49;0;0
25/06/2026 11:50;0;0
25/06/2026 11:51;0;0
25/06/2026 11:52;0;0
25/06/2026 11:53;0;0
25/06/2026 11:54;0;0
25/06/2026 11:55;0;0
25/06/2026 11:56;0;0
25/06/2026 11:57;0;0
25/06/2026 11:58;1;0
25/06/2026 11:59;4;0
25/06/2026 12:00;8;0
25/06/2026 12:01;17;72,6
25/06/2026 12:02;29;0
25/06/2026 12:03;39;0
25/06/2026 12:04;48;0
25/06/2026 12:05;54;0
25/06/2026 12:06;59;0
25/06/2026 12:07;71;0
25/06/2026 12:08;92;0
25/06/2026 12:09;113;0
25/06/2026 12:10;129;0
25/06/2026 12:11;153;90
25/06/2026 12:12;191;0
25/06/2026 12:13;227;0
25/06/2026 12:14;271;0
25/06/2026 12:15;395;0
25/06/2026 12:16;566;0
25/06/2026 12:17;387;0
25/06/2026 12:18;436;0
25/06/2026 12:19;318;0
25/06/2026 12:20;398;0
25/06/2026 12:21;506;435
25/06/2026 12:22;436;0
25/06/2026 12:23;379;0
25/06/2026 12:24;372;0
25/06/2026 12:25;266;0
25/06/2026 12:26;239;0
25/06/2026 12:27;242;0
25/06/2026 12:28;263;0
25/06/2026 12:29;817;0
25/06/2026 12:30;144;0
25/06/2026 12:31;113;363
25/06/2026 12:32;105;0
25/06/2026 12:33;107;0
25/06/2026 12:34;114;0
25/06/2026 12:35;132;0
25/06/2026 12:36;242;0
25/06/2026 12:37;720;0
25/06/2026 12:38;608;0
25/06/2026 12:39;162;0
25/06/2026 12:40;163;0
25/06/2026 12:41;179;293
25/06/2026 12:42;760;0
25/06/2026 12:43;329;0
25/06/2026 12:44;807;0
25/06/2026 12:45;795;0
25/06/2026 12:46;690;0
25/06/2026 12:47;616;0
25/06/2026 12:48;484;0
25/06/2026 12:49;438;0
25/06/2026 12:50;514;0
25/06/2026 12:51;454;435
25/06/2026 12:52;656;0
25/06/2026 12:53;238;0
25/06/2026 12:54;675;0
25/06/2026 12:55;654;0
25/06/2026 12:56;807;0
25/06/2026 12:57;508;0
25/06/2026 12:58;378;0
25/06/2026 12:59;346;0
25/06/2026 13:00;578;0
25/06/2026 13:01;670;702
25/06/2026 13:02;671;0
25/06/2026 13:03;722;0
25/06/2026 13:04;674;0
25/06/2026 13:05;673;0
25/06/2026 13:06;689;0
25/06/2026 13:07;241;0
25/06/2026 13:08;630;0
25/06/2026 13:09;507;0
25/06/2026 13:10;513;0
25/06/2026 13:11;452;650
25/06/2026 13:12;496;0
25/06/2026 13:13;529;0
25/06/2026 13:14;519;0
25/06/2026 13:15;500;0
25/06/2026 13:16;475;0
25/06/2026 13:17;475;0
25/06/2026 13:18;684;0
25/06/2026 13:19;701;0
25/06/2026 13:20;637;0
25/06/2026 13:21;595;673
25/06/2026 13:22;543;0
25/06/2026 13:23;435;0
25/06/2026 13:24;504;0
25/06/2026 13:25;540;0
25/06/2026 13:26;528;0
25/06/2026 13:27;529;0
25/06/2026 13:28;605;0
25/06/2026 13:29;761;0
25/06/2026 13:30;662;0
25/06/2026 13:31;701;737
25/06/2026 13:32;232;0
25/06/2026 13:33;256;0
25/06/2026 13:34;457;0
25/06/2026 13:35;281;0
25/06/2026 13:36;551;0
25/06/2026 13:37;709;0
25/06/2026 13:38;465;0
25/06/2026 13:39;691;0
25/06/2026 13:40;761;0
25/06/2026 13:41;366;461
25/06/2026 13:42;436;0
25/06/2026 13:43;602;0
25/06/2026 13:44;558;0
25/06/2026 13:45;550;0
25/06/2026 13:46;746;0
25/06/2026 13:47;752;0
25/06/2026 13:48;356;0
25/06/2026 13:49;716;0
25/06/2026 13:50;730;0
25/06/2026 13:51;744;636
25/06/2026 13:52;641;0
25/06/2026 13:53;581;0
25/06/2026 13:54;614;0
25/06/2026 13:55;648;0
25/06/2026 13:56;620;0
25/06/2026 13:57;504;0
25/06/2026 13:58;634;0
25/06/2026 13:59;520;0
25/06/2026 14:00;519;0
25/06/2026 14:01;392;403
25/06/2026 14:02;418;0
25/06/2026 14:03;570;0
25/06/2026 14:04;634;0
25/06/2026 14:05;389;0
25/06/2026 14:06;486;0
25/06/2026 14:07;490;0
25/06/2026 14:08;648;0
25/06/2026 14:09;516;0
25/06/2026 14:10;616;0
25/06/2026 14:11;561;412
25/06/2026 14:12;430;0
25/06/2026 14:13;572;0
25/06/2026 14:14;515;0
25/06/2026 14:15;485;0
25/06/2026 14:16;564;0
25/06/2026 14:17;499;0
25/06/2026 14:18;430;0
25/06/2026 14:19;770;0
25/06/2026 14:20;225;0
25/06/2026 14:21;279;223
25/06/2026 14:22;743;0
25/06/2026 14:23;768;0
25/06/2026 14:24;763;0
25/06/2026 14:25;539;0
25/06/2026 14:26;688;0
25/06/2026 14:27;721;0
25/06/2026 14:28;752;0
25/06/2026 14:29;799;0
25/06/2026 14:30;250;0
25/06/2026 14:31;784;511
25/06/2026 14:32;782;0
25/06/2026 14:33;781;0
25/06/2026 14:34;322;0
25/06/2026 14:35;636;0
25/06/2026 14:36;746;0
25/06/2026 14:37;764;0
25/06/2026 14:38;765;0
25/06/2026 14:39;583;0
25/06/2026 14:40;758;0
25/06/2026 14:41;727;737
25/06/2026 14:42;358;0
25/06/2026 14:43;215;0
25/06/2026 14:44;527;0
25/06/2026 14:45;787;0
25/06/2026 14:46;730;0
25/06/2026 14:47;706;0
25/06/2026 14:48;706;0
25/06/2026 14:49;712;0
25/06/2026 14:50;594;0
25/06/2026 14:51;709;737
25/06/2026 14:52;622;0
25/06/2026 14:53;705;0
25/06/2026 14:54;699;0
25/06/2026 14:55;711;0
25/06/2026 14:56;689;0
25/06/2026 14:57;694;0
25/06/2026 14:58;681;0
25/06/2026 14:59;672;0
25/06/2026 15:00;669;0
25/06/2026 15:01;664;650
25/06/2026 15:02;662;0
25/06/2026 15:03;659;0
25/06/2026 15:04;657;0
25/06/2026 15:05;661;0
25/06/2026 15:06;577;0
25/06/2026 15:07;665;0
25/06/2026 15:08;669;0
25/06/2026 15:09;670;0
25/06/2026 15:10;676;0
25/06/2026 15:11;682;580
25/06/2026 15:12;678;0
25/06/2026 15:13;675;0
25/06/2026 15:14;687;0
25/06/2026 15:15;699;0
25/06/2026 15:16;700;0
25/06/2026 15:17;702;0
25/06/2026 15:18;717;0
25/06/2026 15:19;713;0
25/06/2026 15:20;548;0
25/06/2026 15:21;721;589
25/06/2026 15:22;736;0
25/06/2026 15:23;719;0
25/06/2026 15:24;712;0
25/06/2026 15:25;711;0
25/06/2026 15:26;718;0
25/06/2026 15:27;728;0
25/06/2026 15:28;733;0
25/06/2026 15:29;707;0
25/06/2026 15:30;720;0
25/06/2026 15:31;770;557
25/06/2026 15:32;299;0
25/06/2026 15:33;324;0
25/06/2026 15:34;219;0
25/06/2026 15:35;197;0
25/06/2026 15:36;180;0
25/06/2026 15:37;188;0
25/06/2026 15:38;203;0
25/06/2026 15:39;204;0
25/06/2026 15:40;198;0
25/06/2026 15:41;196;180
25/06/2026 15:42;201;0
25/06/2026 15:43;219;0
25/06/2026 15:44;183;0
25/06/2026 15:45;174;0
25/06/2026 15:46;166;0
25/06/2026 15:47;162;0
25/06/2026 15:48;156;0
25/06/2026 15:49;150;0
25/06/2026 15:50;161;0
25/06/2026 15:51;160;14,5
25/06/2026 15:52;154;0
25/06/2026 15:53;163;0
25/06/2026 15:54;179;0
25/06/2026 15:55;368;0
25/06/2026 15:56;694;0
25/06/2026 15:57;656;0
25/06/2026 15:58;640;0
25/06/2026 15:59;622;0
25/06/2026 16:00;620;0
25/06/2026 16:01;619;163
25/06/2026 16:02;615;0
25/06/2026 16:03;615;0
25/06/2026 16:04;625;0
25/06/2026 16:05;632;0
25/06/2026 16:06;631;0
25/06/2026 16:07;602;0
25/06/2026 16:08;643;0
25/06/2026 16:09;533;0
25/06/2026 16:10;636;0
25/06/2026 16:11;301;209
25/06/2026 16:12;137;0
25/06/2026 16:13;143;0
25/06/2026 16:14;145;0
25/06/2026 16:15;142;0
25/06/2026 16:16;135;0
25/06/2026 16:17;146;0
25/06/2026 16:18;160;0
25/06/2026 16:19;184;0
25/06/2026 16:20;370;0
25/06/2026 16:21;222;148
25/06/2026 16:22;676;0
25/06/2026 16:23;663;0
25/06/2026 16:24;638;0
25/06/2026 16:25;627;0
25/06/2026 16:26;608;0
25/06/2026 16:27;593;0
25/06/2026 16:28;582;0
25/06/2026 16:29;575;0
25/06/2026 16:30;572;0
25/06/2026 16:31;567;313
25/06/2026 16:32;563;0
25/06/2026 16:33;558;0
25/06/2026 16:34;560;0
25/06/2026 16:35;562;0
25/06/2026 16:36;560;0
25/06/2026 16:37;565;0
25/06/2026 16:38;567;0
25/06/2026 16:39;387;0
25/06/2026 16:40;566;0
25/06/2026 16:41;570;482
25/06/2026 16:42;535;0
25/06/2026 16:43;323;0
25/06/2026 16:44;207;0
25/06/2026 16:45;219;0
25/06/2026 16:46;139;0
25/06/2026 16:47;204;0
25/06/2026 16:48;175;0
25/06/2026 16:49;181;0
25/06/2026 16:50;173;0
25/06/2026 16:51;136;238
25/06/2026 16:52;130;0
25/06/2026 16:53;125;0
25/06/2026 16:54;125;0
25/06/2026 16:55;140;0
25/06/2026 16:56;139;0
25/06/2026 16:57;126;0
25/06/2026 16:58;135;0
25/06/2026 16:59;151;0
25/06/2026 17:00;151;0
25/06/2026 17:01;140;78,4
25/06/2026 17:02;296;0
25/06/2026 17:03;556;0
25/06/2026 17:04;437;0
25/06/2026 17:05;575;0
25/06/2026 17:06;553;0
25/06/2026 17:07;547;0
25/06/2026 17:08;543;0
25/06/2026 17:09;244;0
25/06/2026 17:10;357;0
25/06/2026 17:11;436;136
25/06/2026 17:12;492;0
25/06/2026 17:13;474;0
25/06/2026 17:14;208;0
25/06/2026 17:15;105;0
25/06/2026 17:16;400;0
25/06/2026 17:17;144;0
25/06/2026 17:18;471;0
25/06/2026 17:19;188;0
25/06/2026 17:20;463;0
25/06/2026 17:21;344;186
25/06/2026 17:22;228;0
25/06/2026 17:23;132;0
25/06/2026 17:24;126;0
25/06/2026 17:25;117;0
25/06/2026 17:26;142;0
25/06/2026 17:27;149;0
25/06/2026 17:28;131;0
25/06/2026 17:29;130;0
25/06/2026 17:30;149;0
25/06/2026 17:31;244;148
25/06/2026 17:32;174;0
25/06/2026 17:33;216;0
25/06/2026 17:34;505;0
25/06/2026 17:35;509;0
25/06/2026 17:36;487;0
25/06/2026 17:37;289;0
25/06/2026 17:38;148;0
25/06/2026 17:39;154;0
25/06/2026 17:40;127;0
25/06/2026 17:41;106;104
25/06/2026 17:42;108;0
25/06/2026 17:43;104;0
25/06/2026 17:44;385;0
25/06/2026 17:45;421;0
25/06/2026 17:46;408;0
25/06/2026 17:47;398;0
25/06/2026 17:48;397;0
25/06/2026 17:49;395;0
25/06/2026 17:50;379;0
25/06/2026 17:51;376;131
25/06/2026 17:52;372;0
25/06/2026 17:53;377;0
25/06/2026 17:54;376;0
25/06/2026 17:55;337;0
25/06/2026 17:56;370;0
25/06/2026 17:57;370;0
25/06/2026 17:58;359;0
25/06/2026 17:59;214;0
25/06/2026 18:00;70;0
25/06/2026 18:01;77;107
25/06/2026 18:02;72;0
25/06/2026 18:03;88;0
25/06/2026 18:04;104;0
25/06/2026 18:05;150;0
25/06/2026 18:06;247;0
25/06/2026 18:07;317;0
25/06/2026 18:08;323;0
25/06/2026 18:09;325;0
25/06/2026 18:10;328;0
25/06/2026 18:11;329;113
25/06/2026 18:12;325;0
25/06/2026 18:13;204;0
25/06/2026 18:14;155;0
25/06/2026 18:15;227;0
25/06/2026 18:16;99;0
25/06/2026 18:17;106;0
25/06/2026 18:18;118;0
25/06/2026 18:19;100;0
25/06/2026 18:20;87;0
25/06/2026 18:21;89;95,8
25/06/2026 18:22;106;0
25/06/2026 18:23;93;0
25/06/2026 18:24;231;0
25/06/2026 18:25;236;0
25/06/2026 18:26;221;0
25/06/2026 18:27;230;0
25/06/2026 18:28;227;0
25/06/2026 18:29;116;0
25/06/2026 18:30;205;0
25/06/2026 18:31;203;95,8
25/06/2026 18:32;219;0
25/06/2026 18:33;71;0
25/06/2026 18:34;184;0
25/06/2026 18:35;67;0
25/06/2026 18:36;64;0
25/06/2026 18:37;71;0
25/06/2026 18:38;65;0
25/06/2026 18:39;87;0
25/06/2026 18:40;53;0
25/06/2026 18:41;54;92,9
25/06/2026 18:42;120;0
25/06/2026 18:43;173;0
25/06/2026 18:44;178;0
25/06/2026 18:45;75;0
25/06/2026 18:46;50;0
25/06/2026 18:47;79;0
25/06/2026 18:48;144;0
25/06/2026 18:49;128;0
25/06/2026 18:50;113;0
25/06/2026 18:51;147;92,9
25/06/2026 18:52;144;0
25/06/2026 18:53;138;0
25/06/2026 18:54;135;0
25/06/2026 18:55;125;0
25/06/2026 18:56;119;0
25/06/2026 18:57;110;0
25/06/2026 18:58;107;0
25/06/2026 18:59;96;0
25/06/2026 19:00;76;0
25/06/2026 19:01;58;84,2
25/06/2026 19:02;86;0
25/06/2026 19:03;28;0
25/06/2026 19:04;56;0
25/06/2026 19:05;36;0
25/06/2026 19:06;27;0
25/06/2026 19:07;30;0
25/06/2026 19:08;42;0
25/06/2026 19:09;39;0
25/06/2026 19:10;49;0
25/06/2026 19:11;46;84,2
25/06/2026 19:12;45;0
25/06/2026 19:13;43;0
25/06/2026 19:14;41;0
25/06/2026 19:15;43;0
25/06/2026 19:16;40;0
25/06/2026 19:17;36;0
25/06/2026 19:18;32;0
25/06/2026 19:19;20;0
25/06/2026 19:20;22;0
25/06/2026 19:21;26;84,2
25/06/2026 19:22;19;0
25/06/2026 19:23;28;0
25/06/2026 19:24;23;0
25/06/2026 19:25;21;0
25/06/2026 19:26;20;0
25/06/2026 19:27;18;0
25/06/2026 19:28;17;0
25/06/2026 19:29;12;0
25/06/2026 19:30;5;0
25/06/2026 19:31;4;78,4
25/06/2026 19:32;4;0
25/06/2026 19:33;4;0
25/06/2026 19:34;6;0
25/06/2026 19:35;7;0
25/06/2026 19:36;8;0
25/06/2026 19:37;8;0
25/06/2026 19:38;8;0
25/06/2026 19:39;7;0
25/06/2026 19:40;7;0
25/06/2026 19:41;5;78,4
25/06/2026 19:42;5;0
25/06/2026 19:43;4;0
25/06/2026 19:44;3;0
25/06/2026 19:45;4;0
25/06/2026 19:46;3;0
25/06/2026 19:47;3;0
25/06/2026 19:48;3;0
25/06/2026 19:49;3;0
25/06/2026 19:50;3;0
25/06/2026 19:51;2;78,4
25/06/2026 19:52;2;0
25/06/2026 19:53;1;0
25/06/2026 19:54;2;0
25/06/2026 19:55;1;0
25/06/2026 19:56;0;0
25/06/2026 19:57;0;0
25/06/2026 19:58;0;0
25/06/2026 19:59;0;0
25/06/2026 20:00;0;0
25/06/2026 20:01;0;0
25/06/2026 20:02;0;0
25/06/2026 20:03;0;0
25/06/2026 20:04;0;0
25/06/2026 20:05;0;0
25/06/2026 20:06;0;0
25/06/2026 20:07;0;0
25/06/2026 20:08;0;0
25/06/2026 20:09;0;0
25/06/2026 20:10;0;0
25/06/2026 20:11;0;0
25/06/2026 20:12;0;0
25/06/2026 20:13;0;0
25/06/2026 20:14;0;0
25/06/2026 20:15;0;0
25/06/2026 20:16;0;0
25/06/2026 20:17;0;0
25/06/2026 20:18;0;0
25/06/2026 20:19;0;0
25/06/2026 20:20;0;0
25/06/2026 20:21;0;0
25/06/2026 20:22;0;0
25/06/2026 20:23;0;0
25/06/2026 20:24;0;0
25/06/2026 20:25;0;0
25/06/2026 20:26;0;0
25/06/2026 20:27;0;0
25/06/2026 20:28;0;0
25/06/2026 20:29;0;0
25/06/2026 20:30;0;0
25/06/2026 20:31;0;0
25/06/2026 20:32;0;0
25/06/2026 20:33;0;0
25/06/2026 20:34;0;0
25/06/2026 20:35;0;0
25/06/2026 20:36;0;0
25/06/2026 20:37;0;0
25/06/2026 20:38;0;0
25/06/2026 20:39;0;0
25/06/2026 20:40;0;0
25/06/2026 20:41;0;0
25/06/2026 20:42;0;0
25/06/2026 20:43;0;0
25/06/2026 20:44;0;0
25/06/2026 20:45;0;0
25/06/2026 20:46;0;0
25/06/2026 20:47;0;0
25/06/2026 20:48;0;0
25/06/2026 20:49;0;0
25/06/2026 20:50;0;0
25/06/2026 20:51;0;0
25/06/2026 20:52;0;0
25/06/2026 20:53;0;0
25/06/2026 20:54;0;0
25/06/2026 20:55;0;0
25/06/2026 20:56;0;0
25/06/2026 20:57;0;0
25/06/2026 20:58;0;0
25/06/2026 20:59;0;0
25/06/2026 21:00;0;0
25/06/2026 21:01;0;0
25/06/2026 21:02;0;0
25/06/2026 21:03;0;0
25/06/2026 21:04;0;0
25/06/2026 21:05;0;0
25/06/2026 21:06;0;0
25/06/2026 21:07;0;0
25/06/2026 21:08;0;0
25/06/2026 21:09;0;0
25/06/2026 21:10;0;0
25/06/2026 21:11;0;0
25/06/2026 21:12;0;0
25/06/2026 21:13;0;0
25/06/2026 21:14;0;0
25/06/2026 21:15;0;0
25/06/2026 21:16;0;0
25/06/2026 21:17;0;0
25/06/2026 21:18;0;0
25/06/2026 21:19;0;0
25/06/2026 21:20;0;0
25/06/2026 21:21;0;0
25/06/2026 21:22;0;0
25/06/2026 21:23;0;0
25/06/2026 21:24;0;0
25/06/2026 21:25;0;0
25/06/2026 21:26;0;0
25/06/2026 21:27;0;0
25/06/2026 21:28;0;0
25/06/2026 21:29;0;0
25/06/2026 21:30;0;0
25/06/2026 21:31;0;0
25/06/2026 21:32;0;0
25/06/2026 21:33;0;0
25/06/2026 21:34;0;0
25/06/2026 21:35;0;0
25/06/2026 21:36;0;0
25/06/2026 21:37;0;0
25/06/2026 21:38;0;0
25/06/2026 21:39;0;0
25/06/2026 21:40;0;0
25/06/2026 21:41;0;0
25/06/2026 21:42;0;0
25/06/2026 21:43;0;0
25/06/2026 21:44;0;0
25/06/2026 21:45;0;0
25/06/2026 21:46;0;0
25/06/2026 21:47;0;0
25/06/2026 21:48;0;0
25/06/2026 21:49;0;0
25/06/2026 21:50;0;0
25/06/2026 21:51;0;0
25/06/2026 21:52;0;0
25/06/2026 21:53;0;0
25/06/2026 21:54;0;0
25/06/2026 21:55;0;0
25/06/2026 21:56;0;0
25/06/2026 21:57;0;0
25/06/2026 21:58;0;0
25/06/2026 21:59;0;0
25/06/2026 22:00;0;0
25/06/2026 22:01;0;0
25/06/2026 22:02;0;0
25/06/2026 22:03;0;0
25/06/2026 22:04;0;0
25/06/2026 22:05;0;0
25/06/2026 22:06;0;0
25/06/2026 22:07;0;0
25/06/2026 22:08;0;0
25/06/2026 22:09;0;0
25/06/2026 22:10;0;0
25/06/2026 22:11;0;0
25/06/2026 22:12;0;0
25/06/2026 22:13;0;0
25/06/2026 22:14;0;0
25/06/2026 22:15;0;0
25/06/2026 22:16;0;0
25/06/2026 22:17;0;0
25/06/2026 22:18;0;0
25/06/2026 22:19;0;0
25/06/2026 22:20;0;0
25/06/2026 22:21;0;0
25/06/2026 22:22;0;0
25/06/2026 22:23;0;0
25/06/2026 22:24;0;0
25/06/2026 22:25;0;0
25/06/2026 22:26;0;0
25/06/2026 22:27;0;0
25/06/2026 22:28;0;0
25/06/2026 22:29;0;0
25/06/2026 22:30;0;0
25/06/2026 22:31;0;0
25/06/2026 22:32;0;0
25/06/2026 22:33;0;0
25/06/2026 22:34;0;0
25/06/2026 22:35;0;0
25/06/2026 22:36;0;0
25/06/2026 22:37;0;0
25/06/2026 22:38;0;0
25/06/2026 22:39;0;0
25/06/2026 22:40;0;0
25/06/2026 22:41;0;0
25/06/2026 22:42;0;0
25/06/2026 22:43;0;0
25/06/2026 22:44;0;0
25/06/2026 22:45;0;0
25/06/2026 22:46;0;0
25/06/2026 22:47;0;0
25/06/2026 22:48;0;0
25/06/2026 22:49;0;0
25/06/2026 22:50;0;0
25/06/2026 22:51;0;0
25/06/2026 22:52;0;0
25/06/2026 22:53;0;0
25/06/2026 22:54;0;0
25/06/2026 22:55;0;0
25/06/2026 22:56;0;0
25/06/2026 22:57;0;0
25/06/2026 22:58;0;0
25/06/2026 22:59;0;0
25/06/2026 23:00;0;0
25/06/2026 23:01;0;0
25/06/2026 23:02;0;0
25/06/2026 23:03;0;0
25/06/2026 23:04;0;0
25/06/2026 23:05;0;0
25/06/2026 23:06;0;0
25/06/2026 23:07;0;0
25/06/2026 23:08;0;0
25/06/2026 23:09;0;0
25/06/2026 23:10;0;0
25/06/2026 23:11;0;0
25/06/2026 23:12;0;0
25/06/2026 23:13;0;0
25/06/2026 23:14;0;0
25/06/2026 23:15;0;0
25/06/2026 23:16;0;0
25/06/2026 23:17;0;0
25/06/2026 23:18;0;0
25/06/2026 23:19;0;0
25/06/2026 23:20;0;0
25/06/2026 23:21;0;0
25/06/2026 23:22;0;0
25/06/2026 23:23;0;0
25/06/2026 23:24;0;0
25/06/2026 23:25;0;0
25/06/2026 23:26;0;0
25/06/2026 23:27;0;0
25/06/2026 23:28;0;0
25/06/2026 23:29;0;0
25/06/2026 23:30;0;0
25/06/2026 23:31;0;0
25/06/2026 23:32;0;0
25/06/2026 23:33;0;0
25/06/2026 23:34;0;0
25/06/2026 23:35;0;0
25/06/2026 23:36;0;0
25/06/2026 23:37;0;0
25/06/2026 23:38;0;0
25/06/2026 23:39;0;0
25/06/2026 23:40;0;0
25/06/2026 23:41;0;0
25/06/2026 23:42;0;0
25/06/2026 23:43;0;0
25/06/2026 23:44;0;0
25/06/2026 23:45;0;0
25/06/2026 23:46;0;0
25/06/2026 23:47;0;0
25/06/2026 23:48;0;0
25/06/2026 23:49;0;0
25/06/2026 23:50;0;0
25/06/2026 23:51;0;0
25/06/2026 23:52;0;0
25/06/2026 23:53;0;0
25/06/2026 23:54;0;0
25/06/2026 23:55;0;0
25/06/2026 23:56;0;0
25/06/2026 23:57;0;0
25/06/2026 23:58;0;0
25/06/2026 23:59;0;0
26/06/2026 0:00;0;0
26/06/2026 0:01;0;0
26/06/2026 0:02;0;0
26/06/2026 0:03;0;0
26/06/2026 0:04;0;0
26/06/2026 0:05;0;0
26/06/2026 0:06;0;0
26/06/2026 0:07;0;0
26/06/2026 0:08;0;0
26/06/2026 0:09;0;0
26/06/2026 0:10;0;0
26/06/2026 0:11;0;0
26/06/2026 0:12;0;0
26/06/2026 0:13;0;0
26/06/2026 0:14;0;0
26/06/2026 0:15;0;0
26/06/2026 0:16;0;0
26/06/2026 0:17;0;0
26/06/2026 0:18;0;0
26/06/2026 0:19;0;0
26/06/2026 0:20;0;0
26/06/2026 0:21;0;0
26/06/2026 0:22;0;0
26/06/2026 0:23;0;0
26/06/2026 0:24;0;0
26/06/2026 0:25;0;0
26/06/2026 0:26;0;0
26/06/2026 0:27;0;0
26/06/2026 0:28;0;0
26/06/2026 0:29;0;0
26/06/2026 0:30;0;0
26/06/2026 0:31;0;0
26/06/2026 0:32;0;0
26/06/2026 0:33;0;0
26/06/2026 0:34;0;0
26/06/2026 0:35;0;0
26/06/2026 0:36;0;0
26/06/2026 0:37;0;0
26/06/2026 0:38;0;0
26/06/2026 0:39;0;0
26/06/2026 0:40;0;0
26/06/2026 0:41;0;0
26/06/2026 0:42;0;0
26/06/2026 0:43;0;0
26/06/2026 0:44;0;0
26/06/2026 0:45;0;0
26/06/2026 0:46;0;0
26/06/2026 0:47;0;0
26/06/2026 0:48;0;0
26/06/2026 0:49;0;0
26/06/2026 0:50;0;0
26/06/2026 0:51;0;0
26/06/2026 0:52;0;0
26/06/2026 0:53;0;0
26/06/2026 0:54;0;0
26/06/2026 0:55;0;0
26/06/2026 0:56;0;0
26/06/2026 0:57;0;0
26/06/2026 0:58;0;0
26/06/2026 0:59;0;0
26/06/2026 1:00;0;0
26/06/2026 1:01;0;0
26/06/2026 1:02;0;0
26/06/2026 1:03;0;0
26/06/2026 1:04;0;0
26/06/2026 1:05;0;0
26/06/2026 1:06;0;0
26/06/2026 1:07;0;0
26/06/2026 1:08;0;0
26/06/2026 1:09;0;0
26/06/2026 1:10;0;0
26/06/2026 1:11;0;0
26/06/2026 1:12;0;0
26/06/2026 1:13;0;0
26/06/2026 1:14;0;0
26/06/2026 1:15;0;0
26/06/2026 1:16;0;0
26/06/2026 1:17;0;0
26/06/2026 1:18;0;0
26/06/2026 1:19;0;0
26/06/2026 1:20;0;0
26/06/2026 1:21;0;0
26/06/2026 1:22;0;0
26/06/2026 1:23;0;0
26/06/2026 1:24;0;0
26/06/2026 1:25;0;0
26/06/2026 1:26;0;0
26/06/2026 1:27;0;0
26/06/2026 1:28;0;0
26/06/2026 1:29;0;0
26/06/2026 1:30;0;0
26/06/2026 1:31;0;0
26/06/2026 1:32;0;0
26/06/2026 1:33;0;0
26/06/2026 1:34;0;0
26/06/2026 1:35;0;0
26/06/2026 1:36;0;0
26/06/2026 1:37;0;0
26/06/2026 1:38;0;0
26/06/2026 1:39;0;0
26/06/2026 1:40;0;0
26/06/2026 1:41;0;0
26/06/2026 1:42;0;0
26/06/2026 1:43;0;0
26/06/2026 1:44;0;0
26/06/2026 1:45;0;0
26/06/2026 1:46;0;0
26/06/2026 1:47;0;0
26/06/2026 1:48;0;0
26/06/2026 1:49;0;0
26/06/2026 1:50;0;0
26/06/2026 1:51;0;0
26/06/2026 1:52;0;0
26/06/2026 1:53;0;0
26/06/2026 1:54;0;0
26/06/2026 1:55;0;0
26/06/2026 1:56;0;0
26/06/2026 1:57;0;0
26/06/2026 1:58;0;0
26/06/2026 1:59;0;0
26/06/2026 2:00;0;0
26/06/2026 2:01;0;0
26/06/2026 2:02;0;0
26/06/2026 2:03;0;0
26/06/2026 2:04;0;0
26/06/2026 2:05;0;0
26/06/2026 2:06;0;0
26/06/2026 2:07;0;0
26/06/2026 2:08;0;0
26/06/2026 2:09;0;0
26/06/2026 2:10;0;0
26/06/2026 2:11;0;0
26/06/2026 2:12;0;0
26/06/2026 2:13;0;0
26/06/2026 2:14;0;0
26/06/2026 2:15;0;0
26/06/2026 2:16;0;0
26/06/2026 2:17;0;0
26/06/2026 2:18;0;0
26/06/2026 2:19;0;0
26/06/2026 2:20;0;0
26/06/2026 2:21;0;0
26/06/2026 2:22;0;0
26/06/2026 2:23;0;0
26/06/2026 2:24;0;0
26/06/2026 2:25;0;0
26/06/2026 2:26;0;0
26/06/2026 2:27;0;0
26/06/2026 2:28;0;0
26/06/2026 2:29;0;0
26/06/2026 2:30;0;0
26/06/2026 2:31;0;0
26/06/2026 2:32;0;0
26/06/2026 2:33;0;0
26/06/2026 2:34;0;0
26/06/2026 2:35;0;0
26/06/2026 2:36;0;0
26/06/2026 2:37;0;0
26/06/2026 2:38;0;0
26/06/2026 2:39;0;0
26/06/2026 2:40;0;0
26/06/2026 2:41;0;0
26/06/2026 2:42;0;0
26/06/2026 2:43;0;0
26/06/2026 2:44;0;0
26/06/2026 2:45;0;0
26/06/2026 2:46;0;0
26/06/2026 2:47;0;0
26/06/2026 2:48;0;0
26/06/2026 2:49;0;0
26/06/2026 2:50;0;0
26/06/2026 2:51;0;0
26/06/2026 2:52;0;0
26/06/2026 2:53;0;0
26/06/2026 2:54;0;0
26/06/2026 2:55;0;0
26/06/2026 2:56;0;0
26/06/2026 2:57;0;0
26/06/2026 2:58;0;0
26/06/2026 2:59;0;0
26/06/2026 3:00;0;0
26/06/2026 3:01;0;0
26/06/2026 3:02;0;0
26/06/2026 3:03;0;0
26/06/2026 3:04;0;0
26/06/2026 3:05;0;0
26/06/2026 3:06;0;0
26/06/2026 3:07;0;0
26/06/2026 3:08;0;0
26/06/2026 3:09;0;0
26/06/2026 3:10;0;0
26/06/2026 3:11;0;0
26/06/2026 3:12;0;0
26/06/2026 3:13;0;0
26/06/2026 3:14;0;0
26/06/2026 3:15;0;0
26/06/2026 3:16;0;0
26/06/2026 3:17;0;0
26/06/2026 3:18;0;0
26/06/2026 3:19;0;0
26/06/2026 3:20;0;0
26/06/2026 3:21;0;0
26/06/2026 3:22;0;0
26/06/2026 3:23;0;0
26/06/2026 3:24;0;0
26/06/2026 3:25;0;0
26/06/2026 3:26;0;0
26/06/2026 3:27;0;0
26/06/2026 3:28;0;0
26/06/2026 3:29;0;0
26/06/2026 3:30;0;0
26/06/2026 3:31;0;0
26/06/2026 3:32;0;0
26/06/2026 3:33;0;0
26/06/2026 3:34;0;0
26/06/2026 3:35;0;0
26/06/2026 3:36;0;0
26/06/2026 3:37;0;0
26/06/2026 3:38;0;0
26/06/2026 3:39;0;0
26/06/2026 3:40;0;0
26/06/2026 3:41;0;0
26/06/2026 3:42;0;0
26/06/2026 3:43;0;0
26/06/2026 3:44;0;0
26/06/2026 3:45;0;0
26/06/2026 3:46;0;0
26/06/2026 3:47;0;0
26/06/2026 3:48;0;0
26/06/2026 3:49;0;0
26/06/2026 3:50;0;0
26/06/2026 3:51;0;0
26/06/2026 3:52;0;0
26/06/2026 3:53;0;0
26/06/2026 3:54;0;0
26/06/2026 3:55;0;0
26/06/2026 3:56;0;0
26/06/2026 3:57;0;0
26/06/2026 3:58;0;0
26/06/2026 3:59;0;0
26/06/2026 4:00;0;0
26/06/2026 4:01;0;0
26/06/2026 4:02;0;0
26/06/2026 4:03;0;0
26/06/2026 4:04;0;0
26/06/2026 4:05;0;0
26/06/2026 4:06;0;0
26/06/2026 4:07;0;0
26/06/2026 4:08;0;0
26/06/2026 4:09;0;0
26/06/2026 4:10;0;0
26/06/2026 4:11;0;0
26/06/2026 4:12;0;0
26/06/2026 4:13;0;0
26/06/2026 4:14;0;0
26/06/2026 4:15;0;0
26/06/2026 4:16;0;0
26/06/2026 4:17;0;0
26/06/2026 4:18;0;0
26/06/2026 4:19;0;0
26/06/2026 4:20;0;0
26/06/2026 4:21;0;0
26/06/2026 4:22;0;0
26/06/2026 4:23;0;0
26/06/2026 4:24;0;0
26/06/2026 4:25;0;0
26/06/2026 4:26;0;0
26/06/2026 4:27;0;0
26/06/2026 4:28;0;0
26/06/2026 4:29;0;0
26/06/2026 4:30;0;0
26/06/2026 4:31;0;0
26/06/2026 4:32;0;0
26/06/2026 4:33;0;0
26/06/2026 4:34;0;0
26/06/2026 4:35;0;0
26/06/2026 4:36;0;0
26/06/2026 4:37;0;0
26/06/2026 4:38;0;0
26/06/2026 4:39;0;0
26/06/2026 4:40;0;0
26/06/2026 4:41;0;0
26/06/2026 4:42;0;0
26/06/2026 4:43;0;0
26/06/2026 4:44;0;0
26/06/2026 4:45;0;0
26/06/2026 4:46;0;0
26/06/2026 4:47;0;0
26/06/2026 4:48;0;0
26/06/2026 4:49;0;0
26/06/2026 4:50;0;0
26/06/2026 4:51;0;0
26/06/2026 4:52;0;0
26/06/2026 4:53;0;0
26/06/2026 4:54;0;0
26/06/2026 4:55;0;0
26/06/2026 4:56;0;0
26/06/2026 4:57;0;0
26/06/2026 4:58;0;0
26/06/2026 4:59;0;0
26/06/2026 5:00;0;0
26/06/2026 5:01;0;0
26/06/2026 5:02;0;0
26/06/2026 5:03;0;0
26/06/2026 5:04;0;0
26/06/2026 5:05;0;0
26/06/2026 5:06;0;0
26/06/2026 5:07;0;0
26/06/2026 5:08;0;0
26/06/2026 5:09;0;0
26/06/2026 5:10;0;0
26/06/2026 5:11;0;0
26/06/2026 5:12;0;0
26/06/2026 5:13;0;0
26/06/2026 5:14;0;0
26/06/2026 5:15;0;0
26/06/2026 5:16;0;0
26/06/2026 5:17;0;0
26/06/2026 5:18;0;0
26/06/2026 5:19;0;0
26/06/2026 5:20;0;0
26/06/2026 5:21;0;0
26/06/2026 5:22;0;0
26/06/2026 5:23;0;0
26/06/2026 5:24;0;0
26/06/2026 5:25;0;0
26/06/2026 5:26;0;0
26/06/2026 5:27;0;0
26/06/2026 5:28;0;0
26/06/2026 5:29;0;0
26/06/2026 5:30;0;0
26/06/2026 5:31;0;0
26/06/2026 5:32;0;0
26/06/2026 5:33;0;0
26/06/2026 5:34;0;0
26/06/2026 5:35;0;0
26/06/2026 5:36;0;0
26/06/2026 5:37;0;0
26/06/2026 5:38;0;0
26/06/2026 5:39;0;0
26/06/2026 5:40;0;0
26/06/2026 5:41;0;0
26/06/2026 5:42;0;0
26/06/2026 5:43;0;0
26/06/2026 5:44;0;0
26/06/2026 5:45;0;0
26/06/2026 5:46;0;0
26/06/2026 5:47;0;0
26/06/2026 5:48;0;0
26/06/2026 5:49;0;0
26/06/2026 5:50;0;0
26/06/2026 5:51;0;0
26/06/2026 5:52;0;0
26/06/2026 5:53;0;0
26/06/2026 5:54;0;0
26/06/2026 5:55;0;0
26/06/2026 5:56;0;0
26/06/2026 5:57;0;0
26/06/2026 5:58;0;0
26/06/2026 5:59;0;0
26/06/2026 6:00;0;0
26/06/2026 6:01;0;0
26/06/2026 6:02;0;0
26/06/2026 6:03;0;0
26/06/2026 6:04;0;0
26/06/2026 6:05;0;0
26/06/2026 6:06;0;0
26/06/2026 6:07;0;0
26/06/2026 6:08;0;0
26/06/2026 6:09;0;0
26/06/2026 6:10;0;0
26/06/2026 6:11;0;0
26/06/2026 6:12;0;0
26/06/2026 6:13;0;0
26/06/2026 6:14;0;0
26/06/2026 6:15;0;0
26/06/2026 6:16;0;0
26/06/2026 6:17;0;0
26/06/2026 6:18;0;0
26/06/2026 6:19;0;0
26/06/2026 6:20;0;0
26/06/2026 6:21;0;0
26/06/2026 6:22;0;0
26/06/2026 6:23;0;0
26/06/2026 6:24;0;0
26/06/2026 6:25;0;0
26/06/2026 6:26;0;0
26/06/2026 6:27;0;0
26/06/2026 6:28;0;0
26/06/2026 6:29;0;0
26/06/2026 6:30;0;0
26/06/2026 6:31;0;0
26/06/2026 6:32;0;0
26/06/2026 6:33;0;0
26/06/2026 6:34;0;0
26/06/2026 6:35;0;0
26/06/2026 6:36;0;0
26/06/2026 6:37;0;0
26/06/2026 6:38;0;0
26/06/2026 6:39;0;0
26/06/2026 6:40;0;0
26/06/2026 6:41;0;0
26/06/2026 6:42;0;0
26/06/2026 6:43;0;0
26/06/2026 6:44;0;0
26/06/2026 6:45;0;0
26/06/2026 6:46;0;0
26/06/2026 6:47;0;0
26/06/2026 6:48;0;0
26/06/2026 6:49;0;0
26/06/2026 6:50;0;0
26/06/2026 6:51;0;0
26/06/2026 6:52;0;0
26/06/2026 6:53;0;0
26/06/2026 6:54;0;0
26/06/2026 6:55;0;0
26/06/2026 6:56;0;0
26/06/2026 6:57;0;0
26/06/2026 6:58;0;0
26/06/2026 6:59;0;0
26/06/2026 7:00;0;0
26/06/2026 7:01;0;0
26/06/2026 7:02;0;0
26/06/2026 7:03;0;0
26/06/2026 7:04;0;0
26/06/2026 7:05;0;0
26/06/2026 7:06;0;0
26/06/2026 7:07;0;0
26/06/2026 7:08;0;0
26/06/2026 7:09;0;0
26/06/2026 7:10;0;0
26/06/2026 7:11;0;0
26/06/2026 7:12;0;0
26/06/2026 7:13;0;0
26/06/2026 7:14;0;0
26/06/2026 7:15;0;0
26/06/2026 7:16;0;0
26/06/2026 7:17;0;0
26/06/2026 7:18;0;0
26/06/2026 7:19;0;0
26/06/2026 7:20;0;0
26/06/2026 7:21;0;0
26/06/2026 7:22;0;0
26/06/2026 7:23;0;0
26/06/2026 7:24;0;0
26/06/2026 7:25;0;0
26/06/2026 7:26;0;0
26/06/2026 7:27;0;0
26/06/2026 7:28;0;0
26/06/2026 7:29;0;0
26/06/2026 7:30;0;0
26/06/2026 7:31;0;0
26/06/2026 7:32;0;0
26/06/2026 7:33;0;0
26/06/2026 7:34;0;0
26/06/2026 7:35;0;0
26/06/2026 7:36;0;0
26/06/2026 7:37;0;0
26/06/2026 7:38;0;0
26/06/2026 7:39;3;0
26/06/2026 7:40;5;0
26/06/2026 7:41;7;90
26/06/2026 7:42;7;0
26/06/2026 7:43;10;0
26/06/2026 7:44;11;0
26/06/2026 7:45;13;0
26/06/2026 7:46;15;0
26/06/2026 7:47;16;0
26/06/2026 7:48;15;0
26/06/2026 7:49;14;0
26/06/2026 7:50;15;0
26/06/2026 7:51;15;87,1
26/06/2026 7:52;15;0
26/06/2026 7:53;16;0
26/06/2026 7:54;16;0
26/06/2026 7:55;18;0
26/06/2026 7:56;19;0
26/06/2026 7:57;19;0
26/06/2026 7:58;7;0
26/06/2026 7:59;20;0
26/06/2026 8:00;19;0
26/06/2026 8:01;19;98,7
26/06/2026 8:02;19;0
26/06/2026 8:03;20;0
26/06/2026 8:04;22;0
26/06/2026 8:05;22;0
26/06/2026 8:06;24;0
26/06/2026 8:07;25;0
26/06/2026 8:08;27;0
26/06/2026 8:09;30;0
26/06/2026 8:10;29;0
26/06/2026 8:11;32;95,8
26/06/2026 8:12;33;0
26/06/2026 8:13;34;0
26/06/2026 8:14;36;0
26/06/2026 8:15;38;0
26/06/2026 8:16;40;0
26/06/2026 8:17;43;0
26/06/2026 8:18;43;0
26/06/2026 8:19;43;0
26/06/2026 8:20;42;0
26/06/2026 8:21;42;110
26/06/2026 8:22;43;0
26/06/2026 8:23;43;0
26/06/2026 8:24;44;0
26/06/2026 8:25;43;0
26/06/2026 8:26;44;0
26/06/2026 8:27;46;0
26/06/2026 8:28;47;0
26/06/2026 8:29;50;0
26/06/2026 8:30;54;0
26/06/2026 8:31;57;128
26/06/2026 8:32;63;0
26/06/2026 8:33;65;0
26/06/2026 8:34;70;0
26/06/2026 8:35;69;0
26/06/2026 8:36;76;0
26/06/2026 8:37;91;0
26/06/2026 8:38;173;0
26/06/2026 8:39;101;0
26/06/2026 8:40;94;0
26/06/2026 8:41;118;163
26/06/2026 8:42;143;0
26/06/2026 8:43;194;0
26/06/2026 8:44;205;0
26/06/2026 8:45;211;0
26/06/2026 8:46;211;0
26/06/2026 8:47;216;0
26/06/2026 8:48;222;0
26/06/2026 8:49;218;0
26/06/2026 8:50;210;0
26/06/2026 8:51;120;183
26/06/2026 8:52;102;0
26/06/2026 8:53;196;0
26/06/2026 8:54;197;0
26/06/2026 8:55;99;0
26/06/2026 8:56;119;0
26/06/2026 8:57;192;0
26/06/2026 8:58;196;0
26/06/2026 8:59;201;0
26/06/2026 9:00;202;0
26/06/2026 9:01;209;238
26/06/2026 9:02;211;0
26/06/2026 9:03;204;0
26/06/2026 9:04;216;0
26/06/2026 9:05;215;0
26/06/2026 9:06;218;0
26/06/2026 9:07;216;0
26/06/2026 9:08;218;0
26/06/2026 9:09;221;0
26/06/2026 9:10;224;0
26/06/2026 9:11;226;282
26/06/2026 9:12;229;0
26/06/2026 9:13;231;0
26/06/2026 9:14;232;0
26/06/2026 9:15;233;0
26/06/2026 9:16;244;0
26/06/2026 9:17;247;0
26/06/2026 9:18;247;0
26/06/2026 9:19;254;0
26/06/2026 9:20;245;0
26/06/2026 9:21;260;284
26/06/2026 9:22;262;0
26/06/2026 9:23;266;0
26/06/2026 9:24;267;0
26/06/2026 9:25;275;0
26/06/2026 9:26;285;0
26/06/2026 9:27;286;0
26/06/2026 9:28;228;0
26/06/2026 9:29;137;0
26/06/2026 9:30;294;0
26/06/2026 9:31;290;313
26/06/2026 9:32;297;0
26/06/2026 9:33;300;0
26/06/2026 9:34;303;0
26/06/2026 9:35;302;0
26/06/2026 9:36;304;0
26/06/2026 9:37;303;0
26/06/2026 9:38;302;0
26/06/2026 9:39;305;0
26/06/2026 9:40;308;0
26/06/2026 9:41;314;325
26/06/2026 9:42;317;0
26/06/2026 9:43;313;0
26/06/2026 9:44;318;0
26/06/2026 9:45;321;0
26/06/2026 9:46;330;0
26/06/2026 9:47;334;0
26/06/2026 9:48;344;0
26/06/2026 9:49;345;0
26/06/2026 9:50;344;0
26/06/2026 9:51;318;371
26/06/2026 9:52;348;0
26/06/2026 9:53;354;0
26/06/2026 9:54;371;0
26/06/2026 9:55;370;0
26/06/2026 9:56;381;0
26/06/2026 9:57;220;0
26/06/2026 9:58;352;0
26/06/2026 9:59;243;0
26/06/2026 10:00;115;0
26/06/2026 10:01;145;264
26/06/2026 10:02;133;0
26/06/2026 10:03;163;0
26/06/2026 10:04;192;0
26/06/2026 10:05;205;0
26/06/2026 10:06;290;0
26/06/2026 10:07;229;0
26/06/2026 10:08;225;0
26/06/2026 10:09;272;0
26/06/2026 10:10;341;0
26/06/2026 10:11;353;305
26/06/2026 10:12;288;0
26/06/2026 10:13;208;0
26/06/2026 10:14;217;0
26/06/2026 10:15;263;0
26/06/2026 10:16;229;0
26/06/2026 10:17;302;0
26/06/2026 10:18;261;0
26/06/2026 10:19;224;0
26/06/2026 10:20;285;0
26/06/2026 10:21;239;316
26/06/2026 10:22;237;0
26/06/2026 10:23;253;0
26/06/2026 10:24;261;0
26/06/2026 10:25;350;0
26/06/2026 10:26;312;0
26/06/2026 10:27;272;0
26/06/2026 10:28;237;0
26/06/2026 10:29;337;0
26/06/2026 10:30;600;0
26/06/2026 10:31;400;377
26/06/2026 10:32;420;0
26/06/2026 10:33;240;0
26/06/2026 10:34;244;0
26/06/2026 10:35;517;0
26/06/2026 10:36;425;0
26/06/2026 10:37;500;0
26/06/2026 10:38;366;0
26/06/2026 10:39;237;0
26/06/2026 10:40;460;0
26/06/2026 10:41;451;514
26/06/2026 10:42;345;0
26/06/2026 10:43;308;0
26/06/2026 10:44;416;0
26/06/2026 10:45;560;0
26/06/2026 10:46;576;0
26/06/2026 10:47;482;0
26/06/2026 10:48;527;0
26/06/2026 10:49;467;0
26/06/2026 10:50;556;0
26/06/2026 10:51;340;470
26/06/2026 10:52;562;0
26/06/2026 10:53;492;0
26/06/2026 10:54;570;0
26/06/2026 10:55;598;0
26/06/2026 10:56;504;0
26/06/2026 10:57;398;0
26/06/2026 10:58;260;0
26/06/2026 10:59;328;0
26/06/2026 11:00;541;0
26/06/2026 11:01;404;514
26/06/2026 11:02;417;0
26/06/2026 11:03;521;0
26/06/2026 11:04;518;0
26/06/2026 11:05;516;0
26/06/2026 11:06;515;0
26/06/2026 11:07;523;0
26/06/2026 11:08;524;0
26/06/2026 11:09;523;0
26/06/2026 11:10;522;0
26/06/2026 11:11;527;543
26/06/2026 11:12;529;0
26/06/2026 11:13;529;0
26/06/2026 11:14;530;0
26/06/2026 11:15;528;0
26/06/2026 11:16;535;0
26/06/2026 11:17;532;0
26/06/2026 11:18;535;0
26/06/2026 11:19;537;0
26/06/2026 11:20;542;0
26/06/2026 11:21;531;592
26/06/2026 11:22;415;0
26/06/2026 11:23;543;0
26/06/2026 11:24;506;0
26/06/2026 11:25;564;0
26/06/2026 11:26;557;0
26/06/2026 11:27;550;0
26/06/2026 11:28;559;0
26/06/2026 11:29;564;0
26/06/2026 11:30;561;0
26/06/2026 11:31;561;647
26/06/2026 11:32;565;0
26/06/2026 11:33;566;0
26/06/2026 11:34;569;0
26/06/2026 11:35;564;0
26/06/2026 11:36;571;0
26/06/2026 11:37;573;0
26/06/2026 11:38;578;0
26/06/2026 11:39;581;0
26/06/2026 11:40;571;0
26/06/2026 11:41;571;624
26/06/2026 11:42;575;0
26/06/2026 11:43;577;0
26/06/2026 11:44;580;0
26/06/2026 11:45;596;0
26/06/2026 11:46;458;0
26/06/2026 11:47;519;0
26/06/2026 11:48;297;0
26/06/2026 11:49;233;0
26/06/2026 11:50;304;0
26/06/2026 11:51;469;418
26/06/2026 11:52;371;0
26/06/2026 11:53;499;0
26/06/2026 11:54;432;0
26/06/2026 11:55;729;0
26/06/2026 11:56;701;0
26/06/2026 11:57;684;0
26/06/2026 11:58;659;0
26/06/2026 11:59;630;0
26/06/2026 12:00;622;0
26/06/2026 12:01;611;551
26/06/2026 12:02;604;0
26/06/2026 12:03;572;0
26/06/2026 12:04;672;0
26/06/2026 12:05;548;0
26/06/2026 12:06;537;0
26/06/2026 12:07;399;0
26/06/2026 12:08;353;0
26/06/2026 12:09;309;0
26/06/2026 12:10;246;0
26/06/2026 12:11;295;357
26/06/2026 12:12;772;0
26/06/2026 12:13;770;0
26/06/2026 12:14;235;0
26/06/2026 12:15;281;0
26/06/2026 12:16;279;0
26/06/2026 12:17;251;0
26/06/2026 12:18;443;0
26/06/2026 12:19;394;0
26/06/2026 12:20;204;0
26/06/2026 12:21;743;589
26/06/2026 12:22;568;0
26/06/2026 12:23;704;0
26/06/2026 12:24;690;0
26/06/2026 12:25;670;0
26/06/2026 12:26;660;0
26/06/2026 12:27;658;0
26/06/2026 12:28;609;0
26/06/2026 12:29;478;0
26/06/2026 12:30;318;0
26/06/2026 12:31;595;717
26/06/2026 12:32;644;0
26/06/2026 12:33;641;0
26/06/2026 12:34;644;0
26/06/2026 12:35;645;0
26/06/2026 12:36;645;0
26/06/2026 12:37;635;0
26/06/2026 12:38;650;0
26/06/2026 12:39;650;0
26/06/2026 12:40;648;0
26/06/2026 12:41;647;714
26/06/2026 12:42;638;0
26/06/2026 12:43;645;0
26/06/2026 12:44;641;0
26/06/2026 12:45;641;0
26/06/2026 12:46;643;0
26/06/2026 12:47;646;0
26/06/2026 12:48;643;0
26/06/2026 12:49;643;0
26/06/2026 12:50;643;0
26/06/2026 12:51;645;694
26/06/2026 12:52;642;0
26/06/2026 12:53;647;0
26/06/2026 12:54;641;0
26/06/2026 12:55;641;0
26/06/2026 12:56;647;0
26/06/2026 12:57;653;0
26/06/2026 12:58;660;0
26/06/2026 12:59;658;0
26/06/2026 13:00;657;0
26/06/2026 13:01;656;682
26/06/2026 13:02;658;0
26/06/2026 13:03;656;0
26/06/2026 13:04;656;0
26/06/2026 13:05;659;0
26/06/2026 13:06;653;0
26/06/2026 13:07;657;0
26/06/2026 13:08;657;0
26/06/2026 13:09;656;0
26/06/2026 13:10;635;0
26/06/2026 13:11;612;633
26/06/2026 13:12;660;0
26/06/2026 13:13;661;0
26/06/2026 13:14;663;0
26/06/2026 13:15;662;0
26/06/2026 13:16;663;0
26/06/2026 13:17;665;0
26/06/2026 13:18;664;0
26/06/2026 13:19;661;0
26/06/2026 13:20;658;0
26/06/2026 13:21;657;598
26/06/2026 13:22;654;0
26/06/2026 13:23;658;0
26/06/2026 13:24;658;0
26/06/2026 13:25;661;0
26/06/2026 13:26;664;0
26/06/2026 13:27;662;0
26/06/2026 13:28;389;0
26/06/2026 13:29;714;0
26/06/2026 13:30;648;0
26/06/2026 13:31;732;682
26/06/2026 13:32;465;0
26/06/2026 13:33;255;0
26/06/2026 13:34;288;0
26/06/2026 13:35;739;0
26/06/2026 13:36;722;0
26/06/2026 13:37;604;0
26/06/2026 13:38;660;0
26/06/2026 13:39;693;0
26/06/2026 13:40;682;0
26/06/2026 13:41;667;670
26/06/2026 13:42;688;0
26/06/2026 13:43;701;0
26/06/2026 13:44;690;0
26/06/2026 13:45;678;0
26/06/2026 13:46;672;0
26/06/2026 13:47;674;0
26/06/2026 13:48;675;0
26/06/2026 13:49;672;0
26/06/2026 13:50;673;0
26/06/2026 13:51;676;673
26/06/2026 13:52;676;0
26/06/2026 13:53;675;0
26/06/2026 13:54;674;0
26/06/2026 13:55;656;0
26/06/2026 13:56;671;0
26/06/2026 13:57;677;0
26/06/2026 13:58;677;0
26/06/2026 13:59;673;0
26/06/2026 14:00;669;0
26/06/2026 14:01;666;644
26/06/2026 14:02;671;0
26/06/2026 14:03;668;0
26/06/2026 14:04;669;0
26/06/2026 14:05;666;0
26/06/2026 14:06;671;0
26/06/2026 14:07;670;0
26/06/2026 14:08;668;0
26/06/2026 14:09;667;0
26/06/2026 14:10;668;0
26/06/2026 14:11;675;607
26/06/2026 14:12;682;0
26/06/2026 14:13;687;0
26/06/2026 14:14;689;0
26/06/2026 14:15;660;0
26/06/2026 14:16;688;0
26/06/2026 14:17;376;0
26/06/2026 14:18;687;0
26/06/2026 14:19;687;0
26/06/2026 14:20;680;0
26/06/2026 14:21;679;580
26/06/2026 14:22;682;0
26/06/2026 14:23;685;0
26/06/2026 14:24;679;0
26/06/2026 14:25;686;0
26/06/2026 14:26;678;0
26/06/2026 14:27;686;0
26/06/2026 14:28;676;0
26/06/2026 14:29;686;0
26/06/2026 14:30;693;0
26/06/2026 14:31;708;653
26/06/2026 14:32;614;0
26/06/2026 14:33;692;0
26/06/2026 14:34;677;0
26/06/2026 14:35;663;0
26/06/2026 14:36;658;0
26/06/2026 14:37;663;0
26/06/2026 14:38;662;0
26/06/2026 14:39;663;0
26/06/2026 14:40;665;0
26/06/2026 14:41;667;601
26/06/2026 14:42;667;0
26/06/2026 14:43;666;0
26/06/2026 14:44;662;0
26/06/2026 14:45;665;0
26/06/2026 14:46;663;0
26/06/2026 14:47;664;0
26/06/2026 14:48;659;0
26/06/2026 14:49;656;0
26/06/2026 14:50;659;0
26/06/2026 14:51;659;586
26/06/2026 14:52;649;0
26/06/2026 14:53;641;0
26/06/2026 14:54;658;0
26/06/2026 14:55;657;0
26/06/2026 14:56;653;0
26/06/2026 14:57;663;0
26/06/2026 14:58;648;0
26/06/2026 14:59;636;0
26/06/2026 15:00;618;0
26/06/2026 15:01;649;540
26/06/2026 15:02;641;0
26/06/2026 15:03;643;0
26/06/2026 15:04;644;0
26/06/2026 15:05;646;0
26/06/2026 15:06;644;0
26/06/2026 15:07;642;0
26/06/2026 15:08;638;0
26/06/2026 15:09;637;0
26/06/2026 15:10;637;0
26/06/2026 15:11;638;549
26/06/2026 15:12;633;0
26/06/2026 15:13;635;0
26/06/2026 15:14;625;0
26/06/2026 15:15;630;0
26/06/2026 15:16;627;0
26/06/2026 15:17;626;0
26/06/2026 15:18;621;0
26/06/2026 15:19;625;0
26/06/2026 15:20;600;0
26/06/2026 15:21;618;470
26/06/2026 15:22;621;0
26/06/2026 15:23;620;0
26/06/2026 15:24;623;0
26/06/2026 15:25;623;0
26/06/2026 15:26;620;0
26/06/2026 15:27;616;0
26/06/2026 15:28;614;0
26/06/2026 15:29;614;0
26/06/2026 15:30;589;0
26/06/2026 15:31;606;444
26/06/2026 15:32;609;0
26/06/2026 15:33;607;0
26/06/2026 15:34;606;0
26/06/2026 15:35;605;0
26/06/2026 15:36;590;0
26/06/2026 15:37;598;0
26/06/2026 15:38;606;0
26/06/2026 15:39;605;0
26/06/2026 15:40;603;0
26/06/2026 15:41;601;441
26/06/2026 15:42;603;0
26/06/2026 15:43;604;0
26/06/2026 15:44;603;0
26/06/2026 15:45;599;0
26/06/2026 15:46;588;0
26/06/2026 15:47;586;0
26/06/2026 15:48;588;0
26/06/2026 15:49;586;0
26/06/2026 15:50;584;0
26/06/2026 15:51;574;412
26/06/2026 15:52;574;0
26/06/2026 15:53;583;0
26/06/2026 15:54;583;0
26/06/2026 15:55;583;0
26/06/2026 15:56;586;0
26/06/2026 15:57;576;0
26/06/2026 15:58;574;0
26/06/2026 15:59;579;0
26/06/2026 16:00;577;0
26/06/2026 16:01;579;395
26/06/2026 16:02;578;0
26/06/2026 16:03;577;0
26/06/2026 16:04;573;0
26/06/2026 16:05;572;0
26/06/2026 16:06;570;0
26/06/2026 16:07;567;0
26/06/2026 16:08;561;0
26/06/2026 16:09;559;0
26/06/2026 16:10;556;0
26/06/2026 16:11;553;401
26/06/2026 16:12;551;0
26/06/2026 16:13;548;0
26/06/2026 16:14;546;0
26/06/2026 16:15;544;0
26/06/2026 16:16;541;0
26/06/2026 16:17;537;0
26/06/2026 16:18;534;0
26/06/2026 16:19;523;0
26/06/2026 16:20;535;0
26/06/2026 16:21;533;398
26/06/2026 16:22;532;0
26/06/2026 16:23;531;0
26/06/2026 16:24;528;0
26/06/2026 16:25;525;0
26/06/2026 16:26;523;0
26/06/2026 16:27;524;0
26/06/2026 16:28;524;0
26/06/2026 16:29;524;0
26/06/2026 16:30;523;0
26/06/2026 16:31;521;334
26/06/2026 16:32;521;0
26/06/2026 16:33;518;0
26/06/2026 16:34;518;0
26/06/2026 16:35;514;0
26/06/2026 16:36;511;0
26/06/2026 16:37;508;0
26/06/2026 16:38;507;0
26/06/2026 16:39;503;0
26/06/2026 16:40;501;0
26/06/2026 16:41;498;308
26/06/2026 16:42;495;0
26/06/2026 16:43;492;0
26/06/2026 16:44;490;0
26/06/2026 16:45;490;0
26/06/2026 16:46;491;0
26/06/2026 16:47;489;0
26/06/2026 16:48;487;0
26/06/2026 16:49;484;0
26/06/2026 16:50;484;0
26/06/2026 16:51;483;284
26/06/2026 16:52;480;0
26/06/2026 16:53;477;0
26/06/2026 16:54;474;0
26/06/2026 16:55;473;0
26/06/2026 16:56;472;0
26/06/2026 16:57;470;0
26/06/2026 16:58;466;0
26/06/2026 16:59;463;0
26/06/2026 17:00;460;0
26/06/2026 17:01;458;276
26/06/2026 17:02;457;0
26/06/2026 17:03;455;0
26/06/2026 17:04;454;0
26/06/2026 17:05;452;0
26/06/2026 17:06;448;0
26/06/2026 17:07;445;0
26/06/2026 17:08;440;0
26/06/2026 17:09;441;0
26/06/2026 17:10;437;0
26/06/2026 17:11;438;238
26/06/2026 17:12;437;0
26/06/2026 17:13;434;0
26/06/2026 17:14;433;0
26/06/2026 17:15;431;0
26/06/2026 17:16;429;0
26/06/2026 17:17;426;0
26/06/2026 17:18;425;0
26/06/2026 17:19;423;0
26/06/2026 17:20;419;0
26/06/2026 17:21;416;223
26/06/2026 17:22;413;0
26/06/2026 17:23;411;0
26/06/2026 17:24;410;0
26/06/2026 17:25;406;0
26/06/2026 17:26;403;0
26/06/2026 17:27;400;0
26/06/2026 17:28;398;0
26/06/2026 17:29;395;0
26/06/2026 17:30;390;0
26/06/2026 17:31;388;212
26/06/2026 17:32;385;0
26/06/2026 17:33;383;0
26/06/2026 17:34;381;0
26/06/2026 17:35;378;0
26/06/2026 17:36;376;0
26/06/2026 17:37;375;0
26/06/2026 17:38;372;0
26/06/2026 17:39;370;0
26/06/2026 17:40;273;0
26/06/2026 17:41;364;192
26/06/2026 17:42;361;0
26/06/2026 17:43;358;0
26/06/2026 17:44;355;0
26/06/2026 17:45;352;0
26/06/2026 17:46;350;0
26/06/2026 17:47;347;0
26/06/2026 17:48;346;0
26/06/2026 17:49;343;0
26/06/2026 17:50;342;0
26/06/2026 17:51;338;174
26/06/2026 17:52;335;0
26/06/2026 17:53;333;0
26/06/2026 17:54;329;0
26/06/2026 17:55;326;0
26/06/2026 17:56;322;0
26/06/2026 17:57;319;0
26/06/2026 17:58;316;0
26/06/2026 17:59;314;0
26/06/2026 18:00;310;0
26/06/2026 18:01;309;113
26/06/2026 18:02;306;0
26/06/2026 18:03;296;0
26/06/2026 18:04;273;0
26/06/2026 18:05;269;0
26/06/2026 18:06;259;0
26/06/2026 18:07;264;0
26/06/2026 18:08;268;0
26/06/2026 18:09;269;0
26/06/2026 18:10;272;0
26/06/2026 18:11;269;116
26/06/2026 18:12;263;0
26/06/2026 18:13;255;0
26/06/2026 18:14;248;0
26/06/2026 18:15;238;0
26/06/2026 18:16;223;0
26/06/2026 18:17;220;0
26/06/2026 18:18;214;0
26/06/2026 18:19;227;0
26/06/2026 18:20;225;0
26/06/2026 18:21;223;110
26/06/2026 18:22;182;0
26/06/2026 18:23;196;0
26/06/2026 18:24;208;0
26/06/2026 18:25;204;0
26/06/2026 18:26;195;0
26/06/2026 18:27;192;0
26/06/2026 18:28;188;0
26/06/2026 18:29;185;0
26/06/2026 18:30;183;0
26/06/2026 18:31;176;102
26/06/2026 18:32;170;0
26/06/2026 18:33;167;0
26/06/2026 18:34;156;0
26/06/2026 18:35;156;0
26/06/2026 18:36;160;0
26/06/2026 18:37;158;0
26/06/2026 18:38;138;0
26/06/2026 18:39;133;0
26/06/2026 18:40;143;0
26/06/2026 18:41;195;95,8
26/06/2026 18:42;144;0
26/06/2026 18:43;138;0
26/06/2026 18:44;135;0
26/06/2026 18:45;134;0
26/06/2026 18:46;136;0
26/06/2026 18:47;131;0
26/06/2026 18:48;128;0
26/06/2026 18:49;111;0
26/06/2026 18:50;103;0
26/06/2026 18:51;119;92,9
26/06/2026 18:52;121;0
26/06/2026 18:53;110;0
26/06/2026 18:54;111;0
26/06/2026 18:55;106;0
26/06/2026 18:56;106;0
26/06/2026 18:57;102;0
26/06/2026 18:58;101;0
26/06/2026 18:59;97;0
26/06/2026 19:00;77;0
26/06/2026 19:01;55;87,1
26/06/2026 19:02;90;0
26/06/2026 19:03;87;0
26/06/2026 19:04;82;0
26/06/2026 19:05;79;0
26/06/2026 19:06;72;0
26/06/2026 19:07;65;0
26/06/2026 19:08;66;0
26/06/2026 19:09;64;0
26/06/2026 19:10;62;0
26/06/2026 19:11;58;81,3
26/06/2026 19:12;50;0
26/06/2026 19:13;34;0
26/06/2026 19:14;45;0
26/06/2026 19:15;39;0
26/06/2026 19:16;42;0
26/06/2026 19:17;38;0
26/06/2026 19:18;31;0
26/06/2026 19:19;35;0
26/06/2026 19:20;33;0
26/06/2026 19:21;29;78,4
26/06/2026 19:22;25;0
26/06/2026 19:23;26;0
26/06/2026 19:24;24;0
26/06/2026 19:25;22;0
26/06/2026 19:26;21;0
26/06/2026 19:27;19;0
26/06/2026 19:28;19;0
26/06/2026 19:29;15;0
26/06/2026 19:30;15;0
26/06/2026 19:31;15;81,3
26/06/2026 19:32;15;0
26/06/2026 19:33;12;0
26/06/2026 19:34;10;0
26/06/2026 19:35;8;0
26/06/2026 19:36;7;0
26/06/2026 19:37;6;0
26/06/2026 19:38;5;0
26/06/2026 19:39;4;0
26/06/2026 19:40;3;0
26/06/2026 19:41;3;81,3
26/06/2026 19:42;2;0
26/06/2026 19:43;1;0
26/06/2026 19:44;0;0
26/06/2026 19:45;0;0
26/06/2026 19:46;0;0
26/06/2026 19:47;0;0
26/06/2026 19:48;0;0
26/06/2026 19:49;0;0
26/06/2026 19:50;0;0
26/06/2026 19:51;0;0
26/06/2026 19:52;0;0
26/06/2026 19:53;0;0
26/06/2026 19:54;0;0
26/06/2026 19:55;0;0
26/06/2026 19:56;0;0
26/06/2026 19:57;0;0
26/06/2026 19:58;0;0
26/06/2026 19:59;0;0
26/06/2026 20:00;0;0
26/06/2026 20:01;0;0
26/06/2026 20:02;0;0
26/06/2026 20:03;0;0
26/06/2026 20:04;0;0
26/06/2026 20:05;0;0
26/06/2026 20:06;0;0
26/06/2026 20:07;0;0
26/06/2026 20:08;0;0
26/06/2026 20:09;0;0
26/06/2026 20:10;0;0
26/06/2026 20:11;0;0
26/06/2026 20:12;0;0
26/06/2026 20:13;0;0
26/06/2026 20:14;0;0
26/06/2026 20:15;0;0
26/06/2026 20:16;0;0
26/06/2026 20:17;0;0
26/06/2026 20:18;0;0
26/06/2026 20:19;0;0
26/06/2026 20:20;0;0
26/06/2026 20:21;0;0
26/06/2026 20:22;0;0
26/06/2026 20:23;0;0
26/06/2026 20:24;0;0
26/06/2026 20:25;0;0
26/06/2026 20:26;0;0
26/06/2026 20:27;0;0
26/06/2026 20:28;0;0
26/06/2026 20:29;0;0
26/06/2026 20:30;0;0
26/06/2026 20:31;0;0
26/06/2026 20:32;0;0
26/06/2026 20:33;0;0
26/06/2026 20:34;0;0
26/06/2026 20:35;0;0
26/06/2026 20:36;0;0
26/06/2026 20:37;0;0
26/06/2026 20:38;0;0
26/06/2026 20:39;0;0
26/06/2026 20:40;0;0
26/06/2026 20:41;0;0
26/06/2026 20:42;0;0
26/06/2026 20:43;0;0
26/06/2026 20:44;0;0
26/06/2026 20:45;0;0
26/06/2026 20:46;0;0
26/06/2026 20:47;0;0
26/06/2026 20:48;0;0
26/06/2026 20:49;0;0
26/06/2026 20:50;0;0
26/06/2026 20:51;0;0
26/06/2026 20:52;0;0
26/06/2026 20:53;0;0
26/06/2026 20:54;0;0
26/06/2026 20:55;0;0
26/06/2026 20:56;0;0
26/06/2026 20:57;0;0
26/06/2026 20:58;0;0
26/06/2026 20:59;0;0
26/06/2026 21:00;0;0
26/06/2026 21:01;0;0
26/06/2026 21:02;0;0
26/06/2026 21:03;0;0
26/06/2026 21:04;0;0
26/06/2026 21:05;0;0
26/06/2026 21:06;0;0
26/06/2026 21:07;0;0
26/06/2026 21:08;0;0
26/06/2026 21:09;0;0
26/06/2026 21:10;0;0
26/06/2026 21:11;0;0
26/06/2026 21:12;0;0
26/06/2026 21:13;0;0
26/06/2026 21:14;0;0
26/06/2026 21:15;0;0
26/06/2026 21:16;0;0
26/06/2026 21:17;0;0
26/06/2026 21:18;0;0
26/06/2026 21:19;0;0
26/06/2026 21:20;0;0
26/06/2026 21:21;0;0
26/06/2026 21:22;0;0
26/06/2026 21:23;0;0
26/06/2026 21:24;0;0
26/06/2026 21:25;0;0
26/06/2026 21:26;0;0
26/06/2026 21:27;0;0
26/06/2026 21:28;0;0
26/06/2026 21:29;0;0
26/06/2026 21:30;0;0
26/06/2026 21:31;0;0
26/06/2026 21:32;0;0
26/06/2026 21:33;0;0
26/06/2026 21:34;0;0
26/06/2026 21:35;0;0
26/06/2026 21:36;0;0
26/06/2026 21:37;0;0
26/06/2026 21:38;0;0
26/06/2026 21:39;0;0
26/06/2026 21:40;0;0
26/06/2026 21:41;0;0
26/06/2026 21:42;0;0
26/06/2026 21:43;0;0
26/06/2026 21:44;0;0
26/06/2026 21:45;0;0
26/06/2026 21:46;0;0
26/06/2026 21:47;0;0
26/06/2026 21:48;0;0
26/06/2026 21:49;0;0
26/06/2026 21:50;0;0
26/06/2026 21:51;0;0
26/06/2026 21:52;0;0
26/06/2026 21:53;0;0
26/06/2026 21:54;0;0
26/06/2026 21:55;0;0
26/06/2026 21:56;0;0
26/06/2026 21:57;0;0
26/06/2026 21:58;0;0
26/06/2026 21:59;0;0
26/06/2026 22:00;0;0
26/06/2026 22:01;0;0
26/06/2026 22:02;0;0
26/06/2026 22:03;0;0
26/06/2026 22:04;0;0
26/06/2026 22:05;0;0
26/06/2026 22:06;0;0
26/06/2026 22:07;0;0
26/06/2026 22:08;0;0
26/06/2026 22:09;0;0
26/06/2026 22:10;0;0
26/06/2026 22:11;0;0
26/06/2026 22:12;0;0
26/06/2026 22:13;0;0
26/06/2026 22:14;0;0
26/06/2026 22:15;0;0
26/06/2026 22:16;0;0
26/06/2026 22:17;0;0
26/06/2026 22:18;0;0
26/06/2026 22:19;0;0
26/06/2026 22:20;0;0
26/06/2026 22:21;0;0
26/06/2026 22:22;0;0
26/06/2026 22:23;0;0
26/06/2026 22:24;0;0
26/06/2026 22:25;0;0
26/06/2026 22:26;0;0
26/06/2026 22:27;0;0
26/06/2026 22:28;0;0
26/06/2026 22:29;0;0
26/06/2026 22:30;0;0
26/06/2026 22:31;0;0
26/06/2026 22:32;0;0
26/06/2026 22:33;0;0
26/06/2026 22:34;0;0
26/06/2026 22:35;0;0
26/06/2026 22:36;0;0
26/06/2026 22:37;0;0
26/06/2026 22:38;0;0
26/06/2026 22:39;0;0
26/06/2026 22:40;0;0
26/06/2026 22:41;0;0
26/06/2026 22:42;0;0
26/06/2026 22:43;0;0
26/06/2026 22:44;0;0
26/06/2026 22:45;0;0
26/06/2026 22:46;0;0
26/06/2026 22:47;0;0
26/06/2026 22:48;0;0
26/06/2026 22:49;0;0
26/06/2026 22:50;0;0
26/06/2026 22:51;0;0
26/06/2026 22:52;0;0
26/06/2026 22:53;0;0
26/06/2026 22:54;0;0
26/06/2026 22:55;0;0
26/06/2026 22:56;0;0
26/06/2026 22:57;0;0
26/06/2026 22:58;0;0
26/06/2026 22:59;0;0
26/06/2026 23:00;0;0
26/06/2026 23:01;0;0
26/06/2026 23:02;0;0
26/06/2026 23:03;0;0
26/06/2026 23:04;0;0
26/06/2026 23:05;0;0
26/06/2026 23:06;0;0
26/06/2026 23:07;0;0
26/06/2026 23:08;0;0
26/06/2026 23:09;0;0
26/06/2026 23:10;0;0
26/06/2026 23:11;0;0
26/06/2026 23:12;0;0
26/06/2026 23:13;0;0
26/06/2026 23:14;0;0
26/06/2026 23:15;0;0
26/06/2026 23:16;0;0
26/06/2026 23:17;0;0
26/06/2026 23:18;0;0
26/06/2026 23:19;0;0
26/06/2026 23:20;0;0
26/06/2026 23:21;0;0
26/06/2026 23:22;0;0
26/06/2026 23:23;0;0
26/06/2026 23:24;0;0
26/06/2026 23:25;0;0
26/06/2026 23:26;0;0
26/06/2026 23:27;0;0
26/06/2026 23:28;0;0
26/06/2026 23:29;0;0
26/06/2026 23:30;0;0
26/06/2026 23:31;0;0
26/06/2026 23:32;0;0
26/06/2026 23:33;0;0
26/06/2026 23:34;0;0
26/06/2026 23:35;0;0
26/06/2026 23:36;0;0
26/06/2026 23:37;0;0
26/06/2026 23:38;0;0
26/06/2026 23:39;0;0
26/06/2026 23:40;0;0
26/06/2026 23:41;0;0
26/06/2026 23:42;0;0
26/06/2026 23:43;0;0
26/06/2026 23:44;0;0
26/06/2026 23:45;0;0
26/06/2026 23:46;0;0
26/06/2026 23:47;0;0
26/06/2026 23:48;0;0
26/06/2026 23:49;0;0
26/06/2026 23:50;0;0
26/06/2026 23:51;0;0
26/06/2026 23:52;0;0
26/06/2026 23:53;0;0
26/06/2026 23:54;0;0
26/06/2026 23:55;0;0
26/06/2026 23:56;0;0
26/06/2026 23:57;0;0
26/06/2026 23:58;0;0
26/06/2026 23:59;0;0
27/06/2026 0:00;0;0
27/06/2026 0:01;0;0
27/06/2026 0:02;0;0
27/06/2026 0:03;0;0
27/06/2026 0:04;0;0
27/06/2026 0:05;0;0
27/06/2026 0:06;0;0
27/06/2026 0:07;0;0
27/06/2026 0:08;0;0
27/06/2026 0:09;0;0
27/06/2026 0:10;0;0
27/06/2026 0:11;0;0
27/06/2026 0:12;0;0
27/06/2026 0:13;0;0
27/06/2026 0:14;0;0
27/06/2026 0:15;0;0
27/06/2026 0:16;0;0
27/06/2026 0:17;0;0
27/06/2026 0:18;0;0
27/06/2026 0:19;0;0
27/06/2026 0:20;0;0
27/06/2026 0:21;0;0
27/06/2026 0:22;0;0
27/06/2026 0:23;0;0
27/06/2026 0:24;0;0
27/06/2026 0:25;0;0
27/06/2026 0:26;0;0
27/06/2026 0:27;0;0
27/06/2026 0:28;0;0
27/06/2026 0:29;0;0
27/06/2026 0:30;0;0
27/06/2026 0:31;0;0
27/06/2026 0:32;0;0
27/06/2026 0:33;0;0
27/06/2026 0:34;0;0
27/06/2026 0:35;0;0
27/06/2026 0:36;0;0
27/06/2026 0:37;0;0
27/06/2026 0:38;0;0
27/06/2026 0:39;0;0
27/06/2026 0:40;0;0
27/06/2026 0:41;0;0
27/06/2026 0:42;0;0
27/06/2026 0:43;0;0
27/06/2026 0:44;0;0
27/06/2026 0:45;0;0
27/06/2026 0:46;0;0
27/06/2026 0:47;0;0
27/06/2026 0:48;0;0
27/06/2026 0:49;0;0
27/06/2026 0:50;0;0
27/06/2026 0:51;0;0
27/06/2026 0:52;0;0
27/06/2026 0:53;0;0
27/06/2026 0:54;0;0
27/06/2026 0:55;0;0
27/06/2026 0:56;0;0
27/06/2026 0:57;0;0
27/06/2026 0:58;0;0
27/06/2026 0:59;0;0
27/06/2026 1:00;0;0
27/06/2026 1:01;0;0
27/06/2026 1:02;0;0
27/06/2026 1:03;0;0
27/06/2026 1:04;0;0
27/06/2026 1:05;0;0
27/06/2026 1:06;0;0
27/06/2026 1:07;0;0
27/06/2026 1:08;0;0
27/06/2026 1:09;0;0
27/06/2026 1:10;0;0
27/06/2026 1:11;0;0
27/06/2026 1:12;0;0
27/06/2026 1:13;0;0
27/06/2026 1:14;0;0
27/06/2026 1:15;0;0
27/06/2026 1:16;0;0
27/06/2026 1:17;0;0
27/06/2026 1:18;0;0
27/06/2026 1:19;0;0
27/06/2026 1:20;0;0
27/06/2026 1:21;0;0
27/06/2026 1:22;0;0
27/06/2026 1:23;0;0
27/06/2026 1:24;0;0
27/06/2026 1:25;0;0
27/06/2026 1:26;0;0
27/06/2026 1:27;0;0
27/06/2026 1:28;0;0
27/06/2026 1:29;0;0
27/06/2026 1:30;0;0
27/06/2026 1:31;0;0
27/06/2026 1:32;0;0
27/06/2026 1:33;0;0
27/06/2026 1:34;0;0
27/06/2026 1:35;0;0
27/06/2026 1:36;0;0
27/06/2026 1:37;0;0
27/06/2026 1:38;0;0
27/06/2026 1:39;0;0
27/06/2026 1:40;0;0
27/06/2026 1:41;0;0
27/06/2026 1:42;0;0
27/06/2026 1:43;0;0
27/06/2026 1:44;0;0
27/06/2026 1:45;0;0
27/06/2026 1:46;0;0
27/06/2026 1:47;0;0
27/06/2026 1:48;0;0
27/06/2026 1:49;0;0
27/06/2026 1:50;0;0
27/06/2026 1:51;0;0
27/06/2026 1:52;0;0
27/06/2026 1:53;0;0
27/06/2026 1:54;0;0
27/06/2026 1:55;0;0
27/06/2026 1:56;0;0
27/06/2026 1:57;0;0
27/06/2026 1:58;0;0
27/06/2026 1:59;0;0
27/06/2026 2:00;0;0
27/06/2026 2:01;0;0
27/06/2026 2:02;0;0
27/06/2026 2:03;0;0
27/06/2026 2:04;0;0
27/06/2026 2:05;0;0
27/06/2026 2:06;0;0
27/06/2026 2:07;0;0
27/06/2026 2:08;0;0
27/06/2026 2:09;0;0
27/06/2026 2:10;0;0
27/06/2026 2:11;0;0
27/06/2026 2:12;0;0
27/06/2026 2:13;0;0
27/06/2026 2:14;0;0
27/06/2026 2:15;0;0
27/06/2026 2:16;0;0
27/06/2026 2:17;0;0
27/06/2026 2:18;0;0
27/06/2026 2:19;0;0
27/06/2026 2:20;0;0
27/06/2026 2:21;0;0
27/06/2026 2:22;0;0
27/06/2026 2:23;0;0
27/06/2026 2:24;0;0
27/06/2026 2:25;0;0
27/06/2026 2:26;0;0
27/06/2026 2:27;0;0
27/06/2026 2:28;0;0
27/06/2026 2:29;0;0
27/06/2026 2:30;0;0
27/06/2026 2:31;0;0
27/06/2026 2:32;0;0
27/06/2026 2:33;0;0
27/06/2026 2:34;0;0
27/06/2026 2:35;0;0
27/06/2026 2:36;0;0
27/06/2026 2:37;0;0
27/06/2026 2:38;0;0
27/06/2026 2:39;0;0
27/06/2026 2:40;0;0
27/06/2026 2:41;0;0
27/06/2026 2:42;0;0
27/06/2026 2:43;0;0
27/06/2026 2:44;0;0
27/06/2026 2:45;0;0
27/06/2026 2:46;0;0
27/06/2026 2:47;0;0
27/06/2026 2:48;0;0
27/06/2026 2:49;0;0
27/06/2026 2:50;0;0
27/06/2026 2:51;0;0
27/06/2026 2:52;0;0
27/06/2026 2:53;0;0
27/06/2026 2:54;0;0
27/06/2026 2:55;0;0
27/06/2026 2:56;0;0
27/06/2026 2:57;0;0
27/06/2026 2:58;0;0
27/06/2026 2:59;0;0
27/06/2026 3:00;0;0
27/06/2026 3:01;0;0
27/06/2026 3:02;0;0
27/06/2026 3:03;0;0
27/06/2026 3:04;0;0
27/06/2026 3:05;0;0
27/06/2026 3:06;0;0
27/06/2026 3:07;0;0
27/06/2026 3:08;0;0
27/06/2026 3:09;0;0
27/06/2026 3:10;0;0
27/06/2026 3:11;0;0
27/06/2026 3:12;0;0
27/06/2026 3:13;0;0
27/06/2026 3:14;0;0
27/06/2026 3:15;0;0
27/06/2026 3:16;0;0
27/06/2026 3:17;0;0
27/06/2026 3:18;0;0
27/06/2026 3:19;0;0
27/06/2026 3:20;0;0
27/06/2026 3:21;0;0
27/06/2026 3:22;0;0
27/06/2026 3:23;0;0
27/06/2026 3:24;0;0
27/06/2026 3:25;0;0
27/06/2026 3:26;0;0
27/06/2026 3:27;0;0
27/06/2026 3:28;0;0
27/06/2026 3:29;0;0
27/06/2026 3:30;0;0
27/06/2026 3:31;0;0
27/06/2026 3:32;0;0
27/06/2026 3:33;0;0
27/06/2026 3:34;0;0
27/06/2026 3:35;0;0
27/06/2026 3:36;0;0
27/06/2026 3:37;0;0
27/06/2026 3:38;0;0
27/06/2026 3:39;0;0
27/06/2026 3:40;0;0
27/06/2026 3:41;0;0
27/06/2026 3:42;0;0
27/06/2026 3:43;0;0
27/06/2026 3:44;0;0
27/06/2026 3:45;0;0
27/06/2026 3:46;0;0
27/06/2026 3:47;0;0
27/06/2026 3:48;0;0
27/06/2026 3:49;0;0
27/06/2026 3:50;0;0
27/06/2026 3:51;0;0
27/06/2026 3:52;0;0
27/06/2026 3:53;0;0
27/06/2026 3:54;0;0
27/06/2026 3:55;0;0
27/06/2026 3:56;0;0
27/06/2026 3:57;0;0
27/06/2026 3:58;0;0
27/06/2026 3:59;0;0
27/06/2026 4:00;0;0
27/06/2026 4:01;0;0
27/06/2026 4:02;0;0
27/06/2026 4:03;0;0
27/06/2026 4:04;0;0
27/06/2026 4:05;0;0
27/06/2026 4:06;0;0
27/06/2026 4:07;0;0
27/06/2026 4:08;0;0
27/06/2026 4:09;0;0
27/06/2026 4:10;0;0
27/06/2026 4:11;0;0
27/06/2026 4:12;0;0
27/06/2026 4:13;0;0
27/06/2026 4:14;0;0
27/06/2026 4:15;0;0
27/06/2026 4:16;0;0
27/06/2026 4:17;0;0
27/06/2026 4:18;0;0
27/06/2026 4:19;0;0
27/06/2026 4:20;0;0
27/06/2026 4:21;0;0
27/06/2026 4:22;0;0
27/06/2026 4:23;0;0
27/06/2026 4:24;0;0
27/06/2026 4:25;0;0
27/06/2026 4:26;0;0
27/06/2026 4:27;0;0
27/06/2026 4:28;0;0
27/06/2026 4:29;0;0
27/06/2026 4:30;0;0
27/06/2026 4:31;0;0
27/06/2026 4:32;0;0
27/06/2026 4:33;0;0
27/06/2026 4:34;0;0
27/06/2026 4:35;0;0
27/06/2026 4:36;0;0
27/06/2026 4:37;0;0
27/06/2026 4:38;0;0
27/06/2026 4:39;0;0
27/06/2026 4:40;0;0
27/06/2026 4:41;0;0
27/06/2026 4:42;0;0
27/06/2026 4:43;0;0
27/06/2026 4:44;0;0
27/06/2026 4:45;0;0
27/06/2026 4:46;0;0
27/06/2026 4:47;0;0
27/06/2026 4:48;0;0
27/06/2026 4:49;0;0
27/06/2026 4:50;0;0
27/06/2026 4:51;0;0
27/06/2026 4:52;0;0
27/06/2026 4:53;0;0
27/06/2026 4:54;0;0
27/06/2026 4:55;0;0
27/06/2026 4:56;0;0
27/06/2026 4:57;0;0
27/06/2026 4:58;0;0
27/06/2026 4:59;0;0
27/06/2026 5:00;0;0
27/06/2026 5:01;0;0
27/06/2026 5:02;0;0
27/06/2026 5:03;0;0
27/06/2026 5:04;0;0
27/06/2026 5:05;0;0
27/06/2026 5:06;0;0
27/06/2026 5:07;0;0
27/06/2026 5:08;0;0
27/06/2026 5:09;0;0
27/06/2026 5:10;0;0
27/06/2026 5:11;0;0
27/06/2026 5:12;0;0
27/06/2026 5:13;0;0
27/06/2026 5:14;0;0
27/06/2026 5:15;0;0
27/06/2026 5:16;0;0
27/06/2026 5:17;0;0
27/06/2026 5:18;0;0
27/06/2026 5:19;0;0
27/06/2026 5:20;0;0
27/06/2026 5:21;0;0
27/06/2026 5:22;0;0
27/06/2026 5:23;0;0
27/06/2026 5:24;0;0
27/06/2026 5:25;0;0
27/06/2026 5:26;0;0
27/06/2026 5:27;0;0
27/06/2026 5:28;0;0
27/06/2026 5:29;0;0
27/06/2026 5:30;0;0
27/06/2026 5:31;0;0
27/06/2026 5:32;0;0
27/06/2026 5:33;0;0
27/06/2026 5:34;0;0
27/06/2026 5:35;0;0
27/06/2026 5:36;0;0
27/06/2026 5:37;0;0
27/06/2026 5:38;0;0
27/06/2026 5:39;0;0
27/06/2026 5:40;0;0
27/06/2026 5:41;0;0
27/06/2026 5:42;0;0
27/06/2026 5:43;0;0
27/06/2026 5:44;0;0
27/06/2026 5:45;0;0
27/06/2026 5:46;0;0
27/06/2026 5:47;0;0
27/06/2026 5:48;0;0
27/06/2026 5:49;0;0
27/06/2026 5:50;0;0
27/06/2026 5:51;0;0
27/06/2026 5:52;0;0
27/06/2026 5:53;0;0
27/06/2026 5:54;0;0
27/06/2026 5:55;0;0
27/06/2026 5:56;0;0
27/06/2026 5:57;0;0
27/06/2026 5:58;0;0
27/06/2026 5:59;0;0
27/06/2026 6:00;0;0
27/06/2026 6:01;0;0
27/06/2026 6:02;0;0
27/06/2026 6:03;0;0
27/06/2026 6:04;0;0
27/06/2026 6:05;0;0
27/06/2026 6:06;0;0
27/06/2026 6:07;0;0
27/06/2026 6:08;0;0
27/06/2026 6:09;0;0
27/06/2026 6:10;0;0
27/06/2026 6:11;0;0
27/06/2026 6:12;0;0
27/06/2026 6:13;0;0
27/06/2026 6:14;0;0
27/06/2026 6:15;0;0
27/06/2026 6:16;0;0
27/06/2026 6:17;0;0
27/06/2026 6:18;0;0
27/06/2026 6:19;0;0
27/06/2026 6:20;0;0
27/06/2026 6:21;0;0
27/06/2026 6:22;0;0
27/06/2026 6:23;0;0
27/06/2026 6:24;0;0
27/06/2026 6:25;0;0
27/06/2026 6:26;0;0
27/06/2026 6:27;0;0
27/06/2026 6:28;0;0
27/06/2026 6:29;0;0
27/06/2026 6:30;0;0
27/06/2026 6:31;0;0
27/06/2026 6:32;0;0
27/06/2026 6:33;0;0
27/06/2026 6:34;0;0
27/06/2026 6:35;0;0
27/06/2026 6:36;0;0
27/06/2026 6:37;0;0
27/06/2026 6:38;0;0
27/06/2026 6:39;0;0
27/06/2026 6:40;0;0
27/06/2026 6:41;0;0
27/06/2026 6:42;0;0
27/06/2026 6:43;0;0
27/06/2026 6:44;0;0
27/06/2026 6:45;0;0
27/06/2026 6:46;0;0
27/06/2026 6:47;0;0
27/06/2026 6:48;0;0
27/06/2026 6:49;0;0
27/06/2026 6:50;0;0
27/06/2026 6:51;0;0
27/06/2026 6:52;0;0
27/06/2026 6:53;0;0
27/06/2026 6:54;0;0
27/06/2026 6:55;0;0
27/06/2026 6:56;0;0
27/06/2026 6:57;0;0
27/06/2026 6:58;0;0
27/06/2026 6:59;0;0
27/06/2026 7:00;0;0
27/06/2026 7:01;0;0
27/06/2026 7:02;0;0
27/06/2026 7:03;0;0
27/06/2026 7:04;0;0
27/06/2026 7:05;0;0
27/06/2026 7:06;0;0
27/06/2026 7:07;0;0
27/06/2026 7:08;0;0
27/06/2026 7:09;0;0
27/06/2026 7:10;0;0
27/06/2026 7:11;0;0
27/06/2026 7:12;0;0
27/06/2026 7:13;0;0
27/06/2026 7:14;0;0
27/06/2026 7:15;0;0
27/06/2026 7:16;0;0
27/06/2026 7:17;0;0
27/06/2026 7:18;0;0
27/06/2026 7:19;0;0
27/06/2026 7:20;0;0
27/06/2026 7:21;0;0
27/06/2026 7:22;0;0
27/06/2026 7:23;0;0
27/06/2026 7:24;0;0
27/06/2026 7:25;0;0
27/06/2026 7:26;0;0
27/06/2026 7:27;0;0
27/06/2026 7:28;0;0
27/06/2026 7:29;0;0
27/06/2026 7:30;0;0
27/06/2026 7:31;0;0
27/06/2026 7:32;0;0
27/06/2026 7:33;0;0
27/06/2026 7:34;0;0
27/06/2026 7:35;0;0
27/06/2026 7:36;0;0
27/06/2026 7:37;0;0
27/06/2026 7:38;0;0
27/06/2026 7:39;0;0
27/06/2026 7:40;0;0
27/06/2026 7:41;0;0
27/06/2026 7:42;0;0
27/06/2026 7:43;0;0
27/06/2026 7:44;0;0
27/06/2026 7:45;0;0
27/06/2026 7:46;0;0
27/06/2026 7:47;0;0
27/06/2026 7:48;0;0
27/06/2026 7:49;0;0
27/06/2026 7:50;0;0
27/06/2026 7:51;0;0
27/06/2026 7:52;0;0
27/06/2026 7:53;0;0
27/06/2026 7:54;0;0
27/06/2026 7:55;0;0
27/06/2026 7:56;0;0
27/06/2026 7:57;0;0
27/06/2026 7:58;0;0
27/06/2026 7:59;1;0
27/06/2026 8:00;3;0
27/06/2026 8:01;17;87,1
27/06/2026 8:02;16;0
27/06/2026 8:03;18;0
27/06/2026 8:04;15;0
27/06/2026 8:05;21;0
27/06/2026 8:06;9;0
27/06/2026 8:07;22;0
27/06/2026 8:08;6;0
27/06/2026 8:09;11;0
27/06/2026 8:10;6;0
27/06/2026 8:11;7;84,2
27/06/2026 8:12;18;0
27/06/2026 8:13;21;0
27/06/2026 8:14;11;0
27/06/2026 8:15;22;0
27/06/2026 8:16;45;0
27/06/2026 8:17;60;0
27/06/2026 8:18;57;0
27/06/2026 8:19;70;0
27/06/2026 8:20;62;0
27/06/2026 8:21;81;116
27/06/2026 8:22;24;0
27/06/2026 8:23;61;0
27/06/2026 8:24;82;0
27/06/2026 8:25;89;0
27/06/2026 8:26;91;0
27/06/2026 8:27;96;0
27/06/2026 8:28;98;0
27/06/2026 8:29;101;0
27/06/2026 8:30;92;0
27/06/2026 8:31;107;163
27/06/2026 8:32;109;0
27/06/2026 8:33;112;0
27/06/2026 8:34;114;0
27/06/2026 8:35;117;0
27/06/2026 8:36;119;0
27/06/2026 8:37;122;0
27/06/2026 8:38;124;0
27/06/2026 8:39;128;0
27/06/2026 8:40;131;0
27/06/2026 8:41;133;183
27/06/2026 8:42;130;0
27/06/2026 8:43;139;0
27/06/2026 8:44;143;0
27/06/2026 8:45;145;0
27/06/2026 8:46;149;0
27/06/2026 8:47;151;0
27/06/2026 8:48;154;0
27/06/2026 8:49;157;0
27/06/2026 8:50;160;0
27/06/2026 8:51;163;209
27/06/2026 8:52;166;0
27/06/2026 8:53;169;0
27/06/2026 8:54;173;0
27/06/2026 8:55;174;0
27/06/2026 8:56;177;0
27/06/2026 8:57;182;0
27/06/2026 8:58;187;0
27/06/2026 8:59;188;0
27/06/2026 9:00;191;0
27/06/2026 9:01;193;244
27/06/2026 9:02;196;0
27/06/2026 9:03;199;0
27/06/2026 9:04;201;0
27/06/2026 9:05;205;0
27/06/2026 9:06;206;0
27/06/2026 9:07;210;0
27/06/2026 9:08;213;0
27/06/2026 9:09;215;0
27/06/2026 9:10;219;0
27/06/2026 9:11;222;299
27/06/2026 9:12;224;0
27/06/2026 9:13;227;0
27/06/2026 9:14;230;0
27/06/2026 9:15;234;0
27/06/2026 9:16;236;0
27/06/2026 9:17;241;0
27/06/2026 9:18;244;0
27/06/2026 9:19;247;0
27/06/2026 9:20;250;0
27/06/2026 9:21;253;290
27/06/2026 9:22;257;0
27/06/2026 9:23;260;0
27/06/2026 9:24;262;0
27/06/2026 9:25;268;0
27/06/2026 9:26;270;0
27/06/2026 9:27;272;0
27/06/2026 9:28;273;0
27/06/2026 9:29;278;0
27/06/2026 9:30;281;0
27/06/2026 9:31;285;316
27/06/2026 9:32;288;0
27/06/2026 9:33;290;0
27/06/2026 9:34;290;0
27/06/2026 9:35;296;0
27/06/2026 9:36;299;0
27/06/2026 9:37;301;0
27/06/2026 9:38;304;0
27/06/2026 9:39;308;0
27/06/2026 9:40;330;0
27/06/2026 9:41;314;325
27/06/2026 9:42;317;0
27/06/2026 9:43;317;0
27/06/2026 9:44;318;0
27/06/2026 9:45;324;0
27/06/2026 9:46;326;0
27/06/2026 9:47;328;0
27/06/2026 9:48;332;0
27/06/2026 9:49;336;0
27/06/2026 9:50;338;0
27/06/2026 9:51;341;366
27/06/2026 9:52;345;0
27/06/2026 9:53;348;0
27/06/2026 9:54;351;0
27/06/2026 9:55;354;0
27/06/2026 9:56;355;0
27/06/2026 9:57;358;0
27/06/2026 9:58;360;0
27/06/2026 9:59;361;0
27/06/2026 10:00;364;0
27/06/2026 10:01;369;421
27/06/2026 10:02;370;0
27/06/2026 10:03;373;0
27/06/2026 10:04;373;0
27/06/2026 10:05;378;0
27/06/2026 10:06;381;0
27/06/2026 10:07;384;0
27/06/2026 10:08;386;0
27/06/2026 10:09;388;0
27/06/2026 10:10;390;0
27/06/2026 10:11;391;412
27/06/2026 10:12;393;0
27/06/2026 10:13;396;0
27/06/2026 10:14;402;0
27/06/2026 10:15;403;0
27/06/2026 10:16;405;0
27/06/2026 10:17;409;0
27/06/2026 10:18;411;0
27/06/2026 10:19;414;0
27/06/2026 10:20;415;0
27/06/2026 10:21;418;456
27/06/2026 10:22;420;0
27/06/2026 10:23;423;0
27/06/2026 10:24;425;0
27/06/2026 10:25;429;0
27/06/2026 10:26;431;0
27/06/2026 10:27;434;0
27/06/2026 10:28;437;0
27/06/2026 10:29;441;0
27/06/2026 10:30;437;0
27/06/2026 10:31;441;470
27/06/2026 10:32;442;0
27/06/2026 10:33;444;0
27/06/2026 10:34;446;0
27/06/2026 10:35;450;0
27/06/2026 10:36;450;0
27/06/2026 10:37;454;0
27/06/2026 10:38;457;0
27/06/2026 10:39;458;0
27/06/2026 10:40;460;0
27/06/2026 10:41;463;493
27/06/2026 10:42;465;0
27/06/2026 10:43;468;0
27/06/2026 10:44;468;0
27/06/2026 10:45;471;0
27/06/2026 10:46;474;0
27/06/2026 10:47;477;0
27/06/2026 10:48;480;0
27/06/2026 10:49;483;0
27/06/2026 10:50;483;0
27/06/2026 10:51;486;525
27/06/2026 10:52;487;0
27/06/2026 10:53;488;0
27/06/2026 10:54;492;0
27/06/2026 10:55;494;0
27/06/2026 10:56;496;0
27/06/2026 10:57;500;0
27/06/2026 10:58;500;0
27/06/2026 10:59;502;0
27/06/2026 11:00;502;0
27/06/2026 11:01;504;546
27/06/2026 11:02;508;0
27/06/2026 11:03;508;0
27/06/2026 11:04;490;0
27/06/2026 11:05;510;0
27/06/2026 11:06;511;0
27/06/2026 11:07;516;0
27/06/2026 11:08;519;0
27/06/2026 11:09;517;0
27/06/2026 11:10;521;0
27/06/2026 11:11;524;531
27/06/2026 11:12;525;0
27/06/2026 11:13;528;0
27/06/2026 11:14;529;0
27/06/2026 11:15;533;0
27/06/2026 11:16;536;0
27/06/2026 11:17;536;0
27/06/2026 11:18;536;0
27/06/2026 11:19;537;0
27/06/2026 11:20;538;0
27/06/2026 11:21;540;586
27/06/2026 11:22;541;0
27/06/2026 11:23;543;0
27/06/2026 11:24;543;0
27/06/2026 11:25;546;0
27/06/2026 11:26;549;0
27/06/2026 11:27;549;0
27/06/2026 11:28;551;0
27/06/2026 11:29;552;0
27/06/2026 11:30;553;0
27/06/2026 11:31;555;572
27/06/2026 11:32;556;0
27/06/2026 11:33;556;0
27/06/2026 11:34;556;0
27/06/2026 11:35;555;0
27/06/2026 11:36;557;0
27/06/2026 11:37;559;0
27/06/2026 11:38;563;0
27/06/2026 11:39;564;0
27/06/2026 11:40;565;0
27/06/2026 11:41;568;615
27/06/2026 11:42;571;0
27/06/2026 11:43;572;0
27/06/2026 11:44;573;0
27/06/2026 11:45;574;0
27/06/2026 11:46;575;0
27/06/2026 11:47;577;0
27/06/2026 11:48;578;0
27/06/2026 11:49;577;0
27/06/2026 11:50;577;0
27/06/2026 11:51;579;583
27/06/2026 11:52;583;0
27/06/2026 11:53;582;0
27/06/2026 11:54;583;0
27/06/2026 11:55;584;0
27/06/2026 11:56;584;0
27/06/2026 11:57;586;0
27/06/2026 11:58;588;0
27/06/2026 11:59;590;0
27/06/2026 12:00;590;0
27/06/2026 12:01;588;641
27/06/2026 12:02;588;0
27/06/2026 12:03;589;0
27/06/2026 12:04;591;0
27/06/2026 12:05;594;0
27/06/2026 12:06;598;0
27/06/2026 12:07;599;0
27/06/2026 12:08;602;0
27/06/2026 12:09;605;0
27/06/2026 12:10;609;0
27/06/2026 12:11;609;630
27/06/2026 12:12;610;0
27/06/2026 12:13;611;0
27/06/2026 12:14;612;0
27/06/2026 12:15;613;0
27/06/2026 12:16;612;0
27/06/2026 12:17;614;0
27/06/2026 12:18;615;0
27/06/2026 12:19;611;0
27/06/2026 12:20;608;0
27/06/2026 12:21;609;641
27/06/2026 12:22;611;0
27/06/2026 12:23;613;0
27/06/2026 12:24;614;0
27/06/2026 12:25;617;0
27/06/2026 12:26;620;0
27/06/2026 12:27;620;0
27/06/2026 12:28;622;0
27/06/2026 12:29;623;0
27/06/2026 12:30;625;0
27/06/2026 12:31;622;670
27/06/2026 12:32;624;0
27/06/2026 12:33;579;0
27/06/2026 12:34;629;0
27/06/2026 12:35;628;0
27/06/2026 12:36;628;0
27/06/2026 12:37;627;0
27/06/2026 12:38;628;0
27/06/2026 12:39;626;0
27/06/2026 12:40;627;0
27/06/2026 12:41;627;659
27/06/2026 12:42;624;0
27/06/2026 12:43;625;0
27/06/2026 12:44;628;0
27/06/2026 12:45;629;0
27/06/2026 12:46;630;0
27/06/2026 12:47;632;0
27/06/2026 12:48;631;0
27/06/2026 12:49;634;0
27/06/2026 12:50;634;0
27/06/2026 12:51;639;659
27/06/2026 12:52;640;0
27/06/2026 12:53;640;0
27/06/2026 12:54;641;0
27/06/2026 12:55;644;0
27/06/2026 12:56;644;0
27/06/2026 12:57;646;0
27/06/2026 12:58;649;0
27/06/2026 12:59;650;0
27/06/2026 13:00;651;0
27/06/2026 13:01;658;633
27/06/2026 13:02;661;0
27/06/2026 13:03;656;0
27/06/2026 13:04;656;0
27/06/2026 13:05;654;0
27/06/2026 13:06;655;0
27/06/2026 13:07;654;0
27/06/2026 13:08;656;0
27/06/2026 13:09;654;0
27/06/2026 13:10;651;0
27/06/2026 13:11;653;668
27/06/2026 13:12;656;0
27/06/2026 13:13;657;0
27/06/2026 13:14;659;0
27/06/2026 13:15;654;0
27/06/2026 13:16;651;0
27/06/2026 13:17;647;0
27/06/2026 13:18;649;0
27/06/2026 13:19;647;0
27/06/2026 13:20;647;0
27/06/2026 13:21;650;647
27/06/2026 13:22;648;0
27/06/2026 13:23;648;0
27/06/2026 13:24;654;0
27/06/2026 13:25;657;0
27/06/2026 13:26;655;0
27/06/2026 13:27;653;0
27/06/2026 13:28;653;0
27/06/2026 13:29;653;0
27/06/2026 13:30;654;0
27/06/2026 13:31;651;624
27/06/2026 13:32;653;0
27/06/2026 13:33;656;0
27/06/2026 13:34;655;0
27/06/2026 13:35;658;0
27/06/2026 13:36;659;0
27/06/2026 13:37;653;0
27/06/2026 13:38;658;0
27/06/2026 13:39;657;0
27/06/2026 13:40;657;0
27/06/2026 13:41;657;636
27/06/2026 13:42;656;0
27/06/2026 13:43;656;0
27/06/2026 13:44;651;0
27/06/2026 13:45;656;0
27/06/2026 13:46;660;0
27/06/2026 13:47;659;0
27/06/2026 13:48;661;0
27/06/2026 13:49;654;0
27/06/2026 13:50;656;0
27/06/2026 13:51;657;647
27/06/2026 13:52;657;0
27/06/2026 13:53;659;0
27/06/2026 13:54;571;0
27/06/2026 13:55;663;0
27/06/2026 13:56;662;0
27/06/2026 13:57;663;0
27/06/2026 13:58;664;0
27/06/2026 13:59;660;0
27/06/2026 14:00;659;0
27/06/2026 14:01;661;653
27/06/2026 14:02;659;0
27/06/2026 14:03;663;0
27/06/2026 14:04;666;0
27/06/2026 14:05;663;0
27/06/2026 14:06;662;0
27/06/2026 14:07;663;0
27/06/2026 14:08;661;0
27/06/2026 14:09;658;0
27/06/2026 14:10;658;0
27/06/2026 14:11;658;621
27/06/2026 14:12;659;0
27/06/2026 14:13;659;0
27/06/2026 14:14;663;0
27/06/2026 14:15;662;0
27/06/2026 14:16;662;0
27/06/2026 14:17;662;0
27/06/2026 14:18;660;0
27/06/2026 14:19;657;0
27/06/2026 14:20;654;0
27/06/2026 14:21;656;598
27/06/2026 14:22;657;0
27/06/2026 14:23;655;0
27/06/2026 14:24;659;0
27/06/2026 14:25;658;0
27/06/2026 14:26;658;0
27/06/2026 14:27;661;0
27/06/2026 14:28;662;0
27/06/2026 14:29;660;0
27/06/2026 14:30;659;0
27/06/2026 14:31;658;580
27/06/2026 14:32;658;0
27/06/2026 14:33;653;0
27/06/2026 14:34;651;0
27/06/2026 14:35;643;0
27/06/2026 14:36;646;0
27/06/2026 14:37;645;0
27/06/2026 14:38;645;0
27/06/2026 14:39;648;0
27/06/2026 14:40;642;0
27/06/2026 14:41;643;554
27/06/2026 14:42;653;0
27/06/2026 14:43;402;0
27/06/2026 14:44;644;0
27/06/2026 14:45;646;0
27/06/2026 14:46;650;0
27/06/2026 14:47;650;0
27/06/2026 14:48;655;0
27/06/2026 14:49;655;0
27/06/2026 14:50;650;0
27/06/2026 14:51;648;537
27/06/2026 14:52;648;0
27/06/2026 14:53;648;0
27/06/2026 14:54;647;0
27/06/2026 14:55;646;0
27/06/2026 14:56;645;0
27/06/2026 14:57;642;0
27/06/2026 14:58;639;0
27/06/2026 14:59;635;0
27/06/2026 15:00;634;0
27/06/2026 15:01;636;566
27/06/2026 15:02;635;0
27/06/2026 15:03;633;0
27/06/2026 15:04;630;0
27/06/2026 15:05;628;0
27/06/2026 15:06;624;0
27/06/2026 15:07;624;0
27/06/2026 15:08;625;0
27/06/2026 15:09;624;0
27/06/2026 15:10;619;0
27/06/2026 15:11;622;517
27/06/2026 15:12;618;0
27/06/2026 15:13;620;0
27/06/2026 15:14;633;0
27/06/2026 15:15;632;0
27/06/2026 15:16;631;0
27/06/2026 15:17;618;0
27/06/2026 15:18;615;0
27/06/2026 15:19;611;0
27/06/2026 15:20;609;0
27/06/2026 15:21;611;499
27/06/2026 15:22;611;0
27/06/2026 15:23;616;0
27/06/2026 15:24;614;0
27/06/2026 15:25;611;0
27/06/2026 15:26;573;0
27/06/2026 15:27;611;0
27/06/2026 15:28;605;0
27/06/2026 15:29;603;0
27/06/2026 15:30;600;0
27/06/2026 15:31;604;441
27/06/2026 15:32;604;0
27/06/2026 15:33;605;0
27/06/2026 15:34;607;0
27/06/2026 15:35;608;0
27/06/2026 15:36;605;0
27/06/2026 15:37;605;0
27/06/2026 15:38;602;0
27/06/2026 15:39;598;0
27/06/2026 15:40;597;0
27/06/2026 15:41;596;421
27/06/2026 15:42;594;0
27/06/2026 15:43;590;0
27/06/2026 15:44;590;0
27/06/2026 15:45;590;0
27/06/2026 15:46;586;0
27/06/2026 15:47;580;0
27/06/2026 15:48;580;0
27/06/2026 15:49;579;0
27/06/2026 15:50;575;0
27/06/2026 15:51;574;409
27/06/2026 15:52;580;0
27/06/2026 15:53;585;0
27/06/2026 15:54;581;0
27/06/2026 15:55;579;0
27/06/2026 15:56;578;0
27/06/2026 15:57;574;0
27/06/2026 15:58;572;0
27/06/2026 15:59;572;0
27/06/2026 16:00;571;0
27/06/2026 16:01;573;401
27/06/2026 16:02;566;0
27/06/2026 16:03;555;0
27/06/2026 16:04;556;0
27/06/2026 16:05;558;0
27/06/2026 16:06;558;0
27/06/2026 16:07;557;0
27/06/2026 16:08;557;0
27/06/2026 16:09;557;0
27/06/2026 16:10;556;0
27/06/2026 16:11;552;383
27/06/2026 16:12;547;0
27/06/2026 16:13;544;0
27/06/2026 16:14;543;0
27/06/2026 16:15;540;0
27/06/2026 16:16;537;0
27/06/2026 16:17;534;0
27/06/2026 16:18;531;0
27/06/2026 16:19;532;0
27/06/2026 16:20;531;0
27/06/2026 16:21;531;363
27/06/2026 16:22;531;0
27/06/2026 16:23;529;0
27/06/2026 16:24;524;0
27/06/2026 16:25;524;0
27/06/2026 16:26;525;0
27/06/2026 16:27;523;0
27/06/2026 16:28;522;0
27/06/2026 16:29;521;0
27/06/2026 16:30;519;0
27/06/2026 16:31;519;337
27/06/2026 16:32;516;0
27/06/2026 16:33;515;0
27/06/2026 16:34;514;0
27/06/2026 16:35;510;0
27/06/2026 16:36;505;0
27/06/2026 16:37;501;0
27/06/2026 16:38;501;0
27/06/2026 16:39;502;0
27/06/2026 16:40;502;0
27/06/2026 16:41;500;331
27/06/2026 16:42;497;0
27/06/2026 16:43;495;0
27/06/2026 16:44;496;0
27/06/2026 16:45;494;0
27/06/2026 16:46;490;0
27/06/2026 16:47;488;0
27/06/2026 16:48;484;0
27/06/2026 16:49;482;0
27/06/2026 16:50;479;0
27/06/2026 16:51;477;299
27/06/2026 16:52;475;0
27/06/2026 16:53;470;0
27/06/2026 16:54;470;0
27/06/2026 16:55;470;0
27/06/2026 16:56;467;0
27/06/2026 16:57;465;0
27/06/2026 16:58;463;0
27/06/2026 16:59;460;0
27/06/2026 17:00;459;0
27/06/2026 17:01;457;287
27/06/2026 17:02;456;0
27/06/2026 17:03;453;0
27/06/2026 17:04;452;0
27/06/2026 17:05;448;0
27/06/2026 17:06;444;0
27/06/2026 17:07;442;0
27/06/2026 17:08;439;0
27/06/2026 17:09;438;0
27/06/2026 17:10;437;0
27/06/2026 17:11;435;270
27/06/2026 17:12;430;0
27/06/2026 17:13;427;0
27/06/2026 17:14;424;0
27/06/2026 17:15;422;0
27/06/2026 17:16;420;0
27/06/2026 17:17;413;0
27/06/2026 17:18;416;0
27/06/2026 17:19;410;0
27/06/2026 17:20;408;0
27/06/2026 17:21;407;252
27/06/2026 17:22;404;0
27/06/2026 17:23;400;0
27/06/2026 17:24;396;0
27/06/2026 17:25;392;0
27/06/2026 17:26;388;0
27/06/2026 17:27;386;0
27/06/2026 17:28;388;0
27/06/2026 17:29;385;0
27/06/2026 17:30;383;0
27/06/2026 17:31;379;197
27/06/2026 17:32;375;0
27/06/2026 17:33;375;0
27/06/2026 17:34;371;0
27/06/2026 17:35;371;0
27/06/2026 17:36;369;0
27/06/2026 17:37;370;0
27/06/2026 17:38;368;0
27/06/2026 17:39;366;0
27/06/2026 17:40;369;0
27/06/2026 17:41;364;186
27/06/2026 17:42;359;0
27/06/2026 17:43;355;0
27/06/2026 17:44;352;0
27/06/2026 17:45;350;0
27/06/2026 17:46;348;0
27/06/2026 17:47;346;0
27/06/2026 17:48;345;0
27/06/2026 17:49;347;0
27/06/2026 17:50;321;0
27/06/2026 17:51;319;151
27/06/2026 17:52;335;0
27/06/2026 17:53;335;0
27/06/2026 17:54;329;0
27/06/2026 17:55;326;0
27/06/2026 17:56;326;0
27/06/2026 17:57;324;0
27/06/2026 17:58;322;0
27/06/2026 17:59;319;0
27/06/2026 18:00;316;0
27/06/2026 18:01;313;134
27/06/2026 18:02;310;0
27/06/2026 18:03;297;0
27/06/2026 18:04;296;0
27/06/2026 18:05;287;0
27/06/2026 18:06;260;0
27/06/2026 18:07;269;0
27/06/2026 18:08;263;0
27/06/2026 18:09;255;0
27/06/2026 18:10;249;0
27/06/2026 18:11;240;113
27/06/2026 18:12;215;0
27/06/2026 18:13;234;0
27/06/2026 18:14;211;0
27/06/2026 18:15;28;0
27/06/2026 18:16;187;0
27/06/2026 18:17;188;0
27/06/2026 18:18;192;0
27/06/2026 18:19;201;0
27/06/2026 18:20;191;0
27/06/2026 18:21;202;107
27/06/2026 18:22;177;0
27/06/2026 18:23;170;0
27/06/2026 18:24;178;0
27/06/2026 18:25;176;0
27/06/2026 18:26;185;0
27/06/2026 18:27;192;0
27/06/2026 18:28;186;0
27/06/2026 18:29;180;0
27/06/2026 18:30;174;0
27/06/2026 18:31;172;104
27/06/2026 18:32;165;0
27/06/2026 18:33;163;0
27/06/2026 18:34;154;0
27/06/2026 18:35;152;0
27/06/2026 18:36;142;0
27/06/2026 18:37;151;0
27/06/2026 18:38;144;0
27/06/2026 18:39;123;0
27/06/2026 18:40;132;0
27/06/2026 18:41;143;102
27/06/2026 18:42;147;0
27/06/2026 18:43;135;0
27/06/2026 18:44;137;0
27/06/2026 18:45;134;0
27/06/2026 18:46;138;0
27/06/2026 18:47;139;0
27/06/2026 18:48;133;0
27/06/2026 18:49;120;0
27/06/2026 18:50;98;0
27/06/2026 18:51;105;90
27/06/2026 18:52;120;0
27/06/2026 18:53;120;0
27/06/2026 18:54;107;0
27/06/2026 18:55;93;0
27/06/2026 18:56;91;0
27/06/2026 18:57;101;0
27/06/2026 18:58;102;0
27/06/2026 18:59;100;0
27/06/2026 19:00;88;0
27/06/2026 19:01;71;90
27/06/2026 19:02;94;0
27/06/2026 19:03;86;0
27/06/2026 19:04;72;0
27/06/2026 19:05;79;0
27/06/2026 19:06;69;0
27/06/2026 19:07;68;0
27/06/2026 19:08;67;0
27/06/2026 19:09;64;0
27/06/2026 19:10;63;0
27/06/2026 19:11;60;81,3
27/06/2026 19:12;57;0
27/06/2026 19:13;56;0
27/06/2026 19:14;49;0
27/06/2026 19:15;46;0
27/06/2026 19:16;45;0
27/06/2026 19:17;40;0
27/06/2026 19:18;34;0
27/06/2026 19:19;38;0
27/06/2026 19:20;38;0
27/06/2026 19:21;34;84,2
27/06/2026 19:22;28;0
27/06/2026 19:23;25;0
27/06/2026 19:24;25;0
27/06/2026 19:25;23;0
27/06/2026 19:26;24;0
27/06/2026 19:27;23;0
27/06/2026 19:28;21;0
27/06/2026 19:29;19;0
27/06/2026 19:30;16;0
27/06/2026 19:31;19;84,2
27/06/2026 19:32;19;0
27/06/2026 19:33;18;0
27/06/2026 19:34;15;0
27/06/2026 19:35;14;0
27/06/2026 19:36;11;0
27/06/2026 19:37;9;0
27/06/2026 19:38;9;0
27/06/2026 19:39;5;0
27/06/2026 19:40;4;0
27/06/2026 19:41;6;78,4
27/06/2026 19:42;9;0
27/06/2026 19:43;8;0
27/06/2026 19:44;8;0
27/06/2026 19:45;8;0
27/06/2026 19:46;9;0
27/06/2026 19:47;10;0
27/06/2026 19:48;11;0
27/06/2026 19:49;12;0
27/06/2026 19:50;13;0
27/06/2026 19:51;11;78,4
27/06/2026 19:52;12;0
27/06/2026 19:53;12;0
27/06/2026 19:54;12;0
27/06/2026 19:55;11;0
27/06/2026 19:56;11;0
27/06/2026 19:57;10;0
27/06/2026 19:58;11;0
27/06/2026 19:59;11;0
27/06/2026 20:00;10;0
27/06/2026 20:01;10;72,6
27/06/2026 20:02;10;0
27/06/2026 20:03;8;0
27/06/2026 20:04;8;0
27/06/2026 20:05;7;0
27/06/2026 20:06;6;0
27/06/2026 20:07;5;0
27/06/2026 20:08;4;0
27/06/2026 20:09;4;0
27/06/2026 20:10;5;0
27/06/2026 20:11;4;60,9
27/06/2026 20:12;5;0
27/06/2026 20:13;4;0
27/06/2026 20:14;5;0
27/06/2026 20:15;5;0
27/06/2026 20:16;4;0
27/06/2026 20:17;2;0
27/06/2026 20:18;1;0
27/06/2026 20:19;0;0
27/06/2026 20:20;0;0
27/06/2026 20:21;0;0
27/06/2026 20:22;0;0
27/06/2026 20:23;0;0
27/06/2026 20:24;0;0
27/06/2026 20:25;0;0
27/06/2026 20:26;0;0
27/06/2026 20:27;0;0
27/06/2026 20:28;0;0
27/06/2026 20:29;0;0
27/06/2026 20:30;0;0
27/06/2026 20:31;0;0
27/06/2026 20:32;0;0
27/06/2026 20:33;0;0
27/06/2026 20:34;0;0
27/06/2026 20:35;0;0
27/06/2026 20:36;0;0
27/06/2026 20:37;0;0
27/06/2026 20:38;0;0
27/06/2026 20:39;0;0
27/06/2026 20:40;0;0
27/06/2026 20:41;0;0
27/06/2026 20:42;0;0
27/06/2026 20:43;0;0
27/06/2026 20:44;0;0
27/06/2026 20:45;0;0
27/06/2026 20:46;0;0
27/06/2026 20:47;0;0
27/06/2026 20:48;0;0
27/06/2026 20:49;0;0
27/06/2026 20:50;0;0
27/06/2026 20:51;0;0
27/06/2026 20:52;0;0
27/06/2026 20:53;0;0
27/06/2026 20:54;0;0
27/06/2026 20:55;0;0
27/06/2026 20:56;0;0
27/06/2026 20:57;0;0
27/06/2026 20:58;0;0
27/06/2026 20:59;0;0
27/06/2026 21:00;0;0
27/06/2026 21:01;0;0
27/06/2026 21:02;0;0
27/06/2026 21:03;0;0
27/06/2026 21:04;0;0
27/06/2026 21:05;0;0
27/06/2026 21:06;0;0
27/06/2026 21:07;0;0
27/06/2026 21:08;0;0
27/06/2026 21:09;0;0
27/06/2026 21:10;0;0
27/06/2026 21:11;0;0
27/06/2026 21:12;0;0
27/06/2026 21:13;0;0
27/06/2026 21:14;0;0
27/06/2026 21:15;0;0
27/06/2026 21:16;0;0
27/06/2026 21:17;0;0
27/06/2026 21:18;0;0
27/06/2026 21:19;0;0
27/06/2026 21:20;0;0
27/06/2026 21:21;0;0
27/06/2026 21:22;0;0
27/06/2026 21:23;0;0
27/06/2026 21:24;0;0
27/06/2026 21:25;0;0
27/06/2026 21:26;0;0
27/06/2026 21:27;0;0
27/06/2026 21:28;0;0
27/06/2026 21:29;0;0
27/06/2026 21:30;0;0
27/06/2026 21:31;0;0
27/06/2026 21:32;0;0
27/06/2026 21:33;0;0
27/06/2026 21:34;0;0
27/06/2026 21:35;0;0
27/06/2026 21:36;0;0
27/06/2026 21:37;0;0
27/06/2026 21:38;0;0
27/06/2026 21:39;0;0
27/06/2026 21:40;0;0
27/06/2026 21:41;0;0
27/06/2026 21:42;0;0
27/06/2026 21:43;0;0
27/06/2026 21:44;0;0
27/06/2026 21:45;0;0
27/06/2026 21:46;0;0
27/06/2026 21:47;0;0
27/06/2026 21:48;0;0
27/06/2026 21:49;0;0
27/06/2026 21:50;0;0
27/06/2026 21:51;0;0
27/06/2026 21:52;0;0
27/06/2026 21:53;0;0
27/06/2026 21:54;0;0
27/06/2026 21:55;0;0
27/06/2026 21:56;0;0
27/06/2026 21:57;0;0
27/06/2026 21:58;0;0
27/06/2026 21:59;0;0
27/06/2026 22:00;0;0
27/06/2026 22:01;0;0
27/06/2026 22:02;0;0
27/06/2026 22:03;0;0
27/06/2026 22:04;0;0
27/06/2026 22:05;0;0
27/06/2026 22:06;0;0
27/06/2026 22:07;0;0
27/06/2026 22:08;0;0
27/06/2026 22:09;0;0
27/06/2026 22:10;0;0
27/06/2026 22:11;0;0
27/06/2026 22:12;0;0
27/06/2026 22:13;0;0
27/06/2026 22:14;0;0
27/06/2026 22:15;0;0
27/06/2026 22:16;0;0
27/06/2026 22:17;0;0
27/06/2026 22:18;0;0
27/06/2026 22:19;0;0
27/06/2026 22:20;0;0
27/06/2026 22:21;0;0
27/06/2026 22:22;0;0
27/06/2026 22:23;0;0
27/06/2026 22:24;0;0
27/06/2026 22:25;0;0
27/06/2026 22:26;0;0
27/06/2026 22:27;0;0
27/06/2026 22:28;0;0
27/06/2026 22:29;0;0
27/06/2026 22:30;0;0
27/06/2026 22:31;0;0
27/06/2026 22:32;0;0
27/06/2026 22:33;0;0
27/06/2026 22:34;0;0
27/06/2026 22:35;0;0
27/06/2026 22:36;0;0
27/06/2026 22:37;0;0
27/06/2026 22:38;0;0
27/06/2026 22:39;0;0
27/06/2026 22:40;0;0
27/06/2026 22:41;0;0
27/06/2026 22:42;0;0
27/06/2026 22:43;0;0
27/06/2026 22:44;0;0
27/06/2026 22:45;0;0
27/06/2026 22:46;0;0
27/06/2026 22:47;0;0
27/06/2026 22:48;0;0
27/06/2026 22:49;0;0
27/06/2026 22:50;0;0
27/06/2026 22:51;0;0
27/06/2026 22:52;0;0
27/06/2026 22:53;0;0
27/06/2026 22:54;0;0
27/06/2026 22:55;0;0
27/06/2026 22:56;0;0
27/06/2026 22:57;0;0
27/06/2026 22:58;0;0
27/06/2026 22:59;0;0
27/06/2026 23:00;0;0
27/06/2026 23:01;0;0
27/06/2026 23:02;0;0
27/06/2026 23:03;0;0
27/06/2026 23:04;0;0
27/06/2026 23:05;0;0
27/06/2026 23:06;0;0
27/06/2026 23:07;0;0
27/06/2026 23:08;0;0
27/06/2026 23:09;0;0
27/06/2026 23:10;0;0
27/06/2026 23:11;0;0
27/06/2026 23:12;0;0
27/06/2026 23:13;0;0
27/06/2026 23:14;0;0
27/06/2026 23:15;0;0
27/06/2026 23:16;0;0
27/06/2026 23:17;0;0
27/06/2026 23:18;0;0
27/06/2026 23:19;0;0
27/06/2026 23:20;0;0
27/06/2026 23:21;0;0
27/06/2026 23:22;0;0
27/06/2026 23:23;0;0
27/06/2026 23:24;0;0
27/06/2026 23:25;0;0
27/06/2026 23:26;0;0
27/06/2026 23:27;0;0
27/06/2026 23:28;0;0
27/06/2026 23:29;0;0
27/06/2026 23:30;0;0
27/06/2026 23:31;0;0
27/06/2026 23:32;0;0
27/06/2026 23:33;0;0
27/06/2026 23:34;0;0
27/06/2026 23:35;0;0
27/06/2026 23:36;0;0
27/06/2026 23:37;0;0
27/06/2026 23:38;0;0
27/06/2026 23:39;0;0
27/06/2026 23:40;0;0
27/06/2026 23:41;0;0
27/06/2026 23:42;0;0
27/06/2026 23:43;0;0
27/06/2026 23:44;0;0
27/06/2026 23:45;0;0
27/06/2026 23:46;0;0
27/06/2026 23:47;0;0
27/06/2026 23:48;0;0
27/06/2026 23:49;0;0
27/06/2026 23:50;0;0
27/06/2026 23:51;0;0
27/06/2026 23:52;0;0
27/06/2026 23:53;0;0
27/06/2026 23:54;0;0
27/06/2026 23:55;0;0
27/06/2026 23:56;0;0
27/06/2026 23:57;0;0
27/06/2026 23:58;0;0
27/06/2026 23:59;0;0
28/06/2026 0:00;0;0
28/06/2026 0:01;0;0
28/06/2026 0:02;0;0
28/06/2026 0:03;0;0
28/06/2026 0:04;0;0
28/06/2026 0:05;0;0
28/06/2026 0:06;0;0
28/06/2026 0:07;0;0
28/06/2026 0:08;0;0
28/06/2026 0:09;0;0
28/06/2026 0:10;0;0
28/06/2026 0:11;0;0
28/06/2026 0:12;0;0
28/06/2026 0:13;0;0
28/06/2026 0:14;0;0
28/06/2026 0:15;0;0
28/06/2026 0:16;0;0
28/06/2026 0:17;0;0
28/06/2026 0:18;0;0
28/06/2026 0:19;0;0
28/06/2026 0:20;0;0
28/06/2026 0:21;0;0
28/06/2026 0:22;0;0
28/06/2026 0:23;0;0
28/06/2026 0:24;0;0
28/06/2026 0:25;0;0
28/06/2026 0:26;0;0
28/06/2026 0:27;0;0
28/06/2026 0:28;0;0
28/06/2026 0:29;0;0
28/06/2026 0:30;0;0
28/06/2026 0:31;0;0
28/06/2026 0:32;0;0
28/06/2026 0:33;0;0
28/06/2026 0:34;0;0
28/06/2026 0:35;0;0
28/06/2026 0:36;0;0
28/06/2026 0:37;0;0
28/06/2026 0:38;0;0
28/06/2026 0:39;0;0
28/06/2026 0:40;0;0
28/06/2026 0:41;0;0
28/06/2026 0:42;0;0
28/06/2026 0:43;0;0
28/06/2026 0:44;0;0
28/06/2026 0:45;0;0
28/06/2026 0:46;0;0
28/06/2026 0:47;0;0
28/06/2026 0:48;0;0
28/06/2026 0:49;0;0
28/06/2026 0:50;0;0
28/06/2026 0:51;0;0
28/06/2026 0:52;0;0
28/06/2026 0:53;0;0
28/06/2026 0:54;0;0
28/06/2026 0:55;0;0
28/06/2026 0:56;0;0
28/06/2026 0:57;0;0
28/06/2026 0:58;0;0
28/06/2026 0:59;0;0
28/06/2026 1:00;0;0
28/06/2026 1:01;0;0
28/06/2026 1:02;0;0
28/06/2026 1:03;0;0
28/06/2026 1:04;0;0
28/06/2026 1:05;0;0
28/06/2026 1:06;0;0
28/06/2026 1:07;0;0
28/06/2026 1:08;0;0
28/06/2026 1:09;0;0
28/06/2026 1:10;0;0
28/06/2026 1:11;0;0
28/06/2026 1:12;0;0
28/06/2026 1:13;0;0
28/06/2026 1:14;0;0
28/06/2026 1:15;0;0
28/06/2026 1:16;0;0
28/06/2026 1:17;0;0
28/06/2026 1:18;0;0
28/06/2026 1:19;0;0
28/06/2026 1:20;0;0
28/06/2026 1:21;0;0
28/06/2026 1:22;0;0
28/06/2026 1:23;0;0
28/06/2026 1:24;0;0
28/06/2026 1:25;0;0
28/06/2026 1:26;0;0
28/06/2026 1:27;0;0
28/06/2026 1:28;0;0
28/06/2026 1:29;0;0
28/06/2026 1:30;0;0
28/06/2026 1:31;0;0
28/06/2026 1:32;0;0
28/06/2026 1:33;0;0
28/06/2026 1:34;0;0
28/06/2026 1:35;0;0
28/06/2026 1:36;0;0
28/06/2026 1:37;0;0
28/06/2026 1:38;0;0
28/06/2026 1:39;0;0
28/06/2026 1:40;0;0
28/06/2026 1:41;0;0
28/06/2026 1:42;0;0
28/06/2026 1:43;0;0
28/06/2026 1:44;0;0
28/06/2026 1:45;0;0
28/06/2026 1:46;0;0
28/06/2026 1:47;0;0
28/06/2026 1:48;0;0
28/06/2026 1:49;0;0
28/06/2026 1:50;0;0
28/06/2026 1:51;0;0
28/06/2026 1:52;0;0
28/06/2026 1:53;0;0
28/06/2026 1:54;0;0
28/06/2026 1:55;0;0
28/06/2026 1:56;0;0
28/06/2026 1:57;0;0
28/06/2026 1:58;0;0
28/06/2026 1:59;0;0
28/06/2026 2:00;0;0
28/06/2026 2:01;0;0
28/06/2026 2:02;0;0
28/06/2026 2:03;0;0
28/06/2026 2:04;0;0
28/06/2026 2:05;0;0
28/06/2026 2:06;0;0
28/06/2026 2:07;0;0
28/06/2026 2:08;0;0
28/06/2026 2:09;0;0
28/06/2026 2:10;0;0
28/06/2026 2:11;0;0
28/06/2026 2:12;0;0
28/06/2026 2:13;0;0
28/06/2026 2:14;0;0
28/06/2026 2:15;0;0
28/06/2026 2:16;0;0
28/06/2026 2:17;0;0
28/06/2026 2:18;0;0
28/06/2026 2:19;0;0
28/06/2026 2:20;0;0
28/06/2026 2:21;0;0
28/06/2026 2:22;0;0
28/06/2026 2:23;0;0
28/06/2026 2:24;0;0
28/06/2026 2:25;0;0
28/06/2026 2:26;0;0
28/06/2026 2:27;0;0
28/06/2026 2:28;0;0
28/06/2026 2:29;0;0
28/06/2026 2:30;0;0
28/06/2026 2:31;0;0
28/06/2026 2:32;0;0
28/06/2026 2:33;0;0
28/06/2026 2:34;0;0
28/06/2026 2:35;0;0
28/06/2026 2:36;0;0
28/06/2026 2:37;0;0
28/06/2026 2:38;0;0
28/06/2026 2:39;0;0
28/06/2026 2:40;0;0
28/06/2026 2:41;0;0
28/06/2026 2:42;0;0
28/06/2026 2:43;0;0
28/06/2026 2:44;0;0
28/06/2026 2:45;0;0
28/06/2026 2:46;0;0
28/06/2026 2:47;0;0
28/06/2026 2:48;0;0
28/06/2026 2:49;0;0
28/06/2026 2:50;0;0
28/06/2026 2:51;0;0
28/06/2026 2:52;0;0
28/06/2026 2:53;0;0
28/06/2026 2:54;0;0
28/06/2026 2:55;0;0
28/06/2026 2:56;0;0
28/06/2026 2:57;0;0
28/06/2026 2:58;0;0
28/06/2026 2:59;0;0
28/06/2026 3:00;0;0
28/06/2026 3:01;0;0
28/06/2026 3:02;0;0
28/06/2026 3:03;0;0
28/06/2026 3:04;0;0
28/06/2026 3:05;0;0
28/06/2026 3:06;0;0
28/06/2026 3:07;0;0
28/06/2026 3:08;0;0
28/06/2026 3:09;0;0
28/06/2026 3:10;0;0
28/06/2026 3:11;0;0
28/06/2026 3:12;0;0
28/06/2026 3:13;0;0
28/06/2026 3:14;0;0
28/06/2026 3:15;0;0
28/06/2026 3:16;0;0
28/06/2026 3:17;0;0
28/06/2026 3:18;0;0
28/06/2026 3:19;0;0
28/06/2026 3:20;0;0
28/06/2026 3:21;0;0
28/06/2026 3:22;0;0
28/06/2026 3:23;0;0
28/06/2026 3:24;0;0
28/06/2026 3:25;0;0
28/06/2026 3:26;0;0
28/06/2026 3:27;0;0
28/06/2026 3:28;0;0
28/06/2026 3:29;0;0
28/06/2026 3:30;0;0
28/06/2026 3:31;0;0
28/06/2026 3:32;0;0
28/06/2026 3:33;0;0
28/06/2026 3:34;0;0
28/06/2026 3:35;0;0
28/06/2026 3:36;0;0
28/06/2026 3:37;0;0
28/06/2026 3:38;0;0
28/06/2026 3:39;0;0
28/06/2026 3:40;0;0
28/06/2026 3:41;0;0
28/06/2026 3:42;0;0
28/06/2026 3:43;0;0
28/06/2026 3:44;0;0
28/06/2026 3:45;0;0
28/06/2026 3:46;0;0
28/06/2026 3:47;0;0
28/06/2026 3:48;0;0
28/06/2026 3:49;0;0
28/06/2026 3:50;0;0
28/06/2026 3:51;0;0
28/06/2026 3:52;0;0
28/06/2026 3:53;0;0
28/06/2026 3:54;0;0
28/06/2026 3:55;0;0
28/06/2026 3:56;0;0
28/06/2026 3:57;0;0
28/06/2026 3:58;0;0
28/06/2026 3:59;0;0
28/06/2026 4:00;0;0
28/06/2026 4:01;0;0
28/06/2026 4:02;0;0
28/06/2026 4:03;0;0
28/06/2026 4:04;0;0
28/06/2026 4:05;0;0
28/06/2026 4:06;0;0
28/06/2026 4:07;0;0
28/06/2026 4:08;0;0
28/06/2026 4:09;0;0
28/06/2026 4:10;0;0
28/06/2026 4:11;0;0
28/06/2026 4:12;0;0
28/06/2026 4:13;0;0
28/06/2026 4:14;0;0
28/06/2026 4:15;0;0
28/06/2026 4:16;0;0
28/06/2026 4:17;0;0
28/06/2026 4:18;0;0
28/06/2026 4:19;0;0
28/06/2026 4:20;0;0
28/06/2026 4:21;0;0
28/06/2026 4:22;0;0
28/06/2026 4:23;0;0
28/06/2026 4:24;0;0
28/06/2026 4:25;0;0
28/06/2026 4:26;0;0
28/06/2026 4:27;0;0
28/06/2026 4:28;0;0
28/06/2026 4:29;0;0
28/06/2026 4:30;0;0
28/06/2026 4:31;0;0
28/06/2026 4:32;0;0
28/06/2026 4:33;0;0
28/06/2026 4:34;0;0
28/06/2026 4:35;0;0
28/06/2026 4:36;0;0
28/06/2026 4:37;0;0
28/06/2026 4:38;0;0
28/06/2026 4:39;0;0
28/06/2026 4:40;0;0
28/06/2026 4:41;0;0
28/06/2026 4:42;0;0
28/06/2026 4:43;0;0
28/06/2026 4:44;0;0
28/06/2026 4:45;0;0
28/06/2026 4:46;0;0
28/06/2026 4:47;0;0
28/06/2026 4:48;0;0
28/06/2026 4:49;0;0
28/06/2026 4:50;0;0
28/06/2026 4:51;0;0
28/06/2026 4:52;0;0
28/06/2026 4:53;0;0
28/06/2026 4:54;0;0
28/06/2026 4:55;0;0
28/06/2026 4:56;0;0
28/06/2026 4:57;0;0
28/06/2026 4:58;0;0
28/06/2026 4:59;0;0
28/06/2026 5:00;0;0
28/06/2026 5:01;0;0
28/06/2026 5:02;0;0
28/06/2026 5:03;0;0
28/06/2026 5:04;0;0
28/06/2026 5:05;0;0
28/06/2026 5:06;0;0
28/06/2026 5:07;0;0
28/06/2026 5:08;0;0
28/06/2026 5:09;0;0
28/06/2026 5:10;0;0
28/06/2026 5:11;0;0
28/06/2026 5:12;0;0
28/06/2026 5:13;0;0
28/06/2026 5:14;0;0
28/06/2026 5:15;0;0
28/06/2026 5:16;0;0
28/06/2026 5:17;0;0
28/06/2026 5:18;0;0
28/06/2026 5:19;0;0
28/06/2026 5:20;0;0
28/06/2026 5:21;0;0
28/06/2026 5:22;0;0
28/06/2026 5:23;0;0
28/06/2026 5:24;0;0
28/06/2026 5:25;0;0
28/06/2026 5:26;0;0
28/06/2026 5:27;0;0
28/06/2026 5:28;0;0
28/06/2026 5:29;0;0
28/06/2026 5:30;0;0
28/06/2026 5:31;0;0
28/06/2026 5:32;0;0
28/06/2026 5:33;0;0
28/06/2026 5:34;0;0
28/06/2026 5:35;0;0
28/06/2026 5:36;0;0
28/06/2026 5:37;0;0
28/06/2026 5:38;0;0
28/06/2026 5:39;0;0
28/06/2026 5:40;0;0
28/06/2026 5:41;0;0
28/06/2026 5:42;0;0
28/06/2026 5:43;0;0
28/06/2026 5:44;0;0
28/06/2026 5:45;0;0
28/06/2026 5:46;0;0
28/06/2026 5:47;0;0
28/06/2026 5:48;0;0
28/06/2026 5:49;0;0
28/06/2026 5:50;0;0
28/06/2026 5:51;0;0
28/06/2026 5:52;0;0
28/06/2026 5:53;0;0
28/06/2026 5:54;0;0
28/06/2026 5:55;0;0
28/06/2026 5:56;0;0
28/06/2026 5:57;0;0
28/06/2026 5:58;0;0
28/06/2026 5:59;0;0
28/06/2026 6:00;0;0
28/06/2026 6:01;0;0
28/06/2026 6:02;0;0
28/06/2026 6:03;0;0
28/06/2026 6:04;0;0
28/06/2026 6:05;0;0
28/06/2026 6:06;0;0
28/06/2026 6:07;0;0
28/06/2026 6:08;0;0
28/06/2026 6:09;0;0
28/06/2026 6:10;0;0
28/06/2026 6:11;0;0
28/06/2026 6:12;0;0
28/06/2026 6:13;0;0
28/06/2026 6:14;0;0
28/06/2026 6:15;0;0
28/06/2026 6:16;0;0
28/06/2026 6:17;0;0
28/06/2026 6:18;0;0
28/06/2026 6:19;0;0
28/06/2026 6:20;0;0
28/06/2026 6:21;0;0
28/06/2026 6:22;0;0
28/06/2026 6:23;0;0
28/06/2026 6:24;0;0
28/06/2026 6:25;0;0
28/06/2026 6:26;0;0
28/06/2026 6:27;0;0
28/06/2026 6:28;0;0
28/06/2026 6:29;0;0
28/06/2026 6:30;0;0
28/06/2026 6:31;0;0
28/06/2026 6:32;0;0
28/06/2026 6:33;0;0
28/06/2026 6:34;0;0
28/06/2026 6:35;0;0
28/06/2026 6:36;0;0
28/06/2026 6:37;0;0
28/06/2026 6:38;0;0
28/06/2026 6:39;0;0
28/06/2026 6:40;0;0
28/06/2026 6:41;0;0
28/06/2026 6:42;0;0
28/06/2026 6:43;0;0
28/06/2026 6:44;0;0
28/06/2026 6:45;0;0
28/06/2026 6:46;0;0
28/06/2026 6:47;0;0
28/06/2026 6:48;0;0
28/06/2026 6:49;0;0
28/06/2026 6:50;0;0
28/06/2026 6:51;0;0
28/06/2026 6:52;0;0
28/06/2026 6:53;0;0
28/06/2026 6:54;0;0
28/06/2026 6:55;0;0
28/06/2026 6:56;0;0
28/06/2026 6:57;0;0
28/06/2026 6:58;0;0
28/06/2026 6:59;0;0
28/06/2026 7:00;0;0
28/06/2026 7:01;0;0
28/06/2026 7:02;0;0
28/06/2026 7:03;0;0
28/06/2026 7:04;0;0
28/06/2026 7:05;0;0
28/06/2026 7:06;0;0
28/06/2026 7:07;0;0
28/06/2026 7:08;0;0
28/06/2026 7:09;0;0
28/06/2026 7:10;0;0
28/06/2026 7:11;0;0
28/06/2026 7:12;0;0
28/06/2026 7:13;0;0
28/06/2026 7:14;0;0
28/06/2026 7:15;0;0
28/06/2026 7:16;0;0
28/06/2026 7:17;0;0
28/06/2026 7:18;0;0
28/06/2026 7:19;0;0
28/06/2026 7:20;0;0
28/06/2026 7:21;0;0
28/06/2026 7:22;0;0
28/06/2026 7:23;0;0
28/06/2026 7:24;0;0
28/06/2026 7:25;0;0
28/06/2026 7:26;0;0
28/06/2026 7:27;1;0
28/06/2026 7:28;3;0
28/06/2026 7:29;8;0
28/06/2026 7:30;8;0
28/06/2026 7:31;14;90
28/06/2026 7:32;17;0
28/06/2026 7:33;21;0
28/06/2026 7:34;24;0
28/06/2026 7:35;24;0
28/06/2026 7:36;21;0
28/06/2026 7:37;19;0
28/06/2026 7:38;16;0
28/06/2026 7:39;15;0
28/06/2026 7:40;14;0
28/06/2026 7:41;15;102
28/06/2026 7:42;16;0
28/06/2026 7:43;18;0
28/06/2026 7:44;20;0
28/06/2026 7:45;25;0
28/06/2026 7:46;31;0
28/06/2026 7:47;35;0
28/06/2026 7:48;42;0
28/06/2026 7:49;47;0
28/06/2026 7:50;51;0
28/06/2026 7:51;54;125
28/06/2026 7:52;54;0
28/06/2026 7:53;51;0
28/06/2026 7:54;45;0
28/06/2026 7:55;40;0
28/06/2026 7:56;33;0
28/06/2026 7:57;26;0
28/06/2026 7:58;23;0
28/06/2026 7:59;23;0
28/06/2026 8:00;24;0
28/06/2026 8:01;20;107
28/06/2026 8:02;19;0
28/06/2026 8:03;20;0
28/06/2026 8:04;24;0
28/06/2026 8:05;29;0
28/06/2026 8:06;35;0
28/06/2026 8:07;44;0
28/06/2026 8:08;40;0
28/06/2026 8:09;50;0
28/06/2026 8:10;65;0
28/06/2026 8:11;65;110
28/06/2026 8:12;59;0
28/06/2026 8:13;37;0
28/06/2026 8:14;33;0
28/06/2026 8:15;41;0
28/06/2026 8:16;35;0
28/06/2026 8:17;25;0
28/06/2026 8:18;22;0
28/06/2026 8:19;17;0
28/06/2026 8:20;27;0
28/06/2026 8:21;16;110
28/06/2026 8:22;16;0
28/06/2026 8:23;18;0
28/06/2026 8:24;19;0
28/06/2026 8:25;54;0
28/06/2026 8:26;24;0
28/06/2026 8:27;22;0
28/06/2026 8:28;21;0
28/06/2026 8:29;21;0
28/06/2026 8:30;86;0
28/06/2026 8:31;58;107
28/06/2026 8:32;79;0
28/06/2026 8:33;10;0
28/06/2026 8:34;12;0
28/06/2026 8:35;7;0
28/06/2026 8:36;6;0
28/06/2026 8:37;6;0
28/06/2026 8:38;6;0
28/06/2026 8:39;9;0
28/06/2026 8:40;12;0
28/06/2026 8:41;15;122
28/06/2026 8:42;18;0
28/06/2026 8:43;93;0
28/06/2026 8:44;125;0
28/06/2026 8:45;138;0
28/06/2026 8:46;138;0
28/06/2026 8:47;46;0
28/06/2026 8:48;144;0
28/06/2026 8:49;56;0
28/06/2026 8:50;154;0
28/06/2026 8:51;155;165
28/06/2026 8:52;156;0
28/06/2026 8:53;160;0
28/06/2026 8:54;164;0
28/06/2026 8:55;165;0
28/06/2026 8:56;163;0
28/06/2026 8:57;176;0
28/06/2026 8:58;178;0
28/06/2026 8:59;182;0
28/06/2026 9:00;184;0
28/06/2026 9:01;188;221
28/06/2026 9:02;189;0
28/06/2026 9:03;196;0
28/06/2026 9:04;202;0
28/06/2026 9:05;205;0
28/06/2026 9:06;208;0
28/06/2026 9:07;199;0
28/06/2026 9:08;185;0
28/06/2026 9:09;185;0
28/06/2026 9:10;196;0
28/06/2026 9:11;209;250
28/06/2026 9:12;215;0
28/06/2026 9:13;228;0
28/06/2026 9:14;183;0
28/06/2026 9:15;227;0
28/06/2026 9:16;240;0
28/06/2026 9:17;241;0
28/06/2026 9:18;248;0
28/06/2026 9:19;255;0
28/06/2026 9:20;263;0
28/06/2026 9:21;267;296
28/06/2026 9:22;268;0
28/06/2026 9:23;270;0
28/06/2026 9:24;269;0
28/06/2026 9:25;268;0
28/06/2026 9:26;271;0
28/06/2026 9:27;274;0
28/06/2026 9:28;276;0
28/06/2026 9:29;279;0
28/06/2026 9:30;277;0
28/06/2026 9:31;283;337
28/06/2026 9:32;284;0
28/06/2026 9:33;288;0
28/06/2026 9:34;284;0
28/06/2026 9:35;287;0
28/06/2026 9:36;295;0
28/06/2026 9:37;300;0
28/06/2026 9:38;296;0
28/06/2026 9:39;297;0
28/06/2026 9:40;301;0
28/06/2026 9:41;310;354
28/06/2026 9:42;313;0
28/06/2026 9:43;283;0
28/06/2026 9:44;298;0
28/06/2026 9:45;312;0
28/06/2026 9:46;329;0
28/06/2026 9:47;322;0
28/06/2026 9:48;324;0
28/06/2026 9:49;333;0
28/06/2026 9:50;337;0
28/06/2026 9:51;341;363
28/06/2026 9:52;352;0
28/06/2026 9:53;356;0
28/06/2026 9:54;361;0
28/06/2026 9:55;360;0
28/06/2026 9:56;361;0
28/06/2026 9:57;334;0
28/06/2026 9:58;355;0
28/06/2026 9:59;367;0
28/06/2026 10:00;370;0
28/06/2026 10:01;347;357
28/06/2026 10:02;376;0
28/06/2026 10:03;379;0
28/06/2026 10:04;382;0
28/06/2026 10:05;384;0
28/06/2026 10:06;388;0
28/06/2026 10:07;390;0
28/06/2026 10:08;393;0
28/06/2026 10:09;395;0
28/06/2026 10:10;395;0
28/06/2026 10:11;396;401
28/06/2026 10:12;396;0
28/06/2026 10:13;399;0
28/06/2026 10:14;397;0
28/06/2026 10:15;395;0
28/06/2026 10:16;407;0
28/06/2026 10:17;411;0
28/06/2026 10:18;413;0
28/06/2026 10:19;415;0
28/06/2026 10:20;421;0
28/06/2026 10:21;412;453
28/06/2026 10:22;426;0
28/06/2026 10:23;432;0
28/06/2026 10:24;425;0
28/06/2026 10:25;419;0
28/06/2026 10:26;424;0
28/06/2026 10:27;425;0
28/06/2026 10:28;428;0
28/06/2026 10:29;431;0
28/06/2026 10:30;406;0
28/06/2026 10:31;424;453
28/06/2026 10:32;445;0
28/06/2026 10:33;443;0
28/06/2026 10:34;438;0
28/06/2026 10:35;440;0
28/06/2026 10:36;443;0
28/06/2026 10:37;455;0
28/06/2026 10:38;460;0
28/06/2026 10:39;466;0
28/06/2026 10:40;468;0
28/06/2026 10:41;469;511
28/06/2026 10:42;472;0
28/06/2026 10:43;472;0
28/06/2026 10:44;472;0
28/06/2026 10:45;476;0
28/06/2026 10:46;478;0
28/06/2026 10:47;479;0
28/06/2026 10:48;482;0
28/06/2026 10:49;483;0
28/06/2026 10:50;485;0
28/06/2026 10:51;437;502
28/06/2026 10:52;490;0
28/06/2026 10:53;491;0
28/06/2026 10:54;493;0
28/06/2026 10:55;494;0
28/06/2026 10:56;494;0
28/06/2026 10:57;496;0
28/06/2026 10:58;497;0
28/06/2026 10:59;500;0
28/06/2026 11:00;502;0
28/06/2026 11:01;505;563
28/06/2026 11:02;507;0
28/06/2026 11:03;508;0
28/06/2026 11:04;509;0
28/06/2026 11:05;511;0
28/06/2026 11:06;513;0
28/06/2026 11:07;513;0
28/06/2026 11:08;515;0
28/06/2026 11:09;519;0
28/06/2026 11:10;520;0
28/06/2026 11:11;521;563
28/06/2026 11:12;525;0
28/06/2026 11:13;526;0
28/06/2026 11:14;528;0
28/06/2026 11:15;529;0
28/06/2026 11:16;528;0
28/06/2026 11:17;533;0
28/06/2026 11:18;521;0
28/06/2026 11:19;539;0
28/06/2026 11:20;538;0
28/06/2026 11:21;541;557
28/06/2026 11:22;542;0
28/06/2026 11:23;543;0
28/06/2026 11:24;547;0
28/06/2026 11:25;549;0
28/06/2026 11:26;541;0
28/06/2026 11:27;543;0
28/06/2026 11:28;541;0
28/06/2026 11:29;537;0
28/06/2026 11:30;542;0
28/06/2026 11:31;539;572
28/06/2026 11:32;543;0
28/06/2026 11:33;546;0
28/06/2026 11:34;537;0
28/06/2026 11:35;547;0
28/06/2026 11:36;552;0
28/06/2026 11:37;557;0
28/06/2026 11:38;542;0
28/06/2026 11:39;527;0
28/06/2026 11:40;503;0
28/06/2026 11:41;476;493
28/06/2026 11:42;435;0
28/06/2026 11:43;420;0
28/06/2026 11:44;414;0
28/06/2026 11:45;441;0
28/06/2026 11:46;471;0
28/06/2026 11:47;510;0
28/06/2026 11:48;565;0
28/06/2026 11:49;577;0
28/06/2026 11:50;590;0
28/06/2026 11:51;597;595
28/06/2026 11:52;599;0
28/06/2026 11:53;596;0
28/06/2026 11:54;594;0
28/06/2026 11:55;592;0
28/06/2026 11:56;578;0
28/06/2026 11:57;501;0
28/06/2026 11:58;460;0
28/06/2026 11:59;559;0
28/06/2026 12:00;598;0
28/06/2026 12:01;605;676
28/06/2026 12:02;608;0
28/06/2026 12:03;614;0
28/06/2026 12:04;617;0
28/06/2026 12:05;617;0
28/06/2026 12:06;616;0
28/06/2026 12:07;613;0
28/06/2026 12:08;613;0
28/06/2026 12:09;615;0
28/06/2026 12:10;616;0
28/06/2026 12:11;618;682
28/06/2026 12:12;564;0
28/06/2026 12:13;618;0
28/06/2026 12:14;613;0
28/06/2026 12:15;618;0
28/06/2026 12:16;617;0
28/06/2026 12:17;616;0
28/06/2026 12:18;613;0
28/06/2026 12:19;602;0
28/06/2026 12:20;616;0
28/06/2026 12:21;619;682
28/06/2026 12:22;619;0
28/06/2026 12:23;624;0
28/06/2026 12:24;621;0
28/06/2026 12:25;621;0
28/06/2026 12:26;619;0
28/06/2026 12:27;625;0
28/06/2026 12:28;626;0
28/06/2026 12:29;626;0
28/06/2026 12:30;605;0
28/06/2026 12:31;618;641
28/06/2026 12:32;614;0
28/06/2026 12:33;618;0
28/06/2026 12:34;617;0
28/06/2026 12:35;618;0
28/06/2026 12:36;602;0
28/06/2026 12:37;616;0
28/06/2026 12:38;621;0
28/06/2026 12:39;624;0
28/06/2026 12:40;624;0
28/06/2026 12:41;623;601
28/06/2026 12:42;627;0
28/06/2026 12:43;627;0
28/06/2026 12:44;625;0
28/06/2026 12:45;624;0
28/06/2026 12:46;625;0
28/06/2026 12:47;625;0
28/06/2026 12:48;627;0
28/06/2026 12:49;628;0
28/06/2026 12:50;628;0
28/06/2026 12:51;628;641
28/06/2026 12:52;627;0
28/06/2026 12:53;629;0
28/06/2026 12:54;632;0
28/06/2026 12:55;635;0
28/06/2026 12:56;635;0
28/06/2026 12:57;639;0
28/06/2026 12:58;641;0
28/06/2026 12:59;641;0
28/06/2026 13:00;640;0
28/06/2026 13:01;637;636
28/06/2026 13:02;634;0
28/06/2026 13:03;633;0
28/06/2026 13:04;634;0
28/06/2026 13:05;639;0
28/06/2026 13:06;642;0
28/06/2026 13:07;643;0
28/06/2026 13:08;643;0
28/06/2026 13:09;645;0
28/06/2026 13:10;646;0
28/06/2026 13:11;607;612
28/06/2026 13:12;648;0
28/06/2026 13:13;650;0
28/06/2026 13:14;652;0
28/06/2026 13:15;648;0
28/06/2026 13:16;626;0
28/06/2026 13:17;645;0
28/06/2026 13:18;647;0
28/06/2026 13:19;651;0
28/06/2026 13:20;659;0
28/06/2026 13:21;667;647
28/06/2026 13:22;672;0
28/06/2026 13:23;672;0
28/06/2026 13:24;672;0
28/06/2026 13:25;673;0
28/06/2026 13:26;673;0
28/06/2026 13:27;680;0
28/06/2026 13:28;433;0
28/06/2026 13:29;652;0
28/06/2026 13:30;673;0
28/06/2026 13:31;654;659
28/06/2026 13:32;664;0
28/06/2026 13:33;669;0
28/06/2026 13:34;663;0
28/06/2026 13:35;670;0
28/06/2026 13:36;662;0
28/06/2026 13:37;667;0
28/06/2026 13:38;667;0
28/06/2026 13:39;669;0
28/06/2026 13:40;578;0
28/06/2026 13:41;666;627
28/06/2026 13:42;651;0
28/06/2026 13:43;669;0
28/06/2026 13:44;663;0
28/06/2026 13:45;569;0
28/06/2026 13:46;662;0
28/06/2026 13:47;662;0
28/06/2026 13:48;663;0
28/06/2026 13:49;659;0
28/06/2026 13:50;656;0
28/06/2026 13:51;660;630
28/06/2026 13:52;656;0
28/06/2026 13:53;653;0
28/06/2026 13:54;652;0
28/06/2026 13:55;649;0
28/06/2026 13:56;652;0
28/06/2026 13:57;659;0
28/06/2026 13:58;662;0
28/06/2026 13:59;658;0
28/06/2026 14:00;658;0
28/06/2026 14:01;659;609
28/06/2026 14:02;664;0
28/06/2026 14:03;658;0
28/06/2026 14:04;656;0
28/06/2026 14:05;656;0
28/06/2026 14:06;652;0
28/06/2026 14:07;652;0
28/06/2026 14:08;652;0
28/06/2026 14:09;662;0
28/06/2026 14:10;662;0
28/06/2026 14:11;664;595
28/06/2026 14:12;669;0
28/06/2026 14:13;673;0
28/06/2026 14:14;675;0
28/06/2026 14:15;681;0
28/06/2026 14:16;683;0
28/06/2026 14:17;684;0
28/06/2026 14:18;684;0
28/06/2026 14:19;681;0
28/06/2026 14:20;673;0
28/06/2026 14:21;671;589
28/06/2026 14:22;673;0
28/06/2026 14:23;678;0
28/06/2026 14:24;677;0
28/06/2026 14:25;674;0
28/06/2026 14:26;680;0
28/06/2026 14:27;685;0
28/06/2026 14:28;693;0
28/06/2026 14:29;688;0
28/06/2026 14:30;685;0
28/06/2026 14:31;683;633
28/06/2026 14:32;684;0
28/06/2026 14:33;694;0
28/06/2026 14:34;552;0
28/06/2026 14:35;213;0
28/06/2026 14:36;704;0
28/06/2026 14:37;136;0
28/06/2026 14:38;114;0
28/06/2026 14:39;105;0
28/06/2026 14:40;105;0
28/06/2026 14:41;115;180
28/06/2026 14:42;147;0
28/06/2026 14:43;141;0
28/06/2026 14:44;214;0
28/06/2026 14:45;729;0
28/06/2026 14:46;722;0
28/06/2026 14:47;709;0
28/06/2026 14:48;703;0
28/06/2026 14:49;702;0
28/06/2026 14:50;693;0
28/06/2026 14:51;691;345
28/06/2026 14:52;692;0
28/06/2026 14:53;686;0
28/06/2026 14:54;683;0
28/06/2026 14:55;679;0
28/06/2026 14:56;677;0
28/06/2026 14:57;670;0
28/06/2026 14:58;667;0
28/06/2026 14:59;670;0
28/06/2026 15:00;669;0
28/06/2026 15:01;671;549
28/06/2026 15:02;667;0
28/06/2026 15:03;666;0
28/06/2026 15:04;667;0
28/06/2026 15:05;630;0
28/06/2026 15:06;656;0
28/06/2026 15:07;111;0
28/06/2026 15:08;154;0
28/06/2026 15:09;199;0
28/06/2026 15:10;681;0
28/06/2026 15:11;673;659
28/06/2026 15:12;669;0
28/06/2026 15:13;661;0
28/06/2026 15:14;654;0
28/06/2026 15:15;653;0
28/06/2026 15:16;648;0
28/06/2026 15:17;648;0
28/06/2026 15:18;648;0
28/06/2026 15:19;647;0
28/06/2026 15:20;643;0
28/06/2026 15:21;642;609
28/06/2026 15:22;639;0
28/06/2026 15:23;632;0
28/06/2026 15:24;634;0
28/06/2026 15:25;106;0
28/06/2026 15:26;657;0
28/06/2026 15:27;608;0
28/06/2026 15:28;643;0
28/06/2026 15:29;643;0
28/06/2026 15:30;96;0
28/06/2026 15:31;122;200
28/06/2026 15:32;644;0
28/06/2026 15:33;636;0
28/06/2026 15:34;636;0
28/06/2026 15:35;629;0
28/06/2026 15:36;623;0
28/06/2026 15:37;618;0
28/06/2026 15:38;611;0
28/06/2026 15:39;610;0
28/06/2026 15:40;608;0
28/06/2026 15:41;606;270
28/06/2026 15:42;602;0
28/06/2026 15:43;604;0
28/06/2026 15:44;613;0
28/06/2026 15:45;450;0
28/06/2026 15:46;404;0
28/06/2026 15:47;93;0
28/06/2026 15:48;603;0
28/06/2026 15:49;610;0
28/06/2026 15:50;619;0
28/06/2026 15:51;415;250
28/06/2026 15:52;114;0
28/06/2026 15:53;594;0
28/06/2026 15:54;603;0
28/06/2026 15:55;599;0
28/06/2026 15:56;598;0
28/06/2026 15:57;597;0
28/06/2026 15:58;596;0
28/06/2026 15:59;591;0
28/06/2026 16:00;585;0
28/06/2026 16:01;583;421
28/06/2026 16:02;579;0
28/06/2026 16:03;577;0
28/06/2026 16:04;574;0
28/06/2026 16:05;576;0
28/06/2026 16:06;577;0
28/06/2026 16:07;574;0
28/06/2026 16:08;572;0
28/06/2026 16:09;567;0
28/06/2026 16:10;565;0
28/06/2026 16:11;564;485
28/06/2026 16:12;560;0
28/06/2026 16:13;560;0
28/06/2026 16:14;556;0
28/06/2026 16:15;556;0
28/06/2026 16:16;554;0
28/06/2026 16:17;556;0
28/06/2026 16:18;550;0
28/06/2026 16:19;552;0
28/06/2026 16:20;552;0
28/06/2026 16:21;552;502
28/06/2026 16:22;551;0
28/06/2026 16:23;550;0
28/06/2026 16:24;546;0
28/06/2026 16:25;546;0
28/06/2026 16:26;545;0
28/06/2026 16:27;543;0
28/06/2026 16:28;539;0
28/06/2026 16:29;536;0
28/06/2026 16:30;537;0
28/06/2026 16:31;541;485
28/06/2026 16:32;533;0
28/06/2026 16:33;529;0
28/06/2026 16:34;536;0
28/06/2026 16:35;535;0
28/06/2026 16:36;529;0
28/06/2026 16:37;528;0
28/06/2026 16:38;530;0
28/06/2026 16:39;526;0
28/06/2026 16:40;525;0
28/06/2026 16:41;526;392
28/06/2026 16:42;522;0
28/06/2026 16:43;515;0
28/06/2026 16:44;519;0
28/06/2026 16:45;521;0
28/06/2026 16:46;529;0
28/06/2026 16:47;92;0
28/06/2026 16:48;97;0
28/06/2026 16:49;535;0
28/06/2026 16:50;519;0
28/06/2026 16:51;542;348
28/06/2026 16:52;543;0
28/06/2026 16:53;534;0
28/06/2026 16:54;522;0
28/06/2026 16:55;515;0
28/06/2026 16:56;177;0
28/06/2026 16:57;132;0
28/06/2026 16:58;482;0
28/06/2026 16:59;505;0
28/06/2026 17:00;498;0
28/06/2026 17:01;494;267
28/06/2026 17:02;499;0
28/06/2026 17:03;501;0
28/06/2026 17:04;501;0
28/06/2026 17:05;501;0
28/06/2026 17:06;491;0
28/06/2026 17:07;486;0
28/06/2026 17:08;478;0
28/06/2026 17:09;475;0
28/06/2026 17:10;473;0
28/06/2026 17:11;470;270
28/06/2026 17:12;467;0
28/06/2026 17:13;466;0
28/06/2026 17:14;454;0
28/06/2026 17:15;450;0
28/06/2026 17:16;451;0
28/06/2026 17:17;445;0
28/06/2026 17:18;440;0
28/06/2026 17:19;52;0
28/06/2026 17:20;67;0
28/06/2026 17:21;442;200
28/06/2026 17:22;440;0
28/06/2026 17:23;443;0
28/06/2026 17:24;438;0
28/06/2026 17:25;441;0
28/06/2026 17:26;444;0
28/06/2026 17:27;439;0
28/06/2026 17:28;436;0
28/06/2026 17:29;436;0
28/06/2026 17:30;436;0
28/06/2026 17:31;433;241
28/06/2026 17:32;427;0
28/06/2026 17:33;420;0
28/06/2026 17:34;414;0
28/06/2026 17:35;405;0
28/06/2026 17:36;405;0
28/06/2026 17:37;404;0
28/06/2026 17:38;405;0
28/06/2026 17:39;403;0
28/06/2026 17:40;402;0
28/06/2026 17:41;398;189
28/06/2026 17:42;396;0
28/06/2026 17:43;391;0
28/06/2026 17:44;391;0
28/06/2026 17:45;78;0
28/06/2026 17:46;379;0
28/06/2026 17:47;379;0
28/06/2026 17:48;379;0
28/06/2026 17:49;379;0
28/06/2026 17:50;378;0
28/06/2026 17:51;375;157
28/06/2026 17:52;373;0
28/06/2026 17:53;370;0
28/06/2026 17:54;366;0
28/06/2026 17:55;362;0
28/06/2026 17:56;358;0
28/06/2026 17:57;353;0
28/06/2026 17:58;348;0
28/06/2026 17:59;348;0
28/06/2026 18:00;346;0
28/06/2026 18:01;341;139
28/06/2026 18:02;338;0
28/06/2026 18:03;325;0
28/06/2026 18:04;324;0
28/06/2026 18:05;323;0
28/06/2026 18:06;313;0
28/06/2026 18:07;234;0
28/06/2026 18:08;301;0
28/06/2026 18:09;297;0
28/06/2026 18:10;295;0
28/06/2026 18:11;289;128
28/06/2026 18:12;285;0
28/06/2026 18:13;269;0
28/06/2026 18:14;264;0
28/06/2026 18:15;262;0
28/06/2026 18:16;247;0
28/06/2026 18:17;250;0
28/06/2026 18:18;245;0
28/06/2026 18:19;239;0
28/06/2026 18:20;237;0
28/06/2026 18:21;237;110
28/06/2026 18:22;206;0
28/06/2026 18:23;222;0
28/06/2026 18:24;222;0
28/06/2026 18:25;219;0
28/06/2026 18:26;211;0
28/06/2026 18:27;210;0
28/06/2026 18:28;207;0
28/06/2026 18:29;205;0
28/06/2026 18:30;203;0
28/06/2026 18:31;197;98,7
28/06/2026 18:32;191;0
28/06/2026 18:33;188;0
28/06/2026 18:34;169;0
28/06/2026 18:35;173;0
28/06/2026 18:36;170;0
28/06/2026 18:37;174;0
28/06/2026 18:38;172;0
28/06/2026 18:39;192;0
28/06/2026 18:40;140;0
28/06/2026 18:41;155;95,8
28/06/2026 18:42;156;0
28/06/2026 18:43;156;0
28/06/2026 18:44;147;0
28/06/2026 18:45;145;0
28/06/2026 18:46;146;0
28/06/2026 18:47;145;0
28/06/2026 18:48;142;0
28/06/2026 18:49;138;0
28/06/2026 18:50;121;0
28/06/2026 18:51;114;92,9
28/06/2026 18:52;129;0
28/06/2026 18:53;131;0
28/06/2026 18:54;119;0
28/06/2026 18:55;120;0
28/06/2026 18:56;114;0
28/06/2026 18:57;108;0
28/06/2026 18:58;106;0
28/06/2026 18:59;107;0
28/06/2026 19:00;105;0
28/06/2026 19:01;86;78,4
28/06/2026 19:02;63;0
28/06/2026 19:03;94;0
28/06/2026 19:04;90;0
28/06/2026 19:05;89;0
28/06/2026 19:06;85;0
28/06/2026 19:07;78;0
28/06/2026 19:08;70;0
28/06/2026 19:09;69;0
28/06/2026 19:10;66;0
28/06/2026 19:11;63;78,4
28/06/2026 19:12;58;0
28/06/2026 19:13;56;0
28/06/2026 19:14;51;0
28/06/2026 19:15;49;0
28/06/2026 19:16;46;0
28/06/2026 19:17;39;0
28/06/2026 19:18;32;0
28/06/2026 19:19;37;0
28/06/2026 19:20;36;0
28/06/2026 19:21;35;75,5
28/06/2026 19:22;32;0
28/06/2026 19:23;31;0
28/06/2026 19:24;29;0
28/06/2026 19:25;27;0
28/06/2026 19:26;26;0
28/06/2026 19:27;25;0
28/06/2026 19:28;25;0
28/06/2026 19:29;23;0
28/06/2026 19:30;22;0
28/06/2026 19:31;23;78,4
28/06/2026 19:32;25;0
28/06/2026 19:33;23;0
28/06/2026 19:34;22;0
28/06/2026 19:35;22;0
28/06/2026 19:36;21;0
28/06/2026 19:37;20;0
28/06/2026 19:38;14;0
28/06/2026 19:39;15;0
28/06/2026 19:40;24;0
28/06/2026 19:41;29;78,4
28/06/2026 19:42;31;0
28/06/2026 19:43;35;0
28/06/2026 19:44;35;0
28/06/2026 19:45;35;0
28/06/2026 19:46;33;0
28/06/2026 19:47;30;0
28/06/2026 19:48;28;0
28/06/2026 19:49;25;0
28/06/2026 19:50;24;0
28/06/2026 19:51;23;72,6
28/06/2026 19:52;20;0
28/06/2026 19:53;23;0
28/06/2026 19:54;26;0
28/06/2026 19:55;28;0
28/06/2026 19:56;28;0
28/06/2026 19:57;33;0
28/06/2026 19:58;32;0
28/06/2026 19:59;31;0
28/06/2026 20:00;33;0
28/06/2026 20:01;36;72,6
28/06/2026 20:02;32;0
28/06/2026 20:03;33;0
28/06/2026 20:04;32;0
28/06/2026 20:05;30;0
28/06/2026 20:06;25;0
28/06/2026 20:07;23;0
28/06/2026 20:08;21;0
28/06/2026 20:09;20;0
28/06/2026 20:10;18;0
28/06/2026 20:11;15;58
28/06/2026 20:12;13;0
28/06/2026 20:13;10;0
28/06/2026 20:14;10;0
28/06/2026 20:15;10;0
28/06/2026 20:16;6;0
28/06/2026 20:17;6;0
28/06/2026 20:18;6;0
28/06/2026 20:19;6;0
28/06/2026 20:20;5;0
28/06/2026 20:21;4;58
28/06/2026 20:22;3;0
28/06/2026 20:23;0;0
28/06/2026 20:24;0;0
28/06/2026 20:25;0;0
28/06/2026 20:26;0;0
28/06/2026 20:27;0;0
28/06/2026 20:28;0;0
28/06/2026 20:29;0;0
28/06/2026 20:30;0;0
28/06/2026 20:31;0;0
28/06/2026 20:32;0;0
28/06/2026 20:33;0;0
28/06/2026 20:34;0;0
28/06/2026 20:35;0;0
28/06/2026 20:36;0;0
28/06/2026 20:37;0;0
28/06/2026 20:38;0;0
28/06/2026 20:39;0;0
28/06/2026 20:40;0;0
28/06/2026 20:41;0;0
28/06/2026 20:42;0;0
28/06/2026 20:43;0;0
28/06/2026 20:44;0;0
28/06/2026 20:45;0;0
28/06/2026 20:46;0;0
28/06/2026 20:47;0;0
28/06/2026 20:48;0;0
28/06/2026 20:49;0;0
28/06/2026 20:50;0;0
28/06/2026 20:51;0;0
28/06/2026 20:52;0;0
28/06/2026 20:53;0;0
28/06/2026 20:54;0;0
28/06/2026 20:55;0;0
28/06/2026 20:56;0;0
28/06/2026 20:57;0;0
28/06/2026 20:58;0;0
28/06/2026 20:59;0;0
28/06/2026 21:00;0;0
28/06/2026 21:01;0;0
28/06/2026 21:02;0;0
28/06/2026 21:03;0;0
28/06/2026 21:04;0;0
28/06/2026 21:05;0;0
28/06/2026 21:06;0;0
28/06/2026 21:07;0;0
28/06/2026 21:08;0;0
28/06/2026 21:09;0;0
28/06/2026 21:10;0;0
28/06/2026 21:11;0;0
28/06/2026 21:12;0;0
28/06/2026 21:13;0;0
28/06/2026 21:14;0;0
28/06/2026 21:15;0;0
28/06/2026 21:16;0;0
28/06/2026 21:17;0;0
28/06/2026 21:18;0;0
28/06/2026 21:19;0;0
28/06/2026 21:20;0;0
28/06/2026 21:21;0;0
28/06/2026 21:22;0;0
28/06/2026 21:23;0;0
28/06/2026 21:24;0;0
28/06/2026 21:25;0;0
28/06/2026 21:26;0;0
28/06/2026 21:27;0;0
28/06/2026 21:28;0;0
28/06/2026 21:29;0;0
28/06/2026 21:30;0;0
28/06/2026 21:31;0;0
28/06/2026 21:32;0;0
28/06/2026 21:33;0;0
28/06/2026 21:34;0;0
28/06/2026 21:35;0;0
28/06/2026 21:36;0;0
28/06/2026 21:37;0;0
28/06/2026 21:38;0;0
28/06/2026 21:39;0;0
28/06/2026 21:40;0;0
28/06/2026 21:41;0;0
28/06/2026 21:42;0;0
28/06/2026 21:43;0;0
28/06/2026 21:44;0;0
28/06/2026 21:45;0;0
28/06/2026 21:46;0;0
28/06/2026 21:47;0;0
28/06/2026 21:48;0;0
28/06/2026 21:49;0;0
28/06/2026 21:50;0;0
28/06/2026 21:51;0;0
28/06/2026 21:52;0;0
28/06/2026 21:53;0;0
28/06/2026 21:54;0;0
28/06/2026 21:55;0;0
28/06/2026 21:56;0;0
28/06/2026 21:57;0;0
28/06/2026 21:58;0;0
28/06/2026 21:59;0;0
28/06/2026 22:00;0;0
28/06/2026 22:01;0;0
28/06/2026 22:02;0;0
28/06/2026 22:03;0;0
28/06/2026 22:04;0;0
28/06/2026 22:05;0;0
28/06/2026 22:06;0;0
28/06/2026 22:07;0;0
28/06/2026 22:08;0;0
28/06/2026 22:09;0;0
28/06/2026 22:10;0;0
28/06/2026 22:11;0;0
28/06/2026 22:12;0;0
28/06/2026 22:13;0;0
28/06/2026 22:14;0;0
28/06/2026 22:15;0;0
28/06/2026 22:16;0;0
28/06/2026 22:17;0;0
28/06/2026 22:18;0;0
28/06/2026 22:19;0;0
28/06/2026 22:20;0;0
28/06/2026 22:21;0;0
28/06/2026 22:22;0;0
28/06/2026 22:23;0;0
28/06/2026 22:24;0;0
28/06/2026 22:25;0;0
28/06/2026 22:26;0;0
28/06/2026 22:27;0;0
28/06/2026 22:28;0;0
28/06/2026 22:29;0;0
28/06/2026 22:30;0;0
28/06/2026 22:31;0;0
28/06/2026 22:32;0;0
28/06/2026 22:33;0;0
28/06/2026 22:34;0;0
28/06/2026 22:35;0;0
28/06/2026 22:36;0;0
28/06/2026 22:37;0;0
28/06/2026 22:38;0;0
28/06/2026 22:39;0;0
28/06/2026 22:40;0;0
28/06/2026 22:41;0;0
28/06/2026 22:42;0;0
28/06/2026 22:43;0;0
28/06/2026 22:44;0;0
28/06/2026 22:45;0;0
28/06/2026 22:46;0;0
28/06/2026 22:47;0;0
28/06/2026 22:48;0;0
28/06/2026 22:49;0;0
28/06/2026 22:50;0;0
28/06/2026 22:51;0;0
28/06/2026 22:52;0;0
28/06/2026 22:53;0;0
28/06/2026 22:54;0;0
28/06/2026 22:55;0;0
28/06/2026 22:56;0;0
28/06/2026 22:57;0;0
28/06/2026 22:58;0;0
28/06/2026 22:59;0;0
28/06/2026 23:00;0;0
28/06/2026 23:01;0;0
28/06/2026 23:02;0;0
28/06/2026 23:03;0;0
28/06/2026 23:04;0;0
28/06/2026 23:05;0;0
28/06/2026 23:06;0;0
28/06/2026 23:07;0;0
28/06/2026 23:08;0;0
28/06/2026 23:09;0;0
28/06/2026 23:10;0;0
28/06/2026 23:11;0;0
28/06/2026 23:12;0;0
28/06/2026 23:13;0;0
28/06/2026 23:14;0;0
28/06/2026 23:15;0;0
28/06/2026 23:16;0;0
28/06/2026 23:17;0;0
28/06/2026 23:18;0;0
28/06/2026 23:19;0;0
28/06/2026 23:20;0;0
28/06/2026 23:21;0;0
28/06/2026 23:22;0;0
28/06/2026 23:23;0;0
28/06/2026 23:24;0;0
28/06/2026 23:25;0;0
28/06/2026 23:26;0;0
28/06/2026 23:27;0;0
28/06/2026 23:28;0;0
28/06/2026 23:29;0;0
28/06/2026 23:30;0;0
28/06/2026 23:31;0;0
28/06/2026 23:32;0;0
28/06/2026 23:33;0;0
28/06/2026 23:34;0;0
28/06/2026 23:35;0;0
28/06/2026 23:36;0;0
28/06/2026 23:37;0;0
28/06/2026 23:38;0;0
28/06/2026 23:39;0;0
28/06/2026 23:40;0;0
28/06/2026 23:41;0;0
28/06/2026 23:42;0;0
28/06/2026 23:43;0;0
28/06/2026 23:44;0;0
28/06/2026 23:45;0;0
